date,portfolio,cand,shift,in90,in50,width90,is90,crps,pred_mean,realised
2016-03-31,NIFTY 50 ETF,production,0.0,True,False,0.6111465096473692,0.6111465096473692,0.11210443941630674,0.0217753703892231,0.19231113374615205
2016-03-31,NIFTY 50 ETF,+ drift uncertainty 0.03,0.0,True,False,0.6199962675571442,0.6199962675571442,0.11201670447294777,0.02179077646881342,0.19231113374615205
2016-03-31,NIFTY 50 ETF,+ drift uncertainty 0.06,0.0,True,False,0.6352883875370026,0.6352883875370026,0.11187565125451944,0.02183273423463106,0.19231113374615205
2016-03-31,NIFTY 50 ETF,+ drift uncertainty 0.10,0.0,True,False,0.6817851126193999,0.6817851126193999,0.11246847079304745,0.021918198861181737,0.19231113374615205
2016-03-31,NIFTY 50 ETF,recentred by past errors (point in time),0.0,True,False,0.6111465096473692,0.6111465096473692,0.11210443941630674,0.0217753703892231,0.19231113374615205
2016-03-31,Gold,production,0.0,True,True,0.5185453981161114,0.5185453981161114,0.03454502684449236,0.0513627041131258,0.024300309029527956
2016-03-31,Gold,+ drift uncertainty 0.03,0.0,True,True,0.5327817320823667,0.5327817320823667,0.035333519452887846,0.05138409665971994,0.024300309029527956
2016-03-31,Gold,+ drift uncertainty 0.06,0.0,True,True,0.5500160455703733,0.5500160455703733,0.037541091797813134,0.0514398435652256,0.024300309029527956
2016-03-31,Gold,+ drift uncertainty 0.10,0.0,True,True,0.6097680836915965,0.6097680836915965,0.042299602648631376,0.051547580778598785,0.024300309029527956
2016-03-31,Gold,recentred by past errors (point in time),0.0,True,True,0.5185453981161114,0.5185453981161114,0.03454502684449236,0.0513627041131258,0.024300309029527956
2016-03-31,Balanced (60 index / 20 gold / 20 liquid),production,0.0,True,False,0.3757375717163083,0.3757375717163083,0.06179909224605279,0.03719533272087574,0.13356202604221035
2016-03-31,Balanced (60 index / 20 gold / 20 liquid),+ drift uncertainty 0.03,0.0,True,False,0.3863494753837584,0.3863494753837584,0.06169446690989683,0.03722529299557209,0.13356202604221035
2016-03-31,Balanced (60 index / 20 gold / 20 liquid),+ drift uncertainty 0.06,0.0,True,False,0.4217712283134459,0.4217712283134459,0.061962538942910414,0.03729606865346432,0.13356202604221035
2016-03-31,Balanced (60 index / 20 gold / 20 liquid),+ drift uncertainty 0.10,0.0,True,False,0.501039320230484,0.501039320230484,0.06442729867485458,0.037421348214149476,0.13356202604221035
2016-03-31,Balanced (60 index / 20 gold / 20 liquid),recentred by past errors (point in time),0.0,True,False,0.3757375717163083,0.3757375717163083,0.06179909224605279,0.03719533272087574,0.13356202604221035
2016-03-31,"8 large stocks, equal weight",production,0.0,True,False,0.60685233771801,0.60685233771801,0.09472906217012808,0.047315584383904936,0.19222859924711466
2016-03-31,"8 large stocks, equal weight",+ drift uncertainty 0.03,0.0,True,False,0.6161062210798263,0.6161062210798263,0.09480604260298853,0.047332109615206716,0.19222859924711466
2016-03-31,"8 large stocks, equal weight",+ drift uncertainty 0.06,0.0,True,False,0.6305659323930737,0.6305659323930737,0.09527556003348919,0.047376781858503816,0.19222859924711466
2016-03-31,"8 large stocks, equal weight",+ drift uncertainty 0.10,0.0,True,False,0.681036788225174,0.681036788225174,0.0969155759988936,0.047466969892382624,0.19222859924711466
2016-03-31,"8 large stocks, equal weight",recentred by past errors (point in time),0.0,True,False,0.60685233771801,0.60685233771801,0.09472906217012808,0.047315584383904936,0.19222859924711466
2016-06-30,NIFTY 50 ETF,production,0.0,True,False,0.6026588052511214,0.6026588052511214,0.09921825981933512,0.0386135385632515,0.19096431623426802
2016-06-30,NIFTY 50 ETF,+ drift uncertainty 0.03,0.0,True,False,0.6129353255033492,0.6129353255033492,0.09922203061132479,0.03863127344846726,0.19096431623426802
2016-06-30,NIFTY 50 ETF,+ drift uncertainty 0.06,0.0,True,False,0.6286739766597744,0.6286739766597744,0.09952461291839947,0.03867912805080414,0.19096431623426802
2016-06-30,NIFTY 50 ETF,+ drift uncertainty 0.10,0.0,True,False,0.6793385982513427,0.6793385982513427,0.10091230760475568,0.038775255292654034,0.19096431623426802
2016-06-30,NIFTY 50 ETF,recentred by past errors (point in time),0.0,True,False,0.6026588052511214,0.6026588052511214,0.09921825981933512,0.0386135385632515,0.19096431623426802
2016-06-30,Gold,production,0.0,True,False,0.5268774121999741,0.5268774121999741,0.09621996348746968,0.06948602607101202,-0.09426421210941438
2016-06-30,Gold,+ drift uncertainty 0.03,0.0,True,False,0.5431241750717162,0.5431241750717162,0.0953903074877041,0.06950800485908985,-0.09426421210941438
2016-06-30,Gold,+ drift uncertainty 0.06,0.0,True,False,0.5599315524101256,0.5599315524101256,0.09328725100537123,0.06956518749892712,-0.09426421210941438
2016-06-30,Gold,+ drift uncertainty 0.10,0.0,True,False,0.62390079498291,0.62390079498291,0.08993838381823754,0.0696753915399313,-0.09426421210941438
2016-06-30,Gold,recentred by past errors (point in time),0.0,True,False,0.5268774121999741,0.5268774121999741,0.09621996348746968,0.06948602607101202,-0.09426421210941438
2016-06-30,Balanced (60 index / 20 gold / 20 liquid),production,0.0,True,True,0.3665055811405181,0.3665055811405181,0.03723733604017548,0.05108355842530728,0.10434665254484532
2016-06-30,Balanced (60 index / 20 gold / 20 liquid),+ drift uncertainty 0.03,0.0,True,True,0.3781819850206374,0.3781819850206374,0.038008066447468555,0.05111702144145966,0.10434665254484532
2016-06-30,Balanced (60 index / 20 gold / 20 liquid),+ drift uncertainty 0.06,0.0,True,True,0.4135497093200682,0.4135497093200682,0.04048607450344699,0.051194920599460604,0.10434665254484532
2016-06-30,Balanced (60 index / 20 gold / 20 liquid),+ drift uncertainty 0.10,0.0,True,True,0.4973923981189727,0.4973923981189727,0.045958148655512315,0.05133098608255386,0.10434665254484532
2016-06-30,Balanced (60 index / 20 gold / 20 liquid),recentred by past errors (point in time),0.0,True,True,0.3665055811405181,0.3665055811405181,0.03723733604017548,0.05108355842530728,0.10434665254484532
2016-06-30,"8 large stocks, equal weight",production,0.0,True,False,0.6088937819004058,0.6088937819004058,0.12793686828668774,0.0537017278522253,0.24719717524311413
2016-06-30,"8 large stocks, equal weight",+ drift uncertainty 0.03,0.0,True,False,0.6192117363214491,0.6192117363214491,0.12762724794317779,0.053719852805137636,0.24719717524311413
2016-06-30,"8 large stocks, equal weight",+ drift uncertainty 0.06,0.0,True,False,0.6358065485954282,0.6358065485954282,0.1269947654200101,0.05376870702952147,0.24719717524311413
2016-06-30,"8 large stocks, equal weight",+ drift uncertainty 0.10,0.0,True,False,0.6880401641130446,0.6880401641130446,0.1267085688347999,0.0538667111247778,0.24719717524311413
2016-06-30,"8 large stocks, equal weight",recentred by past errors (point in time),0.0,True,False,0.6088937819004058,0.6088937819004058,0.12793686828668774,0.0537017278522253,0.24719717524311413
2016-09-30,NIFTY 50 ETF,production,0.0,True,True,0.5696479886770243,0.5696479886770243,0.068755024811059,0.07200108766555786,0.17330234729488048
2016-09-30,NIFTY 50 ETF,+ drift uncertainty 0.03,0.0,True,True,0.57963407933712,0.57963407933712,0.06926426480333378,0.07203554681688547,0.17330234729488048
2016-09-30,NIFTY 50 ETF,+ drift uncertainty 0.06,0.0,True,True,0.6122411489486692,0.6122411489486692,0.07075255150107794,0.0721264588162303,0.17330234729488048
2016-09-30,NIFTY 50 ETF,+ drift uncertainty 0.10,0.0,True,True,0.6778345346450803,0.6778345346450803,0.07423033755879999,0.07230187577754259,0.17330234729488048
2016-09-30,NIFTY 50 ETF,recentred by past errors (point in time),0.0,True,True,0.5696479886770243,0.5696479886770243,0.068755024811059,0.07200108766555786,0.17330234729488048
2016-09-30,Gold,production,0.0,True,False,0.4942946195602414,0.4942946195602414,0.06723554626520103,0.06450517513602973,-0.05518193298287721
2016-09-30,Gold,+ drift uncertainty 0.03,0.0,True,False,0.5091499805450439,0.5091499805450439,0.06691903269927921,0.0645356927216053,-0.05518193298287721
2016-09-30,Gold,+ drift uncertainty 0.06,0.0,True,False,0.5414444744586944,0.5414444744586944,0.0663206649732199,0.06461395747214556,-0.05518193298287721
2016-09-30,Gold,+ drift uncertainty 0.10,0.0,True,True,0.6087590217590332,0.6087590217590332,0.0661498945488872,0.06476127251982688,-0.05518193298287721
2016-09-30,Gold,recentred by past errors (point in time),0.0,True,False,0.4942946195602414,0.4942946195602414,0.06723554626520103,0.06450517513602973,-0.05518193298287721
2016-09-30,Balanced (60 index / 20 gold / 20 liquid),production,0.0,True,True,0.3383135229349134,0.3383135229349134,0.029669893754302387,0.06757588168978691,0.10356531166011185
2016-09-30,Balanced (60 index / 20 gold / 20 liquid),+ drift uncertainty 0.03,0.0,True,True,0.3555713206529617,0.3555713206529617,0.03089779758588681,0.0676248206049204,0.10356531166011185
2016-09-30,Balanced (60 index / 20 gold / 20 liquid),+ drift uncertainty 0.06,0.0,True,True,0.40413182675838466,0.40413182675838466,0.03420618263024107,0.06773639710247517,0.10356531166011185
2016-09-30,Balanced (60 index / 20 gold / 20 liquid),+ drift uncertainty 0.10,0.0,True,True,0.49432426989078493,0.49432426989078493,0.0403794028052335,0.06792630068957806,0.10356531166011185
2016-09-30,Balanced (60 index / 20 gold / 20 liquid),recentred by past errors (point in time),0.0,True,True,0.3383135229349134,0.3383135229349134,0.029669893754302387,0.06757588168978691,0.10356531166011185
2016-09-30,"8 large stocks, equal weight",production,0.0,True,False,0.5711046457290646,0.5711046457290646,0.10822757252794363,0.07570666975528002,0.24211937152479646
2016-09-30,"8 large stocks, equal weight",+ drift uncertainty 0.03,0.0,True,False,0.5817521780729293,0.5817521780729293,0.10814108831588254,0.07574149198830128,0.24211937152479646
2016-09-30,"8 large stocks, equal weight",+ drift uncertainty 0.06,0.0,True,False,0.6141725629568098,0.6141725629568098,0.10795225830561098,0.07583333813399076,0.24211937152479646
2016-09-30,"8 large stocks, equal weight",+ drift uncertainty 0.10,0.0,True,False,0.681565287709236,0.681565287709236,0.10865935102905683,0.07601045747846365,0.24211937152479646
2016-09-30,"8 large stocks, equal weight",recentred by past errors (point in time),0.0,True,False,0.5711046457290646,0.5711046457290646,0.10822757252794363,0.07570666975528002,0.24211937152479646
2016-12-30,NIFTY 50 ETF,production,0.0,True,False,0.5679644346237182,0.5679644346237182,0.16945139200683176,0.05760438122600317,0.30220751580680694
2016-12-30,NIFTY 50 ETF,+ drift uncertainty 0.03,0.0,True,False,0.5785127937793731,0.5785127937793731,0.1686886832869241,0.05763732732087374,0.30220751580680694
2016-12-30,NIFTY 50 ETF,+ drift uncertainty 0.06,0.0,True,False,0.6063615351915359,0.6063615351915359,0.16673894276487855,0.05772397262603045,0.30220751580680694
2016-12-30,NIFTY 50 ETF,+ drift uncertainty 0.10,0.0,True,False,0.6655821830034256,0.6655821830034256,0.16388759874254763,0.057890254020690916,0.30220751580680694
2016-12-30,NIFTY 50 ETF,recentred by past errors (point in time),0.0,True,False,0.5679644346237182,0.5679644346237182,0.16945139200683176,0.05760438122600317,0.30220751580680694
2016-12-30,Gold,production,0.0,True,True,0.4749346762895583,0.4749346762895583,0.03133956729120131,0.04342409621924162,0.030940532757594896
2016-12-30,Gold,+ drift uncertainty 0.03,0.0,True,True,0.48578590452671055,0.48578590452671055,0.03223412319214011,0.04345326222479343,0.030940532757594896
2016-12-30,Gold,+ drift uncertainty 0.06,0.0,True,True,0.5182074874639511,0.5182074874639511,0.034876025868872174,0.04352750799804926,0.030940532757594896
2016-12-30,Gold,+ drift uncertainty 0.10,0.0,True,True,0.583720827102661,0.583720827102661,0.04046220948934744,0.043665981695055964,0.030940532757594896
2016-12-30,Gold,recentred by past errors (point in time),0.0,True,True,0.4749346762895583,0.4749346762895583,0.03133956729120131,0.04342409621924162,0.030940532757594896
2016-12-30,Balanced (60 index / 20 gold / 20 liquid),production,0.0,True,False,0.3392962902784345,0.3392962902784345,0.0942354171791886,0.05516510729491711,0.19482319968157968
2016-12-30,Balanced (60 index / 20 gold / 20 liquid),+ drift uncertainty 0.03,0.0,True,False,0.35587653219699855,0.35587653219699855,0.09299960882409831,0.055213150441646576,0.19482319968157968
2016-12-30,Balanced (60 index / 20 gold / 20 liquid),+ drift uncertainty 0.06,0.0,True,False,0.3985871165990829,0.3985871165990829,0.09059132531923397,0.05532262296974659,0.19482319968157968
2016-12-30,Balanced (60 index / 20 gold / 20 liquid),+ drift uncertainty 0.10,0.0,True,False,0.48992725312709795,0.48992725312709795,0.0888167104599155,0.05550843070447445,0.19482319968157968
2016-12-30,Balanced (60 index / 20 gold / 20 liquid),recentred by past errors (point in time),0.0,True,False,0.3392962902784345,0.3392962902784345,0.0942354171791886,0.05516510729491711,0.19482319968157968
2016-12-30,"8 large stocks, equal weight",production,0.0,False,False,0.5660803645849227,0.9963382803279824,0.23947495203925945,0.0660074944794178,0.39012505408564535
2016-12-30,"8 large stocks, equal weight",+ drift uncertainty 0.03,0.0,False,False,0.5785838752985,0.8483624838668762,0.23821023684099024,0.06604106950014829,0.39012505408564535
2016-12-30,"8 large stocks, equal weight",+ drift uncertainty 0.06,0.0,True,False,0.6051634967327114,0.6051634967327114,0.2348871547141277,0.06612918000668287,0.39012505408564535
2016-12-30,"8 large stocks, equal weight",+ drift uncertainty 0.10,0.0,True,False,0.6665557503700256,0.6665557503700256,0.22889019579093342,0.06629783228039741,0.39012505408564535
2016-12-30,"8 large stocks, equal weight",recentred by past errors (point in time),0.0,False,False,0.5660803645849227,0.9963382803279824,0.23947495203925945,0.0660074944794178,0.39012505408564535
2017-03-31,NIFTY 50 ETF,production,0.0,True,True,0.5785557717084884,0.5785557717084884,0.06193226814340458,0.057679305262863634,0.146844718120116
2017-03-31,NIFTY 50 ETF,+ drift uncertainty 0.03,0.0,True,True,0.5850833266973494,0.5850833266973494,0.06245463051264499,0.057700538150966166,0.146844718120116
2017-03-31,NIFTY 50 ETF,+ drift uncertainty 0.06,0.0,True,True,0.6052102267742155,0.6052102267742155,0.06412963144386467,0.05775697268545628,0.146844718120116
2017-03-31,NIFTY 50 ETF,+ drift uncertainty 0.10,0.0,True,True,0.661507612466812,0.661507612466812,0.06810701782852512,0.05786837100982666,0.146844718120116
2017-03-31,NIFTY 50 ETF,recentred by past errors (point in time),0.0,True,True,0.5785557717084884,0.5785557717084884,0.06193226814340458,0.057679305262863634,0.146844718120116
2017-03-31,Gold,production,0.0,True,True,0.4864794999361038,0.4864794999361038,0.032148313294157516,0.04870846244692802,0.053562198136354766
2017-03-31,Gold,+ drift uncertainty 0.03,0.0,True,True,0.5014620035886763,0.5014620035886763,0.03308658431965436,0.04873227310180664,0.053562198136354766
2017-03-31,Gold,+ drift uncertainty 0.06,0.0,True,True,0.5208291530609129,0.5208291530609129,0.035754517670184394,0.04879333757609129,0.053562198136354766
2017-03-31,Gold,+ drift uncertainty 0.10,0.0,True,True,0.5888908714056011,0.5888908714056011,0.041241894564568546,0.048909490898251536,0.053562198136354766
2017-03-31,Gold,recentred by past errors (point in time),0.0,True,True,0.4864794999361038,0.4864794999361038,0.032148313294157516,0.04870846244692802,0.053562198136354766
2017-03-31,Balanced (60 index / 20 gold / 20 liquid),production,0.0,True,True,0.3497076451778411,0.3497076451778411,0.03666452725671676,0.05827879959344864,0.11205250558800794
2017-03-31,Balanced (60 index / 20 gold / 20 liquid),+ drift uncertainty 0.03,0.0,True,True,0.36306127607822414,0.36306127607822414,0.03743507379794414,0.05831561021506786,0.11205250558800794
2017-03-31,Balanced (60 index / 20 gold / 20 liquid),+ drift uncertainty 0.06,0.0,True,True,0.4032545298337935,0.4032545298337935,0.03996084992182217,0.05839967927336693,0.11205250558800794
2017-03-31,Balanced (60 index / 20 gold / 20 liquid),+ drift uncertainty 0.10,0.0,True,True,0.48987720906734455,0.48987720906734455,0.04559397464348376,0.05854474711418152,0.11205250558800794
2017-03-31,Balanced (60 index / 20 gold / 20 liquid),recentred by past errors (point in time),0.0,True,True,0.3497076451778411,0.3497076451778411,0.03666452725671676,0.05827879959344864,0.11205250558800794
2017-03-31,"8 large stocks, equal weight",production,0.0,True,False,0.5766113996505736,0.5766113996505736,0.13891368160653964,0.06477977977693081,0.27165820846323663
2017-03-31,"8 large stocks, equal weight",+ drift uncertainty 0.03,0.0,True,False,0.5840178340673446,0.5840178340673446,0.1383855867945683,0.06480140242725611,0.27165820846323663
2017-03-31,"8 large stocks, equal weight",+ drift uncertainty 0.06,0.0,True,False,0.6042865246534346,0.6042865246534346,0.13712491660524018,0.06485874856263399,0.27165820846323663
2017-03-31,"8 large stocks, equal weight",+ drift uncertainty 0.10,0.0,True,False,0.6626965522766111,0.6626965522766111,0.13567351621407053,0.06497166058421135,0.27165820846323663
2017-03-31,"8 large stocks, equal weight",recentred by past errors (point in time),0.0,True,False,0.5766113996505736,0.5766113996505736,0.13891368160653964,0.06477977977693081,0.27165820846323663
2017-06-30,NIFTY 50 ETF,production,0.0,True,True,0.5427808016538619,0.5427808016538619,0.04993886683933178,0.08555903563648462,0.146673113220267
2017-06-30,NIFTY 50 ETF,+ drift uncertainty 0.03,0.0,True,True,0.5538910835981368,0.5538910835981368,0.0507559868705839,0.08558806752413511,0.146673113220267
2017-06-30,NIFTY 50 ETF,+ drift uncertainty 0.06,0.0,True,True,0.587416100502014,0.587416100502014,0.052941564122453655,0.08566345622390509,0.146673113220267
2017-06-30,NIFTY 50 ETF,+ drift uncertainty 0.10,0.0,True,True,0.656125339865684,0.656125339865684,0.05789605166974307,0.08580655382573604,0.146673113220267
2017-06-30,NIFTY 50 ETF,recentred by past errors (point in time),0.09618826911446886,True,True,0.5905282497406006,0.5905282497406006,0.04109199985354052,0.18263312957435845,0.146673113220267
2017-06-30,Gold,production,0.0,True,True,0.4510060906410216,0.4510060906410216,0.031758497270803515,0.04120668662339449,0.05770505145785365
2017-06-30,Gold,+ drift uncertainty 0.03,0.0,True,True,0.4625573724508283,0.4625573724508283,0.032727497055779195,0.04122933951765299,0.05770505145785365
2017-06-30,Gold,+ drift uncertainty 0.06,0.0,True,True,0.49324019551277154,0.49324019551277154,0.035477420505749785,0.04128676560521126,0.05770505145785365
2017-06-30,Gold,+ drift uncertainty 0.10,0.0,True,True,0.5658507734537124,0.5658507734537124,0.04135075858139313,0.04139427026361227,0.05770505145785365
2017-06-30,Gold,recentred by past errors (point in time),0.09618826911446886,True,True,0.4925089389085769,0.4925089389085769,0.04741365194823603,0.13769129172712563,0.05770505145785365
2017-06-30,Balanced (60 index / 20 gold / 20 liquid),production,0.0,True,True,0.3237080067396164,0.3237080067396164,0.030345344630354064,0.0719676374644041,0.11271051284140476
2017-06-30,Balanced (60 index / 20 gold / 20 liquid),+ drift uncertainty 0.03,0.0,True,True,0.3407831221818923,0.3407831221818923,0.0314762006653266,0.07201314218342304,0.11271051284140476
2017-06-30,Balanced (60 index / 20 gold / 20 liquid),+ drift uncertainty 0.06,0.0,True,True,0.38878452181816103,0.38878452181816103,0.03462859767103871,0.07211473885178565,0.11271051284140476
2017-06-30,Balanced (60 index / 20 gold / 20 liquid),+ drift uncertainty 0.10,0.0,True,True,0.4802979856729507,0.4802979856729507,0.041011713997076815,0.07228540539741517,0.11271051284140476
2017-06-30,Balanced (60 index / 20 gold / 20 liquid),recentred by past errors (point in time),0.09618826911446886,True,True,0.35236427783966046,0.35236427783966046,0.033955580532470726,0.16852912406623363,0.11271051284140476
2017-06-30,"8 large stocks, equal weight",production,0.0,True,False,0.5498707234859465,0.5498707234859465,0.11656339507188322,0.09990740626305342,0.278793465605633
2017-06-30,"8 large stocks, equal weight",+ drift uncertainty 0.03,0.0,True,False,0.5611926823854445,0.5611926823854445,0.11628557775606686,0.09993680059909821,0.278793465605633
2017-06-30,"8 large stocks, equal weight",+ drift uncertainty 0.06,0.0,True,False,0.5952212512493131,0.5952212512493131,0.11576447315735576,0.10001314386725425,0.278793465605633
2017-06-30,"8 large stocks, equal weight",+ drift uncertainty 0.10,0.0,True,False,0.6648522585630412,0.6648522585630412,0.1154947987795011,0.10015805844962597,0.278793465605633
2017-06-30,"8 large stocks, equal weight",recentred by past errors (point in time),0.09618826911446886,True,True,0.5977516770362854,0.5977516770362854,0.06042464300773552,0.1969802475720644,0.278793465605633
2017-09-29,NIFTY 50 ETF,production,0.0,True,True,0.534625259041786,0.534625259041786,0.03612384789742859,0.06294740126281977,0.06713992510958988
2017-09-29,NIFTY 50 ETF,+ drift uncertainty 0.03,0.0,True,True,0.5456289201974867,0.5456289201974867,0.03695883550001673,0.06296914975345135,0.06713992510958988
2017-09-29,NIFTY 50 ETF,+ drift uncertainty 0.06,0.0,True,True,0.5730575323104858,0.5730575323104858,0.03926670974647058,0.0630263860076666,0.06713992510958988
2017-09-29,NIFTY 50 ETF,+ drift uncertainty 0.10,0.0,True,True,0.6318887501955032,0.6318887501955032,0.04441993196117158,0.06313841102272272,0.06713992510958988
2017-09-29,NIFTY 50 ETF,recentred by past errors (point in time),0.07751401968236155,True,True,0.5741084277629851,0.5741084277629851,0.04698894437956892,0.14107207706570626,0.06713992510958988
2017-09-29,Gold,production,0.0,True,True,0.4714854121208189,0.4714854121208189,0.030782197075557627,0.0485347740277648,0.03746837449688911
2017-09-29,Gold,+ drift uncertainty 0.03,0.0,True,True,0.48274778425693465,0.48274778425693465,0.03171268428288625,0.04856033337861299,0.03746837449688911
2017-09-29,Gold,+ drift uncertainty 0.06,0.0,True,True,0.5080484718084333,0.5080484718084333,0.0343443429217489,0.048625208638608454,0.03746837449688911
2017-09-29,Gold,+ drift uncertainty 0.10,0.0,True,True,0.5792231142520904,0.5792231142520904,0.03962948457591613,0.04874710524827242,0.03746837449688911
2017-09-29,Gold,recentred by past errors (point in time),0.07751401968236155,True,True,0.5056694775819777,0.5056694775819777,0.05154362677563555,0.12638985981047154,0.03746837449688911
2017-09-29,Balanced (60 index / 20 gold / 20 liquid),production,0.0,True,True,0.32441286444663997,0.32441286444663997,0.021549200860992532,0.06183666886389255,0.061882870563923165
2017-09-29,Balanced (60 index / 20 gold / 20 liquid),+ drift uncertainty 0.03,0.0,True,True,0.3402323484420776,0.3402323484420776,0.022867693780271627,0.06187443491816521,0.061882870563923165
2017-09-29,Balanced (60 index / 20 gold / 20 liquid),+ drift uncertainty 0.06,0.0,True,True,0.384742522239685,0.384742522239685,0.02645391113603361,0.061959168508648875,0.061882870563923165
2017-09-29,Balanced (60 index / 20 gold / 20 liquid),+ drift uncertainty 0.10,0.0,True,True,0.4805648237466812,0.4805648237466812,0.033633179759491316,0.06210418912768364,0.061882870563923165
2017-09-29,Balanced (60 index / 20 gold / 20 liquid),recentred by past errors (point in time),0.07751401968236155,True,False,0.34856136441230773,0.34856136441230773,0.04364425364745023,0.1396560706347227,0.061882870563923165
2017-09-29,"8 large stocks, equal weight",production,0.0,True,False,0.5413360238075254,0.5413360238075254,0.164148030918935,0.07225979888439178,0.3082941435533848
2017-09-29,"8 large stocks, equal weight",+ drift uncertainty 0.03,0.0,True,False,0.5525346159934996,0.5525346159934996,0.16336576538770506,0.0722816448137164,0.3082941435533848
2017-09-29,"8 large stocks, equal weight",+ drift uncertainty 0.06,0.0,True,False,0.580065444111824,0.580065444111824,0.16130472312292526,0.0723391930386424,0.3082941435533848
2017-09-29,"8 large stocks, equal weight",+ drift uncertainty 0.10,0.0,True,False,0.6380661845207212,0.6380661845207212,0.1583057263314891,0.07245193675905466,0.3082941435533848
2017-09-29,"8 large stocks, equal weight",recentred by past errors (point in time),0.07751401968236155,True,False,0.5812942802906036,0.5812942802906036,0.10254540435633333,0.15038716258108617,0.3082941435533848
2017-12-29,NIFTY 50 ETF,production,0.0,True,True,0.5404278546571729,0.5404278546571729,0.04171936068053761,0.10500233375281096,0.044260872844172905
2017-12-29,NIFTY 50 ETF,+ drift uncertainty 0.03,0.0,True,True,0.5510324507951735,0.5510324507951735,0.04237391302243196,0.10503189144283533,0.044260872844172905
2017-12-29,NIFTY 50 ETF,+ drift uncertainty 0.06,0.0,True,True,0.5861540406942367,0.5861540406942367,0.044238198412262814,0.10510812328755856,0.044260872844172905
2017-12-29,NIFTY 50 ETF,+ drift uncertainty 0.10,0.0,True,True,0.6485590130090713,0.6485590130090713,0.04824760888773942,0.10525218929350376,0.044260872844172905
2017-12-29,NIFTY 50 ETF,recentred by past errors (point in time),0.06701070339242911,True,False,0.5730728507041929,0.5730728507041929,0.07065302621665413,0.17243736533820628,0.044260872844172905
2017-12-29,Gold,production,0.0,True,True,0.45440828204154937,0.45440828204154937,0.038516742904088394,0.042152448803186415,0.08797780016942935
2017-12-29,Gold,+ drift uncertainty 0.03,0.0,True,True,0.46532068252563474,0.46532068252563474,0.03933184156657134,0.04218121193349361,0.08797780016942935
2017-12-29,Gold,+ drift uncertainty 0.06,0.0,True,True,0.498444193601608,0.498444193601608,0.041739759527644554,0.04225323712825775,0.08797780016942935
2017-12-29,Gold,+ drift uncertainty 0.10,0.0,True,True,0.568015244603157,0.568015244603157,0.04699044310633954,0.042385712623596195,0.08797780016942935
2017-12-29,Gold,recentred by past errors (point in time),0.06701070339242911,True,True,0.4839343190193172,0.4839343190193172,0.031803685810200474,0.10939900672435761,0.08797780016942935
2017-12-29,Balanced (60 index / 20 gold / 20 liquid),production,0.0,True,True,0.31974554061889626,0.31974554061889626,0.022465864678352522,0.08258626231551171,0.059073977250234444
2017-12-29,Balanced (60 index / 20 gold / 20 liquid),+ drift uncertainty 0.03,0.0,True,True,0.33668867945671055,0.33668867945671055,0.02381178189780249,0.0826320724785328,0.059073977250234444
2017-12-29,Balanced (60 index / 20 gold / 20 liquid),+ drift uncertainty 0.06,0.0,True,True,0.3812707662582397,0.3812707662582397,0.02726467771001352,0.08273307053744793,0.059073977250234444
2017-12-29,Balanced (60 index / 20 gold / 20 liquid),+ drift uncertainty 0.10,0.0,True,True,0.4794245421886444,0.4794245421886444,0.0338373631294963,0.08290182323753834,0.059073977250234444
2017-12-29,Balanced (60 index / 20 gold / 20 liquid),recentred by past errors (point in time),0.06701070339242911,True,False,0.3389348924160003,0.3389348924160003,0.05205568734088244,0.14981118938326834,0.059073977250234444
2017-12-29,"8 large stocks, equal weight",production,0.0,True,False,0.5473076254129408,0.5473076254129408,0.0897502269020957,0.11945055490732193,0.25760848262833846
2017-12-29,"8 large stocks, equal weight",+ drift uncertainty 0.03,0.0,True,False,0.5581403017044066,0.5581403017044066,0.08974200358746802,0.11948049921542406,0.25760848262833846
2017-12-29,"8 large stocks, equal weight",+ drift uncertainty 0.06,0.0,True,False,0.5936842620372772,0.5936842620372772,0.08983557909408857,0.11955773597955703,0.25760848262833846
2017-12-29,"8 large stocks, equal weight",+ drift uncertainty 0.10,0.0,True,False,0.6569008827209472,0.6569008827209472,0.09140403143699709,0.11970368960499764,0.25760848262833846
2017-12-29,"8 large stocks, equal weight",recentred by past errors (point in time),0.06701070339242911,True,True,0.5799853265285491,0.5799853265285491,0.05488713676274265,0.18688515247404575,0.25760848262833846
2018-03-28,NIFTY 50 ETF,production,0.0,True,True,0.5284288883209228,0.5284288883209228,0.05403713497058993,0.09265390045940876,0.16697637487248018
2018-03-28,NIFTY 50 ETF,+ drift uncertainty 0.03,0.0,True,True,0.5448870480060576,0.5448870480060576,0.05459247618252956,0.09268400484323501,0.16697637487248018
2018-03-28,NIFTY 50 ETF,+ drift uncertainty 0.06,0.0,True,True,0.5711530596017835,0.5711530596017835,0.05635662401367919,0.09276165872812271,0.16697637487248018
2018-03-28,NIFTY 50 ETF,+ drift uncertainty 0.10,0.0,True,True,0.64704872071743,0.64704872071743,0.06070408099840517,0.09290866930782794,0.16697637487248018
2018-03-28,NIFTY 50 ETF,recentred by past errors (point in time),0.0937514789888248,True,True,0.5723325610160827,0.5723325610160827,0.0376999530266012,0.18699711619317533,0.16697637487248018
2018-03-28,Gold,production,0.0,True,True,0.4461473643779754,0.4461473643779754,0.02939788145182326,0.047824173867702484,0.02902611160121915
2018-03-28,Gold,+ drift uncertainty 0.03,0.0,True,True,0.45515852272510526,0.45515852272510526,0.030401333816535314,0.047853916212916375,0.02902611160121915
2018-03-28,Gold,+ drift uncertainty 0.06,0.0,True,True,0.49200073778629294,0.49200073778629294,0.03323804006558004,0.04792794707417488,0.02902611160121915
2018-03-28,Gold,+ drift uncertainty 0.10,0.0,True,True,0.5683603942394256,0.5683603942394256,0.038736420227939244,0.04806340351700783,0.02902611160121915
2018-03-28,Gold,recentred by past errors (point in time),0.0937514789888248,True,False,0.486337175965309,0.486337175965309,0.06391884835373372,0.14188995184004308,0.02902611160121915
2018-03-28,Balanced (60 index / 20 gold / 20 liquid),production,0.0,True,True,0.31385785639286035,0.31385785639286035,0.030706496479507732,0.07640560495853424,0.11965166565955121
2018-03-28,Balanced (60 index / 20 gold / 20 liquid),+ drift uncertainty 0.03,0.0,True,True,0.3331363677978515,0.3331363677978515,0.0315882151013137,0.07645223213732243,0.11965166565955121
2018-03-28,Balanced (60 index / 20 gold / 20 liquid),+ drift uncertainty 0.06,0.0,True,True,0.3838444590568541,0.3838444590568541,0.03444386319198729,0.07655475577712059,0.11965166565955121
2018-03-28,Balanced (60 index / 20 gold / 20 liquid),+ drift uncertainty 0.10,0.0,True,True,0.47621772885322566,0.47621772885322566,0.040662242169233934,0.07672604823112487,0.11965166565955121
2018-03-28,Balanced (60 index / 20 gold / 20 liquid),recentred by past errors (point in time),0.0937514789888248,True,True,0.339634907245636,0.339634907245636,0.03153607660222228,0.1704509400576353,0.11965166565955121
2018-03-28,"8 large stocks, equal weight",production,0.0,True,False,0.53877657353878,0.53877657353878,0.1601177575476764,0.10950429648160935,0.34124576468362156
2018-03-28,"8 large stocks, equal weight",+ drift uncertainty 0.03,0.0,True,False,0.5556553542613982,0.5556553542613982,0.15927578778426343,0.10953466932475567,0.34124576468362156
2018-03-28,"8 large stocks, equal weight",+ drift uncertainty 0.06,0.0,True,False,0.5831427425146102,0.5831427425146102,0.15726549969261105,0.10961311569809913,0.34124576468362156
2018-03-28,"8 large stocks, equal weight",+ drift uncertainty 0.10,0.0,True,False,0.6592417955398555,0.6592417955398555,0.15435792147242577,0.10976186530292034,0.34124576468362156
2018-03-28,"8 large stocks, equal weight",recentred by past errors (point in time),0.0937514789888248,True,False,0.5840490370988843,0.5840490370988843,0.08929856034854237,0.2038477619588375,0.34124576468362156
2018-06-29,NIFTY 50 ETF,production,0.0,True,True,0.5222239285707468,0.5222239285707468,0.03466772444302922,0.0983500067666173,0.09918336085563983
2018-06-29,NIFTY 50 ETF,+ drift uncertainty 0.03,0.0,True,True,0.5349478751420973,0.5349478751420973,0.03562652272200685,0.09838272482901812,0.09918336085563983
2018-06-29,NIFTY 50 ETF,+ drift uncertainty 0.06,0.0,True,True,0.5666381210088729,0.5666381210088729,0.03838847877228456,0.09846686105430126,0.09918336085563983
2018-06-29,NIFTY 50 ETF,+ drift uncertainty 0.10,0.0,True,True,0.6353783398866653,0.6353783398866653,0.043933676763294766,0.09862579464912415,0.09918336085563983
2018-06-29,NIFTY 50 ETF,recentred by past errors (point in time),0.09273474735243706,True,True,0.5640736371278758,0.5640736371278758,0.05338271552713947,0.19169280008971692,0.09918336085563983
2018-06-29,Gold,production,0.0,True,False,0.4297837376594543,0.4297837376594543,0.05204823996769527,0.0445480075776577,0.12474884344956694
2018-06-29,Gold,+ drift uncertainty 0.03,0.0,True,False,0.44047572016716,0.44047572016716,0.052530793217230004,0.044582173630595204,0.12474884344956694
2018-06-29,Gold,+ drift uncertainty 0.06,0.0,True,True,0.47816951870918256,0.47816951870918256,0.054224157335538106,0.04466677056998015,0.12474884344956694
2018-06-29,Gold,+ drift uncertainty 0.10,0.0,True,True,0.555726596713066,0.555726596713066,0.05862577394414316,0.04482058963179588,0.12474884344956694
2018-06-29,Gold,recentred by past errors (point in time),0.09273474735243706,True,True,0.4678675413131713,0.4678675413131713,0.03092479564976533,0.13755327393114566,0.12474884344956694
2018-06-29,Balanced (60 index / 20 gold / 20 liquid),production,0.0,True,True,0.30810196399688716,0.30810196399688716,0.02320905927238938,0.07954058465361595,0.09992119745793993
2018-06-29,Balanced (60 index / 20 gold / 20 liquid),+ drift uncertainty 0.03,0.0,True,True,0.3264261662960052,0.3264261662960052,0.02456472072592847,0.07958939278125762,0.09992119745793993
2018-06-29,Balanced (60 index / 20 gold / 20 liquid),+ drift uncertainty 0.06,0.0,True,True,0.37598107457160945,0.37598107457160945,0.028276238183178593,0.07969613651931286,0.09992119745793993
2018-06-29,Balanced (60 index / 20 gold / 20 liquid),+ drift uncertainty 0.10,0.0,True,True,0.47305739521980267,0.47305739521980267,0.03530004532835161,0.07987406937777997,0.09992119745793993
2018-06-29,Balanced (60 index / 20 gold / 20 liquid),recentred by past errors (point in time),0.09273474735243706,True,False,0.3341294348239898,0.3341294348239898,0.04122859282658955,0.1725598125308752,0.09992119745793993
2018-06-29,"8 large stocks, equal weight",production,0.0,True,False,0.5368635535240173,0.5368635535240173,0.06646039930611111,0.12113693746179342,0.22014678149603184
2018-06-29,"8 large stocks, equal weight",+ drift uncertainty 0.03,0.0,True,False,0.549503892660141,0.549503892660141,0.06684050098170445,0.12117014359682798,0.22014678149603184
2018-06-29,"8 large stocks, equal weight",+ drift uncertainty 0.06,0.0,True,True,0.581523209810257,0.581523209810257,0.0682023318070795,0.12125567514449358,0.22014678149603184
2018-06-29,"8 large stocks, equal weight",+ drift uncertainty 0.10,0.0,True,True,0.6504853188991546,0.6504853188991546,0.07203181401361015,0.12141749819368124,0.22014678149603184
2018-06-29,"8 large stocks, equal weight",recentred by past errors (point in time),0.09273474735243706,True,True,0.5790923237800595,0.5790923237800595,0.038851843306637115,0.2144742846339941,0.22014678149603184
2018-09-28,NIFTY 50 ETF,production,0.0,True,True,0.5221938729286193,0.5221938729286193,0.035871075056453774,0.09675781648606062,0.05963728090890785
2018-09-28,NIFTY 50 ETF,+ drift uncertainty 0.03,0.0,True,True,0.529921719431877,0.529921719431877,0.0367202679490361,0.09678935246914624,0.05963728090890785
2018-09-28,NIFTY 50 ETF,+ drift uncertainty 0.06,0.0,True,True,0.5594886839389788,0.5594886839389788,0.0389603346635667,0.09687051320075989,0.05963728090890785
2018-09-28,NIFTY 50 ETF,+ drift uncertainty 0.10,0.0,True,True,0.6310478180646897,0.6310478180646897,0.043449004925723705,0.09702461396902799,0.05963728090890785
2018-09-28,NIFTY 50 ETF,recentred by past errors (point in time),0.08966401350777346,True,False,0.5638756394386291,0.5638756394386291,0.0702856223738304,0.18711341981589794,0.05963728090890785
2018-09-28,Gold,production,0.0,True,False,0.427924558520317,0.427924558520317,0.14320417006855912,0.044349083557724954,0.24813160564486836
2018-09-28,Gold,+ drift uncertainty 0.03,0.0,True,False,0.43569369614124287,0.43569369614124287,0.14203808115178698,0.04438539563119411,0.24813160564486836
2018-09-28,Gold,+ drift uncertainty 0.06,0.0,True,False,0.47661785483360275,0.47661785483360275,0.13915508407612162,0.04447488825023174,0.24813160564486836
2018-09-28,Gold,+ drift uncertainty 0.10,0.0,True,False,0.5491213172674178,0.5491213172674178,0.135221060371512,0.04463711557537317,0.24813160564486836
2018-09-28,Gold,recentred by past errors (point in time),0.08966401350777346,True,False,0.46361509263515416,0.46361509263515416,0.07205045999988755,0.13431419402360917,0.24813160564486836
2018-09-28,Balanced (60 index / 20 gold / 20 liquid),production,0.0,True,True,0.3077819287776945,0.3077819287776945,0.023103134403094236,0.07866323260962962,0.09945141257630885
2018-09-28,Balanced (60 index / 20 gold / 20 liquid),+ drift uncertainty 0.03,0.0,True,True,0.3233180582523345,0.3233180582523345,0.02441819902213823,0.07871140521764755,0.09945141257630885
2018-09-28,Balanced (60 index / 20 gold / 20 liquid),+ drift uncertainty 0.06,0.0,True,True,0.3719328224658966,0.3719328224658966,0.02820894945738303,0.07881652350723743,0.09945141257630885
2018-09-28,Balanced (60 index / 20 gold / 20 liquid),+ drift uncertainty 0.10,0.0,True,True,0.4697013467550275,0.4697013467550275,0.03516849109476132,0.07899216908216476,0.09945141257630885
2018-09-28,Balanced (60 index / 20 gold / 20 liquid),recentred by past errors (point in time),0.08966401350777346,True,False,0.3319180846214294,0.3319180846214294,0.03933542011982463,0.16864849135279655,0.09945141257630885
2018-09-28,"8 large stocks, equal weight",production,0.0,True,True,0.5396370142698288,0.5396370142698288,0.03756439622808627,0.12486736916005611,0.14347772399351522
2018-09-28,"8 large stocks, equal weight",+ drift uncertainty 0.03,0.0,True,True,0.5476987242698668,0.5476987242698668,0.03851319300823379,0.1248995159342885,0.14347772399351522
2018-09-28,"8 large stocks, equal weight",+ drift uncertainty 0.06,0.0,True,True,0.5785452783107746,0.5785452783107746,0.041213503893329465,0.12498243630677462,0.14347772399351522
2018-09-28,"8 large stocks, equal weight",+ drift uncertainty 0.10,0.0,True,True,0.6494918704032898,0.6494918704032898,0.047020165607612824,0.12514018998295068,0.14347772399351522
2018-09-28,"8 large stocks, equal weight",recentred by past errors (point in time),0.08966401350777346,True,True,0.5813690483570098,0.5813690483570098,0.046694737618685214,0.21521172493696214,0.14347772399351522
2018-12-31,NIFTY 50 ETF,production,0.0,True,True,0.5246101170778275,0.5246101170778275,0.0474974482679012,0.0945541060268879,0.15249607204483895
2018-12-31,NIFTY 50 ETF,+ drift uncertainty 0.03,0.0,True,True,0.5330742210149764,0.5330742210149764,0.04812081897448267,0.0945871813967824,0.15249607204483895
2018-12-31,NIFTY 50 ETF,+ drift uncertainty 0.06,0.0,True,True,0.5672245115041732,0.5672245115041732,0.050167125002228946,0.09467214448750019,0.15249607204483895
2018-12-31,NIFTY 50 ETF,+ drift uncertainty 0.10,0.0,True,True,0.6343243896961207,0.6343243896961207,0.055330927114808304,0.09483224089443684,0.15249607204483895
2018-12-31,NIFTY 50 ETF,recentred by past errors (point in time),0.08504082124541004,True,True,0.5636743932962417,0.5636743932962417,0.03761246221975657,0.18024532654881478,0.15249607204483895
2018-12-31,Gold,production,0.0,True,False,0.4259931057691573,0.4259931057691573,0.143325388772921,0.0470956906080246,0.2508698634221147
2018-12-31,Gold,+ drift uncertainty 0.03,0.0,True,False,0.43872047066688535,0.43872047066688535,0.14212312594275606,0.047130812406539914,0.2508698634221147
2018-12-31,Gold,+ drift uncertainty 0.06,0.0,True,False,0.474945667386055,0.474945667386055,0.1392260611892544,0.04721724057197571,0.2508698634221147
2018-12-31,Gold,+ drift uncertainty 0.10,0.0,True,False,0.5542001396417617,0.5542001396417617,0.13537967961731723,0.04737350258231163,0.2508698634221147
2018-12-31,Gold,recentred by past errors (point in time),0.08504082124541004,True,False,0.46056661605834953,0.46056661605834953,0.07519706097041053,0.13241207093000412,0.2508698634221147
2018-12-31,Balanced (60 index / 20 gold / 20 liquid),production,0.0,True,False,0.31007960140705093,0.31007960140705093,0.049233259868493764,0.07784201303124427,0.15555152028131136
2018-12-31,Balanced (60 index / 20 gold / 20 liquid),+ drift uncertainty 0.03,0.0,True,False,0.32623573839664455,0.32623573839664455,0.04918405733798636,0.07789170062541961,0.15555152028131136
2018-12-31,Balanced (60 index / 20 gold / 20 liquid),+ drift uncertainty 0.06,0.0,True,False,0.37702661752700806,0.37702661752700806,0.05006793786127656,0.0780001327842474,0.15555152028131136
2018-12-31,Balanced (60 index / 20 gold / 20 liquid),+ drift uncertainty 0.10,0.0,True,True,0.47429620921611737,0.47429620921611737,0.054188667047870856,0.07818032506108284,0.15555152028131136
2018-12-31,Balanced (60 index / 20 gold / 20 liquid),recentred by past errors (point in time),0.08504082124541004,True,True,0.33434383273124685,0.33434383273124685,0.021925034801728756,0.16317855101823805,0.15555152028131136
2018-12-31,"8 large stocks, equal weight",production,0.0,True,True,0.5420515716075897,0.5420515716075897,0.05114470815138834,0.12235895974934101,0.18780276493459636
2018-12-31,"8 large stocks, equal weight",+ drift uncertainty 0.03,0.0,True,True,0.5515797346830364,0.5515797346830364,0.05175960466073415,0.12239259177446365,0.18780276493459636
2018-12-31,"8 large stocks, equal weight",+ drift uncertainty 0.06,0.0,True,True,0.5855234265327454,0.5855234265327454,0.053778318916818724,0.12247916811704636,0.18780276493459636
2018-12-31,"8 large stocks, equal weight",+ drift uncertainty 0.10,0.0,True,True,0.6528176516294473,0.6528176516294473,0.05889003306768151,0.12264265415072441,0.18780276493459636
2018-12-31,"8 large stocks, equal weight",recentred by past errors (point in time),0.08504082124541004,True,True,0.5812615424394607,0.5812615424394607,0.038325406749686874,0.20803516753017903,0.18780276493459636
2019-03-28,NIFTY 50 ETF,production,0.0,False,False,0.5262234091758727,1.896632739741031,0.22460874302372225,0.09898189852386713,-0.21307356759103258
2019-03-28,NIFTY 50 ETF,+ drift uncertainty 0.03,0.0,False,False,0.5372714608907699,1.7849063692871967,0.2228413227592121,0.09901443816721439,-0.21307356759103258
2019-03-28,NIFTY 50 ETF,+ drift uncertainty 0.06,0.0,False,False,0.5700959175825115,1.5160814939324296,0.21787285232012293,0.09909806776791812,-0.21307356759103258
2019-03-28,NIFTY 50 ETF,+ drift uncertainty 0.10,0.0,False,False,0.6326439797878263,1.0341306953017153,0.20772585832626989,0.09925623852759599,-0.21307356759103258
2019-03-28,NIFTY 50 ETF,recentred by past errors (point in time),0.07752726649952578,False,False,0.5613618224859236,3.1574500141922868,0.29510875293526007,0.17716049905121325,-0.21307356759103258
2019-03-28,Gold,production,0.0,False,False,0.4248964637517927,5.239437194642258,0.3910766030023201,0.047317391350865365,0.5103622608868692
2019-03-28,Gold,+ drift uncertainty 0.03,0.0,False,False,0.4403423756361007,5.067252572354505,0.38898296674417987,0.04735167519748211,0.5103622608868692
2019-03-28,Gold,+ drift uncertainty 0.06,0.0,False,False,0.4731360763311385,4.730583902177045,0.38317367009923164,0.04743603809922933,0.5103622608868692
2019-03-28,Gold,+ drift uncertainty 0.10,0.0,False,False,0.5491905122995375,3.909079052981564,0.3714031931361356,0.0475889199078083,0.5103622608868692
2019-03-28,Gold,recentred by past errors (point in time),0.07752726649952578,False,False,0.4563783854246136,3.3826008160678884,0.30998996320014627,0.12511973160505294,0.5103622608868692
2019-03-28,Balanced (60 index / 20 gold / 20 liquid),production,0.0,True,False,0.3079238474369048,0.3079238474369048,0.07601119940359877,0.08067099921405316,-0.04003342706060775
2019-03-28,Balanced (60 index / 20 gold / 20 liquid),+ drift uncertainty 0.03,0.0,True,False,0.32793584465980513,0.32793584465980513,0.07438108058046737,0.0807200550287962,-0.04003342706060775
2019-03-28,Balanced (60 index / 20 gold / 20 liquid),+ drift uncertainty 0.06,0.0,True,False,0.37285206913948027,0.37285206913948027,0.0708264520370155,0.08082693020999432,-0.04003342706060775
2019-03-28,Balanced (60 index / 20 gold / 20 liquid),+ drift uncertainty 0.10,0.0,True,False,0.47397694587707495,0.47397694587707495,0.06715673381533896,0.08100495105981827,-0.04003342706060775
2019-03-28,Balanced (60 index / 20 gold / 20 liquid),recentred by past errors (point in time),0.07752726649952578,False,False,0.3299330890178678,1.176275000591351,0.14422503288056432,0.15849576061964035,-0.04003342706060775
2019-03-28,"8 large stocks, equal weight",production,0.0,True,False,0.5429612338542935,0.5429612338542935,0.16490126969448882,0.1256659758910537,-0.12477051415309992
2019-03-28,"8 large stocks, equal weight",+ drift uncertainty 0.03,0.0,True,False,0.5555451393127441,0.5555451393127441,0.16340108323042055,0.12569895917922258,-0.12477051415309992
2019-03-28,"8 large stocks, equal weight",+ drift uncertainty 0.06,0.0,True,False,0.5896305114030838,0.5896305114030838,0.1593634889766795,0.12578397031873464,-0.12477051415309992
2019-03-28,"8 large stocks, equal weight",+ drift uncertainty 0.10,0.0,True,False,0.6503417313098903,0.6503417313098903,0.15162126222332395,0.12594519227743148,-0.12477051415309992
2019-03-28,"8 large stocks, equal weight",recentred by past errors (point in time),0.07752726649952578,False,False,0.5801222175359726,1.7760772751302893,0.2328649828538178,0.20383114133775235,-0.12477051415309992
2019-06-28,NIFTY 50 ETF,production,0.0,True,False,0.5127934604883191,0.5127934604883191,0.11124869163813741,0.10576745735108853,-0.07974771166349348
2019-06-28,NIFTY 50 ETF,+ drift uncertainty 0.03,0.0,True,False,0.5248346090316771,0.5248346090316771,0.11020468981690087,0.10579493379592896,-0.07974771166349348
2019-06-28,NIFTY 50 ETF,+ drift uncertainty 0.06,0.0,True,False,0.5603050321340559,0.5603050321340559,0.1075203510844828,0.10586580413579941,-0.07974771166349348
2019-06-28,NIFTY 50 ETF,+ drift uncertainty 0.10,0.0,True,False,0.6298376500606535,0.6298376500606535,0.10313557159924873,0.10600092107802629,-0.07974771166349348
2019-06-28,NIFTY 50 ETF,recentred by past errors (point in time),0.0780940130287345,False,False,0.5488292753696437,0.7624523032714714,0.1756962774277787,0.18424860168993473,-0.07974771166349348
2019-06-28,Gold,production,0.0,False,False,0.41668552756309485,3.821309255211477,0.31960064958592466,0.0521828747689724,0.4409847071095765
2019-06-28,Gold,+ drift uncertainty 0.03,0.0,False,False,0.43334608972072597,3.6318916456390635,0.3175434966636334,0.052214710354804995,0.4409847071095765
2019-06-28,Gold,+ drift uncertainty 0.06,0.0,False,False,0.46470811963081354,3.3250444041181817,0.31176396981708315,0.052293336749076845,0.4409847071095765
2019-06-28,Gold,+ drift uncertainty 0.10,0.0,False,False,0.539070850610733,2.524986134617448,0.30057844288193897,0.052436873704195024,0.4409847071095765
2019-06-28,Gold,recentred by past errors (point in time),0.0780940130287345,False,False,0.44823509752750396,1.948431416003824,0.23951955811143777,0.13056736524403095,0.4409847071095765
2019-06-28,Balanced (60 index / 20 gold / 20 liquid),production,0.0,True,True,0.29976003766059844,0.29976003766059844,0.02524602102074055,0.08432835587859154,0.04536522126732878
2019-06-28,Balanced (60 index / 20 gold / 20 liquid),+ drift uncertainty 0.03,0.0,True,True,0.31911701560020433,0.31911701560020433,0.026275444675159514,0.08437334886193275,0.04536522126732878
2019-06-28,Balanced (60 index / 20 gold / 20 liquid),+ drift uncertainty 0.06,0.0,True,True,0.37025787532329557,0.37025787532329557,0.02899271879779608,0.08447148892283439,0.04536522126732878
2019-06-28,Balanced (60 index / 20 gold / 20 liquid),+ drift uncertainty 0.10,0.0,True,True,0.47251923382282257,0.47251923382282257,0.03470731853296499,0.08463564397394657,0.04536522126732878
2019-06-28,Balanced (60 index / 20 gold / 20 liquid),recentred by past errors (point in time),0.0780940130287345,True,False,0.3206029593944547,0.3206029593944547,0.07177502657322621,0.16264233186841012,0.04536522126732878
2019-06-28,"8 large stocks, equal weight",production,0.0,True,False,0.5302517235279077,0.5302517235279077,0.06891294736989187,0.1319140044301748,0.006026708598011465
2019-06-28,"8 large stocks, equal weight",+ drift uncertainty 0.03,0.0,True,False,0.5436687648296353,0.5436687648296353,0.06877816249088545,0.13194182357192039,0.006026708598011465
2019-06-28,"8 large stocks, equal weight",+ drift uncertainty 0.06,0.0,True,False,0.5791085898876189,0.5791085898876189,0.06856629160066642,0.1320137916356325,0.006026708598011465
2019-06-28,"8 large stocks, equal weight",+ drift uncertainty 0.10,0.0,True,True,0.6499986082315443,0.6499986082315443,0.0688444949056641,0.13215140423178673,0.006026708598011465
2019-06-28,"8 large stocks, equal weight",recentred by past errors (point in time),0.0780940130287345,True,False,0.5663704037666317,0.5663704037666317,0.12245356702416386,0.21039620764553546,0.006026708598011465
2019-09-30,NIFTY 50 ETF,production,0.0,True,True,0.5390585809946058,0.5390585809946058,0.04379876087128998,0.09750752902030944,0.027334704403090937
2019-09-30,NIFTY 50 ETF,+ drift uncertainty 0.03,0.0,True,True,0.5504097282886504,0.5504097282886504,0.04439602395577595,0.09753781698644161,0.027334704403090937
2019-09-30,NIFTY 50 ETF,+ drift uncertainty 0.06,0.0,True,True,0.5772263169288632,0.5772263169288632,0.045938108986620485,0.09761632780730724,0.027334704403090937
2019-09-30,NIFTY 50 ETF,+ drift uncertainty 0.10,0.0,True,True,0.6435515761375425,0.6435515761375425,0.049302080482058974,0.09776651326566935,0.027334704403090937
2019-09-30,NIFTY 50 ETF,recentred by past errors (point in time),0.07529522789584842,True,False,0.576067832112312,0.576067832112312,0.08045109915846631,0.17315746645629407,0.027334704403090937
2019-09-30,Gold,production,0.0,False,False,0.45163823664188385,1.1370395550583703,0.2046682229661841,0.06000540629029274,0.33292898525523595
2019-09-30,Gold,+ drift uncertainty 0.03,0.0,False,False,0.46304220855236045,1.0259571740483158,0.20307369255166458,0.06004180057346821,0.33292898525523595
2019-09-30,Gold,+ drift uncertainty 0.06,0.0,False,False,0.49489293098449705,0.6944535711859575,0.19889646146054665,0.060132041603326795,0.33292898525523595
2019-09-30,Gold,+ drift uncertainty 0.10,0.0,True,False,0.566395428776741,0.566395428776741,0.1916538638350232,0.060296590894460676,0.33292898525523595
2019-09-30,Gold,recentred by past errors (point in time),0.07529522789584842,True,False,0.48362244069576266,0.48362244069576266,0.1349440595122689,0.13555808950960635,0.33292898525523595
2019-09-30,Balanced (60 index / 20 gold / 20 liquid),production,0.0,True,True,0.31767141520977016,0.31767141520977016,0.022853683650673938,0.08108038394153118,0.09834779854463016
2019-09-30,Balanced (60 index / 20 gold / 20 liquid),+ drift uncertainty 0.03,0.0,True,True,0.3338679462671279,0.3338679462671279,0.024213802002336006,0.08112634944915771,0.09834779854463016
2019-09-30,Balanced (60 index / 20 gold / 20 liquid),+ drift uncertainty 0.06,0.0,True,True,0.3808804839849471,0.3808804839849471,0.028033800491765404,0.08122754652798175,0.09834779854463016
2019-09-30,Balanced (60 index / 20 gold / 20 liquid),+ drift uncertainty 0.10,0.0,True,True,0.47894317209720605,0.47894317209720605,0.0351741670604737,0.08139775687456131,0.09834779854463016
2019-09-30,Balanced (60 index / 20 gold / 20 liquid),recentred by past errors (point in time),0.07529522789584842,True,True,0.3399919331073761,0.3399919331073761,0.03394088822413356,0.15657474075257777,0.09834779854463016
2019-09-30,"8 large stocks, equal weight",production,0.0,True,True,0.5517440319061278,0.5517440319061278,0.04081403875945991,0.12542873924970627,0.06834168674412111
2019-09-30,"8 large stocks, equal weight",+ drift uncertainty 0.03,0.0,True,True,0.5639824986457823,0.5639824986457823,0.04154561564934085,0.12545993737876415,0.06834168674412111
2019-09-30,"8 large stocks, equal weight",+ drift uncertainty 0.06,0.0,True,True,0.5922524452209472,0.5922524452209472,0.043520771527920624,0.12554076652228832,0.06834168674412111
2019-09-30,"8 large stocks, equal weight",+ drift uncertainty 0.10,0.0,True,True,0.6601900070905685,0.6601900070905685,0.04766830505295984,0.12569527558237314,0.06834168674412111
2019-09-30,"8 large stocks, equal weight",recentred by past errors (point in time),0.07529522789584842,True,False,0.5891156762838362,0.5891156762838362,0.07263957460777008,0.20107359778881073,0.06834168674412111
2019-12-31,NIFTY 50 ETF,production,0.0,True,True,0.5205050230026245,0.5205050230026245,0.05158826110150759,0.0984944121018052,0.1669377765101836
2019-12-31,NIFTY 50 ETF,+ drift uncertainty 0.03,0.0,True,True,0.532872238755226,0.532872238755226,0.052128122086732384,0.09852692797780037,0.1669377765101836
2019-12-31,NIFTY 50 ETF,+ drift uncertainty 0.06,0.0,True,True,0.5580833256244658,0.5580833256244658,0.053896894295429834,0.09861085373163224,0.1669377765101836
2019-12-31,NIFTY 50 ETF,+ drift uncertainty 0.10,0.0,True,True,0.6270010292530058,0.6270010292530058,0.05848772639230504,0.09877031087130309,0.1669377765101836
2019-12-31,NIFTY 50 ETF,recentred by past errors (point in time),0.07313340084418331,True,True,0.554941853880882,0.554941853880882,0.036505034090636795,0.17199238096177577,0.1669377765101836
2019-12-31,Gold,production,0.0,False,False,0.42529785633087147,0.5520857990726254,0.1654609039844446,0.06311007635295392,0.29230767697564963
2019-12-31,Gold,+ drift uncertainty 0.03,0.0,False,False,0.43545503020286547,0.44589113006437153,0.16398959400425456,0.06314918766915799,0.29230767697564963
2019-12-31,Gold,+ drift uncertainty 0.06,0.0,True,False,0.47328425049781797,0.47328425049781797,0.1602963734883656,0.0632456680238247,0.29230767697564963
2019-12-31,Gold,+ drift uncertainty 0.10,0.0,True,False,0.5522458285093307,0.5522458285093307,0.15479527268538212,0.06342059054225684,0.29230767697564963
2019-12-31,Gold,recentred by past errors (point in time),0.07313340084418331,True,False,0.45496506094932554,0.45496506094932554,0.1015298803131519,0.13645557576417924,0.29230767697564963
2019-12-31,Balanced (60 index / 20 gold / 20 liquid),production,0.0,True,False,0.30560974180698386,0.30560974180698386,0.06162960488861435,0.08275476981699467,0.1782486034592934
2019-12-31,Balanced (60 index / 20 gold / 20 liquid),+ drift uncertainty 0.03,0.0,True,False,0.32409446537494657,0.32409446537494657,0.0608527162428241,0.08280398225784302,0.1782486034592934
2019-12-31,Balanced (60 index / 20 gold / 20 liquid),+ drift uncertainty 0.06,0.0,True,False,0.37053810060024256,0.37053810060024256,0.06034364155380652,0.08291176849603653,0.1782486034592934
2019-12-31,Balanced (60 index / 20 gold / 20 liquid),+ drift uncertainty 0.10,0.0,True,False,0.47093428075313565,0.47093428075313565,0.06257575059856864,0.08309191150963306,0.1782486034592934
2019-12-31,Balanced (60 index / 20 gold / 20 liquid),recentred by past errors (point in time),0.07313340084418331,True,True,0.32701405286788937,0.32701405286788937,0.024701151030519272,0.15607774749398232,0.1782486034592934
2019-12-31,"8 large stocks, equal weight",production,0.0,True,False,0.5326737791299819,0.5326737791299819,0.09653771178570648,0.12254489636421204,0.27035279917700983
2019-12-31,"8 large stocks, equal weight",+ drift uncertainty 0.03,0.0,True,False,0.5430282324552529,0.5430282324552529,0.09626886234628343,0.12257817759364843,0.27035279917700983
2019-12-31,"8 large stocks, equal weight",+ drift uncertainty 0.06,0.0,True,False,0.5691316872835157,0.5691316872835157,0.09593244324821737,0.12266411177814007,0.27035279917700983
2019-12-31,"8 large stocks, equal weight",+ drift uncertainty 0.10,0.0,True,False,0.6424917519092559,0.6424917519092559,0.09701274512755487,0.12282741528004408,0.27035279917700983
2019-12-31,"8 large stocks, equal weight",recentred by past errors (point in time),0.07313340084418331,True,True,0.5665147453546518,0.5665147453546518,0.055925090763490254,0.19603470613062382,0.27035279917700983
2020-03-31,NIFTY 50 ETF,production,0.0,False,False,0.693059092760086,6.642777876386809,0.5536419858567841,0.061242381937801835,0.7274309670095527
2020-03-31,NIFTY 50 ETF,+ drift uncertainty 0.03,0.0,False,False,0.6991951823234555,6.514302955398731,0.5523563802358402,0.061265863314270974,0.7274309670095527
2020-03-31,NIFTY 50 ETF,+ drift uncertainty 0.06,0.0,False,False,0.7265114098787304,6.163591266999417,0.548640465657371,0.061328970417380335,0.7274309670095527
2020-03-31,NIFTY 50 ETF,+ drift uncertainty 0.10,0.0,False,False,0.7705346047878265,5.689172784815001,0.5405168995697333,0.06145432864874601,0.7274309670095527
2020-03-31,NIFTY 50 ETF,recentred by past errors (point in time),0.07547373100857144,False,False,0.7428948163986205,4.6367588026620625,0.4730297124062913,0.13728631770610808,0.7274309670095527
2020-03-31,Gold,production,0.0,True,True,0.584577733278274,0.584577733278274,0.03801953439352124,0.0814416072294116,0.049725243951944
2020-03-31,Gold,+ drift uncertainty 0.03,0.0,True,True,0.5938651293516157,0.5938651293516157,0.03879162570805633,0.08146971856057644,0.049725243951944
2020-03-31,Gold,+ drift uncertainty 0.06,0.0,True,True,0.6171165257692335,0.6171165257692335,0.040922206907061554,0.08154195500910282,0.049725243951944
2020-03-31,Gold,+ drift uncertainty 0.10,0.0,True,True,0.675275436043739,0.675275436043739,0.045606698900392595,0.08167862743139268,0.049725243951944
2020-03-31,Gold,recentred by past errors (point in time),0.07547373100857144,True,True,0.6257016807794566,0.6257016807794566,0.06086715047599303,0.15736476388573648,0.049725243951944
2020-03-31,Balanced (60 index / 20 gold / 20 liquid),production,0.0,False,False,0.42473152279853804,3.2038975955289493,0.29080835474596084,0.0629196967035532,0.4224201664390259
2020-03-31,Balanced (60 index / 20 gold / 20 liquid),+ drift uncertainty 0.03,0.0,False,False,0.43668497502803794,3.0635348351043334,0.2887114269426351,0.06295717231929303,0.4224201664390259
2020-03-31,Balanced (60 index / 20 gold / 20 liquid),+ drift uncertainty 0.06,0.0,False,False,0.47030622065067285,2.7081461281818022,0.2829510689713981,0.0630451226234436,0.4224201664390259
2020-03-31,Balanced (60 index / 20 gold / 20 liquid),+ drift uncertainty 0.10,0.0,False,False,0.5470512956380843,1.9514755756896616,0.2720833484205999,0.06319894024729729,0.4224201664390259
2020-03-31,Balanced (60 index / 20 gold / 20 liquid),recentred by past errors (point in time),0.07547373100857144,False,False,0.4548802375793455,1.4030708969873091,0.2140854689673154,0.13873329323530198,0.4224201664390259
2020-03-31,"8 large stocks, equal weight",production,0.0,False,False,0.7323876410722732,5.496012102865329,0.5118883636310146,0.0919306348785758,0.7207615272354657
2020-03-31,"8 large stocks, equal weight",+ drift uncertainty 0.03,0.0,False,False,0.7388370454311366,5.36444802513039,0.5106667501051614,0.09195418606698513,0.7207615272354657
2020-03-31,"8 large stocks, equal weight",+ drift uncertainty 0.06,0.0,False,False,0.7671908348798752,5.0006092124215265,0.5071358226286911,0.09201782538741828,0.7207615272354657
2020-03-31,"8 large stocks, equal weight",+ drift uncertainty 0.10,0.0,False,False,0.8096933901309966,4.529621329211344,0.49946564121188586,0.09214511360228061,0.7207615272354657
2020-03-31,"8 large stocks, equal weight",recentred by past errors (point in time),0.07547373100857144,False,False,0.7840737044811248,3.4732996486655394,0.4323136195676808,0.167991232290864,0.7207615272354657
2020-06-30,NIFTY 50 ETF,production,0.0,False,False,0.7427623510360715,1.992045753629158,0.3565702309072053,0.0801419218480587,0.5462016209677429
2020-06-30,NIFTY 50 ETF,+ drift uncertainty 0.03,0.0,False,False,0.7504346191883084,1.8891192192148634,0.3555776227043771,0.08016788034886121,0.5462016209677429
2020-06-30,NIFTY 50 ETF,+ drift uncertainty 0.06,0.0,False,False,0.7779193341732024,1.5260195845674924,0.35272300085596087,0.08023838466405868,0.5462016209677429
2020-06-30,NIFTY 50 ETF,+ drift uncertainty 0.10,0.0,False,False,0.8257879257202146,0.9832500154089393,0.3469488501040771,0.08038002718985081,0.5462016209677429
2020-06-30,NIFTY 50 ETF,recentred by past errors (point in time),0.0654343764521869,True,False,0.7883117288351053,0.7883117288351053,0.29270232132340734,0.14601374749094248,0.5462016209677429
2020-06-30,Gold,production,0.0,True,False,0.6038241267204283,0.6038241267204283,0.06861423595303795,0.08980812819302082,-0.034264235239602536
2020-06-30,Gold,+ drift uncertainty 0.03,0.0,True,False,0.613616907596588,0.613616907596588,0.06851532438414724,0.08983746144175529,-0.034264235239602536
2020-06-30,Gold,+ drift uncertainty 0.06,0.0,True,True,0.6394285917282102,0.6394285917282102,0.0683554526232754,0.08991351363062859,-0.034264235239602536
2020-06-30,Gold,+ drift uncertainty 0.10,0.0,True,True,0.6932205647230142,0.6932205647230142,0.06872601977338731,0.0900585602298379,-0.034264235239602536
2020-06-30,Gold,recentred by past errors (point in time),0.0654343764521869,True,False,0.6403452813625334,0.6403452813625334,0.11001414206097263,0.1555828970372677,-0.034264235239602536
2020-06-30,Balanced (60 index / 20 gold / 20 liquid),production,0.0,True,False,0.4553182244300842,0.4553182244300842,0.1653002920347255,0.07609573556482792,0.3053602134334441
2020-06-30,Balanced (60 index / 20 gold / 20 liquid),+ drift uncertainty 0.03,0.0,True,False,0.46540282666683164,0.46540282666683164,0.1638792037873218,0.07613402572274208,0.3053602134334441
2020-06-30,Balanced (60 index / 20 gold / 20 liquid),+ drift uncertainty 0.06,0.0,True,False,0.4996925890445708,0.4996925890445708,0.16028712653618993,0.07622569452226162,0.3053602134334441
2020-06-30,Balanced (60 index / 20 gold / 20 liquid),+ drift uncertainty 0.10,0.0,True,False,0.5681100130081173,0.5681100130081173,0.15487147815184021,0.0763882787078619,0.3053602134334441
2020-06-30,Balanced (60 index / 20 gold / 20 liquid),recentred by past errors (point in time),0.0654343764521869,True,False,0.4831852883100509,0.4831852883100509,0.10838207605669369,0.1417946930974722,0.3053602134334441
2020-06-30,"8 large stocks, equal weight",production,0.0,True,False,0.786032775044441,0.786032775044441,0.31235459681005356,0.10682980669289828,0.5284790685937213
2020-06-30,"8 large stocks, equal weight",+ drift uncertainty 0.03,0.0,True,False,0.7921522885560984,0.7921522885560984,0.31153895075248267,0.106855832464993,0.5284790685937213
2020-06-30,"8 large stocks, equal weight",+ drift uncertainty 0.06,0.0,True,False,0.820602399110794,0.820602399110794,0.3092588809654756,0.10692691195756197,0.5284790685937213
2020-06-30,"8 large stocks, equal weight",+ drift uncertainty 0.10,0.0,True,False,0.8681545495986938,0.8681545495986938,0.30459690783286164,0.10707077874988317,0.5284790685937213
2020-06-30,"8 large stocks, equal weight",recentred by past errors (point in time),0.0654343764521869,True,False,0.8330350697040557,0.8330350697040557,0.25164044643080374,0.172715917468071,0.5284790685937213
2020-09-30,NIFTY 50 ETF,production,0.0,False,False,0.6686892628669737,3.5170895197508787,0.40026971851031845,0.09478025516867637,0.5994330595856807
2020-09-30,NIFTY 50 ETF,+ drift uncertainty 0.03,0.0,False,False,0.6778946518898009,3.4334243157027213,0.3990388261821505,0.09480885827541351,0.5994330595856807
2020-09-30,NIFTY 50 ETF,+ drift uncertainty 0.06,0.0,False,False,0.7040570318698878,3.133475617420487,0.39541702066242035,0.09488681244850158,0.5994330595856807
2020-09-30,NIFTY 50 ETF,+ drift uncertainty 0.10,0.0,False,False,0.7611607998609542,2.5579712101338363,0.3880593038242037,0.09504466780275106,0.5994330595856807
2020-09-30,NIFTY 50 ETF,recentred by past errors (point in time),0.061446853721362764,False,False,0.706596991419792,1.9231127926228495,0.3375407116692416,0.1566017215400934,0.5994330595856807
2020-09-30,Gold,production,0.0,True,False,0.5611425071954727,0.5611425071954727,0.10231803927978786,0.09347133564203977,-0.08216389866547691
2020-09-30,Gold,+ drift uncertainty 0.03,0.0,True,False,0.5715752720832824,0.5715752720832824,0.10154375202407763,0.09350429352372885,-0.08216389866547691
2020-09-30,Gold,+ drift uncertainty 0.06,0.0,True,False,0.6028955727815628,0.6028955727815628,0.09952892012705296,0.0935904699191451,-0.08216389866547691
2020-09-30,Gold,+ drift uncertainty 0.10,0.0,True,False,0.6651695251464842,0.6651695251464842,0.09637933767201634,0.09375640607625246,-0.08216389866547691
2020-09-30,Gold,recentred by past errors (point in time),0.061446853721362764,True,False,0.5927821308374405,0.5927821308374405,0.14940634792912866,0.155186459235847,-0.08216389866547691
2020-09-30,Balanced (60 index / 20 gold / 20 liquid),production,0.0,False,False,0.4101546466350554,0.6953321116476436,0.17064496208597987,0.08596818044781684,0.3173985181118506
2020-09-30,Balanced (60 index / 20 gold / 20 liquid),+ drift uncertainty 0.03,0.0,False,False,0.42446130812168104,0.5503743278293995,0.168956525657326,0.08600940446555615,0.3173985181118506
2020-09-30,Balanced (60 index / 20 gold / 20 liquid),+ drift uncertainty 0.06,0.0,True,False,0.4648549675941467,0.4648549675941467,0.16469955522687585,0.08610838475823403,0.3173985181118506
2020-09-30,Balanced (60 index / 20 gold / 20 liquid),+ drift uncertainty 0.10,0.0,True,False,0.5436019450426102,0.5436019450426102,0.15804252233534477,0.08628496350347996,0.3173985181118506
2020-09-30,Balanced (60 index / 20 gold / 20 liquid),recentred by past errors (point in time),0.061446853721362764,True,False,0.434053161740303,0.434053161740303,0.115051056228617,0.14763234002888204,0.3173985181118506
2020-09-30,"8 large stocks, equal weight",production,0.0,False,False,0.708033463358879,2.45841427411124,0.3650690421142211,0.11576854464411736,0.5877284256942494
2020-09-30,"8 large stocks, equal weight",+ drift uncertainty 0.03,0.0,False,False,0.7152812957763671,2.4000046100763965,0.3639348101913997,0.11579696837812663,0.5877284256942494
2020-09-30,"8 large stocks, equal weight",+ drift uncertainty 0.06,0.0,False,False,0.7435355544090265,2.0550850358156927,0.3607370654692227,0.11587497005611658,0.5877284256942494
2020-09-30,"8 large stocks, equal weight",+ drift uncertainty 0.10,0.0,False,False,0.7956521362066259,1.5337583240418295,0.35435669059748,0.1160343759432435,0.5877284256942494
2020-09-30,"8 large stocks, equal weight",recentred by past errors (point in time),0.061446853721362764,False,False,0.7450702905654902,0.8761336889414559,0.30396835788471244,0.1776069243475795,0.5877284256942494
2020-12-31,NIFTY 50 ETF,production,0.0,True,False,0.6982241779565811,0.6982241779565811,0.10113901410041337,0.13231499726325274,0.28744877399469493
2020-12-31,NIFTY 50 ETF,+ drift uncertainty 0.03,0.0,True,False,0.7046153485774992,0.7046153485774992,0.10139763928329094,0.13234112322330474,0.28744877399469493
2020-12-31,NIFTY 50 ETF,+ drift uncertainty 0.06,0.0,True,False,0.7319839924573897,0.7319839924573897,0.10226149434978614,0.13241171047836542,0.28744877399469493
2020-12-31,NIFTY 50 ETF,+ drift uncertainty 0.10,0.0,True,False,0.7836864113807677,0.7836864113807677,0.10471856999484003,0.132552209995687,0.28744877399469493
2020-12-31,NIFTY 50 ETF,recentred by past errors (point in time),0.06006591541402588,True,True,0.7350487589836119,0.7350487589836119,0.07127403593524737,0.19272859681397678,0.28744877399469493
2020-12-31,Gold,production,0.0,True,False,0.5718994379043578,0.5718994379043578,0.08599105503195796,0.0957911606580019,-0.057371390206473305
2020-12-31,Gold,+ drift uncertainty 0.03,0.0,True,False,0.580622798204422,0.580622798204422,0.0854574485010226,0.09582063373178244,-0.057371390206473305
2020-12-31,Gold,+ drift uncertainty 0.06,0.0,True,False,0.6074654459953304,0.6074654459953304,0.08432573621177251,0.09589738243818283,-0.057371390206473305
2020-12-31,Gold,+ drift uncertainty 0.10,0.0,True,False,0.6707697063684464,0.6707697063684464,0.08280054970437907,0.09604383056610823,-0.057371390206473305
2020-12-31,Gold,recentred by past errors (point in time),0.06006591541402588,True,False,0.6034461319446563,0.6034461319446563,0.1291673643418072,0.15613489267230035,-0.057371390206473305
2020-12-31,Balanced (60 index / 20 gold / 20 liquid),production,0.0,True,True,0.4183950781822203,0.4183950781822203,0.03924650777027319,0.10864220422506332,0.16256491146302765
2020-12-31,Balanced (60 index / 20 gold / 20 liquid),+ drift uncertainty 0.03,0.0,True,True,0.4313275247812271,0.4313275247812271,0.040149503283218174,0.10868196687102318,0.16256491146302765
2020-12-31,Balanced (60 index / 20 gold / 20 liquid),+ drift uncertainty 0.06,0.0,True,True,0.4686875611543655,0.4686875611543655,0.0428386389533133,0.10877677817642689,0.16256491146302765
2020-12-31,Balanced (60 index / 20 gold / 20 liquid),+ drift uncertainty 0.10,0.0,True,True,0.5543787509202955,0.5543787509202955,0.04868396209251297,0.10894369238615036,0.16256491146302765
2020-12-31,Balanced (60 index / 20 gold / 20 liquid),recentred by past errors (point in time),0.06006591541402588,True,True,0.4414298087358474,0.4414298087358474,0.028862618974499835,0.1689172771424055,0.16256491146302765
2020-12-31,"8 large stocks, equal weight",production,0.0,True,False,0.7395555436611174,0.7395555436611174,0.0876045859472181,0.1576914905384183,0.28689096151979854
2020-12-31,"8 large stocks, equal weight",+ drift uncertainty 0.03,0.0,True,False,0.7461523979902265,0.7461523979902265,0.08807970386559477,0.157717359803617,0.28689096151979854
2020-12-31,"8 large stocks, equal weight",+ drift uncertainty 0.06,0.0,True,False,0.7746760010719298,0.7746760010719298,0.08948139781349362,0.1577877196520567,0.28689096151979854
2020-12-31,"8 large stocks, equal weight",+ drift uncertainty 0.10,0.0,True,True,0.8235396057367325,0.8235396057367325,0.09300966547240144,0.15792895401269197,0.28689096151979854
2020-12-31,"8 large stocks, equal weight",recentred by past errors (point in time),0.06006591541402588,True,True,0.7780155062675476,0.7780155062675476,0.06413765753071057,0.218118282020092,0.28689096151979854
2021-03-31,NIFTY 50 ETF,production,0.0,True,True,0.7023082882165907,0.7023082882165907,0.06513419841803181,0.14555333273857832,0.22804782070981489
2021-03-31,NIFTY 50 ETF,+ drift uncertainty 0.03,0.0,True,True,0.7114365667104718,0.7114365667104718,0.0658057746262704,0.14557803510129452,0.22804782070981489
2021-03-31,NIFTY 50 ETF,+ drift uncertainty 0.06,0.0,True,True,0.73214653134346,0.73214653134346,0.06782841076745663,0.14564495182037354,0.22804782070981489
2021-03-31,NIFTY 50 ETF,+ drift uncertainty 0.10,0.0,True,True,0.7923673361539838,0.7923673361539838,0.07236425574490626,0.1457787849456072,0.22804782070981489
2021-03-31,NIFTY 50 ETF,recentred by past errors (point in time),0.06476402541137069,True,True,0.7412588059902186,0.7412588059902186,0.050660579492545016,0.21074243592470884,0.22804782070981489
2021-03-31,Gold,production,0.0,True,False,0.5431773543357847,0.5431773543357847,0.06286026102644787,0.07296824338287115,0.1655751588341272
2021-03-31,Gold,+ drift uncertainty 0.03,0.0,True,True,0.5522764861583707,0.5522764861583707,0.06335371308983018,0.07299453127384185,0.1655751588341272
2021-03-31,Gold,+ drift uncertainty 0.06,0.0,True,True,0.5871026128530499,0.5871026128530499,0.06494569203212208,0.0730629903972149,0.1655751588341272
2021-03-31,Gold,+ drift uncertainty 0.10,0.0,True,True,0.6500813096761704,0.6500813096761704,0.0686555269654773,0.07319396679103375,0.1655751588341272
2021-03-31,Gold,recentred by past errors (point in time),0.06476402541137069,True,True,0.5761789590120314,0.5761789590120314,0.0415896790079069,0.1380517900288105,0.1655751588341272
2021-03-31,Balanced (60 index / 20 gold / 20 liquid),production,0.0,True,True,0.4181627720594404,0.4181627720594404,0.045243646436555804,0.1120607705116272,0.1796933990983378
2021-03-31,Balanced (60 index / 20 gold / 20 liquid),+ drift uncertainty 0.03,0.0,True,True,0.4298727452754972,0.4298727452754972,0.04599161729006826,0.11209862071275711,0.1796933990983378
2021-03-31,Balanced (60 index / 20 gold / 20 liquid),+ drift uncertainty 0.06,0.0,True,True,0.47198712527751885,0.47198712527751885,0.0482926798263264,0.11218925292789936,0.1796933990983378
2021-03-31,Balanced (60 index / 20 gold / 20 liquid),+ drift uncertainty 0.10,0.0,True,True,0.5522348374128341,0.5522348374128341,0.05346387361337421,0.11234958252310753,0.1796933990983378
2021-03-31,Balanced (60 index / 20 gold / 20 liquid),recentred by past errors (point in time),0.06476402541137069,True,True,0.443019288778305,0.443019288778305,0.02938281183089546,0.17707708479464054,0.1796933990983378
2021-03-31,"8 large stocks, equal weight",production,0.0,True,True,0.7392216503620146,0.7392216503620146,0.05586080790449352,0.170753631003201,0.21644266549749225
2021-03-31,"8 large stocks, equal weight",+ drift uncertainty 0.03,0.0,True,True,0.7465940743684764,0.7465940743684764,0.05669427611399616,0.1707781744673848,0.21644266549749225
2021-03-31,"8 large stocks, equal weight",+ drift uncertainty 0.06,0.0,True,True,0.7688064396381376,0.7688064396381376,0.05902807975188007,0.17084502451121808,0.21644266549749225
2021-03-31,"8 large stocks, equal weight",+ drift uncertainty 0.10,0.0,True,True,0.8296104609966277,0.8296104609966277,0.06410674975644487,0.17097970707714558,0.21644266549749225
2021-03-31,"8 large stocks, equal weight",recentred by past errors (point in time),0.06476402541137069,True,True,0.779329508543014,0.779329508543014,0.051038167401441514,0.23595704999566078,0.21644266549749225
2021-06-30,NIFTY 50 ETF,production,0.0,True,True,0.7036960601806637,0.7036960601806637,0.07164399765559135,0.14563856269419193,0.017205630694189677
2021-06-30,NIFTY 50 ETF,+ drift uncertainty 0.03,0.0,True,True,0.711445841193199,0.711445841193199,0.0717527108361344,0.14566489174216984,0.017205630694189677
2021-06-30,NIFTY 50 ETF,+ drift uncertainty 0.06,0.0,True,True,0.7373611599206923,0.7373611599206923,0.07220027798194492,0.14573583329468964,0.017205630694189677
2021-06-30,NIFTY 50 ETF,+ drift uncertainty 0.10,0.0,True,True,0.7961843222379684,0.7961843222379684,0.07336243700837697,0.14587623587995768,0.017205630694189677
2021-06-30,NIFTY 50 ETF,recentred by past errors (point in time),0.08481913544432895,True,False,0.7564513146877284,0.7564513146877284,0.12075499089860853,0.23097564423829317,0.017205630694189677
2021-06-30,Gold,production,0.0,True,True,0.5449650943279265,0.5449650943279265,0.04078445898243384,0.07161697812378406,0.10562681961857834
2021-06-30,Gold,+ drift uncertainty 0.03,0.0,True,True,0.5561472535133358,0.5561472535133358,0.04166371339912177,0.07164572560042143,0.10562681961857834
2021-06-30,Gold,+ drift uncertainty 0.06,0.0,True,True,0.5847154945135116,0.5847154945135116,0.04418105348853048,0.07172011907398701,0.10562681961857834
2021-06-30,Gold,+ drift uncertainty 0.10,0.0,True,True,0.6519994437694548,0.6519994437694548,0.04939778979571163,0.0718608037531376,0.10562681961857834
2021-06-30,Gold,recentred by past errors (point in time),0.08481913544432895,True,True,0.5884044408798217,0.5884044408798217,0.04146580378638265,0.15681840752065182,0.10562681961857834
2021-06-30,Balanced (60 index / 20 gold / 20 liquid),production,0.0,True,True,0.42358134388923624,0.42358134388923624,0.040861421435977346,0.11197151464223862,0.04334400009468342
2021-06-30,Balanced (60 index / 20 gold / 20 liquid),+ drift uncertainty 0.03,0.0,True,True,0.4346567004919052,0.4346567004919052,0.04128382714892871,0.11201119315624238,0.04334400009468342
2021-06-30,Balanced (60 index / 20 gold / 20 liquid),+ drift uncertainty 0.06,0.0,True,True,0.4738645136356353,0.4738645136356353,0.042669355630846534,0.11210588970780373,0.04334400009468342
2021-06-30,Balanced (60 index / 20 gold / 20 liquid),+ drift uncertainty 0.10,0.0,True,True,0.5601384282112118,0.5601384282112118,0.04632163153628377,0.11227227529883385,0.04334400009468342
2021-06-30,Balanced (60 index / 20 gold / 20 liquid),recentred by past errors (point in time),0.08481913544432895,True,False,0.45572715699672695,0.45572715699672695,0.09312604203166178,0.19709888018667698,0.04334400009468342
2021-06-30,"8 large stocks, equal weight",production,0.0,True,True,0.7364453494548793,0.7364453494548793,0.055198998860064685,0.1677572223469615,0.0898259293065653
2021-06-30,"8 large stocks, equal weight",+ drift uncertainty 0.03,0.0,True,True,0.7444838464260101,0.7444838464260101,0.05569261831224778,0.16778339832276107,0.0898259293065653
2021-06-30,"8 large stocks, equal weight",+ drift uncertainty 0.06,0.0,True,True,0.7695053219795225,0.7695053219795225,0.057132267254135116,0.1678542784973979,0.0898259293065653
2021-06-30,"8 large stocks, equal weight",+ drift uncertainty 0.10,0.0,True,True,0.8286209404468534,0.8286209404468534,0.060432352572473674,0.16799545163661242,0.0898259293065653
2021-06-30,"8 large stocks, equal weight",recentred by past errors (point in time),0.08481913544432895,True,False,0.7908734470605846,0.7908734470605846,0.08942185548367362,0.25311010571569204,0.0898259293065653
2021-09-30,NIFTY 50 ETF,production,0.0,True,False,0.7072143465280533,0.7072143465280533,0.08920923031858528,0.1574463438242674,-0.006154322051387551
2021-09-30,NIFTY 50 ETF,+ drift uncertainty 0.03,0.0,True,False,0.7158816039562222,0.7158816039562222,0.08897269830885128,0.1574760204926133,-0.006154322051387551
2021-09-30,NIFTY 50 ETF,+ drift uncertainty 0.06,0.0,True,False,0.7381587833166121,0.7381587833166121,0.08851344023209395,0.15755574348568915,-0.006154322051387551
2021-09-30,NIFTY 50 ETF,+ drift uncertainty 0.10,0.0,True,True,0.7956393241882322,0.7956393241882322,0.08829726240599867,0.15771254345774652,-0.006154322051387551
2021-09-30,NIFTY 50 ETF,recentred by past errors (point in time),0.09389725396765097,True,False,0.764043918251991,0.764043918251991,0.1515852356923719,0.252070692807436,-0.006154322051387551
2021-09-30,Gold,production,0.0,True,True,0.5394547820091247,0.5394547820091247,0.04382824743118774,0.0694519286826253,0.11480356038400608
2021-09-30,Gold,+ drift uncertainty 0.03,0.0,True,True,0.5512883067131036,0.5512883067131036,0.044662482303324105,0.069482436388731,0.11480356038400608
2021-09-30,Gold,+ drift uncertainty 0.06,0.0,True,True,0.5792138010263443,0.5792138010263443,0.04701586026490544,0.06956116387248039,0.11480356038400608
2021-09-30,Gold,+ drift uncertainty 0.10,0.0,True,True,0.643967995047569,0.643967995047569,0.05195894248699941,0.06970934385061264,0.11480356038400608
2021-09-30,Gold,recentred by past errors (point in time),0.09389725396765097,True,True,0.5870122998952865,0.5870122998952865,0.041339640773191744,0.16387575344741345,0.11480356038400608
2021-09-30,Balanced (60 index / 20 gold / 20 liquid),production,0.0,True,False,0.42328283786773657,0.42328283786773657,0.04914691009816541,0.11836073692142964,0.03149993756015168
2021-09-30,Balanced (60 index / 20 gold / 20 liquid),+ drift uncertainty 0.03,0.0,True,True,0.43583271801471696,0.43583271801471696,0.04927774920573759,0.11840336354076862,0.03149993756015168
2021-09-30,Balanced (60 index / 20 gold / 20 liquid),+ drift uncertainty 0.06,0.0,True,True,0.47202701568603495,0.47202701568603495,0.04999477082087381,0.1185048570483923,0.03149993756015168
2021-09-30,Balanced (60 index / 20 gold / 20 liquid),+ drift uncertainty 0.10,0.0,True,True,0.5611011296510696,0.5611011296510696,0.0520920271671929,0.11868245464563369,0.03149993756015168
2021-09-30,Balanced (60 index / 20 gold / 20 liquid),recentred by past errors (point in time),0.09389725396765097,True,False,0.45900909602642054,0.45900909602642054,0.11427983310834305,0.21268109720945358,0.03149993756015168
2021-09-30,"8 large stocks, equal weight",production,0.0,True,True,0.7412386536598203,0.7412386536598203,0.06967145667156047,0.18265067249536515,0.05981275310474299
2021-09-30,"8 large stocks, equal weight",+ drift uncertainty 0.03,0.0,True,True,0.7502107650041575,0.7502107650041575,0.0699296956703323,0.1826803438514471,0.05981275310474299
2021-09-30,"8 large stocks, equal weight",+ drift uncertainty 0.06,0.0,True,True,0.7741687715053556,0.7741687715053556,0.07068259634369736,0.18276044926047325,0.05981275310474299
2021-09-30,"8 large stocks, equal weight",+ drift uncertainty 0.10,0.0,True,True,0.8291395664215087,0.8291395664215087,0.0724603274473477,0.1829189582914114,0.05981275310474299
2021-09-30,"8 large stocks, equal weight",recentred by past errors (point in time),0.09389725396765097,True,False,0.8008374750614166,0.8008374750614166,0.12049357880937073,0.27729787772893905,0.05981275310474299
2021-12-31,NIFTY 50 ETF,production,0.0,True,True,0.7071981608867646,0.7071981608867646,0.06438529582603829,0.16038591862469911,0.04941697837938763
2021-12-31,NIFTY 50 ETF,+ drift uncertainty 0.03,0.0,True,True,0.7190418869256971,0.7190418869256971,0.06468043293070111,0.16041566997766496,0.04941697837938763
2021-12-31,NIFTY 50 ETF,+ drift uncertainty 0.06,0.0,True,True,0.7444063007831572,0.7444063007831572,0.06555413644131644,0.16049562390893699,0.04941697837938763
2021-12-31,NIFTY 50 ETF,+ drift uncertainty 0.10,0.0,True,True,0.7973310023546217,0.7973310023546217,0.0676304344633771,0.1606530121639371,0.04941697837938763
2021-12-31,NIFTY 50 ETF,recentred by past errors (point in time),0.102539606243349,True,False,0.7703141331672667,0.7703141331672667,0.11970889943950896,0.2637066500931978,0.04941697837938763
2021-12-31,Gold,production,0.0,True,True,0.5444054573774331,0.5444054573774331,0.05303521839856473,0.08135166445374489,0.1518804075840383
2021-12-31,Gold,+ drift uncertainty 0.03,0.0,True,True,0.5574422031641005,0.5574422031641005,0.05372921410061743,0.08138225191831588,0.1518804075840383
2021-12-31,Gold,+ drift uncertainty 0.06,0.0,True,True,0.5881108254194258,0.5881108254194258,0.05572959324628325,0.08146122308075428,0.1518804075840383
2021-12-31,Gold,+ drift uncertainty 0.10,0.0,True,True,0.6511747688055032,0.6511747688055032,0.06013755003029783,0.08161006362736226,0.1518804075840383
2021-12-31,Gold,recentred by past errors (point in time),0.102539606243349,True,True,0.5959406882524482,0.5959406882524482,0.03983049628636191,0.18443759740889074,0.1518804075840383
2021-12-31,Balanced (60 index / 20 gold / 20 liquid),production,0.0,True,True,0.4229201912879944,0.4229201912879944,0.034098389137151575,0.12268195249140262,0.07325647216674169
2021-12-31,Balanced (60 index / 20 gold / 20 liquid),+ drift uncertainty 0.03,0.0,True,True,0.43738977015018454,0.43738977015018454,0.034884951745117285,0.12272465039789676,0.07325647216674169
2021-12-31,Balanced (60 index / 20 gold / 20 liquid),+ drift uncertainty 0.06,0.0,True,True,0.4740822792053222,0.4740822792053222,0.037114770443105835,0.12282620678842068,0.07325647216674169
2021-12-31,Balanced (60 index / 20 gold / 20 liquid),+ drift uncertainty 0.10,0.0,True,True,0.5616049289703369,0.5616049289703369,0.04207578029728479,0.12300385555624962,0.07325647216674169
2021-12-31,Balanced (60 index / 20 gold / 20 liquid),recentred by past errors (point in time),0.102539606243349,True,False,0.46185374855995176,0.46185374855995176,0.09111061455244085,0.2256726921349764,0.07325647216674169
2021-12-31,"8 large stocks, equal weight",production,0.0,True,True,0.7437537133693695,0.7437537133693695,0.05525025499987343,0.18284409538656474,0.1069291139935129
2021-12-31,"8 large stocks, equal weight",+ drift uncertainty 0.03,0.0,True,True,0.7551092714071272,0.7551092714071272,0.05576374053420538,0.18287370677292347,0.1069291139935129
2021-12-31,"8 large stocks, equal weight",+ drift uncertainty 0.06,0.0,True,True,0.7796438485383986,0.7796438485383986,0.05723880393198491,0.18295373188704253,0.1069291139935129
2021-12-31,"8 large stocks, equal weight",+ drift uncertainty 0.10,0.0,True,True,0.8319788247346873,0.8319788247346873,0.06061157803399789,0.18311236320436,0.1069291139935129
2021-12-31,"8 large stocks, equal weight",recentred by past errors (point in time),0.102539606243349,True,False,0.8083970636129378,0.8083970636129378,0.09741881785790876,0.28619425077736377,0.1069291139935129
2022-03-31,NIFTY 50 ETF,production,0.0,True,True,0.7159165024757378,0.7159165024757378,0.06966917907346912,0.1459775799140334,0.021549253081166286
2022-03-31,NIFTY 50 ETF,+ drift uncertainty 0.03,0.0,True,True,0.7251862198114393,0.7251862198114393,0.06986488724447472,0.14600675546377898,0.021549253081166286
2022-03-31,NIFTY 50 ETF,+ drift uncertainty 0.06,0.0,True,True,0.7490187853574751,0.7490187853574751,0.07052423794924248,0.14608555626124142,0.021549253081166286
2022-03-31,NIFTY 50 ETF,+ drift uncertainty 0.10,0.0,True,True,0.8058951020240783,0.8058951020240783,0.07209854323590026,0.14624176604300737,0.021549253081166286
2022-03-31,NIFTY 50 ETF,recentred by past errors (point in time),0.09972629348226043,True,False,0.7815718829631804,0.7815718829631804,0.12639906575602664,0.24641678247600793,0.021549253081166286
2022-03-31,Gold,production,0.0,True,True,0.5548734158277506,0.5548734158277506,0.06239553736224808,0.08403162728995085,0.1742974303621041
2022-03-31,Gold,+ drift uncertainty 0.03,0.0,True,True,0.5628244012594218,0.5628244012594218,0.0628970111186821,0.0840635124668479,0.1742974303621041
2022-03-31,Gold,+ drift uncertainty 0.06,0.0,True,True,0.5980488568544386,0.5980488568544386,0.06456640072724666,0.08414613357931376,0.1742974303621041
2022-03-31,Gold,+ drift uncertainty 0.10,0.0,True,True,0.6597722262144087,0.6597722262144087,0.06828998611693644,0.08430243267118931,0.1742974303621041
2022-03-31,Gold,recentred by past errors (point in time),0.09972629348226043,True,True,0.606051152944564,0.606051152944564,0.03960045851956066,0.1842841854393482,0.1742974303621041
2022-03-31,Balanced (60 index / 20 gold / 20 liquid),production,0.0,True,True,0.4269620031118393,0.4269620031118393,0.035514864156435066,0.11442991943657398,0.060161797960444074
2022-03-31,Balanced (60 index / 20 gold / 20 liquid),+ drift uncertainty 0.03,0.0,True,True,0.4392479240894318,0.4392479240894318,0.036259192267200896,0.11447202475368977,0.060161797960444074
2022-03-31,Balanced (60 index / 20 gold / 20 liquid),+ drift uncertainty 0.06,0.0,True,True,0.47812869548797604,0.47812869548797604,0.03837157803392191,0.11457269959151745,0.060161797960444074
2022-03-31,Balanced (60 index / 20 gold / 20 liquid),+ drift uncertainty 0.10,0.0,True,True,0.5657614946365355,0.5657614946365355,0.043097712883546344,0.11474967615306378,0.060161797960444074
2022-03-31,Balanced (60 index / 20 gold / 20 liquid),recentred by past errors (point in time),0.09972629348226043,True,False,0.46552013754844657,0.46552013754844657,0.09238696163110685,0.21457359878718854,0.060161797960444074
2022-03-31,"8 large stocks, equal weight",production,0.0,True,True,0.7572509020566932,0.7572509020566932,0.05112311816732357,0.16940794899314643,0.12228421628246355
2022-03-31,"8 large stocks, equal weight",+ drift uncertainty 0.03,0.0,True,True,0.7662341892719268,0.7662341892719268,0.05177938060212309,0.16943691604584454,0.12228421628246355
2022-03-31,"8 large stocks, equal weight",+ drift uncertainty 0.06,0.0,True,True,0.789416658878326,0.789416658878326,0.05359527040774181,0.16951565950363875,0.12228421628246355
2022-03-31,"8 large stocks, equal weight",+ drift uncertainty 0.10,0.0,True,True,0.8457443505525589,0.8457443505525589,0.05762012705088182,0.16967301228642465,0.12228421628246355
2022-03-31,"8 large stocks, equal weight",recentred by past errors (point in time),0.09972629348226043,True,True,0.8242898911237716,0.8242898911237716,0.08165116931792199,0.2698758673220873,0.12228421628246355
2022-06-30,NIFTY 50 ETF,production,0.0,True,False,0.7418140828609463,0.7418140828609463,0.08538874333451593,0.11718409518897534,0.2396270026493028
2022-06-30,NIFTY 50 ETF,+ drift uncertainty 0.03,0.0,True,False,0.7476282179355618,0.7476282179355618,0.0857992959775925,0.1172100140824914,0.2396270026493028
2022-06-30,NIFTY 50 ETF,+ drift uncertainty 0.06,0.0,True,True,0.7782223522663113,0.7782223522663113,0.08701282326459447,0.11728062126785517,0.2396270026493028
2022-06-30,NIFTY 50 ETF,+ drift uncertainty 0.10,0.0,True,True,0.8253598332405088,0.8253598332405088,0.09023771321532767,0.11742265142500401,0.2396270026493028
2022-06-30,NIFTY 50 ETF,recentred by past errors (point in time),0.09841103029862298,True,True,0.8074432760477064,0.8074432760477064,0.05538602808797219,0.21648073080182076,0.2396270026493028
2022-06-30,Gold,production,0.0,True,True,0.5750557631254195,0.5750557631254195,0.048996083420924944,0.08647581180930138,0.14305307075732188
2022-06-30,Gold,+ drift uncertainty 0.03,0.0,True,True,0.585340505838394,0.585340505838394,0.049759352834669215,0.08650552777945995,0.14305307075732188
2022-06-30,Gold,+ drift uncertainty 0.06,0.0,True,True,0.6187067121267318,0.6187067121267318,0.05200357063465198,0.08658281393349171,0.14305307075732188
2022-06-30,Gold,+ drift uncertainty 0.10,0.0,True,True,0.678923350572586,0.678923350572586,0.05681611694480368,0.08673020076751708,0.14305307075732188
2022-06-30,Gold,recentred by past errors (point in time),0.09841103029862298,True,True,0.6274252980947492,0.6274252980947492,0.04208757804953882,0.18546763131022453,0.14305307075732188
2022-06-30,Balanced (60 index / 20 gold / 20 liquid),production,0.0,True,False,0.44407447278499584,0.44407447278499584,0.0560998607610296,0.097797129124403,0.18436327609054826
2022-06-30,Balanced (60 index / 20 gold / 20 liquid),+ drift uncertainty 0.03,0.0,True,False,0.4597807079553603,0.4597807079553603,0.05651839542460736,0.09783603894710541,0.18436327609054826
2022-06-30,Balanced (60 index / 20 gold / 20 liquid),+ drift uncertainty 0.06,0.0,True,True,0.49494296014308914,0.49494296014308914,0.057924713095983696,0.09793007422983646,0.18436327609054826
2022-06-30,Balanced (60 index / 20 gold / 20 liquid),+ drift uncertainty 0.10,0.0,True,True,0.5772889792919158,0.5772889792919158,0.06200631535549575,0.09809750552475452,0.18436327609054826
2022-06-30,Balanced (60 index / 20 gold / 20 liquid),recentred by past errors (point in time),0.09841103029862298,True,True,0.48405090868473044,0.48405090868473044,0.031507410804007374,0.1967043641358614,0.18436327609054826
2022-06-30,"8 large stocks, equal weight",production,0.0,True,True,0.7861810475587842,0.7861810475587842,0.0862302696352768,0.14209094765037297,0.2625961433790569
2022-06-30,"8 large stocks, equal weight",+ drift uncertainty 0.03,0.0,True,True,0.7917063534259793,0.7917063534259793,0.08666359305304658,0.1421166583672166,0.2625961433790569
2022-06-30,"8 large stocks, equal weight",+ drift uncertainty 0.06,0.0,True,True,0.82087507545948,0.82087507545948,0.08799136154344711,0.1421871293410659,0.2625961433790569
2022-06-30,"8 large stocks, equal weight",+ drift uncertainty 0.10,0.0,True,True,0.8681826829910276,0.8681826829910276,0.0913837039390297,0.14233004611730576,0.2625961433790569
2022-06-30,"8 large stocks, equal weight",recentred by past errors (point in time),0.09841103029862298,True,True,0.8539996236562728,0.8539996236562728,0.058166583534553284,0.2414258542060852,0.2625961433790569
2022-09-30,NIFTY 50 ETF,production,0.0,True,True,0.7192891120910642,0.7192891120910642,0.05430646244078191,0.11096992672979832,0.15334792921745155
2022-09-30,NIFTY 50 ETF,+ drift uncertainty 0.03,0.0,True,True,0.7264495551586136,0.7264495551586136,0.05495348299610252,0.11098442821949721,0.15334792921745155
2022-09-30,NIFTY 50 ETF,+ drift uncertainty 0.06,0.0,True,True,0.7465763211250304,0.7465763211250304,0.056944970316412324,0.11102490137517453,0.15334792921745155
2022-09-30,NIFTY 50 ETF,+ drift uncertainty 0.10,0.0,True,True,0.7990385890007019,0.7990385890007019,0.06167586656551849,0.11111049337685108,0.15334792921745155
2022-09-30,NIFTY 50 ETF,recentred by past errors (point in time),0.091199370988536,True,True,0.777060893177986,0.777060893177986,0.05251129586515596,0.20298817855864762,0.15334792921745155
2022-09-30,Gold,production,0.0,True,True,0.5537108868360519,0.5537108868360519,0.046139664455870005,0.08116184653341771,0.13253014923367967
2022-09-30,Gold,+ drift uncertainty 0.03,0.0,True,True,0.5625550180673595,0.5625550180673595,0.04684565476830717,0.08118204920738935,0.13253014923367967
2022-09-30,Gold,+ drift uncertainty 0.06,0.0,True,True,0.5901789128780358,0.5901789128780358,0.048978159292479465,0.0812354204133153,0.13253014923367967
2022-09-30,Gold,+ drift uncertainty 0.10,0.0,True,True,0.6563896417617796,0.6563896417617796,0.05394619120630752,0.08134042877703905,0.13253014923367967
2022-09-30,Gold,recentred by past errors (point in time),0.091199370988536,True,True,0.6004442751407622,0.6004442751407622,0.04118913474257126,0.1727743515446782,0.13253014923367967
2022-09-30,Balanced (60 index / 20 gold / 20 liquid),production,0.0,True,True,0.4368010550737376,0.4368010550737376,0.035030259314295084,0.09544575175642968,0.13238374464684965
2022-09-30,Balanced (60 index / 20 gold / 20 liquid),+ drift uncertainty 0.03,0.0,True,True,0.45144790112972244,0.45144790112972244,0.03598838571964945,0.09547277235984802,0.13238374464684965
2022-09-30,Balanced (60 index / 20 gold / 20 liquid),+ drift uncertainty 0.06,0.0,True,True,0.48549222648143747,0.48549222648143747,0.03888183592239594,0.09553938928246498,0.13238374464684965
2022-09-30,Balanced (60 index / 20 gold / 20 liquid),+ drift uncertainty 0.10,0.0,True,True,0.5633719861507416,0.5633719861507416,0.04503449714756892,0.09566217082738876,0.13238374464684965
2022-09-30,Balanced (60 index / 20 gold / 20 liquid),recentred by past errors (point in time),0.091199370988536,True,True,0.4739429533481597,0.4739429533481597,0.03768873125525937,0.1870734163671732,0.13238374464684965
2022-09-30,"8 large stocks, equal weight",production,0.0,True,True,0.7610108673572538,0.7610108673572538,0.059526156660308666,0.1371187208890915,0.18949837019531923
2022-09-30,"8 large stocks, equal weight",+ drift uncertainty 0.03,0.0,True,True,0.7668102264404292,0.7668102264404292,0.06014148221046403,0.13713288386166095,0.18949837019531923
2022-09-30,"8 large stocks, equal weight",+ drift uncertainty 0.06,0.0,True,True,0.788967403769493,0.788967403769493,0.06205669697165833,0.1371726814508438,0.18949837019531923
2022-09-30,"8 large stocks, equal weight",+ drift uncertainty 0.10,0.0,True,True,0.8395811527967453,0.8395811527967453,0.06670885372620244,0.1372576267942786,0.18949837019531923
2022-09-30,"8 large stocks, equal weight",recentred by past errors (point in time),0.091199370988536,True,True,0.8195818424224851,0.8195818424224851,0.05443370363410119,0.22917552181333303,0.18949837019531923
2022-12-30,NIFTY 50 ETF,production,0.0,True,True,0.7206067681312556,0.7206067681312556,0.0688517829792807,0.11204189267754555,0.20066656655429482
2022-12-30,NIFTY 50 ETF,+ drift uncertainty 0.03,0.0,True,True,0.7257275581359853,0.7257275581359853,0.06941263844780718,0.11205670246481896,0.20066656655429482
2022-12-30,NIFTY 50 ETF,+ drift uncertainty 0.06,0.0,True,True,0.7526788979768753,0.7526788979768753,0.07113237192172284,0.11209800846874714,0.20066656655429482
2022-12-30,NIFTY 50 ETF,+ drift uncertainty 0.10,0.0,True,True,0.7959459096193313,0.7959459096193313,0.07514409090055577,0.11218518674373627,0.20066656655429482
2022-12-30,NIFTY 50 ETF,recentred by past errors (point in time),0.0836695314572282,True,True,0.7712286680936813,0.7712286680936813,0.051863322086904945,0.19647608702629804,0.20066656655429482
2022-12-30,Gold,production,0.0,True,True,0.5633292078971863,0.5633292078971863,0.04411953059248687,0.08959424311667681,0.13314809618157075
2022-12-30,Gold,+ drift uncertainty 0.03,0.0,True,True,0.5706526637077329,0.5706526637077329,0.044870392674544526,0.08961302104592324,0.13314809618157075
2022-12-30,Gold,+ drift uncertainty 0.06,0.0,True,True,0.5933598816394796,0.5933598816394796,0.04706252869882953,0.08966280575841665,0.13314809618157075
2022-12-30,Gold,+ drift uncertainty 0.10,0.0,True,True,0.6604396104812622,0.6604396104812622,0.052118489818558655,0.08976138395816088,0.13314809618157075
2022-12-30,Gold,recentred by past errors (point in time),0.0836695314572282,True,True,0.6067406684160233,0.6067406684160233,0.041496076915740115,0.17366635194420815,0.13314809618157075
2022-12-30,Balanced (60 index / 20 gold / 20 liquid),production,0.0,True,True,0.43993031382560666,0.43993031382560666,0.04423534681798737,0.09769143055379391,0.16046775526005375
2022-12-30,Balanced (60 index / 20 gold / 20 liquid),+ drift uncertainty 0.03,0.0,True,True,0.4539212197065353,0.4539212197065353,0.04497881264648655,0.09771929535269737,0.16046775526005375
2022-12-30,Balanced (60 index / 20 gold / 20 liquid),+ drift uncertainty 0.06,0.0,True,True,0.4864150315523146,0.4864150315523146,0.04728164267464295,0.09778801056742668,0.16046775526005375
2022-12-30,Balanced (60 index / 20 gold / 20 liquid),+ drift uncertainty 0.10,0.0,True,True,0.5677454948425292,0.5677454948425292,0.05257146352150216,0.0979144313633442,0.16046775526005375
2022-12-30,Balanced (60 index / 20 gold / 20 liquid),recentred by past errors (point in time),0.0836695314572282,True,True,0.4728947222232812,0.4728947222232812,0.0317353012565469,0.1817698190063238,0.16046775526005375
2022-12-30,"8 large stocks, equal weight",production,0.0,True,True,0.7617186039686199,0.7617186039686199,0.06292252648226149,0.13493539848178626,0.19949104103778637
2022-12-30,"8 large stocks, equal weight",+ drift uncertainty 0.03,0.0,True,True,0.7668938785791395,0.7668938785791395,0.06353655850626502,0.13494972645491363,0.19949104103778637
2022-12-30,"8 large stocks, equal weight",+ drift uncertainty 0.06,0.0,True,True,0.7925256311893459,0.7925256311893459,0.06534597174197873,0.13498996540904046,0.19949104103778637
2022-12-30,"8 large stocks, equal weight",+ drift uncertainty 0.10,0.0,True,True,0.8365087449550626,0.8365087449550626,0.06980031849500887,0.13507575366646052,0.19949104103778637
2022-12-30,"8 large stocks, equal weight",recentred by past errors (point in time),0.0836695314572282,True,True,0.8170358896255493,0.8170358896255493,0.053819155321180895,0.21940780247747899,0.19949104103778637
2023-03-31,NIFTY 50 ETF,production,0.0,True,False,0.7265315592288967,0.7265315592288967,0.12283218500283988,0.1274469000697136,0.3144422034990091
2023-03-31,NIFTY 50 ETF,+ drift uncertainty 0.03,0.0,True,False,0.7374230951070784,0.7374230951070784,0.12292650946819247,0.12747093665599823,0.3144422034990091
2023-03-31,NIFTY 50 ETF,+ drift uncertainty 0.06,0.0,True,False,0.7603534728288649,0.7603534728288649,0.12327934530594314,0.12753644830733538,0.3144422034990091
2023-03-31,NIFTY 50 ETF,+ drift uncertainty 0.10,0.0,True,False,0.8183069616556167,0.8183069616556167,0.12450910056376355,0.12766831818222998,0.3144422034990091
2023-03-31,NIFTY 50 ETF,recentred by past errors (point in time),0.07845641911700275,True,True,0.7788978040218348,0.7788978040218348,0.07997019647749284,0.2064706438034773,0.3144422034990091
2023-03-31,Gold,production,0.0,True,False,0.5724347084760664,0.5724347084760664,0.07748842046336353,0.09452885746955872,0.21225768978585835
2023-03-31,Gold,+ drift uncertainty 0.03,0.0,True,False,0.5806477963924406,0.5806477963924406,0.07776031255247132,0.09455678980052472,0.21225768978585835
2023-03-31,Gold,+ drift uncertainty 0.06,0.0,True,False,0.6145065188407898,0.6145065188407898,0.07865454498307083,0.09462972624599933,0.21225768978585835
2023-03-31,Gold,+ drift uncertainty 0.10,0.0,True,True,0.6767442882061003,0.6767442882061003,0.08136418348131083,0.09476936980336904,0.21225768978585835
2023-03-31,Gold,recentred by past errors (point in time),0.07845641911700275,True,True,0.613672989606857,0.613672989606857,0.04653158508227277,0.17340747375786306,0.21225768978585835
2023-03-31,Balanced (60 index / 20 gold / 20 liquid),production,0.0,True,False,0.4405100196599959,0.4405100196599959,0.08820459948372528,0.10541352115571499,0.24167621947278284
2023-03-31,Balanced (60 index / 20 gold / 20 liquid),+ drift uncertainty 0.03,0.0,True,False,0.45114196538925166,0.45114196538925166,0.08777036159532361,0.10545052064955235,0.24167621947278284
2023-03-31,Balanced (60 index / 20 gold / 20 liquid),+ drift uncertainty 0.06,0.0,True,False,0.4905138492584226,0.4905138492584226,0.08726888980631609,0.1055402326285839,0.24167621947278284
2023-03-31,Balanced (60 index / 20 gold / 20 liquid),+ drift uncertainty 0.10,0.0,True,False,0.5705357760190962,0.5705357760190962,0.08789759054613956,0.10570032911002636,0.24167621947278284
2023-03-31,Balanced (60 index / 20 gold / 20 liquid),recentred by past errors (point in time),0.07845641911700275,True,True,0.4710899144411081,0.4710899144411081,0.04357043878963529,0.184207297116518,0.24167621947278284
2023-03-31,"8 large stocks, equal weight",production,0.0,True,True,0.7717360436916347,0.7717360436916347,0.06008285595834087,0.15304893404990436,0.20416085746799517
2023-03-31,"8 large stocks, equal weight",+ drift uncertainty 0.03,0.0,True,True,0.7824365347623825,0.7824365347623825,0.060795455642290275,0.1530726665109396,0.20416085746799517
2023-03-31,"8 large stocks, equal weight",+ drift uncertainty 0.06,0.0,True,True,0.8037648588418959,0.8037648588418959,0.06289156872656071,0.1531377596333623,0.20416085746799517
2023-03-31,"8 large stocks, equal weight",+ drift uncertainty 0.10,0.0,True,True,0.8626854807138442,0.8626854807138442,0.06741193956304334,0.15326993575692177,0.20416085746799517
2023-03-31,"8 large stocks, equal weight",recentred by past errors (point in time),0.07845641911700275,True,True,0.8258883237838739,0.8258883237838739,0.053948906544921044,0.23209586990624667,0.20416085746799517
2023-06-30,NIFTY 50 ETF,production,0.0,True,False,0.7309788793325425,0.7309788793325425,0.09946293504436181,0.13632932319492103,0.2855514895558702
2023-06-30,NIFTY 50 ETF,+ drift uncertainty 0.03,0.0,True,False,0.7378864437341685,0.7378864437341685,0.09975254739138453,0.13635449543595313,0.2855514895558702
2023-06-30,NIFTY 50 ETF,+ drift uncertainty 0.06,0.0,True,False,0.7643992483615876,0.7643992483615876,0.10060986906265937,0.13642293877154588,0.2855514895558702
2023-06-30,NIFTY 50 ETF,+ drift uncertainty 0.10,0.0,True,False,0.8166972368955606,0.8166972368955606,0.10310305838757933,0.13656001314520835,0.2855514895558702
2023-06-30,NIFTY 50 ETF,recentred by past errors (point in time),0.07396261857284736,True,True,0.7784121960401533,0.7784121960401533,0.06704134930984038,0.21080098471045494,0.2855514895558702
2023-06-30,Gold,production,0.0,True,False,0.572154203057289,0.572154203057289,0.10349373822411428,0.09208372893184423,0.25086186549135014
2023-06-30,Gold,+ drift uncertainty 0.03,0.0,True,False,0.5820240080356596,0.5820240080356596,0.10341126363960053,0.09211071146279573,0.25086186549135014
2023-06-30,Gold,+ drift uncertainty 0.06,0.0,True,False,0.6108130425214767,0.6108130425214767,0.10338430153409538,0.09218117431551218,0.25086186549135014
2023-06-30,Gold,+ drift uncertainty 0.10,0.0,True,False,0.672557160258293,0.672557160258293,0.1042719937473971,0.09231602341681719,0.25086186549135014
2023-06-30,Gold,recentred by past errors (point in time),0.07396261857284736,True,True,0.6111773729324339,0.6111773729324339,0.06168965621085845,0.16641738176345824,0.25086186549135014
2023-06-30,Balanced (60 index / 20 gold / 20 liquid),production,0.0,True,False,0.437905767560005,0.437905767560005,0.07873113297895593,0.11039630894362927,0.2335037526075756
2023-06-30,Balanced (60 index / 20 gold / 20 liquid),+ drift uncertainty 0.03,0.0,True,False,0.45370379984378806,0.45370379984378806,0.07860537111839021,0.11043403838574886,0.2335037526075756
2023-06-30,Balanced (60 index / 20 gold / 20 liquid),+ drift uncertainty 0.06,0.0,True,False,0.48948672413825967,0.48948672413825967,0.07860471554477519,0.11052538192272186,0.2335037526075756
2023-06-30,Balanced (60 index / 20 gold / 20 liquid),+ drift uncertainty 0.10,0.0,True,False,0.5725939750671386,0.5725939750671386,0.08019935550477321,0.11068790055811405,0.2335037526075756
2023-06-30,Balanced (60 index / 20 gold / 20 liquid),recentred by past errors (point in time),0.07396261857284736,True,True,0.4671942204236983,0.4671942204236983,0.0404352642198121,0.18466063283383846,0.2335037526075756
2023-06-30,"8 large stocks, equal weight",production,0.0,True,True,0.772212743759155,0.772212743759155,0.06230417424647028,0.15389440681040287,0.21399850211876958
2023-06-30,"8 large stocks, equal weight",+ drift uncertainty 0.03,0.0,True,True,0.7784770220518108,0.7784770220518108,0.06298468251135808,0.15391911366581917,0.21399850211876958
2023-06-30,"8 large stocks, equal weight",+ drift uncertainty 0.06,0.0,True,True,0.8041040390729904,0.8041040390729904,0.06501501456699732,0.15398674987256528,0.21399850211876958
2023-06-30,"8 large stocks, equal weight",+ drift uncertainty 0.10,0.0,True,True,0.8553531438112257,0.8553531438112257,0.06942987867640205,0.1541234137713909,0.21399850211876958
2023-06-30,"8 large stocks, equal weight",recentred by past errors (point in time),0.07396261857284736,True,True,0.8217236220836638,0.8217236220836638,0.05342589471498502,0.22838885658979416,0.21399850211876958
2023-09-29,NIFTY 50 ETF,production,0.0,True,False,0.7120799839496612,0.7120799839496612,0.11077042983763324,0.11742279914021492,0.28590542662377394
2023-09-29,NIFTY 50 ETF,+ drift uncertainty 0.03,0.0,True,False,0.7184080958366392,0.7184080958366392,0.11088335253051768,0.11743939116597175,0.28590542662377394
2023-09-29,NIFTY 50 ETF,+ drift uncertainty 0.06,0.0,True,False,0.7429585129022598,0.7429585129022598,0.11134882587230752,0.11748535516858101,0.28590542662377394
2023-09-29,NIFTY 50 ETF,+ drift uncertainty 0.10,0.0,True,False,0.7998946964740752,0.7998946964740752,0.11305193640425229,0.11758107737451792,0.28590542662377394
2023-09-29,NIFTY 50 ETF,recentred by past errors (point in time),0.07483032083065302,True,True,0.758725163340568,0.758725163340568,0.07277941544593278,0.1927938112542033,0.28590542662377394
2023-09-29,Gold,production,0.0,True,False,0.5690810412168502,0.5690810412168502,0.13095357244783684,0.09191509798914194,0.2891052898217925
2023-09-29,Gold,+ drift uncertainty 0.03,0.0,True,False,0.5776444613933562,0.5776444613933562,0.13059005996874662,0.09193507338315249,0.2891052898217925
2023-09-29,Gold,+ drift uncertainty 0.06,0.0,True,False,0.6046498715877529,0.6046498715877529,0.12972738566194603,0.0919880036637187,0.2891052898217925
2023-09-29,Gold,+ drift uncertainty 0.10,0.0,True,False,0.6697783976793289,0.6697783976793289,0.1289708985727071,0.09209232791513204,0.2891052898217925
2023-09-29,Gold,recentred by past errors (point in time),0.07483032083065302,True,False,0.6082754999399185,0.6082754999399185,0.07983496550835406,0.16709722018241882,0.2891052898217925
2023-09-29,Balanced (60 index / 20 gold / 20 liquid),production,0.0,True,False,0.43518708646297444,0.43518708646297444,0.09168956064939082,0.10082016734778881,0.24171735085057588
2023-09-29,Balanced (60 index / 20 gold / 20 liquid),+ drift uncertainty 0.03,0.0,True,False,0.44687800705432884,0.44687800705432884,0.09123095712477741,0.10084962336719036,0.24171735085057588
2023-09-29,Balanced (60 index / 20 gold / 20 liquid),+ drift uncertainty 0.06,0.0,True,False,0.4873851537704459,0.4873851537704459,0.0905554341816959,0.10092192855477333,0.24171735085057588
2023-09-29,Balanced (60 index / 20 gold / 20 liquid),+ drift uncertainty 0.10,0.0,True,False,0.5706275939941405,0.5706275939941405,0.09085552161434039,0.10105401019752025,0.24171735085057588
2023-09-29,Balanced (60 index / 20 gold / 20 liquid),recentred by past errors (point in time),0.07483032083065302,True,True,0.46422632038593287,0.46422632038593287,0.04666136057839647,0.1759647114276886,0.24171735085057588
2023-09-29,"8 large stocks, equal weight",production,0.0,True,True,0.7475152760744094,0.7475152760744094,0.07073049137955204,0.12679708582162857,0.21546165483993374
2023-09-29,"8 large stocks, equal weight",+ drift uncertainty 0.03,0.0,True,True,0.7537644296884536,0.7537644296884536,0.07129027954927067,0.12681298670917748,0.21546165483993374
2023-09-29,"8 large stocks, equal weight",+ drift uncertainty 0.06,0.0,True,True,0.7760059237480161,0.7760059237480161,0.072928806849683,0.12685737244039774,0.21546165483993374
2023-09-29,"8 large stocks, equal weight",+ drift uncertainty 0.10,0.0,True,True,0.8283946096897121,0.8283946096897121,0.07681329357006478,0.12695076625049115,0.21546165483993374
2023-09-29,"8 large stocks, equal weight",recentred by past errors (point in time),0.07483032083065302,True,True,0.7955736458301542,0.7955736458301542,0.054502997281365456,0.2021969362050295,0.21546165483993374
2023-12-29,NIFTY 50 ETF,production,0.0,True,True,0.7152473419904702,0.7152473419904702,0.048696747132630946,0.15112731916457414,0.10544552545311325
2023-12-29,NIFTY 50 ETF,+ drift uncertainty 0.03,0.0,True,True,0.7251921385526654,0.7251921385526654,0.04939258259103099,0.1511551753729582,0.10544552545311325
2023-12-29,NIFTY 50 ETF,+ drift uncertainty 0.06,0.0,True,True,0.7515617102384565,0.7515617102384565,0.051429373360243835,0.1512307740300894,0.10544552545311325
2023-12-29,NIFTY 50 ETF,+ drift uncertainty 0.10,0.0,True,True,0.8161810398101805,0.8161810398101805,0.05572119169994427,0.15138193706423045,0.10544552545311325
2023-12-29,NIFTY 50 ETF,recentred by past errors (point in time),0.07375386401641182,True,True,0.7612962633371348,0.7612962633371348,0.06942882319678945,0.225352069824934,0.10544552545311325
2023-12-29,Gold,production,0.0,True,False,0.5667475700378417,0.5667475700378417,0.07641120682195417,0.09661108496785163,0.21356695735664744
2023-12-29,Gold,+ drift uncertainty 0.03,0.0,True,False,0.5781074315309523,0.5781074315309523,0.07662091090577501,0.09663949409127236,0.21356695735664744
2023-12-29,Gold,+ drift uncertainty 0.06,0.0,True,False,0.6034366577863692,0.6034366577863692,0.0775333663197387,0.09671372354775667,0.21356695735664744
2023-12-29,Gold,+ drift uncertainty 0.10,0.0,True,True,0.6735908240079879,0.6735908240079879,0.08031099458643552,0.09685600865632296,0.21356695735664744
2023-12-29,Gold,recentred by past errors (point in time),0.07375386401641182,True,True,0.6050362169742584,0.6050362169742584,0.046956540042956504,0.17068674620985985,0.21356695735664744
2023-12-29,Balanced (60 index / 20 gold / 20 liquid),production,0.0,True,True,0.4334673285484314,0.4334673285484314,0.02885659205068504,0.12042529834806918,0.12068569724008538
2023-12-29,Balanced (60 index / 20 gold / 20 liquid),+ drift uncertainty 0.03,0.0,True,True,0.44552547037601464,0.44552547037601464,0.030113806152067976,0.12046580535173416,0.12068569724008538
2023-12-29,Balanced (60 index / 20 gold / 20 liquid),+ drift uncertainty 0.06,0.0,True,True,0.4860250115394592,0.4860250115394592,0.03346073273149511,0.12056359492242336,0.12068569724008538
2023-12-29,Balanced (60 index / 20 gold / 20 liquid),+ drift uncertainty 0.10,0.0,True,True,0.5733149230480195,0.5733149230480195,0.040034765747605394,0.12073730739951134,0.12068569724008538
2023-12-29,Balanced (60 index / 20 gold / 20 liquid),recentred by past errors (point in time),0.07375386401641182,True,True,0.46197706758975954,0.46197706758975954,0.04409686577496537,0.19445232306420804,0.12068569724008538
2023-12-29,"8 large stocks, equal weight",production,0.0,True,True,0.7526479154825202,0.7526479154825202,0.05387239210114042,0.16013712191581725,0.09288005224709406
2023-12-29,"8 large stocks, equal weight",+ drift uncertainty 0.03,0.0,True,True,0.7627195388078689,0.7627195388078689,0.054471317426560195,0.16016426513344048,0.09288005224709406
2023-12-29,"8 large stocks, equal weight",+ drift uncertainty 0.06,0.0,True,True,0.7865935325622554,0.7865935325622554,0.0561215848343935,0.1602384711354971,0.09288005224709406
2023-12-29,"8 large stocks, equal weight",+ drift uncertainty 0.10,0.0,True,True,0.849096837639808,0.849096837639808,0.05984242500904449,0.1603883072733879,0.09288005224709406
2023-12-29,"8 large stocks, equal weight",recentred by past errors (point in time),0.07375386401641182,True,True,0.8004162073135369,0.8004162073135369,0.07885218930389151,0.23438848132640122,0.09288005224709406
2024-03-28,NIFTY 50 ETF,production,0.0,True,True,0.7086240530014032,0.7086240530014032,0.06144420196002742,0.14426836571842433,0.0413022216996457
2024-03-28,NIFTY 50 ETF,+ drift uncertainty 0.03,0.0,True,True,0.7219732075929639,0.7219732075929639,0.06181055216275791,0.14430297976732254,0.0413022216996457
2024-03-28,NIFTY 50 ETF,+ drift uncertainty 0.06,0.0,True,True,0.7485504060983658,0.7485504060983658,0.06288959266548169,0.1443967203721404,0.0413022216996457
2024-03-28,NIFTY 50 ETF,+ drift uncertainty 0.10,0.0,True,True,0.8035709321498868,0.8035709321498868,0.06521851517605459,0.1445830947086215,0.0413022216996457
2024-03-28,NIFTY 50 ETF,recentred by past errors (point in time),0.07343685542836055,True,False,0.7559592306613916,0.7559592306613916,0.09620505955210687,0.2181220831722021,0.0413022216996457
2024-03-28,Gold,production,0.0,True,False,0.5635037422180175,0.5635037422180175,0.15212106737177253,0.10068874309957028,0.32467756677708004
2024-03-28,Gold,+ drift uncertainty 0.03,0.0,True,False,0.5707784116268156,0.5707784116268156,0.1514281681522365,0.10072461364418268,0.32467756677708004
2024-03-28,Gold,+ drift uncertainty 0.06,0.0,True,False,0.6014962136745452,0.6014962136745452,0.14970770643773562,0.10081793440878391,0.32467756677708004
2024-03-28,Gold,+ drift uncertainty 0.10,0.0,True,False,0.6687812536954879,0.6687812536954879,0.1476064446505114,0.10099516732245684,0.32467756677708004
2024-03-28,Gold,recentred by past errors (point in time),0.07343685542836055,True,False,0.6012397795915603,0.6012397795915603,0.0965229982285486,0.17440346152335406,0.32467756677708004
2024-03-28,Balanced (60 index / 20 gold / 20 liquid),production,0.0,True,True,0.4352959036827086,0.4352959036827086,0.02884309596454422,0.11724822917580605,0.10055013538059221
2024-03-28,Balanced (60 index / 20 gold / 20 liquid),+ drift uncertainty 0.03,0.0,True,True,0.4488451361656186,0.4488451361656186,0.0299880355148099,0.11729434989392758,0.10055013538059221
2024-03-28,Balanced (60 index / 20 gold / 20 liquid),+ drift uncertainty 0.06,0.0,True,True,0.48735660016536697,0.48735660016536697,0.03304504126194431,0.11740558089315892,0.10055013538059221
2024-03-28,Balanced (60 index / 20 gold / 20 liquid),+ drift uncertainty 0.10,0.0,True,True,0.5681631833314895,0.5681631833314895,0.03931966968418048,0.11760232199728489,0.10055013538059221
2024-03-28,Balanced (60 index / 20 gold / 20 liquid),recentred by past errors (point in time),0.07343685542836055,True,True,0.46427861750125876,0.46427861750125876,0.05137558244331325,0.19092548567056655,0.10055013538059221
2024-03-28,"8 large stocks, equal weight",production,0.0,True,True,0.7428208053112022,0.7428208053112022,0.07295970013824526,0.1491679374575615,0.018102428659468206
2024-03-28,"8 large stocks, equal weight",+ drift uncertainty 0.03,0.0,True,True,0.7538166552782053,0.7538166552782053,0.0731570726537705,0.14920187953859568,0.018102428659468206
2024-03-28,"8 large stocks, equal weight",+ drift uncertainty 0.06,0.0,True,True,0.7799028903245921,0.7799028903245921,0.07372299707066451,0.1492944798618555,0.018102428659468206
2024-03-28,"8 large stocks, equal weight",+ drift uncertainty 0.10,0.0,True,True,0.8368693619966501,0.8368693619966501,0.07513001001602673,0.1494804213643074,0.018102428659468206
2024-03-28,"8 large stocks, equal weight",recentred by past errors (point in time),0.07343685542836055,True,False,0.7913068562746044,0.7913068562746044,0.1122464236439899,0.22304614832997322,0.018102428659468206
2024-06-28,NIFTY 50 ETF,production,0.0,True,True,0.7575794845819471,0.7575794845819471,0.05292597265738622,0.13419874922931194,0.06695828819531746
2024-06-28,NIFTY 50 ETF,+ drift uncertainty 0.03,0.0,True,True,0.7662386983633042,0.7662386983633042,0.053487830263104996,0.13422179660946132,0.06695828819531746
2024-06-28,NIFTY 50 ETF,+ drift uncertainty 0.06,0.0,True,True,0.7952592581510544,0.7952592581510544,0.05503561404455187,0.13428461656719445,0.06695828819531746
2024-06-28,NIFTY 50 ETF,+ drift uncertainty 0.10,0.0,True,True,0.8509378969669339,0.8509378969669339,0.058419023921475494,0.1344113268777728,0.06695828819531746
2024-06-28,NIFTY 50 ETF,recentred by past errors (point in time),0.07514678073669945,True,True,0.8071056485176085,0.8071056485176085,0.07851309327818357,0.21000616976618766,0.06695828819531746
2024-06-28,Gold,production,0.0,True,False,0.6162316769361496,0.6162316769361496,0.15695897960745192,0.10470788462460041,0.33613723749104296
2024-06-28,Gold,+ drift uncertainty 0.03,0.0,True,False,0.6244239449501037,0.6244239449501037,0.1563979164732059,0.10473130425065756,0.33613723749104296
2024-06-28,Gold,+ drift uncertainty 0.06,0.0,True,False,0.651800924539566,0.651800924539566,0.15509302826765803,0.10479284013807774,0.33613723749104296
2024-06-28,Gold,+ drift uncertainty 0.10,0.0,True,False,0.7119618773460379,0.7119618773460379,0.15365720505055283,0.10491188747435808,0.33613723749104296
2024-06-28,Gold,recentred by past errors (point in time),0.07514678073669945,True,False,0.6584030270576477,0.6584030270576477,0.10099138074403514,0.18034017672389746,0.33613723749104296
2024-06-28,Balanced (60 index / 20 gold / 20 liquid),production,0.0,True,True,0.4667017310857772,0.4667017310857772,0.030873061445244654,0.11339039726555347,0.11918053095468961
2024-06-28,Balanced (60 index / 20 gold / 20 liquid),+ drift uncertainty 0.03,0.0,True,True,0.4825514703989028,0.4825514703989028,0.03194455771814597,0.11342633359134197,0.11918053095468961
2024-06-28,Balanced (60 index / 20 gold / 20 liquid),+ drift uncertainty 0.06,0.0,True,True,0.518734231591224,0.518734231591224,0.03497265614694672,0.11351361690461635,0.11918053095468961
2024-06-28,Balanced (60 index / 20 gold / 20 liquid),+ drift uncertainty 0.10,0.0,True,True,0.5878221392631529,0.5878221392631529,0.04116456745876419,0.11367007309198379,0.11918053095468961
2024-06-28,Balanced (60 index / 20 gold / 20 liquid),recentred by past errors (point in time),0.07514678073669945,True,True,0.4980196982622146,0.4980196982622146,0.042728034118143424,0.1889390258640051,0.11918053095468961
2024-06-28,"8 large stocks, equal weight",production,0.0,True,True,0.7913014382123944,0.7913014382123944,0.05756002422873216,0.13444455286860466,0.05247232421859649
2024-06-28,"8 large stocks, equal weight",+ drift uncertainty 0.03,0.0,True,True,0.7998587608337393,0.7998587608337393,0.05803465609082864,0.1344666429385543,0.05247232421859649
2024-06-28,"8 large stocks, equal weight",+ drift uncertainty 0.06,0.0,True,True,0.8312534153461453,0.8312534153461453,0.05941773333807382,0.1345273556113243,0.05247232421859649
2024-06-28,"8 large stocks, equal weight",+ drift uncertainty 0.10,0.0,True,True,0.8785722285509103,0.8785722285509103,0.06239004138892226,0.13465116534382104,0.05247232421859649
2024-06-28,"8 large stocks, equal weight",recentred by past errors (point in time),0.07514678073669945,True,True,0.8429046005010595,0.8429046005010595,0.0854282041396631,0.21029004876315593,0.05247232421859649
2024-09-30,NIFTY 50 ETF,production,0.0,True,False,0.6910673469305035,0.6910673469305035,0.09871592416324983,0.16108189675211906,-0.01841319602151903
2024-09-30,NIFTY 50 ETF,+ drift uncertainty 0.03,0.0,True,False,0.7044023245573038,0.7044023245573038,0.09838519934654617,0.16111354557424784,-0.01841319602151903
2024-09-30,NIFTY 50 ETF,+ drift uncertainty 0.06,0.0,True,False,0.7296732038259504,0.7296732038259504,0.09757695680844339,0.16119950002431868,-0.01841319602151903
2024-09-30,NIFTY 50 ETF,+ drift uncertainty 0.10,0.0,True,False,0.7883309364318847,0.7883309364318847,0.09644974895105776,0.16137193436175584,-0.01841319602151903
2024-09-30,NIFTY 50 ETF,recentred by past errors (point in time),0.0767353200612492,True,False,0.737977796792984,0.737977796792984,0.15130321858363643,0.23826044484227896,-0.01841319602151903
2024-09-30,Gold,production,0.0,False,False,0.5533977836370465,3.9517008362773387,0.3731045399669652,0.09810157905519008,0.5612903605330153
2024-09-30,Gold,+ drift uncertainty 0.03,0.0,False,False,0.5632631093263623,3.8383589504722107,0.3714931959653567,0.09813532181829214,0.5612903605330153
2024-09-30,Gold,+ drift uncertainty 0.06,0.0,False,False,0.5893693298101422,3.5745845376018006,0.3668595896817877,0.0982236458286643,0.5612903605330153
2024-09-30,Gold,+ drift uncertainty 0.10,0.0,False,False,0.656172955036163,2.8673827497724016,0.35753714369403766,0.09839335861057043,0.5612903605330153
2024-09-30,Gold,recentred by past errors (point in time),0.0767353200612492,False,False,0.592229866981506,2.037796541905734,0.2945331958321966,0.1751588014140725,0.5612903605330153
2024-09-30,Balanced (60 index / 20 gold / 20 liquid),production,0.0,True,True,0.4229736417531966,0.4229736417531966,0.02976165030864736,0.12668689115345477,0.09764183507861501
2024-09-30,Balanced (60 index / 20 gold / 20 liquid),+ drift uncertainty 0.03,0.0,True,True,0.4364614933729171,0.4364614933729171,0.030873520606787205,0.12673019801080226,0.09764183507861501
2024-09-30,Balanced (60 index / 20 gold / 20 liquid),+ drift uncertainty 0.06,0.0,True,True,0.47557815909385676,0.47557815909385676,0.033668316413489816,0.12683485713601111,0.09764183507861501
2024-09-30,Balanced (60 index / 20 gold / 20 liquid),+ drift uncertainty 0.10,0.0,True,True,0.5667209923267361,0.5667209923267361,0.03954285584920879,0.12702143095433713,0.09764183507861501
2024-09-30,Balanced (60 index / 20 gold / 20 liquid),recentred by past errors (point in time),0.0767353200612492,True,False,0.4511417865753174,0.4511417865753174,0.05976748677797686,0.20368794293701648,0.09764183507861501
2024-09-30,"8 large stocks, equal weight",production,0.0,True,False,0.7313779324293133,0.7313779324293133,0.13230330282128658,0.16141950418800116,-0.07037261072510992
2024-09-30,"8 large stocks, equal weight",+ drift uncertainty 0.03,0.0,True,False,0.7449144124984739,0.7449144124984739,0.13161996280236082,0.16145002200454472,-0.07037261072510992
2024-09-30,"8 large stocks, equal weight",+ drift uncertainty 0.06,0.0,True,False,0.7668127775192257,0.7668127775192257,0.1297716857122152,0.1615337416306138,-0.07037261072510992
2024-09-30,"8 large stocks, equal weight",+ drift uncertainty 0.10,0.0,True,False,0.8254901051521302,0.8254901051521302,0.12647487085116008,0.16170391492545605,-0.07037261072510992
2024-09-30,"8 large stocks, equal weight",recentred by past errors (point in time),0.0767353200612492,True,False,0.7802369266748426,0.7802369266748426,0.18990767060613906,0.23863012798130512,-0.07037261072510992
2024-12-31,NIFTY 50 ETF,production,0.0,True,True,0.6884990870952605,0.6884990870952605,0.04548645829236732,0.14463085547834634,0.12076985024381703
2024-12-31,NIFTY 50 ETF,+ drift uncertainty 0.03,0.0,True,True,0.7008159041404723,0.7008159041404723,0.04626577900377468,0.1446594754830003,0.12076985024381703
2024-12-31,NIFTY 50 ETF,+ drift uncertainty 0.06,0.0,True,True,0.7222006231546401,0.7222006231546401,0.048462016428123644,0.14473735190927983,0.12076985024381703
2024-12-31,NIFTY 50 ETF,+ drift uncertainty 0.10,0.0,True,True,0.7789990931749343,0.7789990931749343,0.05316492807541651,0.14489414892345667,0.12076985024381703
2024-12-31,NIFTY 50 ETF,recentred by past errors (point in time),0.07906026596118713,True,True,0.7357496321201322,0.7357496321201322,0.062460989832392455,0.2241594358831644,0.12076985024381703
2024-12-31,Gold,production,0.0,False,False,0.5567467421293257,7.933522503310714,0.5720220693501546,0.09548559810966253,0.7618974039819972
2024-12-31,Gold,+ drift uncertainty 0.03,0.0,False,False,0.5671832084655761,7.828302832180535,0.5702170701216734,0.09551743821054696,0.7618974039819972
2024-12-31,Gold,+ drift uncertainty 0.06,0.0,False,False,0.5951601356267928,7.583779005939041,0.5650606905442496,0.095601039506495,0.7618974039819972
2024-12-31,Gold,+ drift uncertainty 0.10,0.0,False,False,0.6574791997671126,6.954713873797929,0.5541964418019868,0.0957623421177268,0.7618974039819972
2024-12-31,Gold,recentred by past errors (point in time),0.07906026596118713,False,False,0.5971717089414597,5.953326289588485,0.4875308372878835,0.1749112279638648,0.7618974039819972
2024-12-31,Balanced (60 index / 20 gold / 20 liquid),production,0.0,True,False,0.4224506616592404,0.4224506616592404,0.06474911868782739,0.11612902078032493,0.21742323319862122
2024-12-31,Balanced (60 index / 20 gold / 20 liquid),+ drift uncertainty 0.03,0.0,True,False,0.43815665543079374,0.43815665543079374,0.0648079832715097,0.11617039030790328,0.21742323319862122
2024-12-31,Balanced (60 index / 20 gold / 20 liquid),+ drift uncertainty 0.06,0.0,True,False,0.4746935099363324,0.4746935099363324,0.06542939711782497,0.11627061887085438,0.21742323319862122
2024-12-31,Balanced (60 index / 20 gold / 20 liquid),+ drift uncertainty 0.10,0.0,True,True,0.5630952209234237,0.5630952209234237,0.06852748292641511,0.11644978307187558,0.21742323319862122
2024-12-31,Balanced (60 index / 20 gold / 20 liquid),recentred by past errors (point in time),0.07906026596118713,True,True,0.4525616198778152,0.4525616198778152,0.03258403782045066,0.19547669744491578,0.21742323319862122
2024-12-31,"8 large stocks, equal weight",production,0.0,True,True,0.7325864672660826,0.7325864672660826,0.07301345805047119,0.1518669533357024,0.01935650294316016
2024-12-31,"8 large stocks, equal weight",+ drift uncertainty 0.03,0.0,True,True,0.7469293087720871,0.7469293087720871,0.07317744468894394,0.1518943931311369,0.01935650294316016
2024-12-31,"8 large stocks, equal weight",+ drift uncertainty 0.06,0.0,True,True,0.7648220986127847,0.7648220986127847,0.07369178902424514,0.15196982672810555,0.01935650294316016
2024-12-31,"8 large stocks, equal weight",+ drift uncertainty 0.10,0.0,True,True,0.821296814084053,0.821296814084053,0.0750658060889415,0.15212380588799715,0.01935650294316016
2024-12-31,"8 large stocks, equal weight",recentred by past errors (point in time),0.07906026596118713,True,False,0.7834690332412719,0.7834690332412719,0.11638922477256097,0.23142617318034173,0.01935650294316016
2025-03-28,NIFTY 50 ETF,production,0.0,True,False,0.6448690652847289,0.6448690652847289,0.08668922180418233,0.1807407783791423,0.023859272000198883
2025-03-28,NIFTY 50 ETF,+ drift uncertainty 0.03,0.0,True,False,0.6572062581777571,0.6572062581777571,0.0863610888377512,0.18077739612013102,0.023859272000198883
2025-03-28,NIFTY 50 ETF,+ drift uncertainty 0.06,0.0,True,False,0.6872667819261546,0.6872667819261546,0.08567609713831101,0.18087353962659836,0.023859272000198883
2025-03-28,NIFTY 50 ETF,+ drift uncertainty 0.10,0.0,True,True,0.7567218661308285,0.7567218661308285,0.08515690015554464,0.1810582968890667,0.023859272000198883
2025-03-28,NIFTY 50 ETF,recentred by past errors (point in time),0.07662304989912369,True,False,0.6879217952489852,0.6879217952489852,0.13931308035719236,0.2577719057276845,0.023859272000198883
2025-03-28,Gold,production,0.0,False,False,0.5364891588687896,6.1717573551090705,0.47780730381009284,0.09439276187866927,0.6614076726026938
2025-03-28,Gold,+ drift uncertainty 0.03,0.0,False,False,0.5471217811107634,6.107225420847748,0.4759601561210335,0.09442849933356047,0.6614076726026938
2025-03-28,Gold,+ drift uncertainty 0.06,0.0,False,False,0.5790744334459303,5.757393991723869,0.4707806615870569,0.09451990576833487,0.6614076726026938
2025-03-28,Gold,+ drift uncertainty 0.10,0.0,False,False,0.6447648882865904,5.033526274338578,0.45992237594632907,0.09469098766893148,0.6614076726026938
2025-03-28,Gold,recentred by past errors (point in time),0.07662304989912369,False,False,0.5742210775613783,4.268925952688074,0.39688660901664863,0.1713577152043581,0.6614076726026938
2025-03-28,Balanced (60 index / 20 gold / 20 liquid),production,0.0,True,True,0.39165018498897547,0.39165018498897547,0.0259992720201577,0.13749118211865424,0.14539795706982073
2025-03-28,Balanced (60 index / 20 gold / 20 liquid),+ drift uncertainty 0.03,0.0,True,True,0.4076756685972213,0.4076756685972213,0.027419294142380618,0.13754065151512623,0.14539795706982073
2025-03-28,Balanced (60 index / 20 gold / 20 liquid),+ drift uncertainty 0.06,0.0,True,True,0.45154983401298515,0.45154983401298515,0.031048680653257416,0.1376543428748846,0.14539795706982073
2025-03-28,Balanced (60 index / 20 gold / 20 liquid),+ drift uncertainty 0.10,0.0,True,True,0.5456272810697554,0.5456272810697554,0.03839094107885492,0.13784907360374926,0.14539795706982073
2025-03-28,Balanced (60 index / 20 gold / 20 liquid),recentred by past errors (point in time),0.07662304989912369,True,True,0.41770616769790636,0.41770616769790636,0.04078851645212092,0.21436403281986713,0.14539795706982073
2025-03-28,"8 large stocks, equal weight",production,0.0,True,False,0.6678752034902571,0.6678752034902571,0.1497807092381695,0.1706700923293829,-0.07496202958573306
2025-03-28,"8 large stocks, equal weight",+ drift uncertainty 0.03,0.0,True,False,0.6782533973455428,0.6782533973455428,0.14868962634349325,0.17070534455031156,-0.07496202958573306
2025-03-28,"8 large stocks, equal weight",+ drift uncertainty 0.06,0.0,True,False,0.7091253727674485,0.7091253727674485,0.14563968206910527,0.17079878333210946,-0.07496202958573306
2025-03-28,"8 large stocks, equal weight",+ drift uncertainty 0.10,0.0,True,False,0.7767435997724533,0.7767435997724533,0.13993724440414806,0.17098024662584066,-0.07496202958573306
2025-03-28,"8 large stocks, equal weight",recentred by past errors (point in time),0.07662304989912369,True,False,0.7135077267885208,0.7135077267885208,0.21164935712142324,0.24772048913687467,-0.07496202958573306
2025-06-30,NIFTY 50 ETF,production,0.0,True,False,0.5694134414196012,0.5694134414196012,0.1365250079679815,0.17125241594016552,-0.04799134247088843
2025-06-30,NIFTY 50 ETF,+ drift uncertainty 0.03,0.0,True,False,0.5833574265241622,0.5833574265241622,0.1352406078754676,0.17128925647586585,-0.04799134247088843
2025-06-30,NIFTY 50 ETF,+ drift uncertainty 0.06,0.0,True,False,0.610367503762245,0.610367503762245,0.13178577720871726,0.17138385088741778,-0.04799134247088843
2025-06-30,NIFTY 50 ETF,+ drift uncertainty 0.10,0.0,True,False,0.6809325754642486,0.6809325754642486,0.1257256125544476,0.17156113775074483,-0.04799134247088843
2025-06-30,NIFTY 50 ETF,recentred by past errors (point in time),0.07409855654661558,False,False,0.605723384022712,0.774401392059408,0.1981004824988717,0.24570015028119088,-0.04799134247088843
2025-06-30,Gold,production,0.0,False,False,0.5181899815797801,2.761809615021929,0.304082699933401,0.09423316058516502,0.48043507102757577
2025-06-30,Gold,+ drift uncertainty 0.03,0.0,False,False,0.52714327275753,2.6932605363189968,0.30240011983783716,0.09426682935655117,0.48043507102757577
2025-06-30,Gold,+ drift uncertainty 0.06,0.0,False,False,0.5536807864904401,2.455104789859038,0.2977296971311507,0.09435271182656288,0.48043507102757577
2025-06-30,Gold,+ drift uncertainty 0.10,0.0,False,False,0.6225341707468033,1.6856386340915928,0.28855203018028347,0.09451281033456325,0.48043507102757577
2025-06-30,Gold,recentred by past errors (point in time),0.07409855654661558,False,False,0.5534498035907741,0.9357938833296152,0.22996710899016662,0.16864911429584026,0.48043507102757577
2025-06-30,Balanced (60 index / 20 gold / 20 liquid),production,0.0,True,True,0.34597588777542104,0.34597588777542104,0.03580248909453643,0.13183036202192305,0.0703920821866364
2025-06-30,Balanced (60 index / 20 gold / 20 liquid),+ drift uncertainty 0.03,0.0,True,True,0.36517324745655055,0.36517324745655055,0.03637920098967542,0.13188149273395539,0.0703920821866364
2025-06-30,Balanced (60 index / 20 gold / 20 liquid),+ drift uncertainty 0.06,0.0,True,True,0.4100269019603726,0.4100269019603726,0.03810839135301074,0.13199549779295922,0.0703920821866364
2025-06-30,Balanced (60 index / 20 gold / 20 liquid),+ drift uncertainty 0.10,0.0,True,True,0.5078437030315398,0.5078437030315398,0.04211663190996684,0.1321866048425436,0.0703920821866364
2025-06-30,Balanced (60 index / 20 gold / 20 liquid),recentred by past errors (point in time),0.07409855654661558,True,False,0.36915099620819086,0.36915099620819086,0.08450100478480684,0.20614440347254276,0.0703920821866364
2025-06-30,"8 large stocks, equal weight",production,0.0,False,False,0.5860324591398234,1.577160373849957,0.22920010434160715,0.16073098358511925,-0.16402747663474526
2025-06-30,"8 large stocks, equal weight",+ drift uncertainty 0.03,0.0,False,False,0.5981903493404387,1.474627781434148,0.2274290218749751,0.16076638676971197,-0.16402747663474526
2025-06-30,"8 large stocks, equal weight",+ drift uncertainty 0.06,0.0,False,False,0.6252995431423186,1.2761286263895921,0.22243061565038602,0.16085815338790416,-0.16402747663474526
2025-06-30,"8 large stocks, equal weight",+ drift uncertainty 0.10,0.0,False,False,0.692271926999092,0.772096917553037,0.21232608336591483,0.16103180907666684,-0.16402747663474526
2025-06-30,"8 large stocks, equal weight",recentred by past errors (point in time),0.07409855654661558,False,False,0.623896461725234,2.740816581769077,0.2955372844621774,0.23519252501428128,-0.16402747663474526
