date,portfolio,cand,shift,in90,in50,width90,is90,crps,pred_mean,realised
2009-06-30,NIFTY 50,production,0.0,True,True,1.6243074879050234,1.6243074879050234,0.17294942374277528,0.0700980043411255,0.2505321610977591
2009-06-30,NIFTY 50,+ drift uncertainty 0.03,0.0,True,True,1.6241778731346126,1.6241778731346126,0.17319802705705206,0.07010656858608126,0.2505321610977591
2009-06-30,NIFTY 50,+ drift uncertainty 0.06,0.0,True,True,1.6302997931838035,1.6302997931838035,0.17395200541436812,0.07013204422779382,0.2505321610977591
2009-06-30,NIFTY 50,+ drift uncertainty 0.10,0.0,True,True,1.6476080134510984,1.6476080134510984,0.17575834863820083,0.07019127466995269,0.2505321610977591
2009-06-30,NIFTY 50,recentred by past errors (point in time),0.0,True,True,1.6243074879050234,1.6243074879050234,0.17294942374277528,0.0700980043411255,0.2505321610977591
2009-07-31,NIFTY 50,production,0.0,True,True,1.6333953604102118,1.6333953604102118,0.14384603687845704,0.08518901452142745,0.1931871367135387
2009-07-31,NIFTY 50,+ drift uncertainty 0.03,0.0,True,True,1.6320903539657587,1.6320903539657587,0.14416011486130087,0.08519803332258016,0.1931871367135387
2009-07-31,NIFTY 50,+ drift uncertainty 0.06,0.0,True,True,1.6388477727770803,1.6388477727770803,0.145104895491461,0.08522485607024283,0.1931871367135387
2009-07-31,NIFTY 50,+ drift uncertainty 0.10,0.0,True,True,1.6591454088687891,1.6591454088687891,0.14733233711489568,0.08528729358874261,0.1931871367135387
2009-07-31,NIFTY 50,recentred by past errors (point in time),0.0,True,True,1.6333953604102118,1.6333953604102118,0.14384603687845704,0.08518901452142745,0.1931871367135387
2009-08-31,NIFTY 50,production,0.0,True,False,1.5182589054107665,1.5182589054107665,0.1897979174586426,-0.00433174695353955,0.21859847565560964
2009-08-31,NIFTY 50,+ drift uncertainty 0.03,0.0,True,False,1.5172642722725862,1.5172642722725862,0.1900440307805144,-0.0043250598507001995,0.21859847565560964
2009-08-31,NIFTY 50,+ drift uncertainty 0.06,0.0,True,False,1.527545917034149,1.527545917034149,0.1907857961847892,-0.004305097007192672,0.21859847565560964
2009-08-31,NIFTY 50,+ drift uncertainty 0.10,0.0,True,False,1.5436259746551513,1.5436259746551513,0.1925086966354413,-0.004258318705484271,0.21859847565560964
2009-08-31,NIFTY 50,recentred by past errors (point in time),0.0,True,False,1.5182589054107665,1.5182589054107665,0.1897979174586426,-0.00433174695353955,0.21859847565560964
2009-09-30,NIFTY 50,production,0.0,True,False,1.4925495043396948,1.4925495043396948,0.18487535442025232,0.004251794824376702,0.21959949992251593
2009-09-30,NIFTY 50,+ drift uncertainty 0.03,0.0,True,False,1.4977238655090317,1.4977238655090317,0.18512350617243567,0.004254978467710316,0.21959949992251593
2009-09-30,NIFTY 50,+ drift uncertainty 0.06,0.0,True,False,1.4997899666428562,1.4997899666428562,0.1858479761541677,0.004264637253247202,0.21959949992251593
2009-09-30,NIFTY 50,+ drift uncertainty 0.10,0.0,True,False,1.525376603007316,1.525376603007316,0.1875922069132322,0.004288154327310622,0.21959949992251593
2009-09-30,NIFTY 50,recentred by past errors (point in time),0.0,True,False,1.4925495043396948,1.4925495043396948,0.18487535442025232,0.004251794824376702,0.21959949992251593
2009-10-30,NIFTY 50,production,0.0,True,False,1.3565231114625926,1.3565231114625926,0.2785209830339346,-0.05579694562125951,0.32459814221184047
2009-10-30,NIFTY 50,+ drift uncertainty 0.03,0.0,True,False,1.354483807086944,1.354483807086944,0.278610305882312,-0.05579137309361249,0.32459814221184047
2009-10-30,NIFTY 50,+ drift uncertainty 0.06,0.0,True,False,1.3633074074983595,1.3633074074983595,0.278866758691726,-0.055774835755117234,0.32459814221184047
2009-10-30,NIFTY 50,+ drift uncertainty 0.10,0.0,True,False,1.3824586927890776,1.3824586927890776,0.27955161205766105,-0.05573648399394006,0.32459814221184047
2009-10-30,NIFTY 50,recentred by past errors (point in time),0.0,True,False,1.3565231114625926,1.3565231114625926,0.2785209830339346,-0.05579694562125951,0.32459814221184047
2009-11-30,NIFTY 50,production,0.0,True,False,1.4170197695493698,1.4170197695493698,0.18549019147843765,-0.01572113355062902,0.20635336094538426
2009-11-30,NIFTY 50,+ drift uncertainty 0.03,0.0,True,False,1.419406113028526,1.419406113028526,0.18565263886014902,-0.015715382971800865,0.20635336094538426
2009-11-30,NIFTY 50,+ drift uncertainty 0.06,0.0,True,False,1.4225095793604845,1.4225095793604845,0.18615563947503294,-0.015698207315057517,0.20635336094538426
2009-11-30,NIFTY 50,+ drift uncertainty 0.10,0.0,True,False,1.4382778853178013,1.4382778853178013,0.1874599418178548,-0.01565774228516966,0.20635336094538426
2009-11-30,NIFTY 50,recentred by past errors (point in time),0.0,True,False,1.4170197695493698,1.4170197695493698,0.18549019147843765,-0.01572113355062902,0.20635336094538426
2009-12-31,NIFTY 50,production,0.0,True,False,1.3370499059557912,1.3370499059557912,0.1903136887923113,-0.045107491672039035,0.19721489069746778
2009-12-31,NIFTY 50,+ drift uncertainty 0.03,0.0,True,False,1.3411464780569071,1.3411464780569071,0.19051888952571197,-0.04509917285572738,0.19721489069746778
2009-12-31,NIFTY 50,+ drift uncertainty 0.06,0.0,True,False,1.348762908577919,1.348762908577919,0.1911271636280197,-0.04507460025232285,0.19721489069746778
2009-12-31,NIFTY 50,+ drift uncertainty 0.10,0.0,True,False,1.3712864458560943,1.3712864458560943,0.19256726342324662,-0.04501826258935034,0.19721489069746778
2009-12-31,NIFTY 50,recentred by past errors (point in time),0.0,True,False,1.3370499059557912,1.3370499059557912,0.1903136887923113,-0.045107491672039035,0.19721489069746778
2010-01-29,NIFTY 50,production,0.0,True,False,1.294371959567069,1.294371959567069,0.1594351806440422,-0.0636982571883127,0.12413509916681154
2010-01-29,NIFTY 50,+ drift uncertainty 0.03,0.0,True,False,1.294814185798168,1.294814185798168,0.15967603425583904,-0.06369155581947417,0.12413509916681154
2010-01-29,NIFTY 50,+ drift uncertainty 0.06,0.0,True,False,1.305899469554424,1.305899469554424,0.16041038789196232,-0.063671739179641,0.12413509916681154
2010-01-29,NIFTY 50,+ drift uncertainty 0.10,0.0,True,False,1.3280947312712668,1.3280947312712668,0.1620711022409329,-0.06362606394477188,0.12413509916681154
2010-01-29,NIFTY 50,recentred by past errors (point in time),0.0,True,False,1.294371959567069,1.294371959567069,0.1594351806440422,-0.0636982571883127,0.12413509916681154
2010-02-26,NIFTY 50,production,0.0,True,True,1.2988390490412702,1.2988390490412702,0.142224949003839,-0.05473293715808541,0.09766472649662639
2010-02-26,NIFTY 50,+ drift uncertainty 0.03,0.0,True,True,1.302059498429298,1.302059498429298,0.14249479042240773,-0.05472521566785872,0.09766472649662639
2010-02-26,NIFTY 50,+ drift uncertainty 0.06,0.0,True,True,1.3145184442400928,1.3145184442400928,0.14327572815502151,-0.054702451886609195,0.09766472649662639
2010-02-26,NIFTY 50,+ drift uncertainty 0.10,0.0,True,True,1.331015230715274,1.331015230715274,0.14514139258685532,-0.054650340111926196,0.09766472649662639
2010-02-26,NIFTY 50,recentred by past errors (point in time),0.0,True,True,1.2988390490412702,1.2988390490412702,0.142224949003839,-0.05473293715808541,0.09766472649662639
2010-03-31,NIFTY 50,production,0.0,True,True,1.2913079261779778,1.2913079261779778,0.1467830161514503,-0.04601954679749906,0.11702585672903432
2010-03-31,NIFTY 50,+ drift uncertainty 0.03,0.0,True,True,1.2887083396315564,1.2887083396315564,0.14704185390508787,-0.04600927652046084,0.11702585672903432
2010-03-31,NIFTY 50,+ drift uncertainty 0.06,0.0,True,True,1.299921254813671,1.299921254813671,0.14780842507837355,-0.04597912376001477,0.11702585672903432
2010-03-31,NIFTY 50,+ drift uncertainty 0.10,0.0,True,True,1.321859773993492,1.321859773993492,0.14961379242685896,-0.04591089858114719,0.11702585672903432
2010-03-31,NIFTY 50,recentred by past errors (point in time),0.0,True,True,1.2913079261779778,1.2913079261779778,0.1467830161514503,-0.04601954679749906,0.11702585672903432
2010-04-30,NIFTY 50,production,0.0,True,True,1.2673288002610206,1.2673288002610206,0.13648975585570283,-0.05017794705182314,0.09433508079013686
2010-04-30,NIFTY 50,+ drift uncertainty 0.03,0.0,True,True,1.269530940055847,1.269530940055847,0.1367368160723531,-0.05016989764757454,0.09433508079013686
2010-04-30,NIFTY 50,+ drift uncertainty 0.06,0.0,True,True,1.2738484829664227,1.2738484829664227,0.13749684388410355,-0.05014623086899519,0.09433508079013686
2010-04-30,NIFTY 50,+ drift uncertainty 0.10,0.0,True,True,1.2997793465852738,1.2997793465852738,0.13930765685303365,-0.05009255846217275,0.09433508079013686
2010-04-30,NIFTY 50,recentred by past errors (point in time),0.0,True,True,1.2673288002610206,1.2673288002610206,0.13648975585570283,-0.05017794705182314,0.09433508079013686
2010-05-31,NIFTY 50,production,0.0,True,False,1.222461415827274,1.222461415827274,0.15181621442172047,-0.06629610821418465,0.11380980198121016
2010-05-31,NIFTY 50,+ drift uncertainty 0.03,0.0,True,False,1.2238698095083236,1.2238698095083236,0.1520336433175465,-0.06628660118952394,0.11380980198121016
2010-05-31,NIFTY 50,+ drift uncertainty 0.06,0.0,True,False,1.2255806252360337,1.2255806252360337,0.15269654415917397,-0.06625874380767345,0.11380980198121016
2010-05-31,NIFTY 50,+ drift uncertainty 0.10,0.0,True,False,1.2537907332181928,1.2537907332181928,0.15431774059138836,-0.06619587103463709,0.11380980198121016
2010-05-31,NIFTY 50,recentred by past errors (point in time),0.0,True,False,1.222461415827274,1.222461415827274,0.15181621442172047,-0.06629610821418465,0.11380980198121016
2010-06-30,NIFTY 50,production,0.0,True,True,1.210363671183586,1.210363671183586,0.12057775545065999,-0.04784938396885991,0.073097668418872
2010-06-30,NIFTY 50,+ drift uncertainty 0.03,0.0,True,True,1.212439553439617,1.212439553439617,0.12082781840808968,-0.04784164057485759,0.073097668418872
2010-06-30,NIFTY 50,+ drift uncertainty 0.06,0.0,True,True,1.2204221099615098,1.2204221099615098,0.12159814900353905,-0.04781873610429466,0.073097668418872
2010-06-30,NIFTY 50,+ drift uncertainty 0.10,0.0,True,True,1.2495038345456115,1.2495038345456115,0.12343576126947822,-0.047766010142862796,0.073097668418872
2010-06-30,NIFTY 50,recentred by past errors (point in time),0.0,True,True,1.210363671183586,1.210363671183586,0.12057775545065999,-0.04784938396885991,0.073097668418872
2010-07-30,NIFTY 50,production,0.0,True,True,1.3511051356792434,1.3511051356792434,0.08886960949709874,0.06750113293901086,0.02010596795931785
2010-07-30,NIFTY 50,+ drift uncertainty 0.03,0.0,True,True,1.3552078157663343,1.3552078157663343,0.08918961926432092,0.06751408342272043,0.02010596795931785
2010-07-30,NIFTY 50,+ drift uncertainty 0.06,0.0,True,True,1.3714092254638666,1.3714092254638666,0.09014117799244381,0.0675520615130663,0.02010596795931785
2010-07-30,NIFTY 50,+ drift uncertainty 0.10,0.0,True,True,1.4023989215493202,1.4023989215493202,0.09237722948303073,0.06763774153962732,0.02010596795931785
2010-07-30,NIFTY 50,recentred by past errors (point in time),0.1804341567566336,True,True,1.5864344805479047,1.5864344805479047,0.12183418176821575,0.25170537642017005,0.02010596795931785
2010-08-31,NIFTY 50,production,0.0,True,True,1.342087629437446,1.342087629437446,0.08841971064248486,0.0685222167558968,-0.03900019242762198
2010-08-31,NIFTY 50,+ drift uncertainty 0.03,0.0,True,True,1.3480949908494948,1.3480949908494948,0.0887098405607033,0.06853352557495236,-0.03900019242762198
2010-08-31,NIFTY 50,+ drift uncertainty 0.06,0.0,True,True,1.3571212589740747,1.3571212589740747,0.0895419880581736,0.06856668287143111,-0.03900019242762198
2010-08-31,NIFTY 50,+ drift uncertainty 0.10,0.0,True,True,1.3848683312535286,1.3848683312535286,0.09136929604525099,0.06864155977591872,-0.03900019242762198
2010-08-31,NIFTY 50,recentred by past errors (point in time),0.14421613947437242,True,True,1.5262192726135253,1.5262192726135253,0.12784282638752292,0.2157254131361842,-0.03900019242762198
2010-09-30,NIFTY 50,production,0.0,True,True,1.2153668552637096,1.2153668552637096,0.09092851675640001,0.0002101967353373766,-0.17876447936841688
2010-09-30,NIFTY 50,+ drift uncertainty 0.03,0.0,True,True,1.2226935058832153,1.2226935058832153,0.09106511739753151,0.00023602768406271935,-0.17876447936841688
2010-09-30,NIFTY 50,+ drift uncertainty 0.06,0.0,True,True,1.2318225711584088,1.2318225711584088,0.09147465838726873,0.0003117994684726,-0.17876447936841688
2010-09-30,NIFTY 50,+ drift uncertainty 0.10,0.0,True,True,1.2562907308340072,1.2562907308340072,0.09246780605662797,0.0004829718600958586,-0.17876447936841688
2010-09-30,NIFTY 50,recentred by past errors (point in time),0.17045416718596465,True,False,1.417701533436775,1.417701533436775,0.1686983523026339,0.17452202612906695,-0.17876447936841688
2010-10-29,NIFTY 50,production,0.0,True,True,1.297140249609946,1.297140249609946,0.09993409435700876,0.05573888166993857,-0.12981975744391705
2010-10-29,NIFTY 50,+ drift uncertainty 0.03,0.0,True,True,1.3032732486724852,1.3032732486724852,0.10005532038786016,0.055750334242358805,-0.12981975744391705
2010-10-29,NIFTY 50,+ drift uncertainty 0.06,0.0,True,True,1.3126371353864654,1.3126371353864654,0.10041094262625655,0.0557840815987438,-0.12981975744391705
2010-10-29,NIFTY 50,+ drift uncertainty 0.10,0.0,True,True,1.3489338070154173,1.3489338070154173,0.10129725086952712,0.0558612772449851,-0.12981975744391705
2010-10-29,NIFTY 50,recentred by past errors (point in time),0.18167755166400829,True,False,1.516786834597587,1.516786834597587,0.18343193023748122,0.240590277813375,-0.12981975744391705
2010-11-30,NIFTY 50,production,0.0,True,True,1.2318066567182533,1.2318066567182533,0.10793978721846242,0.042083900334313515,-0.17044789070570332
2010-11-30,NIFTY 50,+ drift uncertainty 0.03,0.0,True,True,1.2313245505094528,1.2313245505094528,0.1079662374237216,0.04209391952864826,-0.17044789070570332
2010-11-30,NIFTY 50,+ drift uncertainty 0.06,0.0,True,True,1.2483861833810805,1.2483861833810805,0.10809270897124043,0.04212352296710015,-0.17044789070570332
2010-11-30,NIFTY 50,+ drift uncertainty 0.10,0.0,True,True,1.279721611738204,1.279721611738204,0.1083787467671086,0.04219157218746841,-0.17044789070570332
2010-11-30,NIFTY 50,recentred by past errors (point in time),0.22142105889782662,True,False,1.4969163745641707,1.4969163745641707,0.22904510036221154,0.26660227770730854,-0.17044789070570332
2010-12-31,NIFTY 50,production,0.0,True,False,1.2836836636066438,1.2836836636066438,0.1451524658831533,0.09548369417339564,-0.19509752447780493
2010-12-31,NIFTY 50,+ drift uncertainty 0.03,0.0,True,False,1.2871006906032556,1.2871006906032556,0.14495369717327108,0.09549729441478848,-0.19509752447780493
2010-12-31,NIFTY 50,+ drift uncertainty 0.06,0.0,True,False,1.2956021428108202,1.2956021428108202,0.14437931936688694,0.09553725085780025,-0.19509752447780493
2010-12-31,NIFTY 50,+ drift uncertainty 0.10,0.0,True,False,1.331751507520675,1.331751507520675,0.14324048172945883,0.09562799819745123,-0.19509752447780493
2010-12-31,NIFTY 50,recentred by past errors (point in time),0.22152996483085774,True,False,1.5489512652158735,1.5489512652158735,0.2843377851748998,0.3204055663459003,-0.19509752447780493
2011-01-31,NIFTY 50,production,0.0,True,True,1.2340674012899395,1.2340674012899395,0.08123970347494833,0.057252839252352715,-0.003447538946306228
2011-01-31,NIFTY 50,+ drift uncertainty 0.03,0.0,True,True,1.2382126450538635,1.2382126450538635,0.08156965368764307,0.057265912054106596,-0.003447538946306228
2011-01-31,NIFTY 50,+ drift uncertainty 0.06,0.0,True,True,1.251494550704956,1.251494550704956,0.08253563634978739,0.05730431167781353,-0.003447538946306228
2011-01-31,NIFTY 50,+ drift uncertainty 0.10,0.0,True,True,1.278927502036094,1.278927502036094,0.08472198111945933,0.057391416691243646,-0.003447538946306228
2011-01-31,NIFTY 50,recentred by past errors (point in time),0.2245003101935219,True,True,1.4983163863420481,1.4983163863420481,0.14453581880169108,0.28526031254976986,-0.003447538946306228
2011-02-28,NIFTY 50,production,0.0,True,True,1.2415447205305092,1.2415447205305092,0.08182206041930695,0.043383145416155455,0.02206030634780909
2011-02-28,NIFTY 50,+ drift uncertainty 0.03,0.0,True,True,1.2453926503658281,1.2453926503658281,0.08218447429682005,0.04340052111633122,0.02206030634780909
2011-02-28,NIFTY 50,+ drift uncertainty 0.06,0.0,True,True,1.257897898554802,1.257897898554802,0.08328454265873309,0.04345131317153573,0.02206030634780909
2011-02-28,NIFTY 50,+ drift uncertainty 0.10,0.0,True,True,1.2872870266437528,1.2872870266437528,0.08585660147347765,0.043565121125429866,0.02206030634780909
2011-02-28,NIFTY 50,recentred by past errors (point in time),0.21241479904049884,True,True,1.490112981200218,1.490112981200218,0.12353967515489511,0.2598730264008045,0.02206030634780909
2011-03-31,NIFTY 50,production,0.0,True,True,1.221135041117668,1.221135041117668,0.09156616587262792,0.0731053722333163,-0.07960577724328466
2011-03-31,NIFTY 50,+ drift uncertainty 0.03,0.0,True,True,1.225605997443199,1.225605997443199,0.09174763769414057,0.0731111086960882,-0.07960577724328466
2011-03-31,NIFTY 50,+ drift uncertainty 0.06,0.0,True,True,1.241136187314987,1.241136187314987,0.09229407907337667,0.07312835924699902,-0.07960577724328466
2011-03-31,NIFTY 50,+ drift uncertainty 0.10,0.0,True,True,1.2747425436973572,1.2747425436973572,0.09355321276438869,0.07316972237825393,-0.07960577724328466
2011-03-31,NIFTY 50,recentred by past errors (point in time),0.2074778594891023,True,False,1.4600031256675716,1.4600031256675716,0.18480485216416037,0.28384997000545265,-0.07960577724328466
2011-04-29,NIFTY 50,production,0.0,True,True,1.2222977012395857,1.2222977012395857,0.10654819671364421,0.07565251092985273,-0.1290589295559742
2011-04-29,NIFTY 50,+ drift uncertainty 0.03,0.0,True,True,1.2268589943647383,1.2268589943647383,0.10659632039511452,0.07565844126045704,-0.1290589295559742
2011-04-29,NIFTY 50,+ drift uncertainty 0.06,0.0,True,True,1.243774065375327,1.243774065375327,0.10677052018640179,0.07567618514597416,-0.1290589295559742
2011-04-29,NIFTY 50,+ drift uncertainty 0.10,0.0,True,True,1.2790298014879224,1.2790298014879224,0.10723243539287897,0.0757182039283216,-0.1290589295559742
2011-04-29,NIFTY 50,recentred by past errors (point in time),0.2074778594891023,True,False,1.4602597296237942,1.4602597296237942,0.21828053512837997,0.2863873936906457,-0.1290589295559742
2011-05-30,NIFTY 50,production,0.0,True,True,1.1061734706163406,1.1061734706163406,0.07639577380173604,0.04260922585427761,-0.06435280884412864
2011-05-30,NIFTY 50,+ drift uncertainty 0.03,0.0,True,True,1.1145558059215546,1.1145558059215546,0.07669080137720424,0.042620286928489806,-0.06435280884412864
2011-05-30,NIFTY 50,+ drift uncertainty 0.06,0.0,True,True,1.1222948193550106,1.1222948193550106,0.07754444599343352,0.04265294385887682,-0.06435280884412864
2011-05-30,NIFTY 50,+ drift uncertainty 0.10,0.0,True,True,1.1574697464704506,1.1574697464704506,0.0795138101811054,0.0427279829736799,-0.06435280884412864
2011-05-30,NIFTY 50,recentred by past errors (point in time),0.20175378388481666,True,False,1.317569258809089,1.317569258809089,0.1562867780831809,0.2468040419444442,-0.06435280884412864
2011-06-30,NIFTY 50,production,0.0,True,True,1.1151788055896752,1.1151788055896752,0.07887377988226923,0.05373777452856302,-0.06766734817192355
2011-06-30,NIFTY 50,+ drift uncertainty 0.03,0.0,True,True,1.1213225632905957,1.1213225632905957,0.07914616360491092,0.05375212988629937,-0.06766734817192355
2011-06-30,NIFTY 50,+ drift uncertainty 0.06,0.0,True,True,1.1395150363445279,1.1395150363445279,0.07995013361877315,0.05379406897723675,-0.06766734817192355
2011-06-30,NIFTY 50,+ drift uncertainty 0.10,0.0,True,True,1.1743956059217453,1.1743956059217453,0.08177733308220608,0.053888219464570286,-0.06766734817192355
2011-06-30,NIFTY 50,recentred by past errors (point in time),0.19994979441069816,True,False,1.3336666613817214,1.3336666613817214,0.16259543290687703,0.25662368612363934,-0.06766734817192355
2011-07-29,NIFTY 50,production,0.0,True,True,1.0885196119546885,1.0885196119546885,0.07131614904637576,0.03011670286953449,-0.01169710630801657
2011-07-29,NIFTY 50,+ drift uncertainty 0.03,0.0,True,True,1.0925879061222077,1.0925879061222077,0.0716619452376745,0.03012764810025692,-0.01169710630801657
2011-07-29,NIFTY 50,+ drift uncertainty 0.06,0.0,True,True,1.110558605194091,1.110558605194091,0.07266690633203676,0.030159771215170623,-0.01169710630801657
2011-07-29,NIFTY 50,+ drift uncertainty 0.10,0.0,True,True,1.135242059826851,1.135242059826851,0.07504538481458864,0.03023257238417864,-0.01169710630801657
2011-07-29,NIFTY 50,recentred by past errors (point in time),0.19387266040893153,True,True,1.2975829243659973,1.2975829243659973,0.11999396984487265,0.2266091109253466,-0.01169710630801657
2011-08-30,NIFTY 50,production,0.0,True,True,1.1490042835474013,1.1490042835474013,0.09987928204897334,0.03836113762483001,0.1299005621866367
2011-08-30,NIFTY 50,+ drift uncertainty 0.03,0.0,True,True,1.1549355387687683,1.1549355387687683,0.10029445051118405,0.03837112434953451,0.1299005621866367
2011-08-30,NIFTY 50,+ drift uncertainty 0.06,0.0,True,True,1.1661406844854345,1.1661406844854345,0.10153265827750169,0.03840052703768015,0.1299005621866367
2011-08-30,NIFTY 50,+ drift uncertainty 0.10,0.0,True,True,1.199848690629005,1.199848690629005,0.10439671327407207,0.03846768557280302,0.1299005621866367
2011-08-30,NIFTY 50,recentred by past errors (point in time),0.17663924430974406,True,True,1.3443861037492748,1.3443861037492748,0.08981668805236123,0.2176128075942397,0.1299005621866367
2011-09-30,NIFTY 50,production,0.0,True,True,1.129132917523384,1.129132917523384,0.11446673117538894,0.025182996094226837,0.16002905385593702
2011-09-30,NIFTY 50,+ drift uncertainty 0.03,0.0,True,True,1.1359134197235106,1.1359134197235106,0.11485052465401865,0.025188802186399697,0.16002905385593702
2011-09-30,NIFTY 50,+ drift uncertainty 0.06,0.0,True,True,1.1473391413688652,1.1473391413688652,0.11599563168353463,0.025206344604492188,0.16002905385593702
2011-09-30,NIFTY 50,+ drift uncertainty 0.10,0.0,True,True,1.1786914139986038,1.1786914139986038,0.11863907392887668,0.02524881011992693,0.16002905385593702
2011-09-30,NIFTY 50,recentred by past errors (point in time),0.15769513407685987,True,True,1.3016442358493794,1.3016442358493794,0.08610531835726595,0.1851027244217694,0.16002905385593702
2011-10-31,NIFTY 50,production,0.0,True,True,1.0617879599332805,1.0617879599332805,0.08643535833207514,-0.0015565603636205196,0.06014820026071188
2011-10-31,NIFTY 50,+ drift uncertainty 0.03,0.0,True,True,1.066609793901443,1.066609793901443,0.08680952650394566,-0.0015496288388967515,0.06014820026071188
2011-10-31,NIFTY 50,+ drift uncertainty 0.06,0.0,True,True,1.0820862382650376,1.0820862382650376,0.08794632160365204,-0.0015291856713593006,0.06014820026071188
2011-10-31,NIFTY 50,+ drift uncertainty 0.10,0.0,True,True,1.1096088290214539,1.1096088290214539,0.09059747088147144,-0.0014822918884456159,0.06014820026071188
2011-10-31,NIFTY 50,recentred by past errors (point in time),0.13665327094057145,True,True,1.2115027010440826,1.2115027010440826,0.07877113460806229,0.13691001666337252,0.06014820026071188
2011-11-30,NIFTY 50,production,0.0,True,False,1.0569148808717728,1.0569148808717728,0.17112038520620712,-0.0062861693315207955,0.23271367759588468
2011-11-30,NIFTY 50,+ drift uncertainty 0.03,0.0,True,False,1.0581072568893428,1.0581072568893428,0.17126277689764485,-0.006273375794291497,0.23271367759588468
2011-11-30,NIFTY 50,+ drift uncertainty 0.06,0.0,True,False,1.071541479229927,1.071541479229927,0.17173224473954907,-0.006235859110951423,0.23271367759588468
2011-11-30,NIFTY 50,+ drift uncertainty 0.10,0.0,True,False,1.094007635116577,1.094007635116577,0.1728891364451258,-0.0061509587652981285,0.23271367759588468
2011-11-30,NIFTY 50,recentred by past errors (point in time),0.11769962917266398,True,True,1.1799967437982557,1.1799967437982557,0.11318719363837726,0.1130489753112197,0.23271367759588468
2011-12-30,NIFTY 50,production,0.0,True,False,1.0831162720918655,1.0831162720918655,0.23451018923737446,-0.00973299266397953,0.32687112984451816
2011-12-30,NIFTY 50,+ drift uncertainty 0.03,0.0,True,False,1.0891552418470378,1.0891552418470378,0.2345291905780119,-0.009721484396606684,0.32687112984451816
2011-12-30,NIFTY 50,+ drift uncertainty 0.06,0.0,True,False,1.105519729852676,1.105519729852676,0.23462355581041505,-0.009687475580722093,0.32687112984451816
2011-12-30,NIFTY 50,+ drift uncertainty 0.10,0.0,True,False,1.127095317840576,1.127095317840576,0.23487882658569134,-0.009609156120568514,0.32687112984451816
2011-12-30,NIFTY 50,recentred by past errors (point in time),0.09935343916084838,True,False,1.1939754188060752,1.1939754188060752,0.16869134598532284,0.09091813294962049,0.32687112984451816
2012-01-31,NIFTY 50,production,0.0,True,True,1.0508257865905744,1.0508257865905744,0.11951889700948012,0.006876973178237677,0.15401166070846184
2012-01-31,NIFTY 50,+ drift uncertainty 0.03,0.0,True,True,1.0600241512060162,1.0600241512060162,0.11982364485082003,0.006892335992306471,0.15401166070846184
2012-01-31,NIFTY 50,+ drift uncertainty 0.06,0.0,True,True,1.0729234218597408,1.0729234218597408,0.12079328302278905,0.0069370707273483274,0.15401166070846184
2012-01-31,NIFTY 50,+ drift uncertainty 0.10,0.0,True,True,1.0995581120252607,1.0995581120252607,0.12308403439397969,0.007036673076450825,0.15401166070846184
2012-01-31,NIFTY 50,recentred by past errors (point in time),0.07883056243389842,True,True,1.131947365403174,1.131947365403174,0.09330443417775636,0.08684527072310448,0.15401166070846184
2012-02-29,NIFTY 50,production,0.0,True,True,1.0986201077699658,1.0986201077699658,0.09790014269774727,0.015118818808346987,0.11258358012427316
2012-02-29,NIFTY 50,+ drift uncertainty 0.03,0.0,True,True,1.103674307465553,1.103674307465553,0.09833621962455033,0.015135484728962183,0.11258358012427316
2012-02-29,NIFTY 50,+ drift uncertainty 0.06,0.0,True,True,1.120472472906112,1.120472472906112,0.09962278818306375,0.015184375600889324,0.11258358012427316
2012-02-29,NIFTY 50,+ drift uncertainty 0.10,0.0,True,True,1.1450442612171172,1.1450442612171172,0.10250920417227025,0.015295078920200466,0.11258358012427316
2012-02-29,NIFTY 50,recentred by past errors (point in time),0.07185401540227056,True,True,1.1733870953321455,1.1733870953321455,0.08286535310302473,0.08804296082817017,0.11258358012427316
2012-03-30,NIFTY 50,production,0.0,True,True,1.0990337133407593,1.0990337133407593,0.08167942168185738,0.01791592290624976,0.05765979967106616
2012-03-30,NIFTY 50,+ drift uncertainty 0.03,0.0,True,True,1.1045912146568297,1.1045912146568297,0.08210577315948131,0.017931860581040383,0.05765979967106616
2012-03-30,NIFTY 50,+ drift uncertainty 0.06,0.0,True,True,1.1180418998003,1.1180418998003,0.08337159337440245,0.01797861794754863,0.05765979967106616
2012-03-30,NIFTY 50,+ drift uncertainty 0.10,0.0,True,True,1.144515162706375,1.144515162706375,0.08634017643405464,0.0180845742598176,0.05765979967106616
2012-03-30,NIFTY 50,recentred by past errors (point in time),0.06741702233224117,True,True,1.1665954172611233,1.1665954172611233,0.07668063679817075,0.08628073306381702,0.05765979967106616
2012-04-30,NIFTY 50,production,0.0,True,True,1.0513357937335968,1.0513357937335968,0.11255027966506148,0.020284838497638704,0.15733144591057413
2012-04-30,NIFTY 50,+ drift uncertainty 0.03,0.0,True,True,1.053714662790298,1.053714662790298,0.1129151118439162,0.020297858133912085,0.15733144591057413
2012-04-30,NIFTY 50,+ drift uncertainty 0.06,0.0,True,True,1.0660874456167213,1.0660874456167213,0.11397126169765848,0.020335945323109627,0.15733144591057413
2012-04-30,NIFTY 50,+ drift uncertainty 0.10,0.0,True,True,1.0887830704450598,1.0887830704450598,0.11644942001012074,0.020421760119497777,0.15733144591057413
2012-04-30,NIFTY 50,recentred by past errors (point in time),0.05741119634093017,True,True,1.1101737976074217,1.1101737976074217,0.093301328596707,0.07847655224055052,0.15733144591057413
2012-05-31,NIFTY 50,production,0.0,True,False,1.1215610593557357,1.1215610593557357,0.13139740768358263,0.014212475262582302,0.18506811206460094
2012-05-31,NIFTY 50,+ drift uncertainty 0.03,0.0,True,False,1.1251945197582243,1.1251945197582243,0.1317250615588928,0.014230079539120198,0.18506811206460094
2012-05-31,NIFTY 50,+ drift uncertainty 0.06,0.0,True,False,1.1330544739961623,1.1330544739961623,0.1327285096229186,0.014281591534614562,0.18506811206460094
2012-05-31,NIFTY 50,+ drift uncertainty 0.10,0.0,True,True,1.1597686886787413,1.1597686886787413,0.13505516831584777,0.014397714719176292,0.18506811206460094
2012-05-31,NIFTY 50,recentred by past errors (point in time),0.04601455995715812,True,True,1.1680290400981899,1.1680290400981899,0.11210770427492883,0.06095654106885195,0.18506811206460094
2012-06-29,NIFTY 50,production,0.0,True,True,1.0867300987243653,1.0867300987243653,0.10212039588767108,0.027893237322568893,0.13901763746868934
2012-06-29,NIFTY 50,+ drift uncertainty 0.03,0.0,True,True,1.0898869007825847,1.0898869007825847,0.10255697180437146,0.027907415442168713,0.13901763746868934
2012-06-29,NIFTY 50,+ drift uncertainty 0.06,0.0,True,True,1.112051698565483,1.112051698565483,0.10386624995879393,0.02794900300912559,0.13901763746868934
2012-06-29,NIFTY 50,+ drift uncertainty 0.10,0.0,True,True,1.1302415251731859,1.1302415251731859,0.10678068443873986,0.028043376225978137,0.13901763746868934
2012-06-29,NIFTY 50,recentred by past errors (point in time),0.03964053517984295,True,True,1.1272577643394468,1.1272577643394468,0.09066322771778926,0.06813104026205838,0.13901763746868934
2012-07-31,NIFTY 50,production,0.0,True,True,1.0645858377218238,1.0645858377218238,0.0903411917267192,0.023568942597135902,0.10420240709038486
2012-07-31,NIFTY 50,+ drift uncertainty 0.03,0.0,True,True,1.0706386297941206,1.0706386297941206,0.0908270457080273,0.023587175706401467,0.10420240709038486
2012-07-31,NIFTY 50,+ drift uncertainty 0.06,0.0,True,True,1.0919278532266614,1.0919278532266614,0.09225452656944963,0.023640429990366103,0.10420240709038486
2012-07-31,NIFTY 50,+ drift uncertainty 0.10,0.0,True,True,1.113171765208243,1.113171765208243,0.09532274625581591,0.023759942987933755,0.10420240709038486
2012-07-31,NIFTY 50,recentred by past errors (point in time),0.03319870886462977,True,True,1.0995629400014866,1.0995629400014866,0.08295999021734515,0.05723673183843493,0.10420240709038486
2012-08-31,NIFTY 50,production,0.0,True,True,1.0987116754055022,1.0987116754055022,0.09876993435343714,0.027272272165864708,0.12717615885331823
2012-08-31,NIFTY 50,+ drift uncertainty 0.03,0.0,True,True,1.1064341664314268,1.1064341664314268,0.09921157383079188,0.027284633707255125,0.12717615885331823
2012-08-31,NIFTY 50,+ drift uncertainty 0.06,0.0,True,True,1.1205130368471141,1.1205130368471141,0.10052053327699229,0.027320835042744875,0.12717615885331823
2012-08-31,NIFTY 50,+ drift uncertainty 0.10,0.0,True,True,1.1440235942602157,1.1440235942602157,0.10354916623003188,0.027402573730796576,0.12717615885331823
2012-08-31,NIFTY 50,recentred by past errors (point in time),0.030313612016853585,True,True,1.131779080629348,1.131779080629348,0.0905136957572012,0.05805603171512484,0.12717615885331823
2012-09-28,NIFTY 50,production,0.0,True,True,1.0384267449378966,1.0384267449378966,0.0778908828495044,0.029122667899355293,0.06950953638889112
2012-09-28,NIFTY 50,+ drift uncertainty 0.03,0.0,True,True,1.0444551050662991,1.0444551050662991,0.07837222019819465,0.02913200210779905,0.06950953638889112
2012-09-28,NIFTY 50,+ drift uncertainty 0.06,0.0,True,True,1.0621719628572464,1.0621719628572464,0.07975947890054014,0.029159543929621577,0.06950953638889112
2012-09-28,NIFTY 50,+ drift uncertainty 0.10,0.0,True,True,1.0863921195268627,1.0863921195268627,0.08289307709132337,0.029222831074148418,0.06950953638889112
2012-09-28,NIFTY 50,recentred by past errors (point in time),0.0325812347037037,True,True,1.0692489624023436,1.0692489624023436,0.0737091259957545,0.06213227363862097,0.06950953638889112
2012-10-31,NIFTY 50,production,0.0,True,True,1.0077496021986008,1.0077496021986008,0.08773762278648184,0.013703712221235037,0.0958485114518135
2012-10-31,NIFTY 50,+ drift uncertainty 0.03,0.0,True,True,1.016226440668106,1.016226440668106,0.08820238630980587,0.013712956795468927,0.0958485114518135
2012-10-31,NIFTY 50,+ drift uncertainty 0.06,0.0,True,True,1.0319837123155593,1.0319837123155593,0.08954602799803182,0.013740219464525581,0.0958485114518135
2012-10-31,NIFTY 50,+ drift uncertainty 0.10,0.0,True,True,1.0568872243165965,1.0568872243165965,0.09246067038403738,0.013802743105217815,0.0958485114518135
2012-10-31,NIFTY 50,recentred by past errors (point in time),0.036233549812918216,True,True,1.0440291821956635,1.0440291821956635,0.0793779417489916,0.050397431176155805,0.0958485114518135
2012-11-30,NIFTY 50,production,0.0,True,True,1.0215079843997956,1.0215079843997956,0.08305204726509222,0.030674768514931203,0.09648555343730769
2012-11-30,NIFTY 50,+ drift uncertainty 0.03,0.0,True,True,1.0266775906085968,1.0266775906085968,0.08354777086000567,0.030684572553262113,0.09648555343730769
2012-11-30,NIFTY 50,+ drift uncertainty 0.06,0.0,True,True,1.0383375436067563,1.0383375436067563,0.08496734471580442,0.03071344630420208,0.09648555343730769
2012-11-30,NIFTY 50,+ drift uncertainty 0.10,0.0,True,True,1.0677870392799376,1.0677870392799376,0.08808039465885315,0.030779513359069824,0.09648555343730769
2012-11-30,NIFTY 50,recentred by past errors (point in time),0.037111867427104914,True,True,1.0552092522382737,1.0552092522382737,0.0761654124546986,0.06824025011248887,0.09648555343730769
2012-12-31,NIFTY 50,production,0.0,True,True,1.0125883579254151,1.0125883579254151,0.07637878584548488,0.016200712053105235,0.05932055638086986
2012-12-31,NIFTY 50,+ drift uncertainty 0.03,0.0,True,True,1.0188971251249312,1.0188971251249312,0.07686397991818128,0.016215545691549777,0.05932055638086986
2012-12-31,NIFTY 50,+ drift uncertainty 0.06,0.0,True,True,1.0367285311222054,1.0367285311222054,0.07825740843236381,0.016258809318766,0.05932055638086986
2012-12-31,NIFTY 50,+ drift uncertainty 0.10,0.0,True,True,1.0748832553625105,1.0748832553625105,0.08134537059798588,0.01635577294230461,0.05932055638086986
2012-12-31,NIFTY 50,recentred by past errors (point in time),0.0438414667437816,True,True,1.057186409831047,1.057186409831047,0.07135525939592943,0.0604901915770024,0.05932055638086986
2013-01-31,NIFTY 50,production,0.0,True,True,1.0110724210739133,1.0110724210739133,0.06725859963628736,0.0289848740324378,0.01786094960754503
2013-01-31,NIFTY 50,+ drift uncertainty 0.03,0.0,True,True,1.017647686600685,1.017647686600685,0.06772621607825899,0.028998640287667514,0.01786094960754503
2013-01-31,NIFTY 50,+ drift uncertainty 0.06,0.0,True,True,1.031082850694655,1.031082850694655,0.06908883254843307,0.029038762502372265,0.01786094960754503
2013-01-31,NIFTY 50,+ drift uncertainty 0.10,0.0,True,True,1.0566538184881202,1.0566538184881202,0.07214915192256105,0.029128567527979612,0.01786094960754503
2013-01-31,NIFTY 50,recentred by past errors (point in time),0.053285423381353086,True,True,1.0630344599485397,1.0630344599485397,0.06995769367989654,0.0828694015443325,0.01786094960754503
2013-02-28,NIFTY 50,production,0.0,True,True,0.9822743147611617,0.9822743147611617,0.10508322401026807,0.026630373470485212,0.1588001993930208
2013-02-28,NIFTY 50,+ drift uncertainty 0.03,0.0,True,True,0.9872788548469538,0.9872788548469538,0.1054819757386665,0.026645305093377827,0.1588001993930208
2013-02-28,NIFTY 50,+ drift uncertainty 0.06,0.0,True,True,1.0071960389614103,1.0071960389614103,0.10670949510074332,0.0266887340657413,0.1588001993930208
2013-02-28,NIFTY 50,+ drift uncertainty 0.10,0.0,True,True,1.040107777714729,1.040107777714729,0.10950766862405076,0.026785682186484337,0.1588001993930208
2013-02-28,NIFTY 50,recentred by past errors (point in time),0.056218212886005314,True,True,1.0342233210802074,1.0342233210802074,0.08659804660034559,0.08347079296410084,0.1588001993930208
2013-03-28,NIFTY 50,production,0.0,True,False,0.9845987677574156,0.9845987677574156,0.12745701120225691,0.03306439604982734,0.21162643708628348
2013-03-28,NIFTY 50,+ drift uncertainty 0.03,0.0,True,False,0.9906419992446897,0.9906419992446897,0.12776507875447846,0.03307833663746715,0.21162643708628348
2013-03-28,NIFTY 50,+ drift uncertainty 0.06,0.0,True,False,1.0034975856542587,1.0034975856542587,0.1286677185570746,0.03311888088658452,0.21162643708628348
2013-03-28,NIFTY 50,+ drift uncertainty 0.10,0.0,True,False,1.0370603322982788,1.0370603322982788,0.13094344151308387,0.03320943243056536,0.21162643708628348
2013-03-28,NIFTY 50,recentred by past errors (point in time),0.05746810829297261,True,True,1.0396821171045303,1.0396821171045303,0.10205765472175984,0.09115197258070111,0.21162643708628348
2013-04-30,NIFTY 50,production,0.0,True,False,0.977880710363388,0.977880710363388,0.12368330938385028,0.042362776666879653,0.2144222477576132
2013-04-30,NIFTY 50,+ drift uncertainty 0.03,0.0,True,False,0.9855373829603191,0.9855373829603191,0.12401071228251234,0.042378277126699684,0.2144222477576132
2013-04-30,NIFTY 50,+ drift uncertainty 0.06,0.0,True,False,0.997541314363479,0.997541314363479,0.12500201992112683,0.04242324629053473,0.2144222477576132
2013-04-30,NIFTY 50,+ drift uncertainty 0.10,0.0,True,False,1.0377947509288787,1.0377947509288787,0.12747091978984412,0.04252308762446046,0.2144222477576132
2013-04-30,NIFTY 50,recentred by past errors (point in time),0.056946807365673896,True,True,1.0322660863399504,1.0322660863399504,0.09950334790636167,0.09989791316911578,0.2144222477576132
2013-05-31,NIFTY 50,production,0.0,True,False,1.002093848586082,1.002093848586082,0.16495453648015487,0.053354733280837535,0.2946980136838815
2013-05-31,NIFTY 50,+ drift uncertainty 0.03,0.0,True,False,1.0057760000228864,1.0057760000228864,0.1651028101155214,0.05336799056082964,0.2946980136838815
2013-05-31,NIFTY 50,+ drift uncertainty 0.06,0.0,True,False,1.0256265938282005,1.0256265938282005,0.16560862649755229,0.05340653332695365,0.2946980136838815
2013-05-31,NIFTY 50,+ drift uncertainty 0.10,0.0,True,False,1.0534572333097458,1.0534572333097458,0.1669927226388847,0.05349252739548683,0.2946980136838815
2013-05-31,NIFTY 50,recentred by past errors (point in time),0.059235373081309946,True,False,1.0571363925933834,1.0571363925933834,0.1313310238888996,0.11325756912305951,0.2946980136838815
2013-06-28,NIFTY 50,production,0.0,True,False,0.9995542258024213,0.9995542258024213,0.1619591352865402,0.07579254448786378,0.3123091898003847
2013-06-28,NIFTY 50,+ drift uncertainty 0.03,0.0,True,False,1.0068421691656113,1.0068421691656113,0.16214380347927657,0.07580498421378434,0.3123091898003847
2013-06-28,NIFTY 50,+ drift uncertainty 0.06,0.0,True,False,1.0254311621189103,1.0254311621189103,0.16273341227975846,0.07584111184813082,0.3123091898003847
2013-06-28,NIFTY 50,+ drift uncertainty 0.10,0.0,True,False,1.0630695849657057,1.0630695849657057,0.1642385016474636,0.07592163954675198,0.3123091898003847
2013-06-28,NIFTY 50,recentred by past errors (point in time),0.06233593596244074,True,False,1.0583158165216444,1.0583158165216444,0.1269741319149923,0.13879536117054522,0.3123091898003847
2013-07-31,NIFTY 50,production,0.0,True,False,0.9608227640390394,0.9608227640390394,0.20748936662101397,0.061639982258901,0.3655208615998735
2013-07-31,NIFTY 50,+ drift uncertainty 0.03,0.0,True,False,0.9678601592779159,0.9678601592779159,0.2074757572731871,0.06165198785625398,0.3655208615998735
2013-07-31,NIFTY 50,+ drift uncertainty 0.06,0.0,True,False,0.9827220678329466,0.9827220678329466,0.20743564879661452,0.06168680823035538,0.3655208615998735
2013-07-31,NIFTY 50,+ drift uncertainty 0.10,0.0,True,False,1.0229364901781075,1.0229364901781075,0.2076788980443751,0.061764267027378084,0.3655208615998735
2013-07-31,NIFTY 50,recentred by past errors (point in time),0.06365454310254019,True,False,1.0179703146219252,1.0179703146219252,0.16375459346049576,0.12597921388596298,0.3655208615998735
2013-08-30,NIFTY 50,production,0.0,True,False,0.9668589442968365,0.9668589442968365,0.31915225087962606,0.056539127789437774,0.5007053776620949
2013-08-30,NIFTY 50,+ drift uncertainty 0.03,0.0,True,False,0.9731672734022139,0.9731672734022139,0.3187725472910595,0.05655776494368911,0.5007053776620949
2013-08-30,NIFTY 50,+ drift uncertainty 0.06,0.0,True,False,0.9891981661319731,0.9891981661319731,0.3177198134836024,0.05661145356670022,0.5007053776620949
2013-08-30,NIFTY 50,+ drift uncertainty 0.10,0.0,True,False,1.0275304555892943,1.0275304555892943,0.3157124268637841,0.05672901716828346,0.5007053776620949
2013-08-30,NIFTY 50,recentred by past errors (point in time),0.06410135682334832,True,False,1.025803905725479,1.025803905725479,0.2630706144526802,0.12127983721718193,0.5007053776620949
2013-09-30,NIFTY 50,production,0.0,True,False,1.0037383973598475,1.0037383973598475,0.2145555321000471,0.05586701276153326,0.36864412227062515
2013-09-30,NIFTY 50,+ drift uncertainty 0.03,0.0,True,False,1.0101379483938213,1.0101379483938213,0.21452381255170658,0.055875921998173,0.36864412227062515
2013-09-30,NIFTY 50,+ drift uncertainty 0.06,0.0,True,False,1.0314897149801254,1.0314897149801254,0.2145113848301184,0.05590193359181285,0.36864412227062515
2013-09-30,NIFTY 50,+ drift uncertainty 0.10,0.0,True,False,1.0738914400339123,1.0738914400339123,0.2148528765955806,0.055960770789533855,0.36864412227062515
2013-09-30,NIFTY 50,recentred by past errors (point in time),0.06501937040960742,True,False,1.065372455120086,1.065372455120086,0.17013061109191444,0.12177886153385044,0.36864412227062515
2013-10-31,NIFTY 50,production,0.0,True,False,0.9657202929258345,0.9657202929258345,0.1524394187694498,0.12575873836502433,0.3512677543424745
2013-10-31,NIFTY 50,+ drift uncertainty 0.03,0.0,True,False,0.9713538199663161,0.9713538199663161,0.15259904463665863,0.12578358829766512,0.3512677543424745
2013-10-31,NIFTY 50,+ drift uncertainty 0.06,0.0,True,False,0.9891526520252224,0.9891526520252224,0.15320396458716426,0.1258541579209268,0.3512677543424745
2013-10-31,NIFTY 50,+ drift uncertainty 0.10,0.0,True,False,1.0297279953956597,1.0297279953956597,0.15479328517038338,0.12600458769127726,0.3512677543424745
2013-10-31,NIFTY 50,recentred by past errors (point in time),0.06440355786160563,True,True,1.0200991898775098,1.0200991898775098,0.11762895224113151,0.19084253223985434,0.3512677543424745
2013-11-29,NIFTY 50,production,0.0,True,False,0.9291521936655045,0.9291521936655045,0.12889771655533738,0.12862344335019588,0.317152983505681
2013-11-29,NIFTY 50,+ drift uncertainty 0.03,0.0,True,False,0.9363533496856689,0.9363533496856689,0.12919752740274484,0.12864734822511673,0.317152983505681
2013-11-29,NIFTY 50,+ drift uncertainty 0.06,0.0,True,False,0.9523485392332077,0.9523485392332077,0.13012428908617366,0.1287149768061936,0.317152983505681
2013-11-29,NIFTY 50,+ drift uncertainty 0.10,0.0,True,False,0.9940532207489009,0.9940532207489009,0.1325189348987759,0.1288584482781589,0.317152983505681
2013-11-29,NIFTY 50,recentred by past errors (point in time),0.06483627106572692,True,True,0.9796172380447388,0.9796172380447388,0.0980245927401315,0.19415342266112565,0.317152983505681
2013-12-31,NIFTY 50,production,0.0,True,False,0.9044623285531996,0.9044623285531996,0.16667661690897667,0.125010869666934,0.3741410173225981
2013-12-31,NIFTY 50,+ drift uncertainty 0.03,0.0,True,False,0.9108434110879896,0.9108434110879896,0.16667663178119294,0.1250344484001398,0.3741410173225981
2013-12-31,NIFTY 50,+ drift uncertainty 0.06,0.0,True,False,0.9294754981994628,0.9294754981994628,0.16676939354405082,0.12510102978348733,0.3741410173225981
2013-12-31,NIFTY 50,+ drift uncertainty 0.10,0.0,True,False,0.9715011805295941,0.9715011805295941,0.16759350190416733,0.1252418912872672,0.3741410173225981
2013-12-31,NIFTY 50,recentred by past errors (point in time),0.06485947377659954,True,False,0.9549600094556805,0.9549600094556805,0.1264003485644566,0.19057310600578786,0.3741410173225981
2014-01-31,NIFTY 50,production,0.0,True,False,0.8748869091272349,0.8748869091272349,0.2440636519871179,0.11837626907229423,0.4696093420762515
2014-01-31,NIFTY 50,+ drift uncertainty 0.03,0.0,True,False,0.8853099018335342,0.8853099018335342,0.24364988193459886,0.11839699712395668,0.4696093420762515
2014-01-31,NIFTY 50,+ drift uncertainty 0.06,0.0,True,False,0.897480723261833,0.897480723261833,0.2424997900023606,0.11845538175478577,0.4696093420762515
2014-01-31,NIFTY 50,+ drift uncertainty 0.10,0.0,True,False,0.9315542191267013,0.9315542191267013,0.2405745269604093,0.11857855936512351,0.4696093420762515
2014-01-31,NIFTY 50,recentred by past errors (point in time),0.06435390099871964,True,False,0.9263702690601345,0.9263702690601345,0.1922479100927644,0.1834122615084052,0.4696093420762515
2014-02-28,NIFTY 50,production,0.0,True,False,0.8649070769548413,0.8649070769548413,0.17993271459144838,0.12486358980089426,0.39361208445101425
2014-02-28,NIFTY 50,+ drift uncertainty 0.03,0.0,True,False,0.873824924230575,0.873824924230575,0.17980219667945635,0.12488190013170242,0.39361208445101425
2014-02-28,NIFTY 50,+ drift uncertainty 0.06,0.0,True,False,0.8907979786396027,0.8907979786396027,0.17952669546884858,0.12493357256054878,0.39361208445101425
2014-02-28,NIFTY 50,+ drift uncertainty 0.10,0.0,True,False,0.9315553516149517,0.9315553516149517,0.17958726539151595,0.12504325925186277,0.39361208445101425
2014-02-28,NIFTY 50,recentred by past errors (point in time),0.06263849587545572,True,False,0.9135359108448025,0.9135359108448025,0.1375530103670085,0.18809077821671963,0.39361208445101425
2014-03-31,NIFTY 50,production,0.0,True,False,0.8455928415060037,0.8455928415060037,0.1068484824190096,0.12112708131223918,0.27382856350593365
2014-03-31,NIFTY 50,+ drift uncertainty 0.03,0.0,True,False,0.8547046989202498,0.8547046989202498,0.10717035361018376,0.12114198913425207,0.27382856350593365
2014-03-31,NIFTY 50,+ drift uncertainty 0.06,0.0,True,False,0.8767275780439375,0.8767275780439375,0.10824971664097915,0.12118408773094416,0.27382856350593365
2014-03-31,NIFTY 50,+ drift uncertainty 0.10,0.0,True,True,0.920793485641479,0.920793485641479,0.11112441782922791,0.12127382723242044,0.27382856350593365
2014-03-31,NIFTY 50,recentred by past errors (point in time),0.06418363654316861,True,True,0.8953272521495819,0.8953272521495819,0.08025230325248892,0.185830960072577,0.27382856350593365
2014-04-30,NIFTY 50,production,0.0,True,False,0.8633172959089277,0.8633172959089277,0.11725292060849168,0.09551373663544654,0.26562241502311723
2014-04-30,NIFTY 50,+ drift uncertainty 0.03,0.0,True,False,0.8709310650825498,0.8709310650825498,0.11751294593955092,0.09552299372851848,0.26562241502311723
2014-04-30,NIFTY 50,+ drift uncertainty 0.06,0.0,True,False,0.8889776825904842,0.8889776825904842,0.11842633525099325,0.0955492806211114,0.26562241502311723
2014-04-30,NIFTY 50,+ drift uncertainty 0.10,0.0,True,False,0.9337775200605389,0.9337775200605389,0.1207489178017907,0.09560615848004818,0.26562241502311723
2014-04-30,NIFTY 50,recentred by past errors (point in time),0.06667012359737053,True,True,0.9137617141008374,0.9137617141008374,0.08647842860649954,0.16279527904838323,0.26562241502311723
2014-05-30,NIFTY 50,production,0.0,True,True,0.7303529828786847,0.7303529828786847,0.059320953126138706,0.07707846844941378,0.13381509404198733
2014-05-30,NIFTY 50,+ drift uncertainty 0.03,0.0,True,True,0.7346240907907484,0.7346240907907484,0.05989018995798373,0.07709326829761266,0.13381509404198733
2014-05-30,NIFTY 50,+ drift uncertainty 0.06,0.0,True,True,0.7496133446693418,0.7496133446693418,0.06160817520453887,0.07713470777124166,0.13381509404198733
2014-05-30,NIFTY 50,+ drift uncertainty 0.10,0.0,True,True,0.7970393568277356,0.7970393568277356,0.06592795433854745,0.07722230745106935,0.13381509404198733
2014-05-30,NIFTY 50,recentred by past errors (point in time),0.06891245013978249,True,True,0.7768688797950738,0.7768688797950738,0.0506532062243191,0.14651937112212182,0.13381509404198733
2014-06-30,NIFTY 50,production,0.0,True,True,0.728270775079727,0.728270775079727,0.057377227888093255,0.0959737851023674,0.1457474538313266
2014-06-30,NIFTY 50,+ drift uncertainty 0.03,0.0,True,True,0.7364457964897155,0.7364457964897155,0.057992343486822945,0.09598995634913444,0.1457474538313266
2014-06-30,NIFTY 50,+ drift uncertainty 0.06,0.0,True,True,0.7512725353240963,0.7512725353240963,0.05985654998168624,0.09603496103733777,0.1457474538313266
2014-06-30,NIFTY 50,+ drift uncertainty 0.10,0.0,True,True,0.8035662114620208,0.8035662114620208,0.06441033899543788,0.09612919256091118,0.1457474538313266
2014-06-30,NIFTY 50,recentred by past errors (point in time),0.07250475910360045,True,True,0.7774656444787977,0.7774656444787977,0.05061792458286901,0.1690569770783186,0.1457474538313266
2014-07-31,NIFTY 50,production,0.0,True,True,0.6996001631021496,0.6996001631021496,0.04974768686381065,0.08605556883662939,0.11227699551147774
2014-07-31,NIFTY 50,+ drift uncertainty 0.03,0.0,True,True,0.7070370644330978,0.7070370644330978,0.05047597978102254,0.08607083878666162,0.11227699551147774
2014-07-31,NIFTY 50,+ drift uncertainty 0.06,0.0,True,True,0.7228204965591429,0.7228204965591429,0.05263003649418943,0.08611325334012508,0.11227699551147774
2014-07-31,NIFTY 50,+ drift uncertainty 0.10,0.0,True,True,0.7762358099222184,0.7762358099222184,0.05732249249319743,0.08620202426612378,0.11227699551147774
2014-07-31,NIFTY 50,recentred by past errors (point in time),0.07585194045480291,True,True,0.7476376265287397,0.7476376265287397,0.050190410571283234,0.1624970690086484,0.11227699551147774
2014-08-28,NIFTY 50,production,0.0,True,True,0.6778118997812266,0.6778118997812266,0.05679076328491224,0.08607881988584995,-0.007936328854475039
2014-08-28,NIFTY 50,+ drift uncertainty 0.03,0.0,True,True,0.6854215115308757,0.6854215115308757,0.057151092628834194,0.08609928107261658,-0.007936328854475039
2014-08-28,NIFTY 50,+ drift uncertainty 0.06,0.0,True,True,0.7062746703624722,0.7062746703624722,0.05824047789678741,0.08615565463155508,-0.007936328854475039
2014-08-28,NIFTY 50,+ drift uncertainty 0.10,0.0,True,True,0.7641200482845306,0.7641200482845306,0.06069918125830698,0.08627186542004348,-0.007936328854475039
2014-08-28,NIFTY 50,recentred by past errors (point in time),0.0804125192325263,True,False,0.7272636890411373,0.7272636890411373,0.09489814664559856,0.16693924451619388,-0.007936328854475039
2014-09-30,NIFTY 50,production,0.0,True,True,0.6770863771438594,0.6770863771438594,0.04435190354623966,0.07635490150749684,0.0478537691386387
2014-09-30,NIFTY 50,+ drift uncertainty 0.03,0.0,True,True,0.6863160461187362,0.6863160461187362,0.045036653612914146,0.07637360288947821,0.0478537691386387
2014-09-30,NIFTY 50,+ drift uncertainty 0.06,0.0,True,True,0.7042582213878628,0.7042582213878628,0.046956706156854155,0.07642516761273145,0.0478537691386387
2014-09-30,NIFTY 50,+ drift uncertainty 0.10,0.0,True,True,0.7534635305404659,0.7534635305404659,0.05116394194026799,0.07653172103315592,0.0478537691386387
2014-09-30,NIFTY 50,recentred by past errors (point in time),0.08754494532350926,True,True,0.7325428038835524,0.7325428038835524,0.06627803673776714,0.16447298738360405,0.0478537691386387
2014-10-31,NIFTY 50,production,0.0,True,False,0.6857689946889877,0.6857689946889877,0.08517538095896095,0.10184571433067321,-0.0550794468879765
2014-10-31,NIFTY 50,+ drift uncertainty 0.03,0.0,True,False,0.6954243183135982,0.6954243183135982,0.08495856199417107,0.1018654218018055,-0.0550794468879765
2014-10-31,NIFTY 50,+ drift uncertainty 0.06,0.0,True,False,0.7173608958721159,0.7173608958721159,0.08447255482705211,0.10191967162489891,-0.0550794468879765
2014-10-31,NIFTY 50,+ drift uncertainty 0.10,0.0,True,True,0.7687822908163068,0.7687822908163068,0.08414436952357196,0.10203149995952844,-0.0550794468879765
2014-10-31,NIFTY 50,recentred by past errors (point in time),0.09187633309630892,True,False,0.742701998353004,0.742701998353004,0.14627473005366937,0.19435986533015967,-0.0550794468879765
2014-11-28,NIFTY 50,production,0.0,True,False,0.6711039364337916,0.6711039364337916,0.10254628403646349,0.0915299177467823,-0.09366462742497217
2014-11-28,NIFTY 50,+ drift uncertainty 0.03,0.0,True,False,0.6807705223560332,0.6807705223560332,0.10203990200484651,0.0915498390197754,-0.09366462742497217
2014-11-28,NIFTY 50,+ drift uncertainty 0.06,0.0,True,False,0.7026967674493787,0.7026967674493787,0.10071898908049001,0.0916045304685831,-0.09366462742497217
2014-11-28,NIFTY 50,+ drift uncertainty 0.10,0.0,True,False,0.7554753750562667,0.7554753750562667,0.09866885446296772,0.09171676419675351,-0.09366462742497217
2014-11-28,NIFTY 50,recentred by past errors (point in time),0.0943977044714248,True,False,0.731121265888214,0.731121265888214,0.17147719778820622,0.186550238750875,-0.09366462742497217
2014-12-31,NIFTY 50,production,0.0,True,False,0.6730502486228939,0.6730502486228939,0.08422803352943371,0.08024324810504914,-0.07501747964708327
2014-12-31,NIFTY 50,+ drift uncertainty 0.03,0.0,True,False,0.6791526883840558,0.6791526883840558,0.08396071854357758,0.08026630031317472,-0.07501747964708327
2014-12-31,NIFTY 50,+ drift uncertainty 0.06,0.0,True,False,0.6986484378576274,0.6986484378576274,0.08348021802457112,0.08032918470352889,-0.07501747964708327
2014-12-31,NIFTY 50,+ drift uncertainty 0.10,0.0,True,True,0.7540124893188473,0.7540124893188473,0.08314450155698966,0.08045666754245757,-0.07501747964708327
2014-12-31,NIFTY 50,recentred by past errors (point in time),0.0961408866137222,True,False,0.7314906775951379,0.7314906775951379,0.14999443162739312,0.17718695034086704,-0.07501747964708327
2015-01-30,NIFTY 50,production,0.0,True,False,0.686144262552261,0.686144262552261,0.19295360997460526,0.10215799374133348,-0.197671173480233
2015-01-30,NIFTY 50,+ drift uncertainty 0.03,0.0,True,False,0.6945747852325439,0.6945747852325439,0.1917703169256843,0.10217674338817596,-0.197671173480233
2015-01-30,NIFTY 50,+ drift uncertainty 0.06,0.0,True,False,0.7108901977539055,0.7108901977539055,0.18842099372586024,0.10222819455713034,-0.197671173480233
2015-01-30,NIFTY 50,+ drift uncertainty 0.10,0.0,True,False,0.7599970012903192,0.7599970012903192,0.181584332380253,0.10233376664668321,-0.197671173480233
2015-01-30,NIFTY 50,recentred by past errors (point in time),0.0989225095417575,False,False,0.749618375301361,1.868140988887955,0.2773264881837714,0.20197733993828296,-0.197671173480233
2015-02-27,NIFTY 50,production,0.0,True,False,0.6766101568937299,0.6766101568937299,0.1443366592403069,0.0986270408257842,-0.14251571401687313
2015-02-27,NIFTY 50,+ drift uncertainty 0.03,0.0,True,False,0.6871840804815291,0.6871840804815291,0.14340869447755747,0.09864810234308242,-0.14251571401687313
2015-02-27,NIFTY 50,+ drift uncertainty 0.06,0.0,True,False,0.7083824306726455,0.7083824306726455,0.14082790946197132,0.0987057543694973,-0.14251571401687313
2015-02-27,NIFTY 50,+ drift uncertainty 0.10,0.0,True,False,0.7606495857238768,0.7606495857238768,0.13581932330024146,0.09882356975227595,-0.14251571401687313
2015-02-27,NIFTY 50,recentred by past errors (point in time),0.10342805531786822,False,False,0.7398300260305405,0.8992267548505165,0.2278301656095812,0.20282525861263276,-0.14251571401687313
2015-03-31,NIFTY 50,production,0.0,True,False,0.6671993106603621,0.6671993106603621,0.089940642121011,0.08443367966264487,-0.08022367376027095
2015-03-31,NIFTY 50,+ drift uncertainty 0.03,0.0,True,False,0.6801405757665634,0.6801405757665634,0.08959194605880934,0.08445532573014498,-0.08022367376027095
2015-03-31,NIFTY 50,+ drift uncertainty 0.06,0.0,True,False,0.7011766135692593,0.7011766135692593,0.08882164936989347,0.0845145568549633,-0.08022367376027095
2015-03-31,NIFTY 50,+ drift uncertainty 0.10,0.0,True,False,0.7543837368488311,0.7543837368488311,0.08790862167476562,0.08463546409457921,-0.08022367376027095
2015-03-31,NIFTY 50,recentred by past errors (point in time),0.10632841390264455,True,False,0.7345362037420272,0.7345362037420272,0.16481298903206,0.191550834544003,-0.08022367376027095
2015-04-30,NIFTY 50,production,0.0,True,True,0.6684749811887738,0.6684749811887738,0.060358135442575955,0.0776782012283802,-0.028105938995159008
2015-04-30,NIFTY 50,+ drift uncertainty 0.03,0.0,True,True,0.6778505235910415,0.6778505235910415,0.06066619935145838,0.07769824651628733,-0.028105938995159008
2015-04-30,NIFTY 50,+ drift uncertainty 0.06,0.0,True,True,0.6952754229307165,0.6952754229307165,0.061454258026717834,0.07775315880775452,-0.028105938995159008
2015-04-30,NIFTY 50,+ drift uncertainty 0.10,0.0,True,True,0.7469173640012735,0.7469173640012735,0.06333602346484796,0.07786541260033845,-0.028105938995159008
2015-04-30,NIFTY 50,recentred by past errors (point in time),0.10712794956283507,True,False,0.7352312505245207,0.7352312505245207,0.12036539772425642,0.18562233665585517,-0.028105938995159008
2015-05-29,NIFTY 50,production,0.0,True,True,0.6764001011848447,0.6764001011848447,0.05688186170725733,0.08986381824314595,-0.00620713737911871
2015-05-29,NIFTY 50,+ drift uncertainty 0.03,0.0,True,True,0.6847839832305908,0.6847839832305908,0.05725061142123157,0.08988486767560244,-0.00620713737911871
2015-05-29,NIFTY 50,+ drift uncertainty 0.06,0.0,True,True,0.7025226354598997,0.7025226354598997,0.05828919347115473,0.08994240293651819,-0.00620713737911871
2015-05-29,NIFTY 50,+ drift uncertainty 0.10,0.0,True,True,0.7541154593229291,0.7541154593229291,0.06070238401086378,0.09005963115394115,-0.00620713737911871
2015-05-29,NIFTY 50,recentred by past errors (point in time),0.10819541954291702,True,False,0.7417470425367351,0.7417470425367351,0.11423397363062318,0.19894577834010124,-0.00620713737911871
2015-06-30,NIFTY 50,production,0.0,True,True,0.6679710149765012,0.6679710149765012,0.046549213719615234,0.08118265721201896,0.02511821043823903
2015-06-30,NIFTY 50,+ drift uncertainty 0.03,0.0,True,True,0.6777356714010238,0.6777356714010238,0.047148005675119675,0.08120223344117403,0.02511821043823903
2015-06-30,NIFTY 50,+ drift uncertainty 0.06,0.0,True,True,0.6930610924959182,0.6930610924959182,0.04889379338022448,0.08125579115748406,0.02511821043823903
2015-06-30,NIFTY 50,+ drift uncertainty 0.10,0.0,True,True,0.7430608332157131,0.7430608332157131,0.05262527885077578,0.0813651782348752,0.02511821043823903
2015-06-30,NIFTY 50,recentred by past errors (point in time),0.10733777297707796,True,False,0.7355478912591931,0.7355478912591931,0.08924269355139995,0.18948512804508208,0.02511821043823903
2015-07-31,NIFTY 50,production,0.0,True,True,0.6678662896156307,0.6678662896156307,0.04754315848955752,0.08173198676854372,0.020125507574654034
2015-07-31,NIFTY 50,+ drift uncertainty 0.03,0.0,True,True,0.6781695783138275,0.6781695783138275,0.048115645033627114,0.08175066436827183,0.020125507574654034
2015-07-31,NIFTY 50,+ drift uncertainty 0.06,0.0,True,True,0.6928610026836394,0.6928610026836394,0.049794881283191275,0.08180177544802428,0.020125507574654034
2015-07-31,NIFTY 50,+ drift uncertainty 0.10,0.0,True,True,0.7421696245670316,0.7421696245670316,0.05337364789866905,0.08190623052418232,0.020125507574654034
2015-07-31,NIFTY 50,recentred by past errors (point in time),0.10639409913694486,True,False,0.7326289057731624,0.7326289057731624,0.09168037320155609,0.18905666744709015,0.020125507574654034
2015-08-31,NIFTY 50,production,0.0,True,True,0.6769481956958767,0.6769481956958767,0.05080918322899307,0.07056283134967088,0.11110422720019386
2015-08-31,NIFTY 50,+ drift uncertainty 0.03,0.0,True,True,0.686771750450134,0.686771750450134,0.051505512441710546,0.07058213613182306,0.11110422720019386
2015-08-31,NIFTY 50,+ drift uncertainty 0.06,0.0,True,True,0.7044395238161087,0.7044395238161087,0.05362595580378443,0.07063501033186913,0.11110422720019386
2015-08-31,NIFTY 50,+ drift uncertainty 0.10,0.0,True,True,0.7576758056879043,0.7576758056879043,0.05826639739115949,0.07074297597259283,0.11110422720019386
2015-08-31,NIFTY 50,recentred by past errors (point in time),0.10510099151658847,True,True,0.746587428450584,0.746587428450584,0.05206280712434999,0.17660393388569354,0.11110422720019386
2015-09-30,NIFTY 50,production,0.0,True,True,0.6645880997180936,0.6645880997180936,0.04857574731403365,0.053682221032679084,0.08592243022756674
2015-09-30,NIFTY 50,+ drift uncertainty 0.03,0.0,True,True,0.6741026282310486,0.6741026282310486,0.04931292127871466,0.05369804745167494,0.08592243022756674
2015-09-30,NIFTY 50,+ drift uncertainty 0.06,0.0,True,True,0.6911193370819085,0.6911193370819085,0.05141852549213319,0.05374164822697639,0.08592243022756674
2015-09-30,NIFTY 50,+ drift uncertainty 0.10,0.0,True,True,0.7351024985313412,0.7351024985313412,0.055986642294739236,0.053831652231514454,0.08592243022756674
2015-09-30,NIFTY 50,recentred by past errors (point in time),0.10194041786171683,True,True,0.7303060352802275,0.7303060352802275,0.05252040873298211,0.1565368145033717,0.08592243022756674
2015-10-30,NIFTY 50,production,0.0,True,True,0.6643253266811371,0.6643253266811371,0.043730248833607266,0.05385732720792293,0.018837500062187873
2015-10-30,NIFTY 50,+ drift uncertainty 0.03,0.0,True,True,0.672399821877479,0.672399821877479,0.04437947065462093,0.053874275289475915,0.018837500062187873
2015-10-30,NIFTY 50,+ drift uncertainty 0.06,0.0,True,True,0.6930266857147214,0.6930266857147214,0.046226988762580454,0.05392074435204267,0.018837500062187873
2015-10-30,NIFTY 50,+ drift uncertainty 0.10,0.0,True,True,0.7365563303232185,0.7365563303232185,0.05023342154540522,0.05401588624715805,0.018837500062187873
2015-10-30,NIFTY 50,recentred by past errors (point in time),0.0999022686393641,True,True,0.7295810043811798,0.7295810043811798,0.07441492954074731,0.15465740104019643,0.018837500062187873
2015-11-30,NIFTY 50,production,0.0,True,True,0.663116693496704,0.663116693496704,0.043205907097052784,0.05734463272988796,0.04315725860626851
2015-11-30,NIFTY 50,+ drift uncertainty 0.03,0.0,True,True,0.6710509687662124,0.6710509687662124,0.043915338672704474,0.057362590856850144,0.04315725860626851
2015-11-30,NIFTY 50,+ drift uncertainty 0.06,0.0,True,True,0.6886160314083096,0.6886160314083096,0.04582850578832311,0.05741175663471222,0.04315725860626851
2015-11-30,NIFTY 50,+ drift uncertainty 0.10,0.0,True,True,0.7412008941173552,0.7412008941173552,0.050228288115431924,0.057512215182185175,0.04315725860626851
2015-11-30,NIFTY 50,recentred by past errors (point in time),0.09595107741077928,True,True,0.7227212190628048,0.7227212190628048,0.06415476327978813,0.15425711154192687,0.04315725860626851
2015-12-31,NIFTY 50,production,0.0,True,True,0.6621234685182569,0.6621234685182569,0.045375945665220754,0.05084275234490633,0.06845406822428446
2015-12-31,NIFTY 50,+ drift uncertainty 0.03,0.0,True,True,0.668077579140663,0.668077579140663,0.046112701368403244,0.05086056451499462,0.06845406822428446
2015-12-31,NIFTY 50,+ drift uncertainty 0.06,0.0,True,True,0.6842155516147608,0.6842155516147608,0.0482213265400904,0.050909520603716375,0.06845406822428446
2015-12-31,NIFTY 50,+ drift uncertainty 0.10,0.0,True,True,0.7366403609514236,0.7366403609514236,0.052743837223861695,0.051010248273611065,0.06845406822428446
2015-12-31,NIFTY 50,recentred by past errors (point in time),0.09169129525043786,True,True,0.7171543926000592,0.7171543926000592,0.05278712403990907,0.1433320397734642,0.06845406822428446
2016-01-29,NIFTY 50,production,0.0,True,False,0.6660429358482359,0.6660429358482359,0.07794657861044016,0.0601692408695817,0.17455320420415266
2016-01-29,NIFTY 50,+ drift uncertainty 0.03,0.0,True,False,0.6688365697860715,0.6688365697860715,0.0783626361405776,0.06018684946000576,0.17455320420415266
2016-01-29,NIFTY 50,+ drift uncertainty 0.06,0.0,True,True,0.6843894511461249,0.6843894511461249,0.07965412849496711,0.06023523629456758,0.17455320420415266
2016-01-29,NIFTY 50,+ drift uncertainty 0.10,0.0,True,True,0.7410021811723706,0.7410021811723706,0.08291313993885402,0.06033485117554665,0.17455320420415266
2016-01-29,NIFTY 50,recentred by past errors (point in time),0.08800544416084725,True,True,0.7178313761949537,0.7178313761949537,0.050448824388526256,0.1489546599164605,0.17455320420415266
2016-02-29,NIFTY 50,production,0.0,True,False,0.6552780658006667,0.6552780658006667,0.1637433031893457,0.05397704503685236,0.29546195559232546
2016-02-29,NIFTY 50,+ drift uncertainty 0.03,0.0,True,False,0.6658814281225204,0.6658814281225204,0.16327215429156017,0.05399234914779663,0.29546195559232546
2016-02-29,NIFTY 50,+ drift uncertainty 0.06,0.0,True,False,0.6810078144073479,0.6810078144073479,0.16213956588125167,0.054034376218914985,0.29546195559232546
2016-02-29,NIFTY 50,+ drift uncertainty 0.10,0.0,True,False,0.7253073096275326,0.7253073096275326,0.16069832054851316,0.054120848171412946,0.29546195559232546
2016-02-29,NIFTY 50,recentred by past errors (point in time),0.08230199399345882,True,False,0.7065512388944626,0.7065512388944626,0.10404784693553555,0.13699986315518617,0.29546195559232546
2016-03-31,NIFTY 50,production,0.0,True,False,0.6584507733583448,0.6584507733583448,0.10010710800061713,0.0570764519199729,0.20927647031633967
2016-03-31,NIFTY 50,+ drift uncertainty 0.03,0.0,True,False,0.6687921494245528,0.6687921494245528,0.10023562823500252,0.05709149085730314,0.20927647031633967
2016-03-31,NIFTY 50,+ drift uncertainty 0.06,0.0,True,False,0.6849211543798446,0.6849211543798446,0.10077591381443053,0.057132813818752765,0.20927647031633967
2016-03-31,NIFTY 50,+ drift uncertainty 0.10,0.0,True,False,0.7291444897651671,0.7291444897651671,0.10253126282133834,0.057217980191111566,0.20927647031633967
2016-03-31,NIFTY 50,recentred by past errors (point in time),0.07761438893786293,True,True,0.7060163885354994,0.7060163885354994,0.06246306996413477,0.13534912043064834,0.20927647031633967
2016-04-29,NIFTY 50,production,0.0,True,False,0.6561244428157805,0.6561244428157805,0.09282799669796686,0.06218745744228363,0.20242039103833154
2016-04-29,NIFTY 50,+ drift uncertainty 0.03,0.0,True,False,0.6634703010320658,0.6634703010320658,0.09309193876126917,0.06220461455732584,0.20242039103833154
2016-04-29,NIFTY 50,+ drift uncertainty 0.06,0.0,True,False,0.6811258018016814,0.6811258018016814,0.09395298732233441,0.06225174618512392,0.20242039103833154
2016-04-29,NIFTY 50,+ drift uncertainty 0.10,0.0,True,False,0.7288374066352843,0.7288374066352843,0.09622501537160233,0.062348761171102524,0.20242039103833154
2016-04-29,NIFTY 50,recentred by past errors (point in time),0.07415336404699466,True,True,0.7020707130432127,0.7020707130432127,0.05964018069463717,0.13696933602541686,0.20242039103833154
2016-05-31,NIFTY 50,production,0.0,True,False,0.6594810873270034,0.6594810873270034,0.08381277931195535,0.07281335090845824,0.19771606593944457
2016-05-31,NIFTY 50,+ drift uncertainty 0.03,0.0,True,False,0.6698268324136732,0.6698268324136732,0.08417101957568777,0.07282828254252673,0.19771606593944457
2016-05-31,NIFTY 50,+ drift uncertainty 0.06,0.0,True,False,0.6843611776828761,0.6843611776828761,0.08532791417414468,0.07286937107890844,0.19771606593944457
2016-05-31,NIFTY 50,+ drift uncertainty 0.10,0.0,True,True,0.734198847413063,0.734198847413063,0.08820859731999833,0.07295436173677444,0.19771606593944457
2016-05-31,NIFTY 50,recentred by past errors (point in time),0.0716190330009308,True,True,0.7030044943094252,0.7030044943094252,0.05572190108017511,0.14504826088249684,0.19771606593944457
2016-06-30,NIFTY 50,production,0.0,True,False,0.6618942737579343,0.6618942737579343,0.08221295271153879,0.07402693144977093,0.19623528320211436
2016-06-30,NIFTY 50,+ drift uncertainty 0.03,0.0,True,False,0.671530583500862,0.671530583500862,0.08258106553168644,0.07404388856142759,0.19623528320211436
2016-06-30,NIFTY 50,+ drift uncertainty 0.06,0.0,True,False,0.6895878463983535,0.6895878463983535,0.08381067842000017,0.0740902320817113,0.19623528320211436
2016-06-30,NIFTY 50,+ drift uncertainty 0.10,0.0,True,True,0.734587761759758,0.734587761759758,0.08681886296502433,0.07418486417084932,0.19623528320211436
2016-06-30,NIFTY 50,recentred by past errors (point in time),0.0692900053811642,True,True,0.7045536398887634,0.7045536398887634,0.05557517360483816,0.14394705948978662,0.19623528320211436
2016-07-29,NIFTY 50,production,0.0,True,True,0.6598203003406523,0.6598203003406523,0.06465328981136753,0.08569451683014631,0.17023994968166756
2016-07-29,NIFTY 50,+ drift uncertainty 0.03,0.0,True,True,0.6697028368711471,0.6697028368711471,0.06526385060906366,0.08571280392259359,0.17023994968166756
2016-07-29,NIFTY 50,+ drift uncertainty 0.06,0.0,True,True,0.6900288879871366,0.6900288879871366,0.06708070613221667,0.08576287750899791,0.17023994968166756
2016-07-29,NIFTY 50,+ drift uncertainty 0.10,0.0,True,True,0.741935995221138,0.741935995221138,0.07123126284599987,0.08586547270417214,0.17023994968166756
2016-07-29,NIFTY 50,recentred by past errors (point in time),0.06757282110506908,True,True,0.7024945139884946,0.7024945139884946,0.048212260173749424,0.15389459756016732,0.17023994968166756
2016-08-31,NIFTY 50,production,0.0,True,True,0.6585969656705852,0.6585969656705852,0.050708073129759584,0.10265464458614587,0.14552310653560285
2016-08-31,NIFTY 50,+ drift uncertainty 0.03,0.0,True,True,0.6703090757131576,0.6703090757131576,0.05144529159081941,0.10267329806089401,0.14552310653560285
2016-08-31,NIFTY 50,+ drift uncertainty 0.06,0.0,True,True,0.6915157109498976,0.6915157109498976,0.05371338968706678,0.10272420690953732,0.14552310653560285
2016-08-31,NIFTY 50,+ drift uncertainty 0.10,0.0,True,True,0.7434346854686731,0.7434346854686731,0.05866446293199526,0.10282804907858371,0.14552310653560285
2016-08-31,NIFTY 50,recentred by past errors (point in time),0.06582715488481289,True,True,0.7014296352863312,0.7014296352863312,0.045774858625116294,0.16910727187246083,0.14552310653560285
2016-09-30,NIFTY 50,production,0.0,True,True,0.6392941653728484,0.6392941653728484,0.05108518365977724,0.13101985169947147,0.1751567455908547
2016-09-30,NIFTY 50,+ drift uncertainty 0.03,0.0,True,True,0.6499971300363538,0.6499971300363538,0.05192765729979702,0.13105457353591918,0.1751567455908547
2016-09-30,NIFTY 50,+ drift uncertainty 0.06,0.0,True,True,0.6835729897022247,0.6835729897022247,0.05439973306654998,0.13114741852134465,0.1751567455908547
2016-09-30,NIFTY 50,+ drift uncertainty 0.10,0.0,True,True,0.748708352446556,0.748708352446556,0.059603143154480315,0.1313293314948678,0.1751567455908547
2016-09-30,NIFTY 50,recentred by past errors (point in time),0.06549001143102236,True,True,0.675621548295021,0.675621548295021,0.045426177280463026,0.19702624915540218,0.1751567455908547
2016-10-28,NIFTY 50,production,0.0,True,False,0.6432397425174712,0.6432397425174712,0.08794957814633297,0.09099214661121369,0.22589367632303836
2016-10-28,NIFTY 50,+ drift uncertainty 0.03,0.0,True,False,0.6495925009250637,0.6495925009250637,0.08821018063154583,0.0910101667419076,0.22589367632303836
2016-10-28,NIFTY 50,+ drift uncertainty 0.06,0.0,True,False,0.6692836731672287,0.6692836731672287,0.0891551971064031,0.09105911744385958,0.22589367632303836
2016-10-28,NIFTY 50,+ drift uncertainty 0.10,0.0,True,False,0.726661756634712,0.726661756634712,0.09167393212668032,0.09115850210934877,0.22589367632303836
2016-10-28,NIFTY 50,recentred by past errors (point in time),0.06505251403317848,True,True,0.6816241651773448,0.6816241651773448,0.058816632227114446,0.1566985770687461,0.22589367632303836
2016-11-30,NIFTY 50,production,0.0,True,False,0.6344907909631726,0.6344907909631726,0.08268480228324798,0.12471339243650437,0.2475251097821518
2016-11-30,NIFTY 50,+ drift uncertainty 0.03,0.0,True,False,0.6407536864280696,0.6407536864280696,0.08305440392925467,0.12474438960850238,0.2475251097821518
2016-11-30,NIFTY 50,+ drift uncertainty 0.06,0.0,True,False,0.6730827152729032,0.6730827152729032,0.08433649736630117,0.12482697673141957,0.2475251097821518
2016-11-30,NIFTY 50,+ drift uncertainty 0.10,0.0,True,True,0.7413738667964933,0.7413738667964933,0.0873493330521419,0.1249883170351386,0.2475251097821518
2016-11-30,NIFTY 50,recentred by past errors (point in time),0.06375287323864713,True,True,0.6704216867685318,0.6704216867685318,0.05679935593594347,0.1890556092634797,0.2475251097821518
2016-12-30,NIFTY 50,production,0.0,True,False,0.628636634349823,0.628636634349823,0.1151162582723624,0.130407245606184,0.3067764923667362
2016-12-30,NIFTY 50,+ drift uncertainty 0.03,0.0,True,False,0.6375026375055312,0.6375026375055312,0.11505042103442535,0.13044145887345077,0.3067764923667362
2016-12-30,NIFTY 50,+ drift uncertainty 0.06,0.0,True,False,0.6674155741930007,0.6674155741930007,0.1149731523591465,0.13053209976106883,0.3067764923667362
2016-12-30,NIFTY 50,+ drift uncertainty 0.10,0.0,True,False,0.7301171541213989,0.7301171541213989,0.1157764222318187,0.1307075166031718,0.3067764923667362
2016-12-30,NIFTY 50,recentred by past errors (point in time),0.06275363929810525,True,True,0.663323950767517,0.663323950767517,0.07801691664184433,0.1937427452802658,0.3067764923667362
2017-01-31,NIFTY 50,production,0.0,True,False,0.6257191658020017,0.6257191658020017,0.09682786829653216,0.09299896331131459,0.2422901254943648
2017-01-31,NIFTY 50,+ drift uncertainty 0.03,0.0,True,False,0.6345679819583893,0.6345679819583893,0.09693678717915095,0.09301679791510105,0.2422901254943648
2017-01-31,NIFTY 50,+ drift uncertainty 0.06,0.0,True,False,0.6554449886083601,0.6554449886083601,0.09749109787124967,0.0930648201406002,0.2422901254943648
2017-01-31,NIFTY 50,+ drift uncertainty 0.10,0.0,True,False,0.7078968226909634,0.7078968226909634,0.09947565447120837,0.09316121621429921,0.2422901254943648
2017-01-31,NIFTY 50,recentred by past errors (point in time),0.06218221748267833,True,True,0.6616097569465635,0.6616097569465635,0.06451899107417146,0.15578729996085167,0.2422901254943648
2017-02-28,NIFTY 50,production,0.0,True,True,0.626819372177124,0.626819372177124,0.054166076954567086,0.09401777056604624,0.15850567711995955
2017-02-28,NIFTY 50,+ drift uncertainty 0.03,0.0,True,True,0.6298358827829358,0.6298358827829358,0.05494641554203554,0.09403667202591896,0.15850567711995955
2017-02-28,NIFTY 50,+ drift uncertainty 0.06,0.0,True,True,0.6486629128456111,0.6486629128456111,0.057069829435498695,0.09408759204298257,0.15850567711995955
2017-02-28,NIFTY 50,+ drift uncertainty 0.10,0.0,True,True,0.7074139684438705,0.7074139684438705,0.06176043103096353,0.09418998436629772,0.15850567711995955
2017-02-28,NIFTY 50,recentred by past errors (point in time),0.06283473930582699,True,True,0.6619744569063186,0.6619744569063186,0.04336611713262205,0.1574257208108902,0.15850567711995955
2017-03-31,NIFTY 50,production,0.0,True,True,0.6235547930002212,0.6235547930002212,0.04877750302374398,0.10132825807482004,0.14875182575212698
2017-03-31,NIFTY 50,+ drift uncertainty 0.03,0.0,True,True,0.628172534704208,0.628172534704208,0.04955980394064373,0.10134956415742635,0.14875182575212698
2017-03-31,NIFTY 50,+ drift uncertainty 0.06,0.0,True,True,0.6499703615903851,0.6499703615903851,0.051909893371498914,0.10140664161741733,0.14875182575212698
2017-03-31,NIFTY 50,+ drift uncertainty 0.10,0.0,True,True,0.7038730233907697,0.7038730233907697,0.05692884237129013,0.10152033761888743,0.14875182575212698
2017-03-31,NIFTY 50,recentred by past errors (point in time),0.06504029697557571,True,True,0.660206001996994,0.660206001996994,0.04262354309915076,0.1669387891292572,0.14875182575212698
2017-04-28,NIFTY 50,production,0.0,True,True,0.6026082903146743,0.6026082903146743,0.046921005837895366,0.130865076713264,0.16677265535753993
2017-04-28,NIFTY 50,+ drift uncertainty 0.03,0.0,True,True,0.613699039816856,0.613699039816856,0.04778095829472101,0.13089897776395082,0.16677265535753993
2017-04-28,NIFTY 50,+ drift uncertainty 0.06,0.0,True,True,0.6470298498868943,0.6470298498868943,0.05034093180617813,0.13098826726526022,0.16677265535753993
2017-04-28,NIFTY 50,+ drift uncertainty 0.10,0.0,True,True,0.71571227312088,0.71571227312088,0.05567485325670231,0.1311601874679327,0.16677265535753993
2017-04-28,NIFTY 50,recentred by past errors (point in time),0.06610322040753658,True,True,0.6349596828222266,0.6349596828222266,0.04371196851381717,0.1977239936441183,0.16677265535753993
2017-05-31,NIFTY 50,production,0.0,True,True,0.6054863721132278,0.6054863721132278,0.040557016611730376,0.1455113122165203,0.12505730791448721
2017-05-31,NIFTY 50,+ drift uncertainty 0.03,0.0,True,True,0.6195863336324687,0.6195863336324687,0.04143613740152277,0.1455436273664236,0.12505730791448721
2017-05-31,NIFTY 50,+ drift uncertainty 0.06,0.0,True,True,0.653329876065254,0.653329876065254,0.04379329103046441,0.14562869500368833,0.12505730791448721
2017-05-31,NIFTY 50,+ drift uncertainty 0.10,0.0,True,True,0.7170499622821805,0.7170499622821805,0.049078770840945224,0.14579251144081354,0.12505730791448721
2017-05-31,NIFTY 50,recentred by past errors (point in time),0.06699634948209696,True,True,0.6428271561861039,0.6428271561861039,0.05496074419863556,0.21318331090360879,0.12505730791448721
2017-06-30,NIFTY 50,production,0.0,True,True,0.5915280967950819,0.5915280967950819,0.04140493330106973,0.13254072365909814,0.1438423474763617
2017-06-30,NIFTY 50,+ drift uncertainty 0.03,0.0,True,True,0.6032241076231001,0.6032241076231001,0.04224544827955071,0.1325696960836649,0.1438423474763617
2017-06-30,NIFTY 50,+ drift uncertainty 0.06,0.0,True,True,0.6362266182899471,0.6362266182899471,0.04481712570880829,0.13264570870250464,0.1438423474763617
2017-06-30,NIFTY 50,+ drift uncertainty 0.10,0.0,True,True,0.7068750619888304,0.7068750619888304,0.05060111138176464,0.1327915643006563,0.1438423474763617
2017-06-30,NIFTY 50,recentred by past errors (point in time),0.06768571097672658,True,True,0.6260001957416534,0.6260001957416534,0.046530026537045896,0.20091393001377583,0.1438423474763617
2017-07-31,NIFTY 50,production,0.0,True,True,0.5985492527484888,0.5985492527484888,0.039885360178227344,0.14460331725329162,0.14213958473980148
2017-07-31,NIFTY 50,+ drift uncertainty 0.03,0.0,True,True,0.6097520887851713,0.6097520887851713,0.040849962713199184,0.14463095327466727,0.14213958473980148
2017-07-31,NIFTY 50,+ drift uncertainty 0.06,0.0,True,True,0.6379386067390438,0.6379386067390438,0.0436149951211649,0.1447031794935465,0.14213958473980148
2017-07-31,NIFTY 50,+ drift uncertainty 0.10,0.0,True,True,0.7029264271259306,0.7029264271259306,0.04942337291929569,0.14484087364375592,0.14213958473980148
2017-07-31,NIFTY 50,recentred by past errors (point in time),0.0683271538093809,True,True,0.6362764507532118,0.6362764507532118,0.04894539340093591,0.2135865230858326,0.14213958473980148
2017-08-31,NIFTY 50,production,0.0,True,True,0.5958651334047316,0.5958651334047316,0.04445698342862102,0.1418528343811631,0.1723373000704831
2017-08-31,NIFTY 50,+ drift uncertainty 0.03,0.0,True,True,0.604507407546043,0.604507407546043,0.045398924128547666,0.14188238526135682,0.1723373000704831
2017-08-31,NIFTY 50,+ drift uncertainty 0.06,0.0,True,True,0.6347490251064299,0.6347490251064299,0.04817246754700859,0.1419595526009798,0.1723373000704831
2017-08-31,NIFTY 50,+ drift uncertainty 0.10,0.0,True,True,0.7010176867246627,0.7010176867246627,0.05393356253766343,0.14210639648139478,0.1723373000704831
2017-08-31,NIFTY 50,recentred by past errors (point in time),0.06851573844940578,True,True,0.630032792687416,0.630032792687416,0.04304873254807767,0.2110960713326931,0.1723373000704831
2017-09-29,NIFTY 50,production,0.0,True,True,0.5824607610702514,0.5824607610702514,0.03899636976909583,0.09491750980168581,0.06612162020129353
2017-09-29,NIFTY 50,+ drift uncertainty 0.03,0.0,True,True,0.5941200822591779,0.5941200822591779,0.03976123042077469,0.0949385204538703,0.06612162020129353
2017-09-29,NIFTY 50,+ drift uncertainty 0.06,0.0,True,True,0.6208848208189006,0.6208848208189006,0.04186239430167232,0.09499456242471933,0.06612162020129353
2017-09-29,NIFTY 50,+ drift uncertainty 0.10,0.0,True,True,0.6771802544593807,0.6771802544593807,0.04644624353777764,0.0951059415563941,0.06612162020129353
2017-09-29,NIFTY 50,recentred by past errors (point in time),0.06822094216779719,True,True,0.6197858363389965,0.6197858363389965,0.05651554051114556,0.16372368703782558,0.06612162020129353
2017-10-31,NIFTY 50,production,0.0,True,True,0.5921648085117339,0.5921648085117339,0.046880894576504795,0.10993688883632421,0.03887446487935975
2017-10-31,NIFTY 50,+ drift uncertainty 0.03,0.0,True,True,0.6040464401245116,0.6040464401245116,0.0473917311011746,0.10995766178518533,0.03887446487935975
2017-10-31,NIFTY 50,+ drift uncertainty 0.06,0.0,True,True,0.6312625467777252,0.6312625467777252,0.0488484510926297,0.11001309192925691,0.03887446487935975
2017-10-31,NIFTY 50,+ drift uncertainty 0.10,0.0,True,True,0.688445475697517,0.688445475697517,0.05243216530470368,0.1101233678162098,0.03887446487935975
2017-10-31,NIFTY 50,recentred by past errors (point in time),0.06794725980101975,True,False,0.6270960748195644,0.6270960748195644,0.07667675539771192,0.17847665478289126,0.03887446487935975
2017-11-30,NIFTY 50,production,0.0,True,True,0.577457359433174,0.577457359433174,0.04211983018975393,0.09888620956242085,0.045043032924590554
2017-11-30,NIFTY 50,+ drift uncertainty 0.03,0.0,True,True,0.5913871228694911,0.5913871228694911,0.04277040980979299,0.09890732226520776,0.045043032924590554
2017-11-30,NIFTY 50,+ drift uncertainty 0.06,0.0,True,True,0.6159648507833478,0.6159648507833478,0.04467766201768218,0.098963544100523,0.045043032924590554
2017-11-30,NIFTY 50,+ drift uncertainty 0.10,0.0,True,True,0.6766416102647781,0.6766416102647781,0.048749358044122934,0.0990750395655632,0.045043032924590554
2017-11-30,NIFTY 50,recentred by past errors (point in time),0.06869955496855688,True,True,0.6125813424587245,0.6125813424587245,0.06777976989905807,0.1680723330527544,0.045043032924590554
2017-12-29,NIFTY 50,production,0.0,True,True,0.5932987064123153,0.5932987064123153,0.05435949199354015,0.1341962249726057,0.04107026138344083
2017-12-29,NIFTY 50,+ drift uncertainty 0.03,0.0,True,True,0.6031213253736496,0.6031213253736496,0.05469786823887589,0.13422462173551322,0.04107026138344083
2017-12-29,NIFTY 50,+ drift uncertainty 0.06,0.0,True,True,0.6351502895355223,0.6351502895355223,0.055711067053782495,0.13429906410723924,0.04107026138344083
2017-12-29,NIFTY 50,+ drift uncertainty 0.10,0.0,True,True,0.7013669222593306,0.7013669222593306,0.05832704757830895,0.13444221392273903,0.04107026138344083
2017-12-29,NIFTY 50,recentred by past errors (point in time),0.06930080121719122,True,False,0.6290250211954117,0.6290250211954117,0.09021940504691775,0.20397574879974126,0.04107026138344083
2018-01-31,NIFTY 50,production,0.0,True,False,0.6019672840833662,0.6019672840833662,0.0729327319242812,0.13773798862099648,0.0053587749343380064
2018-01-31,NIFTY 50,+ drift uncertainty 0.03,0.0,True,False,0.6093660056591034,0.6093660056591034,0.07288018691153297,0.13776668700575828,0.0053587749343380064
2018-01-31,NIFTY 50,+ drift uncertainty 0.06,0.0,True,True,0.643069553375244,0.643069553375244,0.07293318348452485,0.1378420963436365,0.0053587749343380064
2018-01-31,NIFTY 50,+ drift uncertainty 0.10,0.0,True,True,0.7100786775350569,0.7100786775350569,0.07343674865099084,0.13798775502294303,0.0053587749343380064
2018-01-31,NIFTY 50,recentred by past errors (point in time),0.07047737754184355,True,False,0.6394466370344161,0.6394466370344161,0.11786373365629946,0.20878952752053737,0.0053587749343380064
2018-02-28,NIFTY 50,production,0.0,True,True,0.5974526494741436,0.5974526494741436,0.044960803451715506,0.1401709993034601,0.07827546150482756
2018-02-28,NIFTY 50,+ drift uncertainty 0.03,0.0,True,True,0.6100429475307464,0.6100429475307464,0.045587290736401706,0.14020112577080726,0.07827546150482756
2018-02-28,NIFTY 50,+ drift uncertainty 0.06,0.0,True,True,0.6416804879903792,0.6416804879903792,0.04746511296843024,0.14028018887341023,0.07827546150482756
2018-02-28,NIFTY 50,+ drift uncertainty 0.10,0.0,True,True,0.7119768977165222,0.7119768977165222,0.05143389004542297,0.14043244586884976,0.07827546150482756
2018-02-28,NIFTY 50,recentred by past errors (point in time),0.07133404911403057,True,False,0.6360381692647932,0.6360381692647932,0.07404271155464169,0.21201367503404617,0.07827546150482756
2018-03-28,NIFTY 50,production,0.0,True,True,0.5936217516660688,0.5936217516660688,0.04458179775516184,0.13435106743872166,0.16917407942633744
2018-03-28,NIFTY 50,+ drift uncertainty 0.03,0.0,True,True,0.609877872467041,0.609877872467041,0.045414226231316426,0.13437991157919169,0.16917407942633744
2018-03-28,NIFTY 50,+ drift uncertainty 0.06,0.0,True,True,0.637233421206474,0.637233421206474,0.04781429967983779,0.13445578494668006,0.16917407942633744
2018-03-28,NIFTY 50,+ drift uncertainty 0.10,0.0,True,True,0.7084952682256698,0.7084952682256698,0.05319687567020244,0.13460249671339988,0.16917407942633744
2018-03-28,NIFTY 50,recentred by past errors (point in time),0.07126043467790028,True,True,0.6309934169054029,0.6309934169054029,0.0424952015766686,0.20610607762634753,0.16917407942633744
2018-04-30,NIFTY 50,production,0.0,True,True,0.6014889419078824,0.6014889419078824,0.04949429719619554,0.13676160870492457,0.058619865393193527
2018-04-30,NIFTY 50,+ drift uncertainty 0.03,0.0,True,True,0.6084389120340344,0.6084389120340344,0.04998526136045199,0.1367890214174986,0.058619865393193527
2018-04-30,NIFTY 50,+ drift uncertainty 0.06,0.0,True,True,0.6396195232868191,0.6396195232868191,0.05148443130444569,0.13686104816943406,0.058619865393193527
2018-04-30,NIFTY 50,+ drift uncertainty 0.10,0.0,True,True,0.7037635713815683,0.7037635713815683,0.0546250301133744,0.1370002275928855,0.058619865393193527
2018-04-30,NIFTY 50,recentred by past errors (point in time),0.07100685098640461,True,False,0.6361003875732419,0.6361003875732419,0.08260896090848142,0.2082864747941494,0.058619865393193527
2018-05-31,NIFTY 50,production,0.0,True,True,0.5778200477361679,0.5778200477361679,0.039310762652756,0.10719452168792486,0.11567048509738709
2018-05-31,NIFTY 50,+ drift uncertainty 0.03,0.0,True,True,0.5895829975605009,0.5895829975605009,0.04018200714158232,0.10722105421870946,0.11567048509738709
2018-05-31,NIFTY 50,+ drift uncertainty 0.06,0.0,True,True,0.6175838142633437,0.6175838142633437,0.042580503764479444,0.10729114473611116,0.11567048509738709
2018-05-31,NIFTY 50,+ drift uncertainty 0.10,0.0,True,True,0.6797922044992446,0.6797922044992446,0.04791601289570749,0.1074281646758318,0.11567048509738709
2018-05-31,NIFTY 50,recentred by past errors (point in time),0.07063738496175062,True,True,0.6141382575035089,0.6141382575035089,0.04583162198745361,0.17829539737105368,0.11567048509738709
2018-06-29,NIFTY 50,production,0.0,True,True,0.5773202270269391,0.5773202270269391,0.0394540462479787,0.13511556515842676,0.09573017751440305
2018-06-29,NIFTY 50,+ drift uncertainty 0.03,0.0,True,True,0.5890274792909622,0.5890274792909622,0.040276526647094274,0.13514747101068497,0.09573017751440305
2018-06-29,NIFTY 50,+ drift uncertainty 0.06,0.0,True,True,0.6207183331251144,0.6207183331251144,0.04258196577822046,0.1352309366390109,0.09573017751440305
2018-06-29,NIFTY 50,+ drift uncertainty 0.10,0.0,True,True,0.6871926456689832,0.6871926456689832,0.04731678097632373,0.13539147049933672,0.09573017751440305
2018-06-29,NIFTY 50,recentred by past errors (point in time),0.0696885163235862,True,True,0.6100486725568762,0.6100486725568762,0.06145995405856135,0.2053073985055089,0.09573017751440305
2018-07-31,NIFTY 50,production,0.0,True,False,0.5793355554342265,0.5793355554342265,0.09242467481075836,0.14976813687384127,-0.014453502421559294
2018-07-31,NIFTY 50,+ drift uncertainty 0.03,0.0,True,False,0.5889613538980484,0.5889613538980484,0.09185813011394021,0.14980080250650643,-0.014453502421559294
2018-07-31,NIFTY 50,+ drift uncertainty 0.06,0.0,True,False,0.6213229149580002,0.6213229149580002,0.0905165850265119,0.14988617438077928,-0.014453502421559294
2018-07-31,NIFTY 50,+ drift uncertainty 0.10,0.0,True,False,0.6879339516162871,0.6879339516162871,0.0887730532038083,0.15005030752718448,-0.014453502421559294
2018-07-31,NIFTY 50,recentred by past errors (point in time),0.0690865895967169,True,False,0.6132847219705582,0.6132847219705582,0.14373847505822968,0.21936831721663475,-0.014453502421559294
2018-08-31,NIFTY 50,production,0.0,True,False,0.5716364860534666,0.5716364860534666,0.13222679457588707,0.15569010435789823,-0.05975781318604578
2018-08-31,NIFTY 50,+ drift uncertainty 0.03,0.0,True,False,0.579823538661003,0.579823538661003,0.13108509017321862,0.15571962248533963,-0.05975781318604578
2018-08-31,NIFTY 50,+ drift uncertainty 0.06,0.0,True,False,0.6122545361518857,0.6122545361518857,0.1280738616977943,0.15579645410180093,-0.05975781318604578
2018-08-31,NIFTY 50,+ drift uncertainty 0.10,0.0,True,False,0.6818186163902282,0.6818186163902282,0.12251790713682498,0.15594397417455913,-0.05975781318604578
2018-08-31,NIFTY 50,recentred by past errors (point in time),0.06835648426906173,False,False,0.603864401578903,0.6087045842527605,0.1889554669109777,0.2245789910554886,-0.05975781318604578
2018-09-28,NIFTY 50,production,0.0,True,True,0.553433084487915,0.553433084487915,0.04742399248334882,0.1406850220412016,0.06253674019698607
2018-09-28,NIFTY 50,+ drift uncertainty 0.03,0.0,True,True,0.5610500186681747,0.5610500186681747,0.048005319600621585,0.14071723998337984,0.06253674019698607
2018-09-28,NIFTY 50,+ drift uncertainty 0.06,0.0,True,True,0.5923756539821619,0.5923756539821619,0.04947739811633986,0.14080057334899904,0.06253674019698607
2018-09-28,NIFTY 50,+ drift uncertainty 0.10,0.0,True,True,0.6605225771665573,0.6605225771665573,0.05243426033665974,0.14095959647744893,0.06253674019698607
2018-09-28,NIFTY 50,recentred by past errors (point in time),0.06797393862684212,True,False,0.5853780895471572,0.5853780895471572,0.08123577584433785,0.20922103801369668,0.06253674019698607
2018-10-31,NIFTY 50,production,0.0,True,True,0.5550075471401209,0.5550075471401209,0.04581580113384491,0.11591243074834347,0.1646096589790913
2018-10-31,NIFTY 50,+ drift uncertainty 0.03,0.0,True,True,0.5635184407234191,0.5635184407234191,0.046575230866313155,0.11594719786196947,0.1646096589790913
2018-10-31,NIFTY 50,+ drift uncertainty 0.06,0.0,True,True,0.5954406887292861,0.5954406887292861,0.048774103180735995,0.11603701896965504,0.1646096589790913
2018-10-31,NIFTY 50,+ drift uncertainty 0.10,0.0,True,True,0.660911065340042,0.660911065340042,0.05414607021071639,0.1162075108140707,0.1646096589790913
2018-10-31,NIFTY 50,recentred by past errors (point in time),0.06700624034456977,True,True,0.5857134610414498,0.5857134610414498,0.03818840641860463,0.183471076592803,0.1646096589790913
2018-11-30,NIFTY 50,production,0.0,True,True,0.5543813109397886,0.5543813109397886,0.03701763342141935,0.12604564841091634,0.13307535903942602
2018-11-30,NIFTY 50,+ drift uncertainty 0.03,0.0,True,True,0.5672950506210327,0.5672950506210327,0.037920412028822376,0.1260816807001829,0.13307535903942602
2018-11-30,NIFTY 50,+ drift uncertainty 0.06,0.0,True,True,0.6031373858451843,0.6031373858451843,0.04063571599461506,0.1261747310087085,0.13307535903942602
2018-11-30,NIFTY 50,+ drift uncertainty 0.10,0.0,True,True,0.664150738716125,0.664150738716125,0.04621176524736689,0.12635141932219268,0.13307535903942602
2018-11-30,NIFTY 50,recentred by past errors (point in time),0.06563922386633676,True,True,0.5859180390834805,0.5859180390834805,0.04323785462978054,0.19221130450069904,0.13307535903942602
2018-12-31,NIFTY 50,production,0.0,True,True,0.5467161864042281,0.5467161864042281,0.03929751702065802,0.12658506616950035,0.15118553840996096
2018-12-31,NIFTY 50,+ drift uncertainty 0.03,0.0,True,True,0.5556639701128003,0.5556639701128003,0.04022658462724413,0.1266188798174262,0.15118553840996096
2018-12-31,NIFTY 50,+ drift uncertainty 0.06,0.0,True,True,0.5887400746345519,0.5887400746345519,0.042871561278388995,0.12670596132427453,0.15118553840996096
2018-12-31,NIFTY 50,+ drift uncertainty 0.10,0.0,True,True,0.6566108673810959,0.6566108673810959,0.048620557055224445,0.12687046103924512,0.15118553840996096
2018-12-31,NIFTY 50,recentred by past errors (point in time),0.06446782778296258,True,True,0.5765296459197997,0.5765296459197997,0.03967445058338738,0.1915843121111393,0.15118553840996096
2019-01-31,NIFTY 50,production,0.0,True,True,0.5462292313575743,0.5462292313575743,0.03607111602467093,0.13054384601861238,0.13304491878274582
2019-01-31,NIFTY 50,+ drift uncertainty 0.03,0.0,True,True,0.5561316668987273,0.5561316668987273,0.037040078729563344,0.1305705116763711,0.13304491878274582
2019-01-31,NIFTY 50,+ drift uncertainty 0.06,0.0,True,True,0.587179186940193,0.587179186940193,0.039873090669059266,0.1306395756676793,0.13304491878274582
2019-01-31,NIFTY 50,+ drift uncertainty 0.10,0.0,True,True,0.6545374155044554,0.6545374155044554,0.045559258752996906,0.13077176602184773,0.13304491878274582
2019-01-31,NIFTY 50,recentred by past errors (point in time),0.06293779097352445,True,True,0.5755083262920377,0.5755083262920377,0.043419284863841556,0.19400884319841863,0.13304491878274582
2019-02-28,NIFTY 50,production,0.0,False,False,0.5426439851522445,0.7279841409778086,0.17499811768108964,0.12493215272575617,-0.13664608248400434
2019-02-28,NIFTY 50,+ drift uncertainty 0.03,0.0,False,False,0.5522024035453794,0.6372511284207789,0.17343730508682134,0.1249595707282424,-0.13664608248400434
2019-02-28,NIFTY 50,+ drift uncertainty 0.06,0.0,True,False,0.5866745710372924,0.5866745710372924,0.16913224277817746,0.12503043634444475,-0.13664608248400434
2019-02-28,NIFTY 50,+ drift uncertainty 0.10,0.0,True,False,0.6534289598464964,0.6534289598464964,0.16093528600557247,0.12516555605083704,-0.13664608248400434
2019-02-28,NIFTY 50,recentred by past errors (point in time),0.061059742851791915,False,False,0.5701624453067777,1.7068214015817131,0.22873582315244617,0.18647821828722955,-0.13664608248400434
2019-03-28,NIFTY 50,production,0.0,False,False,0.5473958343267438,2.348164261167163,0.2504191532106126,0.12373866460472345,-0.2184886630269346
2019-03-28,NIFTY 50,+ drift uncertainty 0.03,0.0,False,False,0.5592676877975464,2.214429298822994,0.2486200463404152,0.12377151764184237,-0.2184886630269346
2019-03-28,NIFTY 50,+ drift uncertainty 0.06,0.0,False,False,0.5923412084579467,1.9464697994638627,0.2434985222171981,0.12385633229464292,-0.2184886630269346
2019-03-28,NIFTY 50,+ drift uncertainty 0.10,0.0,False,False,0.6575755685567856,1.441995991056079,0.23278876494750356,0.1240174755975604,-0.2184886630269346
2019-03-28,NIFTY 50,recentred by past errors (point in time),0.059888740178930734,False,False,0.5762781292200088,3.2956113525081814,0.305038210275729,0.18417612285912036,-0.2184886630269346
2019-04-30,NIFTY 50,production,0.0,False,False,0.5486998170614239,1.8255160084867823,0.22391321363846584,0.12466089319437743,-0.1908230663414019
2019-04-30,NIFTY 50,+ drift uncertainty 0.03,0.0,False,False,0.557354125380516,1.7151400796079987,0.22214944719760737,0.12469519690424204,-0.1908230663414019
2019-04-30,NIFTY 50,+ drift uncertainty 0.06,0.0,False,False,0.5920125544071196,1.461787017335927,0.2171728021153823,0.12478385862708091,-0.1908230663414019
2019-04-30,NIFTY 50,+ drift uncertainty 0.10,0.0,False,False,0.6584890544414519,0.9110065183544509,0.20711600918720519,0.12495264157652855,-0.1908230663414019
2019-04-30,NIFTY 50,recentred by past errors (point in time),0.05965227104505041,False,False,0.5768191039562225,2.794583006849325,0.2777480564874496,0.18480739353597164,-0.1908230663414019
2019-05-31,NIFTY 50,production,0.0,False,False,0.5477945834398269,1.2854163578847424,0.1969402649495121,0.12000427988916636,-0.16612613450338132
2019-05-31,NIFTY 50,+ drift uncertainty 0.03,0.0,False,False,0.559501227736473,1.190720247397758,0.19525129698159516,0.12002799378335476,-0.16612613450338132
2019-05-31,NIFTY 50,+ drift uncertainty 0.06,0.0,False,False,0.5835575670003884,1.0199088565209875,0.1905456928740641,0.12008994282782078,-0.16612613450338132
2019-05-31,NIFTY 50,+ drift uncertainty 0.10,0.0,True,False,0.648826518654823,0.648826518654823,0.18118630979866907,0.12021046283096075,-0.16612613450338132
2019-05-31,NIFTY 50,recentred by past errors (point in time),0.05836447651835151,False,False,0.5748847305774687,2.233281262884475,0.2490576521906192,0.17869100595265627,-0.16612613450338132
2019-06-28,NIFTY 50,production,0.0,True,False,0.5268666625022884,0.5268666625022884,0.1121384083665198,0.11343000392615796,-0.0746384363551138
2019-06-28,NIFTY 50,+ drift uncertainty 0.03,0.0,True,False,0.5384416192770003,0.5384416192770003,0.111122017580944,0.1134570445716381,-0.0746384363551138
2019-06-28,NIFTY 50,+ drift uncertainty 0.06,0.0,True,False,0.5737455189228056,0.5737455189228056,0.10852548967916532,0.11352714882791043,-0.0746384363551138
2019-06-28,NIFTY 50,+ drift uncertainty 0.10,0.0,True,False,0.6419603794813151,0.6419603794813151,0.10427749632133244,0.1136615245193243,-0.0746384363551138
2019-06-28,NIFTY 50,recentred by past errors (point in time),0.05790254584141735,True,False,0.5539767205715176,0.5539767205715176,0.15900036029570755,0.17163170738518238,-0.0746384363551138
2019-07-31,NIFTY 50,production,0.0,True,True,0.521496963500976,0.521496963500976,0.043378192979757646,0.10138538002967834,0.030434368572399784
2019-07-31,NIFTY 50,+ drift uncertainty 0.03,0.0,True,True,0.530032545328139,0.530032545328139,0.043949649098826676,0.10141124951839448,0.030434368572399784
2019-07-31,NIFTY 50,+ drift uncertainty 0.06,0.0,True,True,0.5635673254728314,0.5635673254728314,0.04561362070291625,0.10147841632366181,0.030434368572399784
2019-07-31,NIFTY 50,+ drift uncertainty 0.10,0.0,True,True,0.6343653529882427,0.6343653529882427,0.04914644666677839,0.1016075909808278,0.030434368572399784
2019-07-31,NIFTY 50,recentred by past errors (point in time),0.05700999599292707,True,False,0.5480646818876266,0.5480646818876266,0.06984747318151402,0.1586756028831005,0.030434368572399784
2019-08-30,NIFTY 50,production,0.0,True,True,0.519823834300041,0.519823834300041,0.03952835315886971,0.09258833003044128,0.03649750609701563
2019-08-30,NIFTY 50,+ drift uncertainty 0.03,0.0,True,True,0.5269421726465223,0.5269421726465223,0.040281091556312223,0.0926189450621605,0.03649750609701563
2019-08-30,NIFTY 50,+ drift uncertainty 0.06,0.0,True,True,0.5633624702692032,0.5633624702692032,0.04222645193226551,0.09269787956774235,0.03649750609701563
2019-08-30,NIFTY 50,+ drift uncertainty 0.10,0.0,True,True,0.6327968657016754,0.6327968657016754,0.04611315531483058,0.0928474046587944,0.03649750609701563
2019-08-30,NIFTY 50,recentred by past errors (point in time),0.05499879930848773,True,False,0.5454881012439727,0.5454881012439727,0.06159648550389844,0.14782386729121208,0.03649750609701563
2019-09-30,NIFTY 50,production,0.0,True,True,0.5538780629634856,0.5538780629634856,0.04257596555249628,0.10064717626571655,0.03642882203878317
2019-09-30,NIFTY 50,+ drift uncertainty 0.03,0.0,True,True,0.5642371386289595,0.5642371386289595,0.043238433196144996,0.10067684215307236,0.03642882203878317
2019-09-30,NIFTY 50,+ drift uncertainty 0.06,0.0,True,True,0.5920113950967782,0.5920113950967782,0.04492996113274389,0.10075419788062573,0.03642882203878317
2019-09-30,NIFTY 50,+ drift uncertainty 0.10,0.0,True,True,0.6547137826681135,0.6547137826681135,0.048599928317775765,0.10090314465016127,0.03642882203878317
2019-09-30,NIFTY 50,recentred by past errors (point in time),0.052562342399907265,True,False,0.5793036788702008,0.5793036788702008,0.0640506401745188,0.15346958933770657,0.03642882203878317
2019-10-31,NIFTY 50,production,0.0,True,True,0.5359160542488097,0.5359160542488097,0.050322438246976825,0.09885270038247108,0.007630247549122338
2019-10-31,NIFTY 50,+ drift uncertainty 0.03,0.0,True,True,0.5463477283716198,0.5463477283716198,0.05071937265447267,0.09888157730549574,0.007630247549122338
2019-10-31,NIFTY 50,+ drift uncertainty 0.06,0.0,True,True,0.5745742261409759,0.5745742261409759,0.05188828254346531,0.09895691283792257,0.007630247549122338
2019-10-31,NIFTY 50,+ drift uncertainty 0.10,0.0,True,True,0.6382668316364282,0.6382668316364282,0.05446067388403339,0.09910223911702633,0.007630247549122338
2019-10-31,NIFTY 50,recentred by past errors (point in time),0.05139528325487044,True,False,0.5605352908372878,0.5605352908372878,0.07720986962145751,0.150567254409194,0.007630247549122338
2019-11-29,NIFTY 50,production,0.0,True,True,0.5316270053386686,0.5316270053386686,0.036203665848178704,0.09467769576609135,0.1036579933486903
2019-11-29,NIFTY 50,+ drift uncertainty 0.03,0.0,True,True,0.545126673579216,0.545126673579216,0.03715196683668,0.09470850913971662,0.1036579933486903
2019-11-29,NIFTY 50,+ drift uncertainty 0.06,0.0,True,True,0.5684772580862043,0.5684772580862043,0.03985575745606748,0.0947887298092246,0.1036579933486903
2019-11-29,NIFTY 50,+ drift uncertainty 0.10,0.0,True,True,0.6352158397436142,0.6352158397436142,0.0454275665542989,0.0949428278952837,0.1036579933486903
2019-11-29,NIFTY 50,recentred by past errors (point in time),0.05137140666173661,True,True,0.5559477269649504,0.5559477269649504,0.03882035127728617,0.14632417742908002,0.1036579933486903
2019-12-31,NIFTY 50,production,0.0,True,True,0.5353599160909652,0.5353599160909652,0.05516420850407956,0.10166410506516695,0.17663525657204904
2019-12-31,NIFTY 50,+ drift uncertainty 0.03,0.0,True,True,0.5455617278814315,0.5455617278814315,0.05563911547892257,0.1016959749162197,0.17663525657204904
2019-12-31,NIFTY 50,+ drift uncertainty 0.06,0.0,True,True,0.5719111472368239,0.5719111472368239,0.057264630282700846,0.1017787054553628,0.17663525657204904
2019-12-31,NIFTY 50,+ drift uncertainty 0.10,0.0,True,True,0.6391990900039668,0.6391990900039668,0.061547645858063355,0.10193684473633766,0.17663525657204904
2019-12-31,NIFTY 50,recentred by past errors (point in time),0.050982444415831114,True,True,0.5584388732910155,0.5584388732910155,0.04009019934116538,0.15291973851621152,0.17663525657204904
2020-01-31,NIFTY 50,production,0.0,True,False,0.5324963510036465,0.5324963510036465,0.11597995684360168,0.09044481683522462,0.2639530120485767
2020-01-31,NIFTY 50,+ drift uncertainty 0.03,0.0,True,False,0.5405015408992766,0.5405015408992766,0.11549333351515341,0.09047713494300842,0.2639530120485767
2020-01-31,NIFTY 50,+ drift uncertainty 0.06,0.0,True,False,0.5661938190460205,0.5661938190460205,0.11448679601329644,0.09056093049049377,0.2639530120485767
2020-01-31,NIFTY 50,+ drift uncertainty 0.10,0.0,True,False,0.6353956729173659,0.6353956729173659,0.11395717719328177,0.09072104360163212,0.2639530120485767
2020-01-31,NIFTY 50,recentred by past errors (point in time),0.05075303596213224,True,False,0.5562264949083325,0.5562264949083325,0.08112253567046171,0.14151768447458743,0.2639530120485767
2020-02-28,NIFTY 50,production,0.0,True,False,0.5425771981477736,0.5425771981477736,0.20918838124198302,0.07858537801355124,0.36390114164630005
2020-02-28,NIFTY 50,+ drift uncertainty 0.03,0.0,True,False,0.5512927293777464,0.5512927293777464,0.2080771032468196,0.07861546184867621,0.36390114164630005
2020-02-28,NIFTY 50,+ drift uncertainty 0.06,0.0,True,False,0.578373485803604,0.578373485803604,0.20509701752404136,0.0786940370798111,0.36390114164630005
2020-02-28,NIFTY 50,+ drift uncertainty 0.10,0.0,True,False,0.6430754661560053,0.6430754661560053,0.19966877350783932,0.07884596897661686,0.36390114164630005
2020-02-28,NIFTY 50,recentred by past errors (point in time),0.05033707076214949,True,False,0.5674220889806747,0.5674220889806747,0.1636711842613793,0.12924935787916184,0.36390114164630005
2020-03-31,NIFTY 50,production,0.0,False,False,0.73608403801918,6.522178583887037,0.5641319964343519,0.06312461620569229,0.7461492955459561
2020-03-31,NIFTY 50,+ drift uncertainty 0.03,0.0,False,False,0.7438678801059719,6.401638751771865,0.5629553534492631,0.06314689200371504,0.7461492955459561
2020-03-31,NIFTY 50,+ drift uncertainty 0.06,0.0,False,False,0.7684317409992212,6.069713550355855,0.5595194149601376,0.06320749449729919,0.7461492955459561
2020-03-31,NIFTY 50,+ drift uncertainty 0.10,0.0,False,False,0.8129960864782333,5.550873931792194,0.5519638929532,0.06332967623323202,0.7461492955459561
2020-03-31,NIFTY 50,recentred by past errors (point in time),0.04767112797606479,False,False,0.7696029782295225,5.232214653041775,0.5130121937988513,0.11118263126909733,0.7461492955459561
2020-04-30,NIFTY 50,production,0.0,True,False,0.7920055240392672,0.7920055240392672,0.3079950759295467,0.08520261874049902,0.5019545478045733
2020-04-30,NIFTY 50,+ drift uncertainty 0.03,0.0,True,False,0.8041156768798827,0.8041156768798827,0.3072951553936903,0.08523329646140337,0.5019545478045733
2020-04-30,NIFTY 50,+ drift uncertainty 0.06,0.0,True,False,0.8312457531690596,0.8312457531690596,0.30531756080042777,0.08531735185533762,0.5019545478045733
2020-04-30,NIFTY 50,+ drift uncertainty 0.10,0.0,True,False,0.882069572806358,0.882069572806358,0.301375312904436,0.08548806329071522,0.5019545478045733
2020-04-30,NIFTY 50,recentred by past errors (point in time),0.04436690377599934,True,False,0.8234133273363093,0.8234133273363093,0.2666490708691839,0.1299480470493436,0.5019545478045733
2020-05-29,NIFTY 50,production,0.0,False,False,0.7763326317071911,3.6511677852211304,0.4517871589918812,0.07644121219217777,0.6471314082589639
2020-05-29,NIFTY 50,+ drift uncertainty 0.03,0.0,False,False,0.7882035315036773,3.471750094586399,0.4507676091067274,0.0764644564986229,0.6471314082589639
2020-05-29,NIFTY 50,+ drift uncertainty 0.06,0.0,False,False,0.8135108023881912,3.1381125917969,0.44785215949200685,0.07652856113016605,0.6471314082589639
2020-05-29,NIFTY 50,+ drift uncertainty 0.10,0.0,False,False,0.8536288291215894,2.71653458982089,0.44167015547066896,0.07666031140834093,0.6471314082589639
2020-05-29,NIFTY 50,recentred by past errors (point in time),0.04134294694144658,False,False,0.8056621700525279,2.5268097272453627,0.4090046391446854,0.11813647701591254,0.6471314082589639
2020-06-30,NIFTY 50,production,0.0,False,False,0.7995690345764159,1.3127968786517372,0.3483605739479426,0.08371962109953165,0.5460851383127747
2020-06-30,NIFTY 50,+ drift uncertainty 0.03,0.0,False,False,0.803680023550987,1.2499533741036664,0.3475289797148752,0.0837445207759738,0.5460851383127747
2020-06-30,NIFTY 50,+ drift uncertainty 0.06,0.0,False,False,0.833848387002945,0.8382479487220023,0.3451630623001357,0.083813002333045,0.5460851383127747
2020-06-30,NIFTY 50,+ drift uncertainty 0.10,0.0,True,False,0.8790811449289322,0.8790811449289322,0.3403169996759094,0.08395284682512283,0.5460851383127747
2020-06-30,NIFTY 50,recentred by past errors (point in time),0.0386140022636633,True,False,0.8284211367368696,0.8284211367368696,0.3110236080174831,0.12261291290819645,0.5460851383127747
2020-07-31,NIFTY 50,production,0.0,False,False,0.7075960636138914,1.5143076916147515,0.32043635091788886,0.06465098516643047,0.4907559968015016
2020-07-31,NIFTY 50,+ drift uncertainty 0.03,0.0,False,False,0.716629159450531,1.400018181364659,0.319530630719125,0.06466611695289612,0.4907559968015016
2020-07-31,NIFTY 50,+ drift uncertainty 0.06,0.0,False,False,0.7385771423578256,1.1860896040607825,0.3170383479900043,0.06470828749239445,0.4907559968015016
2020-07-31,NIFTY 50,+ drift uncertainty 0.10,0.0,True,False,0.7908976793289184,0.7908976793289184,0.3121366936104732,0.06479681073874236,0.4907559968015016
2020-07-31,NIFTY 50,recentred by past errors (point in time),0.03674059364758946,True,False,0.7318815052509307,0.7318815052509307,0.2844232712668311,0.10163998696208,0.4907559968015016
2020-08-31,NIFTY 50,production,0.0,False,False,0.7295625209808347,1.6463454305543783,0.3382155361439867,0.1020533873513341,0.5460098352999203
2020-08-31,NIFTY 50,+ drift uncertainty 0.03,0.0,False,False,0.7349991559982293,1.5955965816392879,0.3372482763220953,0.10207307918369771,0.5460098352999203
2020-08-31,NIFTY 50,+ drift uncertainty 0.06,0.0,False,False,0.7636511266231536,1.2846847056760655,0.334484482806652,0.10212772631645203,0.5460098352999203
2020-08-31,NIFTY 50,+ drift uncertainty 0.10,0.0,False,False,0.7986867100000379,0.9666006773128406,0.32870393163639455,0.10224156591296196,0.5460098352999203
2020-08-31,NIFTY 50,recentred by past errors (point in time),0.03585787557295939,True,False,0.7539325773715972,0.7539325773715972,0.3032595532357648,0.1381247603520751,0.5460098352999203
2020-09-30,NIFTY 50,production,0.0,False,False,0.7222315490245819,2.9342011223776465,0.3938872122064626,0.09854908332228661,0.602405349366582
2020-09-30,NIFTY 50,+ drift uncertainty 0.03,0.0,False,False,0.7289331972599027,2.8836969743712095,0.39277272477528813,0.09857640456408262,0.602405349366582
2020-09-30,NIFTY 50,+ drift uncertainty 0.06,0.0,False,False,0.7586022824048996,2.5076572696907626,0.3895965406037837,0.09865188193321228,0.602405349366582
2020-09-30,NIFTY 50,+ drift uncertainty 0.10,0.0,False,False,0.808091720938682,2.0077743928177565,0.38323738416374586,0.09880746756494045,0.602405349366582
2020-09-30,NIFTY 50,recentred by past errors (point in time),0.03511032517046846,False,False,0.7448529273271559,2.0002318482144004,0.358143496447536,0.13389722546935082,0.602405349366582
2020-10-30,NIFTY 50,production,0.0,False,False,0.7169031411409371,2.326730676292175,0.36169901828790213,0.10144875367730856,0.5701535769700399
2020-10-30,NIFTY 50,+ drift uncertainty 0.03,0.0,False,False,0.7256915628910063,2.2177183854567835,0.3606598686197433,0.10147835506498813,0.5701535769700399
2020-10-30,NIFTY 50,+ drift uncertainty 0.06,0.0,False,False,0.7573490291833876,1.7682231980550127,0.3577163554928583,0.10155992989987135,0.5701535769700399
2020-10-30,NIFTY 50,+ drift uncertainty 0.10,0.0,False,False,0.8049465417861937,1.3423851895320253,0.3517186152072094,0.10172728557139635,0.5701535769700399
2020-10-30,NIFTY 50,recentred by past errors (point in time),0.034309287433392635,False,False,0.7392795562744136,1.4177925038325698,0.32751946635755036,0.13599087289720774,0.5701535769700399
2020-11-27,NIFTY 50,production,0.0,True,False,0.7359731465578079,0.7359731465578079,0.1421528209281553,0.12589912302047016,0.3417781537935327
2020-11-27,NIFTY 50,+ drift uncertainty 0.03,0.0,True,False,0.7416419595479964,0.7416419595479964,0.142054315232865,0.1259249575212598,0.3417781537935327
2020-11-27,NIFTY 50,+ drift uncertainty 0.06,0.0,True,False,0.765738496184349,0.765738496184349,0.1420226409028098,0.12599560198932885,0.3417781537935327
2020-11-27,NIFTY 50,+ drift uncertainty 0.10,0.0,True,False,0.8170527964830397,0.8170527964830397,0.1425604038078697,0.12613829242438077,0.3417781537935327
2020-11-27,NIFTY 50,recentred by past errors (point in time),0.03330503351125871,True,False,0.7581668138504029,0.7581668138504029,0.11940940724068605,0.1594019447863102,0.3417781537935327
2020-12-31,NIFTY 50,production,0.0,True,False,0.7542101889848708,0.7542101889848708,0.09768971588429268,0.13894809575378894,0.2858263910752741
2020-12-31,NIFTY 50,+ drift uncertainty 0.03,0.0,True,False,0.7601568520069117,0.7601568520069117,0.09808107291708179,0.13897274429351092,0.2858263910752741
2020-12-31,NIFTY 50,+ drift uncertainty 0.06,0.0,True,False,0.7880174338817594,0.7880174338817594,0.0993090198674387,0.13904020626842975,0.2858263910752741
2020-12-31,NIFTY 50,+ drift uncertainty 0.10,0.0,True,False,0.8352061837911605,0.8352061837911605,0.10229090554476394,0.13917676926404238,0.2858263910752741
2020-12-31,NIFTY 50,recentred by past errors (point in time),0.033111980051507436,True,True,0.7766364842653274,0.7766364842653274,0.08153545723615535,0.17226833561062813,0.2858263910752741
2021-01-29,NIFTY 50,production,0.0,True,False,0.7810273468494413,0.7810273468494413,0.10804854972849187,0.13723282369226217,0.30150497719093794
2021-01-29,NIFTY 50,+ drift uncertainty 0.03,0.0,True,False,0.7918916523456571,0.7918916523456571,0.1083578934732192,0.13725635544210674,0.30150497719093794
2021-01-29,NIFTY 50,+ drift uncertainty 0.06,0.0,True,False,0.8122802883386611,0.8122802883386611,0.10940773404719309,0.13732101591676474,0.30150497719093794
2021-01-29,NIFTY 50,+ drift uncertainty 0.10,0.0,True,False,0.8650737643241881,0.8650737643241881,0.11202519878696585,0.1374529957920313,0.30150497719093794
2021-01-29,NIFTY 50,recentred by past errors (point in time),0.03344157982674661,True,True,0.8041610002517701,0.8041610002517701,0.09020845510767106,0.1709019083827734,0.30150497719093794
2021-02-26,NIFTY 50,production,0.0,True,True,0.7725699245929718,0.7725699245929718,0.05005206749283775,0.13525171434134245,0.10610167678935567
2021-02-26,NIFTY 50,+ drift uncertainty 0.03,0.0,True,True,0.7827483355998992,0.7827483355998992,0.050639716449260214,0.13526177209615708,0.10610167678935567
2021-02-26,NIFTY 50,+ drift uncertainty 0.06,0.0,True,True,0.7981293737888334,0.7981293737888334,0.05233682841674098,0.13529053246229886,0.10610167678935567
2021-02-26,NIFTY 50,+ drift uncertainty 0.10,0.0,True,True,0.8472405582666394,0.8472405582666394,0.056575167638798385,0.13535412081331014,0.10610167678935567
2021-02-26,NIFTY 50,recentred by past errors (point in time),0.03453585025945446,True,True,0.794103220105171,0.794103220105171,0.054777488926475965,0.17020618373155594,0.10610167678935567
2021-03-31,NIFTY 50,production,0.0,True,True,0.7597916811704635,0.7597916811704635,0.06544907926740834,0.15383094650506973,0.22803276182387733
2021-03-31,NIFTY 50,+ drift uncertainty 0.03,0.0,True,True,0.7662213385105123,0.7662213385105123,0.06615756099509038,0.15385429690778255,0.22803276182387733
2021-03-31,NIFTY 50,+ drift uncertainty 0.06,0.0,True,True,0.7857129305601117,0.7857129305601117,0.06824383604627576,0.15391836722195149,0.22803276182387733
2021-03-31,NIFTY 50,+ drift uncertainty 0.10,0.0,True,True,0.8448869854211806,0.8448869854211806,0.07283712644446244,0.15404869014024736,0.22803276182387733
2021-03-31,NIFTY 50,recentred by past errors (point in time),0.03647988059568154,True,True,0.7835148751735685,0.7835148751735685,0.0569160551796096,0.19057366121560335,0.22803276182387733
2021-04-30,NIFTY 50,production,0.0,True,True,0.7633475750684737,0.7633475750684737,0.04983303417979265,0.15097594344615936,0.13634583000210232
2021-04-30,NIFTY 50,+ drift uncertainty 0.03,0.0,True,True,0.7690559953451156,0.7690559953451156,0.05058202024767061,0.15100233325362206,0.13634583000210232
2021-04-30,NIFTY 50,+ drift uncertainty 0.06,0.0,True,True,0.7913089573383332,0.7913089573383332,0.05263808086075486,0.15107458835095167,0.13634583000210232
2021-04-30,NIFTY 50,+ drift uncertainty 0.10,0.0,True,True,0.846915179491043,0.846915179491043,0.057213171288487547,0.15122080209106206,0.13634583000210232
2021-04-30,NIFTY 50,recentred by past errors (point in time),0.041453302124486016,True,True,0.7900840073823927,0.7900840073823927,0.05406214352347058,0.19271640978008509,0.13634583000210232
2021-05-31,NIFTY 50,production,0.0,True,True,0.7656582593917844,0.7656582593917844,0.056170810202898075,0.15430048649758102,0.07819546986503645
2021-05-31,NIFTY 50,+ drift uncertainty 0.03,0.0,True,True,0.7721091657876968,0.7721091657876968,0.056673185828063105,0.15432580465078355,0.07819546986503645
2021-05-31,NIFTY 50,+ drift uncertainty 0.06,0.0,True,True,0.7927188217639922,0.7927188217639922,0.05806574255543015,0.154395158149302,0.07819546986503645
2021-05-31,NIFTY 50,+ drift uncertainty 0.10,0.0,True,True,0.845386841893196,0.845386841893196,0.06124251069748046,0.15453564742952586,0.07819546986503645
2021-05-31,NIFTY 50,recentred by past errors (point in time),0.044318177139292037,True,True,0.79584883749485,0.79584883749485,0.07042117773480364,0.19891725413501263,0.07819546986503645
2021-06-30,NIFTY 50,production,0.0,True,True,0.7642479866743087,0.7642479866743087,0.0749100247426368,0.15292097426950932,0.01884250735359627
2021-06-30,NIFTY 50,+ drift uncertainty 0.03,0.0,True,True,0.7703139513731001,0.7703139513731001,0.07503445099058323,0.15294571852684022,0.01884250735359627
2021-06-30,NIFTY 50,+ drift uncertainty 0.06,0.0,True,True,0.7945408701896667,0.7945408701896667,0.07545924882810814,0.1530132969468832,0.01884250735359627
2021-06-30,NIFTY 50,+ drift uncertainty 0.10,0.0,True,True,0.8477872163057326,0.8477872163057326,0.0766654379408308,0.1531493957787752,0.01884250735359627
2021-06-30,NIFTY 50,recentred by past errors (point in time),0.0483058439493488,True,False,0.7953409612178796,0.7953409612178796,0.09979021640823135,0.2015531131774187,0.01884250735359627
2021-07-30,NIFTY 50,production,0.0,True,True,0.756549909710884,0.756549909710884,0.049728271833018006,0.14768896503001452,0.11752942802225519
2021-07-30,NIFTY 50,+ drift uncertainty 0.03,0.0,True,True,0.7631615728139869,0.7631615728139869,0.050382479783443235,0.1477152169197798,0.11752942802225519
2021-07-30,NIFTY 50,+ drift uncertainty 0.06,0.0,True,True,0.7891815483570098,0.7891815483570098,0.0522708143842974,0.14778674374520778,0.11752942802225519
2021-07-30,NIFTY 50,+ drift uncertainty 0.10,0.0,True,True,0.8447683572769162,0.8447683572769162,0.05650273009943771,0.1479300398901105,0.11752942802225519
2021-07-30,NIFTY 50,recentred by past errors (point in time),0.051419074575393124,True,True,0.7903665781021117,0.7903665781021117,0.05854096682026033,0.19952879682183267,0.11752942802225519
2021-08-31,NIFTY 50,production,0.0,True,True,0.7645537883043287,0.7645537883043287,0.06713971245224823,0.15905297343432903,0.04403530218384999
2021-08-31,NIFTY 50,+ drift uncertainty 0.03,0.0,True,True,0.7712610304355619,0.7712610304355619,0.06742470222557678,0.1590805633738637,0.04403530218384999
2021-08-31,NIFTY 50,+ drift uncertainty 0.06,0.0,True,True,0.7925253659486763,0.7925253659486763,0.0682997070301862,0.1591556872278452,0.04403530218384999
2021-08-31,NIFTY 50,+ drift uncertainty 0.10,0.0,True,True,0.8494506448507309,0.8494506448507309,0.07037838764655824,0.15930599414557217,0.04403530218384999
2021-08-31,NIFTY 50,recentred by past errors (point in time),0.05421523828479371,True,False,0.7997454106807708,0.7997454106807708,0.09179630191024021,0.21373088213801383,0.04403530218384999
2021-09-30,NIFTY 50,production,0.0,True,False,0.7686654657125472,0.7686654657125472,0.09127756659970515,0.1653501100242138,-0.0033809051305070392
2021-09-30,NIFTY 50,+ drift uncertainty 0.03,0.0,True,False,0.775808948278427,0.775808948278427,0.09112978139189787,0.16537831184267998,-0.0033809051305070392
2021-09-30,NIFTY 50,+ drift uncertainty 0.06,0.0,True,True,0.7965433657169334,0.7965433657169334,0.09087806409460716,0.1654551008567214,-0.0033809051305070392
2021-09-30,NIFTY 50,+ drift uncertainty 0.10,0.0,True,True,0.85132243335247,0.85132243335247,0.09092730898008008,0.16560869804769754,-0.0033809051305070392
2021-09-30,NIFTY 50,recentred by past errors (point in time),0.05710221020822921,True,False,0.8045887827873225,0.8045887827873225,0.1258412361854567,0.2229440685287118,-0.0033809051305070392
2021-10-29,NIFTY 50,production,0.0,True,True,0.7710649639368056,0.7710649639368056,0.07162513914786064,0.16477777701616286,0.0386246046470653
2021-10-29,NIFTY 50,+ drift uncertainty 0.03,0.0,True,True,0.7796329557895659,0.7796329557895659,0.07184965548550737,0.16480690825730562,0.0386246046470653
2021-10-29,NIFTY 50,+ drift uncertainty 0.06,0.0,True,True,0.8076400697231292,0.8076400697231292,0.07256300484096509,0.16488619594275952,0.0386246046470653
2021-10-29,NIFTY 50,+ drift uncertainty 0.10,0.0,True,True,0.8569086253643032,0.8569086253643032,0.07429964638330569,0.16504468500614167,0.0386246046470653
2021-10-29,NIFTY 50,recentred by past errors (point in time),0.060387166501141454,True,False,0.8121324568986893,0.8121324568986893,0.10145991482007483,0.22570381987094879,0.0386246046470653
2021-11-30,NIFTY 50,production,0.0,True,True,0.7721198052167885,0.7721198052167885,0.05191671800900463,0.1643342916816473,0.11555845905022366
2021-11-30,NIFTY 50,+ drift uncertainty 0.03,0.0,True,True,0.7773399084806437,0.7773399084806437,0.05253079240137373,0.16435979092866182,0.11555845905022366
2021-11-30,NIFTY 50,+ drift uncertainty 0.06,0.0,True,True,0.8003084033727645,0.8003084033727645,0.054288943012063356,0.16442931818217038,0.11555845905022366
2021-11-30,NIFTY 50,+ drift uncertainty 0.10,0.0,True,True,0.8566590845584867,0.8566590845584867,0.05815977366727601,0.16456891936063767,0.11555845905022366
2021-11-30,NIFTY 50,recentred by past errors (point in time),0.0633675873536348,True,True,0.8149814814329145,0.8149814814329145,0.06780390468501021,0.22828435266762973,0.11555845905022366
2021-12-31,NIFTY 50,production,0.0,True,True,0.7722340077161787,0.7722340077161787,0.06843660239651425,0.16802000465244055,0.050335482001577114
2021-12-31,NIFTY 50,+ drift uncertainty 0.03,0.0,True,True,0.7810018032789225,0.7810018032789225,0.06871547475101361,0.16804828616976739,0.050335482001577114
2021-12-31,NIFTY 50,+ drift uncertainty 0.06,0.0,True,True,0.803746485710144,0.803746485710144,0.06953856645268933,0.16812534126639367,0.050335482001577114
2021-12-31,NIFTY 50,+ drift uncertainty 0.10,0.0,True,True,0.8554787337779997,0.8554787337779997,0.0714909702680725,0.16827969978749752,0.050335482001577114
2021-12-31,NIFTY 50,recentred by past errors (point in time),0.06447274274073211,True,False,0.8132925659418105,0.8132925659418105,0.09894565510569095,0.23304379462450742,0.050335482001577114
2022-01-31,NIFTY 50,production,0.0,True,True,0.7682605296373366,0.7682605296373366,0.06873546098913624,0.16274721598625183,0.04312719400857046
2022-01-31,NIFTY 50,+ drift uncertainty 0.03,0.0,True,True,0.7789661347866057,0.7789661347866057,0.06899694752766031,0.16277077991515398,0.04312719400857046
2022-01-31,NIFTY 50,+ drift uncertainty 0.06,0.0,True,True,0.8029307931661605,0.8029307931661605,0.06972557397092496,0.16283528827130794,0.04312719400857046
2022-01-31,NIFTY 50,+ drift uncertainty 0.10,0.0,True,True,0.8582342147827147,0.8582342147827147,0.07161422569505985,0.16296577495336534,0.04312719400857046
2022-01-31,NIFTY 50,recentred by past errors (point in time),0.06506558844275193,True,False,0.8107737690210342,0.8107737690210342,0.10006214193629326,0.2282917697504163,0.04312719400857046
2022-02-28,NIFTY 50,production,0.0,True,True,0.7927526950836178,0.7927526950836178,0.05949485510239941,0.14794691125303508,0.061371624559958704
2022-02-28,NIFTY 50,+ drift uncertainty 0.03,0.0,True,True,0.8014395415782923,0.8014395415782923,0.05993299080225495,0.14797062637656927,0.061371624559958704
2022-02-28,NIFTY 50,+ drift uncertainty 0.06,0.0,True,True,0.8256684869527814,0.8256684869527814,0.061279500568588,0.14803568042814733,0.061371624559958704
2022-02-28,NIFTY 50,+ drift uncertainty 0.10,0.0,True,True,0.8779975980520246,0.8779975980520246,0.06419699818476027,0.14816758335381747,0.061371624559958704
2022-02-28,NIFTY 50,recentred by past errors (point in time),0.06577420676457996,True,True,0.8385308980941769,0.8385308980941769,0.08380178697672033,0.21433030518889426,0.061371624559958704
2022-03-31,NIFTY 50,production,0.0,True,True,0.7844382613897318,0.7844382613897318,0.07410779097218498,0.1534430373236537,0.02088108556559143
2022-03-31,NIFTY 50,+ drift uncertainty 0.03,0.0,True,True,0.7919493347406387,0.7919493347406387,0.07429612065341523,0.15347061458230019,0.02088108556559143
2022-03-31,NIFTY 50,+ drift uncertainty 0.06,0.0,True,True,0.8132884442806244,0.8132884442806244,0.07492663551990031,0.15354617643356322,0.02088108556559143
2022-03-31,NIFTY 50,+ drift uncertainty 0.10,0.0,True,True,0.8672132909297937,0.8672132909297937,0.07643985585134075,0.15369877314567565,0.02088108556559143
2022-03-31,NIFTY 50,recentred by past errors (point in time),0.06510098517368232,True,False,0.828478449583053,0.828478449583053,0.10746202451470344,0.2190615084171295,0.02088108556559143
2022-04-29,NIFTY 50,production,0.0,True,True,0.789826130867004,0.789826130867004,0.05453749590157983,0.14698193978518248,0.08190806645220139
2022-04-29,NIFTY 50,+ drift uncertainty 0.03,0.0,True,True,0.794050496816635,0.794050496816635,0.05505433176302252,0.14700674075633288,0.08190806645220139
2022-04-29,NIFTY 50,+ drift uncertainty 0.06,0.0,True,True,0.815133965015411,0.815133965015411,0.05660537918054345,0.14707485269755124,0.08190806645220139
2022-04-29,NIFTY 50,+ drift uncertainty 0.10,0.0,True,True,0.8637539893388747,0.8637539893388747,0.06010132454073794,0.14721303348988293,0.08190806645220139
2022-04-29,NIFTY 50,recentred by past errors (point in time),0.065165075526817,True,True,0.8343473076820367,0.8343473076820367,0.07425233368136833,0.2126392899081111,0.08190806645220139
2022-05-31,NIFTY 50,production,0.0,True,True,0.8042166948318477,0.8042166948318477,0.05313085522911887,0.13192594726383686,0.13613963359970582
2022-05-31,NIFTY 50,+ drift uncertainty 0.03,0.0,True,True,0.814645457267761,0.814645457267761,0.05376124847581812,0.13194672115892173,0.13613963359970582
2022-05-31,NIFTY 50,+ drift uncertainty 0.06,0.0,True,True,0.835585343837738,0.835585343837738,0.05567081483213426,0.13200433527678251,0.13613963359970582
2022-05-31,NIFTY 50,+ drift uncertainty 0.10,0.0,True,True,0.8878041654825208,0.8878041654825208,0.06014095982887069,0.1321234152764082,0.13613963359970582
2022-05-31,NIFTY 50,recentred by past errors (point in time),0.06460706721233536,True,True,0.8512337297201155,0.8512337297201155,0.0568145767878116,0.19714280622452499,0.13613963359970582
2022-06-30,NIFTY 50,production,0.0,True,True,0.8085180550813669,0.8085180550813669,0.08709847931079631,0.12158141271024943,0.24109281096933932
2022-06-30,NIFTY 50,+ drift uncertainty 0.03,0.0,True,True,0.8189199954271316,0.8189199954271316,0.08753129016997752,0.1216056878939271,0.24109281096933932
2022-06-30,NIFTY 50,+ drift uncertainty 0.06,0.0,True,True,0.8439554423093791,0.8439554423093791,0.08883726827953997,0.12167276735603809,0.24109281096933932
2022-06-30,NIFTY 50,+ drift uncertainty 0.10,0.0,True,True,0.8900323152542113,0.8900323152542113,0.0921510287167451,0.1218102912157774,0.24109281096933932
2022-06-30,NIFTY 50,recentred by past errors (point in time),0.06362989996341259,True,True,0.8578339844942091,0.8578339844942091,0.06561757676751429,0.1858620240688324,0.24109281096933932
2022-07-29,NIFTY 50,production,0.0,True,True,0.8106262594461436,0.8106262594461436,0.057446797029819835,0.127006738640368,0.1570952085779691
2022-07-29,NIFTY 50,+ drift uncertainty 0.03,0.0,True,True,0.8180684804916374,0.8180684804916374,0.05813021372516369,0.12703121215105057,0.1570952085779691
2022-07-29,NIFTY 50,+ drift uncertainty 0.06,0.0,True,True,0.8441804975271221,0.8441804975271221,0.06008774547702947,0.1270989227220416,0.1570952085779691
2022-07-29,NIFTY 50,+ drift uncertainty 0.10,0.0,True,True,0.893520015478134,0.893520015478134,0.06446304831050134,0.12723798198997974,0.1570952085779691
2022-07-29,NIFTY 50,recentred by past errors (point in time),0.062266393984934484,True,True,0.8558232128620143,0.8558232128620143,0.055869782135103296,0.18991226402670144,0.1570952085779691
2022-08-30,NIFTY 50,production,0.0,True,True,0.8010021537542338,0.8010021537542338,0.052153868924784935,0.14378743416070938,0.11665631491275308
2022-08-30,NIFTY 50,+ drift uncertainty 0.03,0.0,True,True,0.8108534276485442,0.8108534276485442,0.052828178417418686,0.1438107015416026,0.11665631491275308
2022-08-30,NIFTY 50,+ drift uncertainty 0.06,0.0,True,True,0.830206608772277,0.830206608772277,0.054723980511277664,0.14387503714859487,0.11665631491275308
2022-08-30,NIFTY 50,+ drift uncertainty 0.10,0.0,True,True,0.8819998234510418,0.8819998234510418,0.0589342724770526,0.14400709043443202,0.11665631491275308
2022-08-30,NIFTY 50,recentred by past errors (point in time),0.061633339663066715,True,True,0.8447426944971081,0.8447426944971081,0.06223404566782789,0.20596465170383454,0.11665631491275308
2022-09-30,NIFTY 50,production,0.0,True,True,0.7846141755580901,0.7846141755580901,0.05850164167243163,0.11499251798540354,0.1563859735880666
2022-09-30,NIFTY 50,+ drift uncertainty 0.03,0.0,True,True,0.7891119599342346,0.7891119599342346,0.05911485398782618,0.11500548219680787,0.1563859735880666
2022-09-30,NIFTY 50,+ drift uncertainty 0.06,0.0,True,True,0.8084908694028852,0.8084908694028852,0.06097063783783074,0.11504224771261215,0.1563859735880666
2022-09-30,NIFTY 50,+ drift uncertainty 0.10,0.0,True,True,0.854983928799629,0.854983928799629,0.06543355534198478,0.11512176275998354,0.1563859735880666
2022-09-30,NIFTY 50,recentred by past errors (point in time),0.06043163210583171,True,True,0.8253198772668835,0.8253198772668835,0.05417622538557096,0.1760457361191511,0.1563859735880666
2022-10-31,NIFTY 50,production,0.0,True,True,0.8017991572618485,0.8017991572618485,0.05332052015549077,0.1394347472563386,0.09180172477220294
2022-10-31,NIFTY 50,+ drift uncertainty 0.03,0.0,True,True,0.8100158929824829,0.8100158929824829,0.05389307290050774,0.13945823111385108,0.09180172477220294
2022-10-31,NIFTY 50,+ drift uncertainty 0.06,0.0,True,True,0.8308708548545832,0.8308708548545832,0.055571367180418274,0.1395230583846569,0.09180172477220294
2022-10-31,NIFTY 50,+ drift uncertainty 0.10,0.0,True,True,0.8869791805744172,0.8869791805744172,0.05930155756701977,0.1396555687561631,0.09180172477220294
2022-10-31,NIFTY 50,recentred by past errors (point in time),0.0588832358405577,True,True,0.8431807100772855,0.8431807100772855,0.06666465870863611,0.19885723735392094,0.09180172477220294
2022-11-30,NIFTY 50,production,0.0,True,True,0.8103489220142365,0.8103489220142365,0.052561863131548925,0.1477698373273015,0.12881141529482654
2022-11-30,NIFTY 50,+ drift uncertainty 0.03,0.0,True,True,0.8174290329217908,0.8174290329217908,0.05321619602138397,0.147792990244925,0.12881141529482654
2022-11-30,NIFTY 50,+ drift uncertainty 0.06,0.0,True,True,0.8384696990251538,0.8384696990251538,0.055135287956513124,0.14785710387676954,0.12881141529482654
2022-11-30,NIFTY 50,+ drift uncertainty 0.10,0.0,True,True,0.8919657528400421,0.8919657528400421,0.059414382260953996,0.14798901554942132,0.12881141529482654
2022-11-30,NIFTY 50,recentred by past errors (point in time),0.0576413807519023,True,True,0.8501194298267359,0.8501194298267359,0.06005576882785624,0.20591924678534268,0.12881141529482654
2022-12-30,NIFTY 50,production,0.0,True,True,0.7871073603630064,0.7871073603630064,0.07370917272491914,0.1140646009594202,0.20554534677516556
2022-12-30,NIFTY 50,+ drift uncertainty 0.03,0.0,True,True,0.7909101396799085,0.7909101396799085,0.07424556655239375,0.11407774735987186,0.20554534677516556
2022-12-30,NIFTY 50,+ drift uncertainty 0.06,0.0,True,True,0.8119254857301709,0.8119254857301709,0.07588293033392407,0.11411502195894718,0.20554534677516556
2022-12-30,NIFTY 50,+ drift uncertainty 0.10,0.0,True,True,0.8542792648077009,0.8542792648077009,0.07968424560286391,0.11419551168382168,0.20554534677516556
2022-12-30,NIFTY 50,recentred by past errors (point in time),0.056931932662680124,True,True,0.8261361092329026,0.8261361092329026,0.059494511690043106,0.17161154890060426,0.20554534677516556
2023-01-31,NIFTY 50,production,0.0,True,True,0.7873776316642753,0.7873776316642753,0.08893766205849915,0.12445593700557947,0.2494243699214791
2023-01-31,NIFTY 50,+ drift uncertainty 0.03,0.0,True,True,0.7948397219181059,0.7948397219181059,0.08933714669259468,0.12447774258255959,0.2494243699214791
2023-01-31,NIFTY 50,+ drift uncertainty 0.06,0.0,True,True,0.8176042318344117,0.8176042318344117,0.09053491185956133,0.12453815291821957,0.2494243699214791
2023-01-31,NIFTY 50,+ drift uncertainty 0.10,0.0,True,True,0.872150295972824,0.872150295972824,0.09375226567459904,0.12466252516210079,0.2494243699214791
2023-01-31,NIFTY 50,recentred by past errors (point in time),0.05577553229636526,True,True,0.8280132770538328,0.8280132770538328,0.06851077101129158,0.18067386281490325,0.2494243699214791
2023-02-28,NIFTY 50,production,0.0,True,False,0.7947905629873274,0.7947905629873274,0.11864998849933994,0.12920868223905563,0.3074974893167013
2023-02-28,NIFTY 50,+ drift uncertainty 0.03,0.0,True,False,0.7983317583799359,0.7983317583799359,0.11885123522732591,0.1292316135838628,0.3074974893167013
2023-02-28,NIFTY 50,+ drift uncertainty 0.06,0.0,True,False,0.821817019581794,0.821817019581794,0.11954624058085503,0.12929512192308903,0.3074974893167013
2023-02-28,NIFTY 50,+ drift uncertainty 0.10,0.0,True,False,0.8784970372915265,0.8784970372915265,0.12148518179964327,0.12942585545033217,0.3074974893167013
2023-02-28,NIFTY 50,recentred by past errors (point in time),0.054621614176141274,True,True,0.8331106573343275,0.8331106573343275,0.08981192077739522,0.18428014383465052,0.3074974893167013
2023-03-31,NIFTY 50,production,0.0,True,False,0.7977557718753814,0.7977557718753814,0.11988662525474966,0.1337725677192211,0.31419310518635135
2023-03-31,NIFTY 50,+ drift uncertainty 0.03,0.0,True,False,0.80643855035305,0.80643855035305,0.12009035057368714,0.1337948782071471,0.31419310518635135
2023-03-31,NIFTY 50,+ drift uncertainty 0.06,0.0,True,False,0.8252859801053998,0.8252859801053998,0.12079671984442375,0.13385657364875078,0.31419310518635135
2023-03-31,NIFTY 50,+ drift uncertainty 0.10,0.0,True,False,0.8837472707033156,0.8837472707033156,0.12266718259246381,0.13398322132974863,0.31419310518635135
2023-03-31,NIFTY 50,recentred by past errors (point in time),0.05369875861490456,True,True,0.8358897447586056,0.8358897447586056,0.09132370068651102,0.18790240114927292,0.31419310518635135
2023-04-28,NIFTY 50,production,0.0,True,True,0.779249900579452,0.779249900579452,0.08659124203928265,0.10955460204184056,0.23137619568519296
2023-04-28,NIFTY 50,+ drift uncertainty 0.03,0.0,True,True,0.7830729424953459,0.7830729424953459,0.08701143990481108,0.1095689235329628,0.23137619568519296
2023-04-28,NIFTY 50,+ drift uncertainty 0.06,0.0,True,True,0.7997079074382774,0.7997079074382774,0.08838379397109863,0.10960941354930401,0.23137619568519296
2023-04-28,NIFTY 50,+ drift uncertainty 0.10,0.0,True,True,0.8437935382127761,0.8437935382127761,0.09183855390080495,0.10969636654108762,0.23137619568519296
2023-04-28,NIFTY 50,recentred by past errors (point in time),0.05248927348261257,True,True,0.8166378647089,0.8166378647089,0.06776591762457848,0.16261366254091264,0.23137619568519296
2023-05-31,NIFTY 50,production,0.0,True,False,0.791079422831535,0.791079422831535,0.09408033865795426,0.1367081192806363,0.27164982863871323
2023-05-31,NIFTY 50,+ drift uncertainty 0.03,0.0,True,False,0.8023172110319137,0.8023172110319137,0.09446336747868186,0.13673036293685437,0.27164982863871323
2023-05-31,NIFTY 50,+ drift uncertainty 0.06,0.0,True,True,0.8260836154222488,0.8260836154222488,0.09565329925719668,0.13679191064089535,0.27164982863871323
2023-05-31,NIFTY 50,+ drift uncertainty 0.10,0.0,True,True,0.878253206610679,0.878253206610679,0.09871288820398999,0.13691836401820182,0.27164982863871323
2023-05-31,NIFTY 50,recentred by past errors (point in time),0.051730801567673255,True,True,0.8296080350875853,0.8296080350875853,0.07314255460374655,0.18884725426882507,0.27164982863871323
2023-06-30,NIFTY 50,production,0.0,True,False,0.8023594260215758,0.8023594260215758,0.09718885567038207,0.14335515109449626,0.2837591848511698
2023-06-30,NIFTY 50,+ drift uncertainty 0.03,0.0,True,False,0.8083687514066694,0.8083687514066694,0.09756421907137383,0.14337870267033576,0.2837591848511698
2023-06-30,NIFTY 50,+ drift uncertainty 0.06,0.0,True,False,0.830451852083206,0.830451852083206,0.09866076541793431,0.14344368865340948,0.2837591848511698
2023-06-30,NIFTY 50,+ drift uncertainty 0.10,0.0,True,True,0.8820199877023696,0.8820199877023696,0.10158706676860416,0.14357640450447798,0.2837591848511698
2023-06-30,NIFTY 50,recentred by past errors (point in time),0.05142620467516169,True,True,0.8387335896492001,0.8387335896492001,0.07563312566260666,0.19517659599334,0.2837591848511698
2023-07-31,NIFTY 50,production,0.0,True,False,0.7825076043605802,0.7825076043605802,0.0918483525178706,0.11619507067650557,0.24864969221626732
2023-07-31,NIFTY 50,+ drift uncertainty 0.03,0.0,True,False,0.7895185947418212,0.7895185947418212,0.09222786707671235,0.11620967315882444,0.24864969221626732
2023-07-31,NIFTY 50,+ drift uncertainty 0.06,0.0,True,True,0.8117141157388685,0.8117141157388685,0.0934376820370878,0.11625076097995043,0.24864969221626732
2023-07-31,NIFTY 50,+ drift uncertainty 0.10,0.0,True,True,0.8544563770294189,0.8544563770294189,0.0964370752657994,0.11633819430321456,0.24864969221626732
2023-07-31,NIFTY 50,recentred by past errors (point in time),0.05185986832856251,True,True,0.8188289284706115,0.8188289284706115,0.07121209295416006,0.16854055267572404,0.24864969221626732
2023-08-31,NIFTY 50,production,0.0,True,False,0.7675809502601622,0.7675809502601622,0.1515380349621436,0.10738454166054726,0.3358978352832973
2023-08-31,NIFTY 50,+ drift uncertainty 0.03,0.0,True,False,0.7753191888332365,0.7753191888332365,0.15151456349963843,0.10740061992406845,0.3358978352832973
2023-08-31,NIFTY 50,+ drift uncertainty 0.06,0.0,True,False,0.7958535999059676,0.7958535999059676,0.1514826713228815,0.10744569214433432,0.3358978352832973
2023-08-31,NIFTY 50,+ drift uncertainty 0.10,0.0,True,False,0.8401479631662366,0.8401479631662366,0.15190112122637237,0.10754088371247053,0.3358978352832973
2023-08-31,NIFTY 50,recentred by past errors (point in time),0.05172207466786022,True,False,0.8029969871044156,0.8029969871044156,0.11699879428336174,0.15954530311375856,0.3358978352832973
2023-09-29,NIFTY 50,production,0.0,True,False,0.7782892018556594,0.7782892018556594,0.11131835445108423,0.12088249874860048,0.28783565246816245
2023-09-29,NIFTY 50,+ drift uncertainty 0.03,0.0,True,False,0.7844856232404709,0.7844856232404709,0.11154009131245574,0.12089744064956903,0.28783565246816245
2023-09-29,NIFTY 50,+ drift uncertainty 0.06,0.0,True,False,0.8059894442558287,0.8059894442558287,0.11230286853622148,0.12093947776407003,0.28783565246816245
2023-09-29,NIFTY 50,+ drift uncertainty 0.10,0.0,True,False,0.8562238991260526,0.8562238991260526,0.11439814598930262,0.12102897530049085,0.28783565246816245
2023-09-29,NIFTY 50,recentred by past errors (point in time),0.05122614263065382,True,True,0.8118798702955243,0.8118798702955243,0.08519596089837647,0.17252977274358272,0.28783565246816245
2023-10-31,NIFTY 50,production,0.0,True,False,0.7869231641292571,0.7869231641292571,0.0947018520108504,0.14541133631765843,0.2822163831197386
2023-10-31,NIFTY 50,+ drift uncertainty 0.03,0.0,True,False,0.7915854126214978,0.7915854126214978,0.09509521212271882,0.14543578416109085,0.2822163831197386
2023-10-31,NIFTY 50,+ drift uncertainty 0.06,0.0,True,True,0.8210177689790723,0.8210177689790723,0.09625875898464581,0.1455033078491688,0.2822163831197386
2023-10-31,NIFTY 50,+ drift uncertainty 0.10,0.0,True,True,0.8732714504003523,0.8732714504003523,0.09927610293232081,0.1456417157575488,0.2822163831197386
2023-10-31,NIFTY 50,recentred by past errors (point in time),0.051164688336728895,True,True,0.8218459427356719,0.8218459427356719,0.07362717208176944,0.19696927074342965,0.2822163831197386
2023-11-30,NIFTY 50,production,0.0,True,True,0.7799936085939396,0.7799936085939396,0.07406858349006121,0.1466286869496107,0.2383591016659985
2023-11-30,NIFTY 50,+ drift uncertainty 0.03,0.0,True,True,0.7904823899269104,0.7904823899269104,0.07465102680187166,0.14665395800024272,0.2383591016659985
2023-11-30,NIFTY 50,+ drift uncertainty 0.06,0.0,True,True,0.8167272865772244,0.8167272865772244,0.07636838273702928,0.14672364237904548,0.2383591016659985
2023-11-30,NIFTY 50,+ drift uncertainty 0.10,0.0,True,True,0.872471317648887,0.872471317648887,0.0801497627568099,0.14686598189920186,0.2383591016659985
2023-11-30,NIFTY 50,recentred by past errors (point in time),0.050551037958959544,True,True,0.8158941090106959,0.8158941090106959,0.06090644689446176,0.19755833794921637,0.2383591016659985
2023-12-29,NIFTY 50,production,0.0,True,True,0.789245370030403,0.789245370030403,0.05383116651771455,0.15900222507864237,0.10434281941277046
2023-12-29,NIFTY 50,+ drift uncertainty 0.03,0.0,True,True,0.7967452526092524,0.7967452526092524,0.054455856346895704,0.15902840507030486,0.10434281941277046
2023-12-29,NIFTY 50,+ drift uncertainty 0.06,0.0,True,True,0.8213252842426297,0.8213252842426297,0.05630195745688363,0.15910054466128348,0.10434281941277046
2023-12-29,NIFTY 50,+ drift uncertainty 0.10,0.0,True,True,0.8809869736433026,0.8809869736433026,0.06017941868643567,0.15924770939350127,0.10434281941277046
2023-12-29,NIFTY 50,recentred by past errors (point in time),0.050121967218271675,True,True,0.8231935709714888,0.8231935709714888,0.06609599861272228,0.20948724802583457,0.10434281941277046
2024-01-31,NIFTY 50,production,0.0,True,True,0.8106954604387283,0.8106954604387283,0.05379955236059386,0.15591515511274337,0.10497542528677317
2024-01-31,NIFTY 50,+ drift uncertainty 0.03,0.0,True,True,0.8137940615415564,0.8137940615415564,0.05442835951148395,0.15594431664049627,0.10497542528677317
2024-01-31,NIFTY 50,+ drift uncertainty 0.06,0.0,True,True,0.8368541002273557,0.8368541002273557,0.05618015171386534,0.15602461642026902,0.10497542528677317
2024-01-31,NIFTY 50,+ drift uncertainty 0.10,0.0,True,True,0.8888637542724609,0.8888637542724609,0.05992620459578071,0.15618808353692293,0.10497542528677317
2024-01-31,NIFTY 50,recentred by past errors (point in time),0.05037570205629298,True,True,0.8448345005512238,0.8448345005512238,0.06480523792807555,0.20666245967149735,0.10497542528677317
2024-02-29,NIFTY 50,production,0.0,True,True,0.7901123166084286,0.7901123166084286,0.06926555587225142,0.15879167179018258,0.03933965005131257
2024-02-29,NIFTY 50,+ drift uncertainty 0.03,0.0,True,True,0.7971811503171917,0.7971811503171917,0.06953832624042486,0.15882212498784065,0.03933965005131257
2024-02-29,NIFTY 50,+ drift uncertainty 0.06,0.0,True,True,0.8203084200620648,0.8203084200620648,0.07038768034165055,0.15890580946952104,0.03933965005131257
2024-02-29,NIFTY 50,+ drift uncertainty 0.10,0.0,True,True,0.87109397649765,0.87109397649765,0.0723165672206072,0.1590754338875413,0.03933965005131257
2024-02-29,NIFTY 50,recentred by past errors (point in time),0.05083053578104668,True,False,0.8271395146846772,0.8271395146846772,0.0920510610679185,0.20995973064005374,0.03933965005131257
2024-03-28,NIFTY 50,production,0.0,True,True,0.7792346298694608,0.7792346298694608,0.06647684633335152,0.15117893148213624,0.03929119101862355
2024-03-28,NIFTY 50,+ drift uncertainty 0.03,0.0,True,True,0.7912764877080916,0.7912764877080916,0.06680827058736491,0.15121212547272445,0.03929119101862355
2024-03-28,NIFTY 50,+ drift uncertainty 0.06,0.0,True,True,0.8160787731409073,0.8160787731409073,0.06779468167838898,0.15130339482426644,0.03929119101862355
2024-03-28,NIFTY 50,+ drift uncertainty 0.10,0.0,True,True,0.8688659459352492,0.8688659459352492,0.06994943520256372,0.15148854979127646,0.03929119101862355
2024-03-28,NIFTY 50,recentred by past errors (point in time),0.05160301015254122,True,True,0.8137266844511027,0.8137266844511027,0.08866795100260608,0.2031146709918976,0.03929119101862355
2024-04-30,NIFTY 50,production,0.0,True,True,0.7761087208986283,0.7761087208986283,0.054341744529437574,0.150900381565094,0.08788249732890008
2024-04-30,NIFTY 50,+ drift uncertainty 0.03,0.0,True,True,0.7852250307798383,0.7852250307798383,0.05493993708505235,0.15093335403501987,0.08788249732890008
2024-04-30,NIFTY 50,+ drift uncertainty 0.06,0.0,True,True,0.8121130615472792,0.8121130615472792,0.05658952282500815,0.15102400957792997,0.08788249732890008
2024-04-30,NIFTY 50,+ drift uncertainty 0.10,0.0,True,True,0.8655044168233871,0.8655044168233871,0.06020471841628128,0.15120801140367984,0.08788249732890008
2024-04-30,NIFTY 50,recentred by past errors (point in time),0.052379019353231526,True,True,0.8115511327981945,0.8115511327981945,0.06913108829644324,0.20362743874639272,0.08788249732890008
2024-05-31,NIFTY 50,production,0.0,True,True,0.7965536832809443,0.7965536832809443,0.053432177308181145,0.12066937635093927,0.12425327498196226
2024-05-31,NIFTY 50,+ drift uncertainty 0.03,0.0,True,True,0.809754395484924,0.809754395484924,0.05404132893933086,0.12068793161958456,0.12425327498196226
2024-05-31,NIFTY 50,+ drift uncertainty 0.06,0.0,True,True,0.8303450047969816,0.8303450047969816,0.05580072638718167,0.12073963907361031,0.12425327498196226
2024-05-31,NIFTY 50,+ drift uncertainty 0.10,0.0,True,True,0.8812714010477065,0.8812714010477065,0.0596929394803756,0.12084773087501526,0.12425327498196226
2024-05-31,NIFTY 50,recentred by past errors (point in time),0.05279484315137596,True,True,0.8337292611598968,0.8337292611598968,0.05594796319110518,0.17399649197608233,0.12425327498196226
2024-06-28,NIFTY 50,production,0.0,True,True,0.8345334827899931,0.8345334827899931,0.056898729105662404,0.1385058511197567,0.07193182140105092
2024-06-28,NIFTY 50,+ drift uncertainty 0.03,0.0,True,True,0.8439291417598718,0.8439291417598718,0.05739981736183972,0.13852706678956747,0.07193182140105092
2024-06-28,NIFTY 50,+ drift uncertainty 0.06,0.0,True,True,0.8709348529577248,0.8709348529577248,0.05882773335780883,0.1385858544483781,0.07193182140105092
2024-06-28,NIFTY 50,+ drift uncertainty 0.10,0.0,True,True,0.9173628836870193,0.9173628836870193,0.06206702145681217,0.13870710245519877,0.07193182140105092
2024-06-28,NIFTY 50,recentred by past errors (point in time),0.05328381259308251,True,True,0.8733115822076796,0.8733115822076796,0.0712680398051369,0.19231768575310706,0.07193182140105092
2024-07-31,NIFTY 50,production,0.0,True,False,0.7856457144021984,0.7856457144021984,0.08933261612567794,0.16951285363733767,0.0038111875567248266
2024-07-31,NIFTY 50,+ drift uncertainty 0.03,0.0,True,True,0.7968812942504881,0.7968812942504881,0.08932817738556448,0.16954154773801566,0.0038111875567248266
2024-07-31,NIFTY 50,+ drift uncertainty 0.06,0.0,True,True,0.8161323338747023,0.8161323338747023,0.08940436325767856,0.1696211224347353,0.0038111875567248266
2024-07-31,NIFTY 50,+ drift uncertainty 0.10,0.0,True,True,0.8718210011720656,0.8718210011720656,0.08970022458403781,0.16978539161384107,0.0038111875567248266
2024-07-31,NIFTY 50,recentred by past errors (point in time),0.053799316860322695,True,False,0.8213603556156153,0.8213603556156153,0.12041916740777098,0.22365570910274982,0.0038111875567248266
2024-08-30,NIFTY 50,production,0.0,True,False,0.7881249547004696,0.7881249547004696,0.09580769075365736,0.17122350908815862,-0.007051643161534726
2024-08-30,NIFTY 50,+ drift uncertainty 0.03,0.0,True,False,0.7989463090896604,0.7989463090896604,0.095676445769661,0.17125284388661385,-0.007051643161534726
2024-08-30,NIFTY 50,+ drift uncertainty 0.06,0.0,True,False,0.8222154349088667,0.8222154349088667,0.09545159219687743,0.17133415871858595,-0.007051643161534726
2024-08-30,NIFTY 50,+ drift uncertainty 0.10,0.0,True,True,0.8748958885669708,0.8748958885669708,0.09516732557331498,0.17150187151879073,-0.007051643161534726
2024-08-30,NIFTY 50,recentred by past errors (point in time),0.05426199512314292,True,False,0.8232800364494317,0.8232800364494317,0.12859907205943355,0.22585268148034812,-0.007051643161534726
2024-09-30,NIFTY 50,production,0.0,True,False,0.7726279884576797,0.7726279884576797,0.10025555479882295,0.1697350929901004,-0.01569345820936785
2024-09-30,NIFTY 50,+ drift uncertainty 0.03,0.0,True,False,0.7844095110893247,0.7844095110893247,0.10002380169073047,0.1697649606242776,-0.01569345820936785
2024-09-30,NIFTY 50,+ drift uncertainty 0.06,0.0,True,False,0.8068950563669202,0.8068950563669202,0.09955552506556398,0.16984752954542637,-0.01569345820936785
2024-09-30,NIFTY 50,+ drift uncertainty 0.10,0.0,True,False,0.8616364032030104,0.8616364032030104,0.09889375331292133,0.17001710049808025,-0.01569345820936785
2024-09-30,NIFTY 50,recentred by past errors (point in time),0.05528100856466109,True,False,0.8074375063180919,0.8074375063180919,0.13499219287399847,0.22538025918602944,-0.01569345820936785
2024-10-31,NIFTY 50,production,0.0,True,True,0.7707839161157607,0.7707839161157607,0.05980646894075034,0.1584763833358884,0.0669486114617559
2024-10-31,NIFTY 50,+ drift uncertainty 0.03,0.0,True,True,0.7833175241947175,0.7833175241947175,0.06025480456060259,0.15850373083353042,0.0669486114617559
2024-10-31,NIFTY 50,+ drift uncertainty 0.06,0.0,True,True,0.8068636149168013,0.8068636149168013,0.0615280030007794,0.15857911435514688,0.0669486114617559
2024-10-31,NIFTY 50,+ drift uncertainty 0.10,0.0,True,True,0.8552950322628021,0.8552950322628021,0.06440047683014455,0.15873309241980313,0.0669486114617559
2024-10-31,NIFTY 50,recentred by past errors (point in time),0.05593026522253842,True,True,0.8095130324363706,0.8095130324363706,0.0809423948212471,0.21475252132862807,0.0669486114617559
2024-11-29,NIFTY 50,production,0.0,True,True,0.7684793353080748,0.7684793353080748,0.05432905434623256,0.15719470727443696,0.09296296449673203
2024-11-29,NIFTY 50,+ drift uncertainty 0.03,0.0,True,True,0.7800830185413359,0.7800830185413359,0.054938740685129134,0.1572221105620265,0.09296296449673203
2024-11-29,NIFTY 50,+ drift uncertainty 0.06,0.0,True,True,0.8026522219181053,0.8026522219181053,0.05662708644300313,0.15729789892584087,0.09296296449673203
2024-11-29,NIFTY 50,+ drift uncertainty 0.10,0.0,True,True,0.8579786300659179,0.8579786300659179,0.060138146461159364,0.15745357809960842,0.09296296449673203
2024-11-29,NIFTY 50,recentred by past errors (point in time),0.05639774950912537,True,True,0.805970138311386,0.805970138311386,0.07076111719953587,0.21392787163704632,0.09296296449673203
2024-12-31,NIFTY 50,production,0.0,True,True,0.7676787614822385,0.7676787614822385,0.05064498547978852,0.15298544810712336,0.12472009094769998
2024-12-31,NIFTY 50,+ drift uncertainty 0.03,0.0,True,True,0.7814224511384962,0.7814224511384962,0.05135181639265504,0.15301186989992857,0.12472009094769998
2024-12-31,NIFTY 50,+ drift uncertainty 0.06,0.0,True,True,0.8000712454318999,0.8000712454318999,0.05334296987138176,0.1530850762873888,0.12472009094769998
2024-12-31,NIFTY 50,+ drift uncertainty 0.10,0.0,True,True,0.8492605209350581,0.8492605209350581,0.05773484799186632,0.15323611498624087,0.12472009094769998
2024-12-31,NIFTY 50,recentred by past errors (point in time),0.05660081080341998,True,True,0.8059172391891476,0.8059172391891476,0.06003441037529428,0.20996385237574577,0.12472009094769998
2025-01-31,NIFTY 50,production,0.0,True,True,0.7699196219444269,0.7699196219444269,0.0513649041018695,0.15339719703793525,0.11474071163853594
2025-01-31,NIFTY 50,+ drift uncertainty 0.03,0.0,True,True,0.7840761810541151,0.7840761810541151,0.052053422960136514,0.1534272229298949,0.11474071163853594
2025-01-31,NIFTY 50,+ drift uncertainty 0.06,0.0,True,True,0.8073075830936429,0.8073075830936429,0.0540161794063338,0.15351003362238408,0.11474071163853594
2025-01-31,NIFTY 50,+ drift uncertainty 0.10,0.0,True,True,0.8586256504058838,0.8586256504058838,0.058223846823570846,0.15367914539575578,0.11474071163853594
2025-01-31,NIFTY 50,recentred by past errors (point in time),0.055965038137881166,True,True,0.8062113702297203,0.8062113702297203,0.06299414008352311,0.20967724345624447,0.11474071163853594
2025-02-28,NIFTY 50,production,0.0,True,True,0.7935301244258878,0.7935301244258878,0.05192339056673648,0.15147282054275274,0.11093304271320781
2025-02-28,NIFTY 50,+ drift uncertainty 0.03,0.0,True,True,0.8032994180917736,0.8032994180917736,0.05260632583095251,0.1515028070807457,0.11093304271320781
2025-02-28,NIFTY 50,+ drift uncertainty 0.06,0.0,True,True,0.8297276079654694,0.8297276079654694,0.05447565260220147,0.15158562645316123,0.11093304271320781
2025-02-28,NIFTY 50,+ drift uncertainty 0.10,0.0,True,True,0.8839623868465419,0.8839623868465419,0.05850221136817593,0.15175541315972804,0.11093304271320781
2025-02-28,NIFTY 50,recentred by past errors (point in time),0.05535762468354111,True,True,0.8322860538959502,0.8322860538959502,0.06312688576718808,0.20719554673135282,0.11093304271320781
2025-03-28,NIFTY 50,production,0.0,True,False,0.7050597161054608,0.7050597161054608,0.09030821535814776,0.18921131951361894,0.02410117772257525
2025-03-28,NIFTY 50,+ drift uncertainty 0.03,0.0,True,False,0.7148734837770461,0.7148734837770461,0.09007164466534963,0.18924622934311627,0.02410117772257525
2025-03-28,NIFTY 50,+ drift uncertainty 0.06,0.0,True,False,0.746683183312416,0.746683183312416,0.08956946290849399,0.18933949937671424,0.02410117772257525
2025-03-28,NIFTY 50,+ drift uncertainty 0.10,0.0,True,True,0.8122266262769697,0.8122266262769697,0.08920686800508637,0.18952239684015512,0.02410117772257525
2025-03-28,NIFTY 50,recentred by past errors (point in time),0.054369999562510526,True,False,0.7384038656949995,0.7384038656949995,0.1252551693797765,0.24389946492761375,0.02410117772257525
2025-04-30,NIFTY 50,production,0.0,True,False,0.6318512976169578,0.6318512976169578,0.08337439341762379,0.15865054119378327,0.006504955909342636
2025-04-30,NIFTY 50,+ drift uncertainty 0.03,0.0,True,False,0.6426382452249523,0.6426382452249523,0.08308127209863268,0.15867529303580521,0.006504955909342636
2025-04-30,NIFTY 50,+ drift uncertainty 0.06,0.0,True,False,0.6741087079048156,0.6741087079048156,0.08256365936840959,0.15874097733944653,0.006504955909342636
2025-04-30,NIFTY 50,+ drift uncertainty 0.10,0.0,True,True,0.734837171435355,0.734837171435355,0.08234539760139714,0.15886949175596238,0.006504955909342636
2025-04-30,NIFTY 50,recentred by past errors (point in time),0.053435967315173326,True,False,0.6613053858280172,0.6613053858280172,0.11857055532720537,0.2124201642945409,0.006504955909342636
2025-05-30,NIFTY 50,production,0.0,True,False,0.6466270506381985,0.6466270506381985,0.1352820824387838,0.17688678520172835,-0.048664476432665804
2025-05-30,NIFTY 50,+ drift uncertainty 0.03,0.0,True,False,0.6571417093276976,0.6571417093276976,0.134234541842809,0.17692153506726027,-0.048664476432665804
2025-05-30,NIFTY 50,+ drift uncertainty 0.06,0.0,True,False,0.6873873949050904,0.6873873949050904,0.13144007979257177,0.1770126079842448,-0.048664476432665804
2025-05-30,NIFTY 50,+ drift uncertainty 0.10,0.0,True,False,0.7505440592765801,0.7505440592765801,0.12643821388301882,0.1771872040629387,-0.048664476432665804
2025-05-30,NIFTY 50,recentred by past errors (point in time),0.0527853871389087,True,False,0.6759274005889889,0.6759274005889889,0.1770523848705246,0.22997048740833997,-0.048664476432665804
2025-06-30,NIFTY 50,production,0.0,True,False,0.6162989377975462,0.6162989377975462,0.13835200918974974,0.17777277035266162,-0.04862238747118397
2025-06-30,NIFTY 50,+ drift uncertainty 0.03,0.0,True,False,0.6281219869852063,0.6281219869852063,0.13720052499953062,0.17780778512358666,-0.04862238747118397
2025-06-30,NIFTY 50,+ drift uncertainty 0.06,0.0,True,False,0.6536707371473311,0.6536707371473311,0.1341302246752732,0.1778992637321353,-0.04862238747118397
2025-06-30,NIFTY 50,+ drift uncertainty 0.10,0.0,True,False,0.7215782582759853,0.7215782582759853,0.12860979612373635,0.1780739071071148,-0.04862238747118397
2025-06-30,NIFTY 50,recentred by past errors (point in time),0.05251204553608711,True,False,0.6440344095230097,0.6440344095230097,0.18070769040683418,0.2305536996871233,-0.04862238747118397
2025-07-31,NIFTY 50,production,0.0,True,False,0.606792315840721,0.606792315840721,0.09376748403880249,0.16761388140916825,0.0009511553289998087
2025-07-31,NIFTY 50,+ drift uncertainty 0.03,0.0,True,False,0.6182376146316526,0.6182376146316526,0.0932590370179533,0.16764893568307163,0.0009511553289998087
2025-07-31,NIFTY 50,+ drift uncertainty 0.06,0.0,True,False,0.6453575551509856,0.6453575551509856,0.09211174173639435,0.1677404544427991,0.0009511553289998087
2025-07-31,NIFTY 50,+ drift uncertainty 0.10,0.0,True,False,0.7110533356666563,0.7110533356666563,0.09060355043000082,0.16791515696048737,0.0009511553289998087
2025-07-31,NIFTY 50,recentred by past errors (point in time),0.051854111418657325,True,False,0.6341316133737559,0.6341316133737559,0.1309627080077873,0.21974121601879595,0.0009511553289998087
2025-08-29,NIFTY 50,production,0.0,True,False,0.6003909885883325,0.6003909885883325,0.10139049209914186,0.16314327044039964,-0.01377796135571041
2025-08-29,NIFTY 50,+ drift uncertainty 0.03,0.0,True,False,0.6136768639087676,0.6136768639087676,0.1006966190089816,0.16317715546488762,-0.01377796135571041
2025-08-29,NIFTY 50,+ drift uncertainty 0.06,0.0,True,False,0.6395576119422912,0.6395576119422912,0.09900004195339344,0.16326554846018554,-0.01377796135571041
2025-08-29,NIFTY 50,+ drift uncertainty 0.10,0.0,True,False,0.7059890151023857,0.7059890151023857,0.09670656850057738,0.16343411599844695,-0.01377796135571041
2025-08-29,NIFTY 50,recentred by past errors (point in time),0.050658750003826164,True,False,0.6263940840959539,0.6263940840959539,0.1389386482625174,0.21404540191590787,-0.01377796135571041
