date,vol_unc,extra_drift,pit,realised,pred_mean,mu,sigma
2009-06-30,0.17,0.0,0.71875,0.2505321610977591,0.06933650763705373,0.04845101376086788,0.4248459111348221
2009-06-30,0.17,0.03,0.71825,0.2505321610977591,0.0693454916961491,0.04845101376086788,0.4248459111348221
2009-06-30,0.17,0.06,0.7205,0.2505321610977591,0.06937208362296224,0.04845101376086788,0.4248459111348221
2009-06-30,0.25,0.0,0.72275,0.2505321610977591,0.06972730613686144,0.04845101376086788,0.4248459111348221
2009-06-30,0.25,0.03,0.72275,0.2505321610977591,0.06973613158054649,0.04845101376086788,0.4248459111348221
2009-06-30,0.25,0.06,0.72275,0.2505321610977591,0.06976230797357857,0.04845101376086788,0.4248459111348221
2009-06-30,0.35,0.0,0.729,0.2505321610977591,0.0700980043411255,0.04845101376086788,0.4248459111348221
2009-06-30,0.35,0.03,0.729,0.2505321610977591,0.07010656858608126,0.04845101376086788,0.4248459111348221
2009-06-30,0.35,0.06,0.72775,0.2505321610977591,0.07013204422779382,0.04845101376086788,0.4248459111348221
2009-07-31,0.17,0.0,0.674,0.1931871367135387,0.08441983750835061,0.06625093418253386,0.4212208662455796
2009-07-31,0.17,0.03,0.67325,0.1931871367135387,0.08442935517057776,0.06625093418253386,0.4212208662455796
2009-07-31,0.17,0.06,0.672,0.1931871367135387,0.08445750091224909,0.06625093418253386,0.4212208662455796
2009-07-31,0.25,0.0,0.67625,0.1931871367135387,0.08481436420045793,0.06625093418253386,0.4212208662455796
2009-07-31,0.25,0.03,0.67575,0.1931871367135387,0.08482368155196308,0.06625093418253386,0.4212208662455796
2009-07-31,0.25,0.06,0.67475,0.1931871367135387,0.08485132447257639,0.06625093418253386,0.4212208662455796
2009-07-31,0.35,0.0,0.67775,0.1931871367135387,0.08518901452142745,0.06625093418253386,0.4212208662455796
2009-07-31,0.35,0.03,0.6775,0.1931871367135387,0.08519803332258016,0.06625093418253386,0.4212208662455796
2009-07-31,0.35,0.06,0.6755,0.1931871367135387,0.08522485607024283,0.06625093418253386,0.4212208662455796
2009-08-31,0.17,0.0,0.7505,0.21859847565560964,-0.0044142599906772375,0.06714191094966598,0.41588378675002596
2009-08-31,0.17,0.03,0.75075,0.21859847565560964,-0.004406670255586505,0.06714191094966598,0.41588378675002596
2009-08-31,0.17,0.06,0.74775,0.21859847565560964,-0.004384166246280074,0.06714191094966598,0.41588378675002596
2009-08-31,0.25,0.0,0.75125,0.21859847565560964,-0.004348818318918347,0.06714191094966598,0.41588378675002596
2009-08-31,0.25,0.03,0.7515,0.21859847565560964,-0.004341604061424732,0.06714191094966598,0.41588378675002596
2009-08-31,0.25,0.06,0.74975,0.21859847565560964,-0.004320156399160623,0.06714191094966598,0.41588378675002596
2009-08-31,0.35,0.0,0.7555,0.21859847565560964,-0.00433174695353955,0.06714191094966598,0.41588378675002596
2009-08-31,0.35,0.03,0.75425,0.21859847565560964,-0.0043250598507001995,0.06714191094966598,0.41588378675002596
2009-08-31,0.35,0.06,0.75475,0.21859847565560964,-0.004305097007192672,0.06714191094966598,0.41588378675002596
2009-09-30,0.17,0.0,0.74775,0.21959949992251593,0.004002932786941528,0.08909472772603264,0.40863129824194727
2009-09-30,0.17,0.03,0.7475,0.21959949992251593,0.0040070308260619645,0.08909472772603264,0.40863129824194727
2009-09-30,0.17,0.06,0.74775,0.21959949992251593,0.0040192692056298255,0.08909472772603264,0.40863129824194727
2009-09-30,0.25,0.0,0.751,0.21959949992251593,0.004143142333254218,0.08909472772603264,0.40863129824194727
2009-09-30,0.25,0.03,0.75075,0.21959949992251593,0.004146860240027308,0.08909472772603264,0.40863129824194727
2009-09-30,0.25,0.06,0.7495,0.21959949992251593,0.00415803605876863,0.08909472772603264,0.40863129824194727
2009-09-30,0.35,0.0,0.75275,0.21959949992251593,0.004251794824376702,0.08909472772603264,0.40863129824194727
2009-09-30,0.35,0.03,0.7525,0.21959949992251593,0.004254978467710316,0.08909472772603264,0.40863129824194727
2009-09-30,0.35,0.06,0.752,0.21959949992251593,0.004264637253247202,0.08909472772603264,0.40863129824194727
2009-10-30,0.17,0.0,0.84225,0.32459814221184047,-0.056030892312526705,0.06867659285108133,0.40260831729172575
2009-10-30,0.17,0.03,0.84225,0.32459814221184047,-0.05602388835698366,0.06867659285108133,0.40260831729172575
2009-10-30,0.17,0.06,0.8405,0.32459814221184047,-0.056003216292709115,0.06867659285108133,0.40260831729172575
2009-10-30,0.25,0.0,0.843,0.32459814221184047,-0.0559079979788512,0.06867659285108133,0.40260831729172575
2009-10-30,0.25,0.03,0.84275,0.32459814221184047,-0.05590162923932075,0.06867659285108133,0.40260831729172575
2009-10-30,0.25,0.06,0.84125,0.32459814221184047,-0.05588280767947435,0.06867659285108133,0.40260831729172575
2009-10-30,0.35,0.0,0.84825,0.32459814221184047,-0.05579694562125951,0.06867659285108133,0.40260831729172575
2009-10-30,0.35,0.03,0.8485,0.32459814221184047,-0.05579137309361249,0.06867659285108133,0.40260831729172575
2009-10-30,0.35,0.06,0.84725,0.32459814221184047,-0.055774835755117234,0.06867659285108133,0.40260831729172575
2009-11-30,0.17,0.0,0.76125,0.20635336094538426,-0.016085510935634376,0.08213897948995162,0.3979436158196106
2009-11-30,0.17,0.03,0.76025,0.20635336094538426,-0.01607859396189451,0.08213897948995162,0.3979436158196106
2009-11-30,0.17,0.06,0.758,0.20635336094538426,-0.016058075323700904,0.08213897948995162,0.3979436158196106
2009-11-30,0.25,0.0,0.76275,0.20635336094538426,-0.015889015881344677,0.08213897948995162,0.3979436158196106
2009-11-30,0.25,0.03,0.762,0.20635336094538426,-0.015882630376145245,0.08213897948995162,0.3979436158196106
2009-11-30,0.25,0.06,0.75925,0.20635336094538426,-0.0158636316023767,0.08213897948995162,0.3979436158196106
2009-11-30,0.35,0.0,0.766,0.20635336094538426,-0.01572113355062902,0.08213897948995162,0.3979436158196106
2009-11-30,0.35,0.03,0.766,0.20635336094538426,-0.015715382971800865,0.08213897948995162,0.3979436158196106
2009-11-30,0.35,0.06,0.76275,0.20635336094538426,-0.015698207315057517,0.08213897948995162,0.3979436158196106
2009-12-31,0.17,0.0,0.7805,0.19721489069746778,-0.04524599489942193,0.09178219972600593,0.39166738751887314
2009-12-31,0.17,0.03,0.7795,0.19721489069746778,-0.045235992953181266,0.09178219972600593,0.39166738751887314
2009-12-31,0.17,0.06,0.77775,0.19721489069746778,-0.045206554871052504,0.09178219972600593,0.39166738751887314
2009-12-31,0.25,0.0,0.783,0.19721489069746778,-0.04516893474757672,0.09178219972600593,0.39166738751887314
2009-12-31,0.25,0.03,0.78325,0.19721489069746778,-0.045159679945558306,0.09178219972600593,0.39166738751887314
2009-12-31,0.25,0.06,0.78025,0.19721489069746778,-0.04513242693990469,0.09178219972600593,0.39166738751887314
2009-12-31,0.35,0.0,0.78525,0.19721489069746778,-0.045107491672039035,0.09178219972600593,0.39166738751887314
2009-12-31,0.35,0.03,0.78525,0.19721489069746778,-0.04509917285572738,0.09178219972600593,0.39166738751887314
2009-12-31,0.35,0.06,0.7835,0.19721489069746778,-0.04507460025232285,0.09178219972600593,0.39166738751887314
2010-01-29,0.17,0.0,0.7515,0.12413509916681154,-0.06383942499011755,0.07416106144770927,0.3863700068943906
2010-01-29,0.17,0.03,0.74975,0.12413509916681154,-0.06383075184747576,0.07416106144770927,0.3863700068943906
2010-01-29,0.17,0.06,0.75025,0.12413509916681154,-0.06380523312464356,0.07416106144770927,0.3863700068943906
2010-01-29,0.25,0.0,0.7525,0.12413509916681154,-0.06376555082201958,0.07416106144770927,0.3863700068943906
2010-01-29,0.25,0.03,0.752,0.12413509916681154,-0.06375775997154415,0.07416106144770927,0.3863700068943906
2010-01-29,0.25,0.06,0.7505,0.12413509916681154,-0.06373478288948536,0.07416106144770927,0.3863700068943906
2010-01-29,0.35,0.0,0.75475,0.12413509916681154,-0.0636982571883127,0.07416106144770927,0.3863700068943906
2010-01-29,0.35,0.03,0.75525,0.12413509916681154,-0.06369155581947417,0.07416106144770927,0.3863700068943906
2010-01-29,0.35,0.06,0.75325,0.12413509916681154,-0.063671739179641,0.07416106144770927,0.3863700068943906
2010-02-26,0.17,0.0,0.72325,0.09766472649662639,-0.05478795920312405,0.07513798197773072,0.3816105056012519
2010-02-26,0.17,0.03,0.72275,0.09766472649662639,-0.05477839493751526,0.07513798197773072,0.3816105056012519
2010-02-26,0.17,0.06,0.7225,0.09766472649662639,-0.054750308893620966,0.07513798197773072,0.3816105056012519
2010-02-26,0.25,0.0,0.728,0.09766472649662639,-0.054750475730746984,0.07513798197773072,0.3816105056012519
2010-02-26,0.25,0.03,0.72675,0.09766472649662639,-0.054741730965673925,0.07513798197773072,0.3816105056012519
2010-02-26,0.25,0.06,0.7255,0.09766472649662639,-0.05471601864695549,0.07513798197773072,0.3816105056012519
2010-02-26,0.35,0.0,0.73125,0.09766472649662639,-0.05473293715808541,0.07513798197773072,0.3816105056012519
2010-02-26,0.35,0.03,0.7315,0.09766472649662639,-0.05472521566785872,0.07513798197773072,0.3816105056012519
2010-02-26,0.35,0.06,0.73,0.09766472649662639,-0.054702451886609195,0.07513798197773072,0.3816105056012519
2010-03-31,0.17,0.0,0.73175,0.11702585672903432,-0.04595509641990066,0.08985345960004773,0.3756633854373729
2010-03-31,0.17,0.03,0.731,0.11702585672903432,-0.04594271888956428,0.08985345960004773,0.3756633854373729
2010-03-31,0.17,0.06,0.73075,0.11702585672903432,-0.04590650613978505,0.08985345960004773,0.3756633854373729
2010-03-31,0.25,0.0,0.7345,0.11702585672903432,-0.045975360691547396,0.08985345960004773,0.3756633854373729
2010-03-31,0.25,0.03,0.734,0.11702585672903432,-0.045963918348774314,0.08985345960004773,0.3756633854373729
2010-03-31,0.25,0.06,0.734,0.11702585672903432,-0.04593038768880069,0.08985345960004773,0.3756633854373729
2010-03-31,0.35,0.0,0.73825,0.11702585672903432,-0.04601954679749906,0.08985345960004773,0.3756633854373729
2010-03-31,0.35,0.03,0.73875,0.11702585672903432,-0.04600927652046084,0.08985345960004773,0.3756633854373729
2010-03-31,0.35,0.06,0.7375,0.11702585672903432,-0.04597912376001477,0.08985345960004773,0.3756633854373729
2010-04-30,0.17,0.0,0.72275,0.09433508079013686,-0.05015072083473206,0.08998824478253115,0.3704113097301487
2010-04-30,0.17,0.03,0.72375,0.09433508079013686,-0.05014075290039182,0.08998824478253115,0.3704113097301487
2010-04-30,0.17,0.06,0.72325,0.09433508079013686,-0.05011159721016884,0.08998824478253115,0.3704113097301487
2010-04-30,0.25,0.0,0.725,0.09433508079013686,-0.05015667564049363,0.08998824478253115,0.3704113097301487
2010-04-30,0.25,0.03,0.72525,0.09433508079013686,-0.050147554904222486,0.08998824478253115,0.3704113097301487
2010-04-30,0.25,0.06,0.725,0.09433508079013686,-0.05012081402540207,0.08998824478253115,0.3704113097301487
2010-04-30,0.35,0.0,0.72825,0.09433508079013686,-0.05017794705182314,0.08998824478253115,0.3704113097301487
2010-04-30,0.35,0.03,0.7285,0.09433508079013686,-0.05016989764757454,0.08998824478253115,0.3704113097301487
2010-04-30,0.35,0.06,0.72925,0.09433508079013686,-0.05014623086899519,0.08998824478253115,0.3704113097301487
2010-05-31,0.17,0.0,0.7555,0.11380980198121016,-0.0662843932621181,0.07891920804326505,0.3670573013453107
2010-05-31,0.17,0.03,0.756,0.11380980198121016,-0.06627303327992559,0.07891920804326505,0.3670573013453107
2010-05-31,0.17,0.06,0.7555,0.11380980198121016,-0.06623981467261911,0.07891920804326505,0.3670573013453107
2010-05-31,0.25,0.0,0.757,0.11380980198121016,-0.06628212966769934,0.07891920804326505,0.3670573013453107
2010-05-31,0.25,0.03,0.75675,0.11380980198121016,-0.06627158503606916,0.07891920804326505,0.3670573013453107
2010-05-31,0.25,0.06,0.757,0.11380980198121016,-0.06624073674529792,0.07891920804326505,0.3670573013453107
2010-05-31,0.35,0.0,0.7605,0.11380980198121016,-0.06629610821418465,0.07891920804326505,0.3670573013453107
2010-05-31,0.35,0.03,0.75925,0.11380980198121016,-0.06628660118952394,0.07891920804326505,0.3670573013453107
2010-05-31,0.35,0.06,0.75825,0.11380980198121016,-0.06625874380767345,0.07891920804326505,0.3670573013453107
2010-06-30,0.17,0.0,0.70175,0.073097668418872,-0.048252410877496,0.08877667344496411,0.3625856991434247
2010-06-30,0.17,0.03,0.70125,0.073097668418872,-0.04824394008517265,0.08877667344496411,0.3625856991434247
2010-06-30,0.17,0.06,0.70075,0.073097668418872,-0.04821902735158801,0.08877667344496411,0.3625856991434247
2010-06-30,0.25,0.0,0.7045,0.073097668418872,-0.04801857896894217,0.08877667344496411,0.3625856991434247
2010-06-30,0.25,0.03,0.70375,0.073097668418872,-0.04801044786721468,0.08877667344496411,0.3625856991434247
2010-06-30,0.25,0.06,0.7035,0.073097668418872,-0.04798645647242665,0.08877667344496411,0.3625856991434247
2010-06-30,0.35,0.0,0.7085,0.073097668418872,-0.04784938396885991,0.08877667344496411,0.3625856991434247
2010-06-30,0.35,0.03,0.70825,0.073097668418872,-0.04784164057485759,0.08877667344496411,0.3625856991434247
2010-06-30,0.35,0.06,0.70575,0.073097668418872,-0.04781873610429466,0.08877667344496411,0.3625856991434247
2010-07-30,0.17,0.0,0.52825,0.02010596795931785,0.06685150619596243,0.09010012920801044,0.35727919860039703
2010-07-30,0.17,0.03,0.52825,0.02010596795931785,0.06686469604820013,0.09010012920801044,0.35727919860039703
2010-07-30,0.17,0.06,0.5305,0.02010596795931785,0.06690329639986158,0.09010012920801044,0.35727919860039703
2010-07-30,0.25,0.0,0.52925,0.02010596795931785,0.06712193848192692,0.09010012920801044,0.35727919860039703
2010-07-30,0.25,0.03,0.53025,0.02010596795931785,0.06713512413948775,0.09010012920801044,0.35727919860039703
2010-07-30,0.25,0.06,0.53025,0.02010596795931785,0.06717373618856072,0.09010012920801044,0.35727919860039703
2010-07-30,0.35,0.0,0.5295,0.02010596795931785,0.06750113293901086,0.09010012920801044,0.35727919860039703
2010-07-30,0.35,0.03,0.53,0.02010596795931785,0.06751408342272043,0.09010012920801044,0.35727919860039703
2010-07-30,0.35,0.06,0.531,0.02010596795931785,0.0675520615130663,0.09010012920801044,0.35727919860039703
2010-08-31,0.17,0.0,0.4685,-0.03900019242762198,0.06769911723956466,0.09033387319103432,0.3522862737063527
2010-08-31,0.17,0.03,0.46925,-0.03900019242762198,0.06771082623675466,0.09033387319103432,0.3522862737063527
2010-08-31,0.17,0.06,0.46825,-0.03900019242762198,0.06774508925527334,0.09033387319103432,0.3522862737063527
2010-08-31,0.25,0.0,0.4655,-0.03900019242762198,0.0680417743138969,0.09033387319103432,0.3522862737063527
2010-08-31,0.25,0.03,0.466,-0.03900019242762198,0.06805339765176177,0.09033387319103432,0.3522862737063527
2010-08-31,0.25,0.06,0.46625,-0.03900019242762198,0.06808745005726814,0.09033387319103432,0.3522862737063527
2010-08-31,0.35,0.0,0.46125,-0.03900019242762198,0.0685222167558968,0.09033387319103432,0.3522862737063527
2010-08-31,0.35,0.03,0.46225,-0.03900019242762198,0.06853352557495236,0.09033387319103432,0.3522862737063527
2010-08-31,0.35,0.06,0.46325,-0.03900019242762198,0.06856668287143111,0.09033387319103432,0.3522862737063527
2010-09-30,0.17,0.0,0.36975,-0.17876447936841688,-0.00030349714308977127,0.11743968915705684,0.34809768546151865
2010-09-30,0.17,0.03,0.371,-0.17876447936841688,-0.0002801391594111919,0.11743968915705684,0.34809768546151865
2010-09-30,0.17,0.06,0.37625,-0.17876447936841688,-0.00021162858232855796,0.11743968915705684,0.34809768546151865
2010-09-30,0.25,0.0,0.3695,-0.17876447936841688,-2.1200936287641524e-05,0.11743968915705684,0.34809768546151865
2010-09-30,0.25,0.03,0.3705,-0.17876447936841688,3.193523734807968e-06,0.11743968915705684,0.34809768546151865
2010-09-30,0.25,0.06,0.37725,-0.17876447936841688,7.476218044757843e-05,0.11743968915705684,0.34809768546151865
2010-09-30,0.35,0.0,0.36625,-0.17876447936841688,0.0002101967353373766,0.11743968915705684,0.34809768546151865
2010-09-30,0.35,0.03,0.36675,-0.17876447936841688,0.00023602768406271935,0.11743968915705684,0.34809768546151865
2010-09-30,0.35,0.06,0.36925,-0.17876447936841688,0.0003117994684726,0.11743968915705684,0.34809768546151865
2010-10-29,0.17,0.0,0.376,-0.12981975744391705,0.055079587657004596,0.11479377723228032,0.34443083135575286
2010-10-29,0.17,0.03,0.3765,-0.12981975744391705,0.05509327754378319,0.11479377723228032,0.34443083135575286
2010-10-29,0.17,0.06,0.37825,-0.12981975744391705,0.055133436508476734,0.11479377723228032,0.34443083135575286
2010-10-29,0.25,0.0,0.374,-0.12981975744391705,0.05534708751365543,0.11479377723228032,0.34443083135575286
2010-10-29,0.25,0.03,0.3745,-0.12981975744391705,0.05535997699201107,0.11479377723228032,0.34443083135575286
2010-10-29,0.25,0.06,0.37725,-0.12981975744391705,0.055397846024483444,0.11479377723228032,0.34443083135575286
2010-10-29,0.35,0.0,0.36775,-0.12981975744391705,0.05573888166993857,0.11479377723228032,0.34443083135575286
2010-10-29,0.35,0.03,0.36725,-0.12981975744391705,0.055750334242358805,0.11479377723228032,0.34443083135575286
2010-10-29,0.35,0.06,0.373,-0.12981975744391705,0.0557840815987438,0.11479377723228032,0.34443083135575286
2010-11-30,0.17,0.0,0.322,-0.17044789070570332,0.04211951678991318,0.10643364736362501,0.3415826224426229
2010-11-30,0.17,0.03,0.3235,-0.17044789070570332,0.042130907971411946,0.10643364736362501,0.3415826224426229
2010-11-30,0.17,0.06,0.32825,-0.17044789070570332,0.042164395540952686,0.10643364736362501,0.3415826224426229
2010-11-30,0.25,0.0,0.32025,-0.17044789070570332,0.042127474866807464,0.10643364736362501,0.3415826224426229
2010-11-30,0.25,0.03,0.32225,-0.17044789070570332,0.042138270404189826,0.10643364736362501,0.3415826224426229
2010-11-30,0.25,0.06,0.32725,-0.17044789070570332,0.04217006338015199,0.10643364736362501,0.3415826224426229
2010-11-30,0.35,0.0,0.3145,-0.17044789070570332,0.042083900334313515,0.10643364736362501,0.3415826224426229
2010-11-30,0.35,0.03,0.31675,-0.17044789070570332,0.04209391952864826,0.10643364736362501,0.3415826224426229
2010-11-30,0.35,0.06,0.322,-0.17044789070570332,0.04212352296710015,0.10643364736362501,0.3415826224426229
2010-12-31,0.17,0.0,0.24025,-0.19509752447780493,0.09545499201864004,0.1155704992112536,0.3377519222960891
2010-12-31,0.17,0.03,0.24175,-0.19509752447780493,0.09547000569477677,0.1155704992112536,0.3377519222960891
2010-12-31,0.17,0.06,0.24375,-0.19509752447780493,0.09551397804915905,0.1155704992112536,0.3377519222960891
2010-12-31,0.25,0.0,0.23675,-0.19509752447780493,0.09549938663095235,0.1155704992112536,0.3377519222960891
2010-12-31,0.25,0.03,0.23775,-0.19509752447780493,0.09551379435136914,0.1155704992112536,0.3377519222960891
2010-12-31,0.25,0.06,0.24175,-0.19509752447780493,0.09555606249347329,0.1155704992112536,0.3377519222960891
2010-12-31,0.35,0.0,0.22925,-0.19509752447780493,0.09548369417339564,0.1155704992112536,0.3377519222960891
2010-12-31,0.35,0.03,0.2315,-0.19509752447780493,0.09549729441478848,0.1155704992112536,0.3377519222960891
2010-12-31,0.35,0.06,0.23375,-0.19509752447780493,0.09553725085780025,0.1155704992112536,0.3377519222960891
2011-01-31,0.17,0.0,0.50375,-0.003447538946306228,0.05718117930367589,0.08862097748116825,0.3351385677586151
2011-01-31,0.17,0.03,0.50425,-0.003447538946306228,0.057195486921817064,0.08862097748116825,0.3351385677586151
2011-01-31,0.17,0.06,0.50575,-0.003447538946306228,0.05723734841868281,0.08862097748116825,0.3351385677586151
2011-01-31,0.25,0.0,0.5025,-0.003447538946306228,0.05723399067670107,0.08862097748116825,0.3351385677586151
2011-01-31,0.25,0.03,0.50275,-0.003447538946306228,0.05724776388704777,0.08862097748116825,0.3351385677586151
2011-01-31,0.25,0.06,0.50275,-0.003447538946306228,0.05728811091557145,0.08862097748116825,0.3351385677586151
2011-01-31,0.35,0.0,0.50175,-0.003447538946306228,0.057252839252352715,0.08862097748116825,0.3351385677586151
2011-01-31,0.35,0.03,0.50225,-0.003447538946306228,0.057265912054106596,0.08862097748116825,0.3351385677586151
2011-01-31,0.35,0.06,0.5025,-0.003447538946306228,0.05730431167781353,0.08862097748116825,0.3351385677586151
2011-02-28,0.17,0.0,0.5395,0.02206030634780909,0.04256567097455263,0.08045888817618828,0.33310026779175145
2011-02-28,0.17,0.03,0.5405,0.02206030634780909,0.04258495631814003,0.08045888817618828,0.33310026779175145
2011-02-28,0.17,0.06,0.54275,0.02206030634780909,0.042641201347112655,0.08045888817618828,0.33310026779175145
2011-02-28,0.25,0.0,0.53775,0.02206030634780909,0.04288252415508032,0.08045888817618828,0.33310026779175145
2011-02-28,0.25,0.03,0.53875,0.02206030634780909,0.04290119119361043,0.08045888817618828,0.33310026779175145
2011-02-28,0.25,0.06,0.54225,0.02206030634780909,0.04295566451177001,0.08045888817618828,0.33310026779175145
2011-02-28,0.35,0.0,0.5415,0.02206030634780909,0.043383145416155455,0.08045888817618828,0.33310026779175145
2011-02-28,0.35,0.03,0.542,0.02206030634780909,0.04340052111633122,0.08045888817618828,0.33310026779175145
2011-02-28,0.35,0.06,0.54375,0.02206030634780909,0.04345131317153573,0.08045888817618828,0.33310026779175145
2011-03-31,0.17,0.0,0.39175,-0.07960577724328466,0.07256823195889592,0.09903400080581662,0.3304565611993093
2011-03-31,0.17,0.03,0.3925,-0.07960577724328466,0.07257567888870835,0.09903400080581662,0.3304565611993093
2011-03-31,0.17,0.06,0.3955,-0.07960577724328466,0.07259776782616972,0.09903400080581662,0.3304565611993093
2011-03-31,0.25,0.0,0.38925,-0.07960577724328466,0.07281293671950698,0.09903400080581662,0.3304565611993093
2011-03-31,0.25,0.03,0.39025,-0.07960577724328466,0.07281973412260413,0.09903400080581662,0.3304565611993093
2011-03-31,0.25,0.06,0.394,-0.07960577724328466,0.07284001317247749,0.09903400080581662,0.3304565611993093
2011-03-31,0.35,0.0,0.389,-0.07960577724328466,0.0731053722333163,0.09903400080581662,0.3304565611993093
2011-03-31,0.35,0.03,0.3905,-0.07960577724328466,0.0731111086960882,0.09903400080581662,0.3304565611993093
2011-03-31,0.35,0.06,0.392,-0.07960577724328466,0.07312835924699902,0.09903400080581662,0.3304565611993093
2011-04-29,0.17,0.0,0.32575,-0.1290589295559742,0.07552251387014985,0.09473523104225252,0.32790705258146585
2011-04-29,0.17,0.03,0.3275,-0.1290589295559742,0.07553043161705136,0.09473523104225252,0.32790705258146585
2011-04-29,0.17,0.06,0.3335,-0.1290589295559742,0.0755538161918521,0.09473523104225252,0.32790705258146585
2011-04-29,0.25,0.0,0.327,-0.1290589295559742,0.0755834493972361,0.09473523104225252,0.32790705258146585
2011-04-29,0.25,0.03,0.32825,-0.1290589295559742,0.07559053236991167,0.09473523104225252,0.32790705258146585
2011-04-29,0.25,0.06,0.3325,-0.1290589295559742,0.07561153694242238,0.09473523104225252,0.32790705258146585
2011-04-29,0.35,0.0,0.31825,-0.1290589295559742,0.07565251092985273,0.09473523104225252,0.32790705258146585
2011-04-29,0.35,0.03,0.32125,-0.1290589295559742,0.07565844126045704,0.09473523104225252,0.32790705258146585
2011-04-29,0.35,0.06,0.326,-0.1290589295559742,0.07567618514597416,0.09473523104225252,0.32790705258146585
2011-05-30,0.17,0.0,0.42875,-0.06435280884412864,0.04239858938753605,0.08325764020777479,0.3251735451235369
2011-05-30,0.17,0.03,0.42925,-0.06435280884412864,0.04241173426806927,0.08325764020777479,0.3251735451235369
2011-05-30,0.17,0.06,0.433,-0.06435280884412864,0.042450335647910835,0.08325764020777479,0.3251735451235369
2011-05-30,0.25,0.0,0.428,-0.06435280884412864,0.04249451208859682,0.08325764020777479,0.3251735451235369
2011-05-30,0.25,0.03,0.4285,-0.06435280884412864,0.04250685745477677,0.08325764020777479,0.3251735451235369
2011-05-30,0.25,0.06,0.43325,-0.06435280884412864,0.0425431940369308,0.08325764020777479,0.3251735451235369
2011-05-30,0.35,0.0,0.427,-0.06435280884412864,0.04260922585427761,0.08325764020777479,0.3251735451235369
2011-05-30,0.35,0.03,0.427,-0.06435280884412864,0.042620286928489806,0.08325764020777479,0.3251735451235369
2011-05-30,0.35,0.06,0.432,-0.06435280884412864,0.04265294385887682,0.08325764020777479,0.3251735451235369
2011-06-30,0.17,0.0,0.41925,-0.06766734817192355,0.053118634544312954,0.08864140454643184,0.322328533173893
2011-06-30,0.17,0.03,0.41925,-0.06766734817192355,0.05313491930067539,0.08864140454643184,0.322328533173893
2011-06-30,0.17,0.06,0.4225,-0.06766734817192355,0.05318235777318478,0.08864140454643184,0.322328533173893
2011-06-30,0.25,0.0,0.41675,-0.06766734817192355,0.05334479440003634,0.08864140454643184,0.322328533173893
2011-06-30,0.25,0.03,0.41725,-0.06766734817192355,0.05336019240692258,0.08864140454643184,0.322328533173893
2011-06-30,0.25,0.06,0.41925,-0.06766734817192355,0.053405122227966784,0.08864140454643184,0.322328533173893
2011-06-30,0.35,0.0,0.41375,-0.06766734817192355,0.05373777452856302,0.08864140454643184,0.322328533173893
2011-06-30,0.35,0.03,0.4155,-0.06766734817192355,0.05375212988629937,0.08864140454643184,0.322328533173893
2011-06-30,0.35,0.06,0.42075,-0.06766734817192355,0.05379406897723675,0.08864140454643184,0.322328533173893
2011-07-29,0.17,0.0,0.514,-0.01169710630801657,0.029790667094290256,0.08178005387407213,0.3197402979712267
2011-07-29,0.17,0.03,0.51425,-0.01169710630801657,0.02980360373109579,0.08178005387407213,0.3197402979712267
2011-07-29,0.17,0.06,0.516,-0.01169710630801657,0.029841380782425403,0.08178005387407213,0.3197402979712267
2011-07-29,0.25,0.0,0.51375,-0.01169710630801657,0.029912356067448853,0.08178005387407213,0.3197402979712267
2011-07-29,0.25,0.03,0.5125,-0.01169710630801657,0.029924370046705007,0.08178005387407213,0.3197402979712267
2011-07-29,0.25,0.06,0.513,-0.01169710630801657,0.02995951484516263,0.08178005387407213,0.3197402979712267
2011-07-29,0.35,0.0,0.512,-0.01169710630801657,0.03011670286953449,0.08178005387407213,0.3197402979712267
2011-07-29,0.35,0.03,0.5125,-0.01169710630801657,0.03012764810025692,0.08178005387407213,0.3197402979712267
2011-07-29,0.35,0.06,0.51425,-0.01169710630801657,0.030159771215170623,0.08178005387407213,0.3197402979712267
2011-08-30,0.17,0.0,0.655,0.1299005621866367,0.038089366599917414,0.07061862454724517,0.3184182824414699
2011-08-30,0.17,0.03,0.656,0.1299005621866367,0.038099894668906925,0.07061862454724517,0.3184182824414699
2011-08-30,0.17,0.06,0.65575,0.1299005621866367,0.03813075261563063,0.07061862454724517,0.3184182824414699
2011-08-30,0.25,0.0,0.66,0.1299005621866367,0.038222617030143735,0.07061862454724517,0.3184182824414699
2011-08-30,0.25,0.03,0.6595,0.1299005621866367,0.03823296012356878,0.07061862454724517,0.3184182824414699
2011-08-30,0.25,0.06,0.65775,0.1299005621866367,0.03826331898197532,0.07061862454724517,0.3184182824414699
2011-08-30,0.35,0.0,0.6625,0.1299005621866367,0.03836113762483001,0.07061862454724517,0.3184182824414699
2011-08-30,0.35,0.03,0.66275,0.1299005621866367,0.03837112434953451,0.07061862454724517,0.3184182824414699
2011-08-30,0.35,0.06,0.661,0.1299005621866367,0.03840052703768015,0.07061862454724517,0.3184182824414699
2011-09-30,0.17,0.0,0.70425,0.16002905385593702,0.024775553058832885,0.06914763393166687,0.31711214047218556
2011-09-30,0.17,0.03,0.70575,0.16002905385593702,0.024783108945935963,0.06914763393166687,0.31711214047218556
2011-09-30,0.17,0.06,0.704,0.16002905385593702,0.024805593729019165,0.06914763393166687,0.31711214047218556
2011-09-30,0.25,0.0,0.70725,0.16002905385593702,0.024952019918709992,0.06914763393166687,0.31711214047218556
2011-09-30,0.25,0.03,0.70575,0.16002905385593702,0.024958976678550245,0.06914763393166687,0.31711214047218556
2011-09-30,0.25,0.06,0.7065,0.16002905385593702,0.024979777242988346,0.06914763393166687,0.31711214047218556
2011-09-30,0.35,0.0,0.7085,0.16002905385593702,0.025182996094226837,0.06914763393166687,0.31711214047218556
2011-09-30,0.35,0.03,0.70875,0.16002905385593702,0.025188802186399697,0.06914763393166687,0.31711214047218556
2011-09-30,0.35,0.06,0.71,0.16002905385593702,0.025206344604492188,0.06914763393166687,0.31711214047218556
2011-10-31,0.17,0.0,0.64675,0.06014820026071188,-0.0013674727752804757,0.07677453189986494,0.31620235005190006
2011-10-31,0.17,0.03,0.6475,0.06014820026071188,-0.0013576147519052029,0.07677453189986494,0.31620235005190006
2011-10-31,0.17,0.06,0.647,0.06014820026071188,-0.001328839048743248,0.07677453189986494,0.31620235005190006
2011-10-31,0.25,0.0,0.64725,0.06014820026071188,-0.001430279552936554,0.07677453189986494,0.31620235005190006
2011-10-31,0.25,0.03,0.64775,0.06014820026071188,-0.001421724446117878,0.07677453189986494,0.31620235005190006
2011-10-31,0.25,0.06,0.64775,0.06014820026071188,-0.0013966704122722149,0.07677453189986494,0.31620235005190006
2011-10-31,0.35,0.0,0.6475,0.06014820026071188,-0.0015565603636205196,0.07677453189986494,0.31620235005190006
2011-10-31,0.35,0.03,0.6475,0.06014820026071188,-0.0015496288388967515,0.07677453189986494,0.31620235005190006
2011-10-31,0.35,0.06,0.6475,0.06014820026071188,-0.0015291856713593006,0.07677453189986494,0.31620235005190006
2011-11-30,0.17,0.0,0.81475,0.23271367759588468,-0.0059914465099573135,0.06648227890674843,0.3146156939831312
2011-11-30,0.17,0.03,0.81375,0.23271367759588468,-0.0059741283319890495,0.06648227890674843,0.3146156939831312
2011-11-30,0.17,0.06,0.80825,0.23271367759588468,-0.005923764325678349,0.06648227890674843,0.3146156939831312
2011-11-30,0.25,0.0,0.81475,0.23271367759588468,-0.006113134544342756,0.06648227890674843,0.3146156939831312
2011-11-30,0.25,0.03,0.81275,0.23271367759588468,-0.006097699210047722,0.06648227890674843,0.3146156939831312
2011-11-30,0.25,0.06,0.81025,0.23271367759588468,-0.00605268732830882,0.06648227890674843,0.3146156939831312
2011-11-30,0.35,0.0,0.8195,0.23271367759588468,-0.0062861693315207955,0.06648227890674843,0.3146156939831312
2011-11-30,0.35,0.03,0.8175,0.23271367759588468,-0.006273375794291497,0.06648227890674843,0.3146156939831312
2011-11-30,0.35,0.06,0.8135,0.23271367759588468,-0.006235859110951423,0.06648227890674843,0.3146156939831312
2011-12-30,0.17,0.0,0.8625,0.32687112984451816,-0.010131451357156039,0.06201268068273577,0.31336958599041254
2011-12-30,0.17,0.03,0.8615,0.32687112984451816,-0.010117930337786674,0.06201268068273577,0.31336958599041254
2011-12-30,0.17,0.06,0.85975,0.32687112984451816,-0.010078253295272588,0.06201268068273577,0.31336958599041254
2011-12-30,0.25,0.0,0.8635,0.32687112984451816,-0.009961839761584997,0.06201268068273577,0.31336958599041254
2011-12-30,0.25,0.03,0.86275,0.32687112984451816,-0.00994901705160737,0.06201268068273577,0.31336958599041254
2011-12-30,0.25,0.06,0.86125,0.32687112984451816,-0.009911291252821685,0.06201268068273577,0.31336958599041254
2011-12-30,0.35,0.0,0.8655,0.32687112984451816,-0.00973299266397953,0.06201268068273577,0.31336958599041254
2011-12-30,0.35,0.03,0.86425,0.32687112984451816,-0.009721484396606684,0.06201268068273577,0.31336958599041254
2011-12-30,0.35,0.06,0.861,0.32687112984451816,-0.009687475580722093,0.06201268068273577,0.31336958599041254
2012-01-31,0.17,0.0,0.72825,0.15401166070846184,0.006992146536707878,0.07338776765074204,0.31172188236436554
2012-01-31,0.17,0.03,0.728,0.15401166070846184,0.007010422091931105,0.07338776765074204,0.31172188236436554
2012-01-31,0.17,0.06,0.727,0.15401166070846184,0.007063448268920183,0.07338776765074204,0.31172188236436554
2012-01-31,0.25,0.0,0.73375,0.15401166070846184,0.006936926648020744,0.07338776765074204,0.31172188236436554
2012-01-31,0.25,0.03,0.733,0.15401166070846184,0.0069539289139211174,0.07338776765074204,0.31172188236436554
2012-01-31,0.25,0.06,0.72975,0.15401166070846184,0.007003314208239317,0.07338776765074204,0.31172188236436554
2012-01-31,0.35,0.0,0.739,0.15401166070846184,0.006876973178237677,0.07338776765074204,0.31172188236436554
2012-01-31,0.35,0.03,0.73825,0.15401166070846184,0.006892335992306471,0.07338776765074204,0.31172188236436554
2012-01-31,0.35,0.06,0.73425,0.15401166070846184,0.0069370707273483274,0.07338776765074204,0.31172188236436554
2012-02-29,0.17,0.0,0.67225,0.11258358012427316,0.014702726293355227,0.07654546784863213,0.3097827572325114
2012-02-29,0.17,0.03,0.672,0.11258358012427316,0.014721497882157564,0.07654546784863213,0.3097827572325114
2012-02-29,0.17,0.06,0.67075,0.11258358012427316,0.014776316896080971,0.07654546784863213,0.3097827572325114
2012-02-29,0.25,0.0,0.6775,0.11258358012427316,0.014897946566343308,0.07654546784863213,0.3097827572325114
2012-02-29,0.25,0.03,0.6765,0.11258358012427316,0.014916084866970778,0.07654546784863213,0.3097827572325114
2012-02-29,0.25,0.06,0.67425,0.11258358012427316,0.014969138454645873,0.07654546784863213,0.3097827572325114
2012-02-29,0.35,0.0,0.6805,0.11258358012427316,0.015118818808346987,0.07654546784863213,0.3097827572325114
2012-02-29,0.35,0.03,0.6795,0.11258358012427316,0.015135484728962183,0.07654546784863213,0.3097827572325114
2012-02-29,0.35,0.06,0.678,0.11258358012427316,0.015184375600889324,0.07654546784863213,0.3097827572325114
2012-03-30,0.17,0.0,0.6115,0.05765979967106616,0.017521559223532678,0.07460511585644641,0.30821447305960786
2012-03-30,0.17,0.03,0.61225,0.05765979967106616,0.017539999786764383,0.07460511585644641,0.30821447305960786
2012-03-30,0.17,0.06,0.612,0.05765979967106616,0.017593845821917056,0.07460511585644641,0.30821447305960786
2012-03-30,0.25,0.0,0.61075,0.05765979967106616,0.01769261619448662,0.07460511585644641,0.30821447305960786
2012-03-30,0.25,0.03,0.6105,0.05765979967106616,0.017710194990038872,0.07460511585644641,0.30821447305960786
2012-03-30,0.25,0.06,0.6115,0.05765979967106616,0.017761604584753513,0.07460511585644641,0.30821447305960786
2012-03-30,0.35,0.0,0.6115,0.05765979967106616,0.01791592290624976,0.07460511585644641,0.30821447305960786
2012-03-30,0.35,0.03,0.6115,0.05765979967106616,0.017931860581040383,0.07460511585644641,0.30821447305960786
2012-03-30,0.35,0.06,0.61425,0.05765979967106616,0.01797861794754863,0.07460511585644641,0.30821447305960786
2012-04-30,0.17,0.0,0.721,0.15733144591057413,0.019834862366318703,0.07349895469298752,0.3061202390772781
2012-04-30,0.17,0.03,0.72025,0.15733144591057413,0.019848255798220634,0.07349895469298752,0.3061202390772781
2012-04-30,0.17,0.06,0.7165,0.15733144591057413,0.019887316815555094,0.07349895469298752,0.3061202390772781
2012-04-30,0.25,0.0,0.72175,0.15733144591057413,0.020032727986574173,0.07349895469298752,0.3061202390772781
2012-04-30,0.25,0.03,0.7215,0.15733144591057413,0.020045947667211295,0.07349895469298752,0.3061202390772781
2012-04-30,0.25,0.06,0.7205,0.15733144591057413,0.02008454468846321,0.07349895469298752,0.3061202390772781
2012-04-30,0.35,0.0,0.7245,0.15733144591057413,0.020284838497638704,0.07349895469298752,0.3061202390772781
2012-04-30,0.35,0.03,0.72225,0.15733144591057413,0.020297858133912085,0.07349895469298752,0.3061202390772781
2012-04-30,0.35,0.06,0.721,0.15733144591057413,0.020335945323109627,0.07349895469298752,0.3061202390772781
2012-05-31,0.17,0.0,0.745,0.18506811206460094,0.0137485580034554,0.06742244508396097,0.30409322639601644
2012-05-31,0.17,0.03,0.744,0.18506811206460094,0.013767394952476024,0.06742244508396097,0.30409322639601644
2012-05-31,0.17,0.06,0.742,0.18506811206460094,0.013822354443371297,0.06742244508396097,0.30409322639601644
2012-05-31,0.25,0.0,0.75,0.18506811206460094,0.013949115190654993,0.06742244508396097,0.30409322639601644
2012-05-31,0.25,0.03,0.7505,0.18506811206460094,0.013967652536928653,0.06742244508396097,0.30409322639601644
2012-05-31,0.25,0.06,0.7465,0.18506811206460094,0.014021786093711854,0.06742244508396097,0.30409322639601644
2012-05-31,0.35,0.0,0.75325,0.18506811206460094,0.014212475262582302,0.06742244508396097,0.30409322639601644
2012-05-31,0.35,0.03,0.7535,0.18506811206460094,0.014230079539120198,0.06742244508396097,0.30409322639601644
2012-05-31,0.35,0.06,0.75175,0.18506811206460094,0.014281591534614562,0.06742244508396097,0.30409322639601644
2012-06-29,0.17,0.0,0.69025,0.13901763746868934,0.02745700106024742,0.07350585158543027,0.3023547335958248
2012-06-29,0.17,0.03,0.69075,0.13901763746868934,0.027473730131983756,0.07350585158543027,0.3023547335958248
2012-06-29,0.17,0.06,0.691,0.13901763746868934,0.02752252933010459,0.07350585158543027,0.3023547335958248
2012-06-29,0.25,0.0,0.692,0.13901763746868934,0.027666683558374643,0.07350585158543027,0.3023547335958248
2012-06-29,0.25,0.03,0.693,0.13901763746868934,0.027682567056268453,0.07350585158543027,0.3023547335958248
2012-06-29,0.25,0.06,0.69075,0.13901763746868934,0.027728979993611576,0.07350585158543027,0.3023547335958248
2012-06-29,0.35,0.0,0.696,0.13901763746868934,0.027893237322568893,0.07350585158543027,0.3023547335958248
2012-06-29,0.35,0.03,0.69525,0.13901763746868934,0.027907415442168713,0.07350585158543027,0.3023547335958248
2012-06-29,0.35,0.06,0.694,0.13901763746868934,0.02794900300912559,0.07350585158543027,0.3023547335958248
2012-07-31,0.17,0.0,0.65725,0.10420240709038486,0.02345546730607748,0.07239795050443422,0.30013831657131224
2012-07-31,0.17,0.03,0.65775,0.10420240709038486,0.023475519727915527,0.07239795050443422,0.30013831657131224
2012-07-31,0.17,0.06,0.656,0.10420240709038486,0.02353385017812252,0.07239795050443422,0.30013831657131224
2012-07-31,0.25,0.0,0.66,0.10420240709038486,0.023540809880942107,0.07239795050443422,0.30013831657131224
2012-07-31,0.25,0.03,0.65925,0.10420240709038486,0.02356027188152075,0.07239795050443422,0.30013831657131224
2012-07-31,0.25,0.06,0.65775,0.10420240709038486,0.02361697893217206,0.07239795050443422,0.30013831657131224
2012-07-31,0.35,0.0,0.66375,0.10420240709038486,0.023568942597135902,0.07239795050443422,0.30013831657131224
2012-07-31,0.35,0.03,0.663,0.10420240709038486,0.023587175706401467,0.07239795050443422,0.30013831657131224
2012-07-31,0.35,0.06,0.6615,0.10420240709038486,0.023640429990366103,0.07239795050443422,0.30013831657131224
2012-08-31,0.17,0.0,0.68075,0.12717615885331823,0.026781659413129093,0.07266651665322132,0.29794056886656806
2012-08-31,0.17,0.03,0.67975,0.12717615885331823,0.026795737087726593,0.07266651665322132,0.29794056886656806
2012-08-31,0.17,0.06,0.677,0.12717615885331823,0.02683676677942276,0.07266651665322132,0.29794056886656806
2012-08-31,0.25,0.0,0.68175,0.12717615885331823,0.027001165919005872,0.07266651665322132,0.29794056886656806
2012-08-31,0.25,0.03,0.6815,0.12717615885331823,0.0270145979821682,0.07266651665322132,0.29794056886656806
2012-08-31,0.25,0.06,0.679,0.12717615885331823,0.027053800079971553,0.07266651665322132,0.29794056886656806
2012-08-31,0.35,0.0,0.68375,0.12717615885331823,0.027272272165864708,0.07266651665322132,0.29794056886656806
2012-08-31,0.35,0.03,0.683,0.12717615885331823,0.027284633707255125,0.07266651665322132,0.29794056886656806
2012-08-31,0.35,0.06,0.68225,0.12717615885331823,0.027320835042744875,0.07266651665322132,0.29794056886656806
2012-09-28,0.17,0.0,0.6125,0.06950953638889112,0.028674002811312674,0.07000884721410372,0.2965110970544721
2012-09-28,0.17,0.03,0.61325,0.06950953638889112,0.028685373663902284,0.07000884721410372,0.2965110970544721
2012-09-28,0.17,0.06,0.615,0.06950953638889112,0.028718665555119514,0.07000884721410372,0.2965110970544721
2012-09-28,0.25,0.0,0.61425,0.06950953638889112,0.02890003829449415,0.07000884721410372,0.2965110970544721
2012-09-28,0.25,0.03,0.615,0.06950953638889112,0.028910681579262017,0.07000884721410372,0.2965110970544721
2012-09-28,0.25,0.06,0.61575,0.06950953638889112,0.028941926997154952,0.07000884721410372,0.2965110970544721
2012-09-28,0.35,0.0,0.61725,0.06950953638889112,0.029122667899355293,0.07000884721410372,0.2965110970544721
2012-09-28,0.35,0.03,0.61675,0.06950953638889112,0.02913200210779905,0.07000884721410372,0.2965110970544721
2012-09-28,0.35,0.06,0.617,0.06950953638889112,0.029159543929621577,0.07000884721410372,0.2965110970544721
2012-10-31,0.17,0.0,0.6645,0.0958485114518135,0.01327314828336239,0.055175257164315886,0.29215455521712863
2012-10-31,0.17,0.03,0.66325,0.0958485114518135,0.013284436702728272,0.055175257164315886,0.29215455521712863
2012-10-31,0.17,0.06,0.6615,0.0958485114518135,0.013317433219403029,0.055175257164315886,0.29215455521712863
2012-10-31,0.25,0.0,0.66475,0.0958485114518135,0.013489748109132052,0.055175257164315886,0.29215455521712863
2012-10-31,0.25,0.03,0.66375,0.0958485114518135,0.013500306725502014,0.055175257164315886,0.29215455521712863
2012-10-31,0.25,0.06,0.662,0.0958485114518135,0.013531250327825546,0.055175257164315886,0.29215455521712863
2012-10-31,0.35,0.0,0.66775,0.0958485114518135,0.013703712221235037,0.055175257164315886,0.29215455521712863
2012-10-31,0.35,0.03,0.66675,0.0958485114518135,0.013712956795468927,0.055175257164315886,0.29215455521712863
2012-10-31,0.35,0.06,0.6645,0.0958485114518135,0.013740219464525581,0.055175257164315886,0.29215455521712863
2012-11-30,0.17,0.0,0.6435,0.09648555343730769,0.030251968298107387,0.060923596590535374,0.2905334943429109
2012-11-30,0.17,0.03,0.64175,0.09648555343730769,0.030263879414647817,0.060923596590535374,0.2905334943429109
2012-11-30,0.17,0.06,0.6415,0.09648555343730769,0.030298669427633287,0.060923596590535374,0.2905334943429109
2012-11-30,0.25,0.0,0.644,0.09648555343730769,0.030461461573839187,0.060923596590535374,0.2905334943429109
2012-11-30,0.25,0.03,0.644,0.09648555343730769,0.0304726073294878,0.060923596590535374,0.2905334943429109
2012-11-30,0.25,0.06,0.64475,0.09648555343730769,0.030505252618342638,0.060923596590535374,0.2905334943429109
2012-11-30,0.35,0.0,0.64825,0.09648555343730769,0.030674768514931203,0.060923596590535374,0.2905334943429109
2012-11-30,0.35,0.03,0.64675,0.09648555343730769,0.030684572553262113,0.060923596590535374,0.2905334943429109
2012-11-30,0.35,0.06,0.64625,0.09648555343730769,0.03071344630420208,0.060923596590535374,0.2905334943429109
2012-12-31,0.17,0.0,0.617,0.05932055638086986,0.016241828862577676,0.05600177186423155,0.288739439015014
2012-12-31,0.17,0.03,0.61625,0.05932055638086986,0.016258119240403174,0.05600177186423155,0.288739439015014
2012-12-31,0.17,0.06,0.61375,0.05932055638086986,0.01630541866272688,0.05600177186423155,0.288739439015014
2012-12-31,0.25,0.0,0.61675,0.05932055638086986,0.01625824574753642,0.05600177186423155,0.288739439015014
2012-12-31,0.25,0.03,0.6165,0.05932055638086986,0.016274084091186525,0.05600177186423155,0.288739439015014
2012-12-31,0.25,0.06,0.61575,0.05932055638086986,0.01632014564424753,0.05600177186423155,0.288739439015014
2012-12-31,0.35,0.0,0.61825,0.05932055638086986,0.016200712053105235,0.05600177186423155,0.288739439015014
2012-12-31,0.35,0.03,0.6185,0.05932055638086986,0.016215545691549777,0.05600177186423155,0.288739439015014
2012-12-31,0.35,0.06,0.61825,0.05932055638086986,0.016258809318766,0.05600177186423155,0.288739439015014
2013-01-31,0.17,0.0,0.547,0.01786094960754503,0.028754889171570538,0.07294730155212192,0.2801590169982004
2013-01-31,0.17,0.03,0.547,0.01786094960754503,0.028771188091486693,0.07294730155212192,0.2801590169982004
2013-01-31,0.17,0.06,0.5465,0.01786094960754503,0.02881839381158352,0.07294730155212192,0.2801590169982004
2013-01-31,0.25,0.0,0.54675,0.01786094960754503,0.028855908386409283,0.07294730155212192,0.2801590169982004
2013-01-31,0.25,0.03,0.548,0.01786094960754503,0.02887129418179393,0.07294730155212192,0.2801590169982004
2013-01-31,0.25,0.06,0.5475,0.01786094960754503,0.028915960509330034,0.07294730155212192,0.2801590169982004
2013-01-31,0.35,0.0,0.54575,0.01786094960754503,0.0289848740324378,0.07294730155212192,0.2801590169982004
2013-01-31,0.35,0.03,0.54575,0.01786094960754503,0.028998640287667514,0.07294730155212192,0.2801590169982004
2013-01-31,0.35,0.06,0.54275,0.01786094960754503,0.029038762502372265,0.07294730155212192,0.2801590169982004
2013-02-28,0.17,0.0,0.71575,0.1588001993930208,0.026699814286082982,0.06551187662960414,0.2761256633132327
2013-02-28,0.17,0.03,0.71475,0.1588001993930208,0.026716228786855936,0.06551187662960414,0.2761256633132327
2013-02-28,0.17,0.06,0.71,0.1588001993930208,0.026763748042285443,0.06551187662960414,0.2761256633132327
2013-02-28,0.25,0.0,0.71675,0.1588001993930208,0.02670850646495819,0.06551187662960414,0.2761256633132327
2013-02-28,0.25,0.03,0.71575,0.1588001993930208,0.026724425170570613,0.06551187662960414,0.2761256633132327
2013-02-28,0.25,0.06,0.71325,0.1588001993930208,0.026770585875958205,0.06551187662960414,0.2761256633132327
2013-02-28,0.35,0.0,0.7245,0.1588001993930208,0.026630373470485212,0.06551187662960414,0.2761256633132327
2013-02-28,0.35,0.03,0.7225,0.1588001993930208,0.026645305093377827,0.06551187662960414,0.2761256633132327
2013-02-28,0.35,0.06,0.7175,0.1588001993930208,0.0266887340657413,0.06551187662960414,0.2761256633132327
2013-03-28,0.17,0.0,0.76025,0.21162643708628348,0.0328210062533617,0.07109264455877494,0.27099882324934715
2013-03-28,0.17,0.03,0.75975,0.21162643708628348,0.03283724130690098,0.07109264455877494,0.27099882324934715
2013-03-28,0.17,0.06,0.7585,0.21162643708628348,0.03288419029116631,0.07109264455877494,0.27099882324934715
2013-03-28,0.25,0.0,0.765,0.21162643708628348,0.032927777394652365,0.07109264455877494,0.27099882324934715
2013-03-28,0.25,0.03,0.76475,0.21162643708628348,0.032943214256316425,0.07109264455877494,0.27099882324934715
2013-03-28,0.25,0.06,0.7615,0.21162643708628348,0.032987922064960006,0.07109264455877494,0.27099882324934715
2013-03-28,0.35,0.0,0.76825,0.21162643708628348,0.03306439604982734,0.07109264455877494,0.27099882324934715
2013-03-28,0.35,0.03,0.766,0.21162643708628348,0.03307833663746715,0.07109264455877494,0.27099882324934715
2013-03-28,0.35,0.06,0.76525,0.21162643708628348,0.03311888088658452,0.07109264455877494,0.27099882324934715
2013-04-30,0.17,0.0,0.75675,0.2144222477576132,0.04257149704918265,0.07096015399104452,0.2698900159589314
2013-04-30,0.17,0.03,0.756,0.2144222477576132,0.04258917705342174,0.07096015399104452,0.2698900159589314
2013-04-30,0.17,0.06,0.7515,0.2144222477576132,0.042640199929475785,0.07096015399104452,0.2698900159589314
2013-04-30,0.25,0.0,0.761,0.2144222477576132,0.042515818659216165,0.07096015399104452,0.2698900159589314
2013-04-30,0.25,0.03,0.7605,0.2144222477576132,0.04253271148726344,0.07096015399104452,0.2698900159589314
2013-04-30,0.25,0.06,0.757,0.2144222477576132,0.042581528425216675,0.07096015399104452,0.2698900159589314
2013-04-30,0.35,0.0,0.76525,0.2144222477576132,0.042362776666879653,0.07096015399104452,0.2698900159589314
2013-04-30,0.35,0.03,0.765,0.2144222477576132,0.042378277126699684,0.07096015399104452,0.2698900159589314
2013-04-30,0.35,0.06,0.7605,0.2144222477576132,0.04242324629053473,0.07096015399104452,0.2698900159589314
2013-05-31,0.17,0.0,0.812,0.2946980136838815,0.053020487882196904,0.0792554708206249,0.2694494429874235
2013-05-31,0.17,0.03,0.81225,0.2946980136838815,0.05303616045042872,0.0792554708206249,0.2694494429874235
2013-05-31,0.17,0.06,0.80875,0.2946980136838815,0.053081413324922326,0.0792554708206249,0.2694494429874235
2013-05-31,0.25,0.0,0.8155,0.2946980136838815,0.05316667285189033,0.0792554708206249,0.2694494429874235
2013-05-31,0.25,0.03,0.815,0.2946980136838815,0.053181479405611756,0.0792554708206249,0.2694494429874235
2013-05-31,0.25,0.06,0.812,0.2946980136838815,0.05322434768825769,0.0792554708206249,0.2694494429874235
2013-05-31,0.35,0.0,0.82025,0.2946980136838815,0.053354733280837535,0.0792554708206249,0.2694494429874235
2013-05-31,0.35,0.03,0.81825,0.2946980136838815,0.05336799056082964,0.0792554708206249,0.2694494429874235
2013-05-31,0.35,0.06,0.8135,0.2946980136838815,0.05340653332695365,0.0792554708206249,0.2694494429874235
2013-06-28,0.17,0.0,0.81075,0.3123091898003847,0.07567736740410327,0.09944658134892509,0.26749048275428833
2013-06-28,0.17,0.03,0.8105,0.3123091898003847,0.07569183295592666,0.09944658134892509,0.26749048275428833
2013-06-28,0.17,0.06,0.8065,0.3123091898003847,0.0757335941568017,0.09944658134892509,0.26749048275428833
2013-06-28,0.25,0.0,0.81425,0.3123091898003847,0.07576216223835945,0.09944658134892509,0.26749048275428833
2013-06-28,0.25,0.03,0.8125,0.3123091898003847,0.07577589769661426,0.09944658134892509,0.26749048275428833
2013-06-28,0.25,0.06,0.80925,0.3123091898003847,0.07581564174219967,0.09944658134892509,0.26749048275428833
2013-06-28,0.35,0.0,0.82025,0.3123091898003847,0.07579254448786378,0.09944658134892509,0.26749048275428833
2013-06-28,0.35,0.03,0.818,0.3123091898003847,0.07580498421378434,0.09944658134892509,0.26749048275428833
2013-06-28,0.35,0.06,0.81325,0.3123091898003847,0.07584111184813082,0.09944658134892509,0.26749048275428833
2013-07-31,0.17,0.0,0.8605,0.3655208615998735,0.06153148593753576,0.0858661856714966,0.2606599226349469
2013-07-31,0.17,0.03,0.86,0.3655208615998735,0.06154564194753766,0.0858661856714966,0.2606599226349469
2013-07-31,0.17,0.06,0.8565,0.3655208615998735,0.06158642206341028,0.0858661856714966,0.2606599226349469
2013-07-31,0.25,0.0,0.8625,0.3655208615998735,0.06161178852245212,0.0858661856714966,0.2606599226349469
2013-07-31,0.25,0.03,0.86025,0.3655208615998735,0.06162515687942505,0.0858661856714966,0.2606599226349469
2013-07-31,0.25,0.06,0.85675,0.3655208615998735,0.06166376687213779,0.0858661856714966,0.2606599226349469
2013-07-31,0.35,0.0,0.86325,0.3655208615998735,0.061639982258901,0.0858661856714966,0.2606599226349469
2013-07-31,0.35,0.03,0.8615,0.3655208615998735,0.06165198785625398,0.0858661856714966,0.2606599226349469
2013-07-31,0.35,0.06,0.85825,0.3655208615998735,0.06168680823035538,0.0858661856714966,0.2606599226349469
2013-08-30,0.17,0.0,0.927,0.5007053776620949,0.0565629717297852,0.07894536199131455,0.26114474341563754
2013-08-30,0.17,0.03,0.92675,0.5007053776620949,0.056583454869687556,0.07894536199131455,0.26114474341563754
2013-08-30,0.17,0.06,0.9225,0.5007053776620949,0.05664222902804613,0.07894536199131455,0.26114474341563754
2013-08-30,0.25,0.0,0.9275,0.5007053776620949,0.056580152638256546,0.07894536199131455,0.26114474341563754
2013-08-30,0.25,0.03,0.9265,0.5007053776620949,0.05659999794140458,0.07894536199131455,0.26114474341563754
2013-08-30,0.25,0.06,0.922,0.5007053776620949,0.05665704551711678,0.07894536199131455,0.26114474341563754
2013-08-30,0.35,0.0,0.9285,0.5007053776620949,0.056539127789437774,0.07894536199131455,0.26114474341563754
2013-08-30,0.35,0.03,0.92725,0.5007053776620949,0.05655776494368911,0.07894536199131455,0.26114474341563754
2013-08-30,0.35,0.06,0.92475,0.5007053776620949,0.05661145356670022,0.07894536199131455,0.26114474341563754
2013-09-30,0.17,0.0,0.859,0.36864412227062515,0.05542624880373478,0.10130818814550807,0.2593832960974986
2013-09-30,0.17,0.03,0.8575,0.36864412227062515,0.05543839090317488,0.10130818814550807,0.2593832960974986
2013-09-30,0.17,0.06,0.85225,0.36864412227062515,0.05547346057742834,0.10130818814550807,0.2593832960974986
2013-09-30,0.25,0.0,0.85925,0.36864412227062515,0.05561261294409633,0.10130818814550807,0.2593832960974986
2013-09-30,0.25,0.03,0.8575,0.36864412227062515,0.055623484272509814,0.10130818814550807,0.2593832960974986
2013-09-30,0.25,0.06,0.85275,0.36864412227062515,0.055654992651194335,0.10130818814550807,0.2593832960974986
2013-09-30,0.35,0.0,0.8635,0.36864412227062515,0.05586701276153326,0.10130818814550807,0.2593832960974986
2013-09-30,0.35,0.03,0.86275,0.36864412227062515,0.055875921998173,0.10130818814550807,0.2593832960974986
2013-09-30,0.35,0.06,0.8575,0.36864412227062515,0.05590193359181285,0.10130818814550807,0.2593832960974986
2013-10-31,0.17,0.0,0.80425,0.3512677543424745,0.12534657020121812,0.16008350315925202,0.23865234013917738
2013-10-31,0.17,0.03,0.80325,0.3512677543424745,0.12537262620031833,0.16008350315925202,0.23865234013917738
2013-10-31,0.17,0.06,0.798,0.3512677543424745,0.1254464781358838,0.16008350315925202,0.23865234013917738
2013-10-31,0.25,0.0,0.8095,0.3512677543424745,0.1255334569439292,0.16008350315925202,0.23865234013917738
2013-10-31,0.25,0.03,0.80675,0.3512677543424745,0.12555908100306987,0.16008350315925202,0.23865234013917738
2013-10-31,0.25,0.06,0.80125,0.3512677543424745,0.1256317524276674,0.16008350315925202,0.23865234013917738
2013-10-31,0.35,0.0,0.81625,0.3512677543424745,0.12575873836502433,0.16008350315925202,0.23865234013917738
2013-10-31,0.35,0.03,0.81225,0.3512677543424745,0.12578358829766512,0.16008350315925202,0.23865234013917738
2013-10-31,0.35,0.06,0.8045,0.3512677543424745,0.1258541579209268,0.16008350315925202,0.23865234013917738
2013-11-29,0.17,0.0,0.77925,0.317152983505681,0.1282178460806608,0.1653303621213609,0.2282621212561119
2013-11-29,0.17,0.03,0.77725,0.317152983505681,0.12824326258152724,0.1653303621213609,0.2282621212561119
2013-11-29,0.17,0.06,0.77175,0.317152983505681,0.12831500644236804,0.1653303621213609,0.2282621212561119
2013-11-29,0.25,0.0,0.78225,0.317152983505681,0.12840417248010635,0.1653303621213609,0.2282621212561119
2013-11-29,0.25,0.03,0.77925,0.317152983505681,0.12842900832742452,0.1653303621213609,0.2282621212561119
2013-11-29,0.25,0.06,0.77425,0.317152983505681,0.12849918721616269,0.1653303621213609,0.2282621212561119
2013-11-29,0.35,0.0,0.786,0.317152983505681,0.12862344335019588,0.1653303621213609,0.2282621212561119
2013-11-29,0.35,0.03,0.784,0.317152983505681,0.12864734822511673,0.1653303621213609,0.2282621212561119
2013-11-29,0.35,0.06,0.78075,0.317152983505681,0.1287149768061936,0.1653303621213609,0.2282621212561119
2013-12-31,0.17,0.0,0.837,0.3741410173225981,0.12471254731714726,0.15763159589149406,0.22343245508579515
2013-12-31,0.17,0.03,0.83475,0.3741410173225981,0.12473763574659824,0.15763159589149406,0.22343245508579515
2013-12-31,0.17,0.06,0.83225,0.3741410173225981,0.12480828868597746,0.15763159589149406,0.22343245508579515
2013-12-31,0.25,0.0,0.838,0.3741410173225981,0.12484979148954153,0.15763159589149406,0.22343245508579515
2013-12-31,0.25,0.03,0.8375,0.3741410173225981,0.12487430506944656,0.15763159589149406,0.22343245508579515
2013-12-31,0.25,0.06,0.8315,0.3741410173225981,0.12494341112673282,0.15763159589149406,0.22343245508579515
2013-12-31,0.35,0.0,0.8425,0.3741410173225981,0.125010869666934,0.15763159589149406,0.22343245508579515
2013-12-31,0.35,0.03,0.84025,0.3741410173225981,0.1250344484001398,0.15763159589149406,0.22343245508579515
2013-12-31,0.35,0.06,0.8345,0.3741410173225981,0.12510102978348733,0.15763159589149406,0.22343245508579515
2014-01-31,0.17,0.0,0.90325,0.4696093420762515,0.1175425500869751,0.16070424222451485,0.21658261706010146
2014-01-31,0.17,0.03,0.903,0.4696093420762515,0.11756392577290535,0.16070424222451485,0.21658261706010146
2014-01-31,0.17,0.06,0.896,0.4696093420762515,0.11762391720712186,0.16070424222451485,0.21658261706010146
2014-01-31,0.25,0.0,0.9065,0.4696093420762515,0.11790959799289703,0.16070424222451485,0.21658261706010146
2014-01-31,0.25,0.03,0.9055,0.4696093420762515,0.11793071375787258,0.16070424222451485,0.21658261706010146
2014-01-31,0.25,0.06,0.899,0.4696093420762515,0.11799005293101072,0.16070424222451485,0.21658261706010146
2014-01-31,0.35,0.0,0.90725,0.4696093420762515,0.11837626907229423,0.16070424222451485,0.21658261706010146
2014-01-31,0.35,0.03,0.90675,0.4696093420762515,0.11839699712395668,0.16070424222451485,0.21658261706010146
2014-01-31,0.35,0.06,0.9015,0.4696093420762515,0.11845538175478577,0.16070424222451485,0.21658261706010146
2014-02-28,0.17,0.0,0.8585,0.39361208445101425,0.12427772827446461,0.16711189638692397,0.2144881983944936
2014-02-28,0.17,0.03,0.85675,0.39361208445101425,0.12429714027792216,0.16711189638692397,0.2144881983944936
2014-02-28,0.17,0.06,0.851,0.39361208445101425,0.12435170429944992,0.16711189638692397,0.2144881983944936
2014-02-28,0.25,0.0,0.862,0.39361208445101425,0.1245497566461563,0.16711189638692397,0.2144881983944936
2014-02-28,0.25,0.03,0.8605,0.39361208445101425,0.12456874921172857,0.16711189638692397,0.2144881983944936
2014-02-28,0.25,0.06,0.85425,0.39361208445101425,0.12462223190814256,0.16711189638692397,0.2144881983944936
2014-02-28,0.35,0.0,0.8645,0.39361208445101425,0.12486358980089426,0.16711189638692397,0.2144881983944936
2014-02-28,0.35,0.03,0.86225,0.39361208445101425,0.12488190013170242,0.16711189638692397,0.2144881983944936
2014-02-28,0.35,0.06,0.85525,0.39361208445101425,0.12493357256054878,0.16711189638692397,0.2144881983944936
2014-03-31,0.17,0.0,0.75675,0.27382856350593365,0.12055131940543652,0.1615130570824761,0.21022811138237135
2014-03-31,0.17,0.03,0.7545,0.27382856350593365,0.12056736512482166,0.1615130570824761,0.21022811138237135
2014-03-31,0.17,0.06,0.7485,0.27382856350593365,0.12061244013160467,0.1615130570824761,0.21022811138237135
2014-03-31,0.25,0.0,0.76175,0.27382856350593365,0.12082096944004297,0.1615130570824761,0.21022811138237135
2014-03-31,0.25,0.03,0.759,0.27382856350593365,0.12083657412230968,0.1615130570824761,0.21022811138237135
2014-03-31,0.25,0.06,0.75225,0.27382856350593365,0.12088051319867373,0.1615130570824761,0.21022811138237135
2014-03-31,0.35,0.0,0.765,0.27382856350593365,0.12112708131223918,0.1615130570824761,0.21022811138237135
2014-03-31,0.35,0.03,0.76325,0.27382856350593365,0.12114198913425207,0.1615130570824761,0.21022811138237135
2014-03-31,0.35,0.06,0.755,0.27382856350593365,0.12118408773094416,0.1615130570824761,0.21022811138237135
2014-04-30,0.17,0.0,0.7785,0.26562241502311723,0.0947957134321332,0.137307409293135,0.2050260034048284
2014-04-30,0.17,0.03,0.77525,0.26562241502311723,0.09480582425743342,0.137307409293135,0.2050260034048284
2014-04-30,0.17,0.06,0.77225,0.26562241502311723,0.09483431916683913,0.137307409293135,0.2050260034048284
2014-04-30,0.25,0.0,0.78025,0.26562241502311723,0.09509500546753406,0.137307409293135,0.2050260034048284
2014-04-30,0.25,0.03,0.77925,0.26562241502311723,0.09510468435287475,0.137307409293135,0.2050260034048284
2014-04-30,0.25,0.06,0.7755,0.26562241502311723,0.09513205889612436,0.137307409293135,0.2050260034048284
2014-04-30,0.35,0.0,0.783,0.26562241502311723,0.09551373663544654,0.137307409293135,0.2050260034048284
2014-04-30,0.35,0.03,0.7825,0.26562241502311723,0.09552299372851848,0.137307409293135,0.2050260034048284
2014-04-30,0.35,0.06,0.778,0.26562241502311723,0.0955492806211114,0.137307409293135,0.2050260034048284
2014-05-30,0.17,0.0,0.644,0.13381509404198733,0.07649339856207371,0.11483259555227265,0.1860172449226675
2014-05-30,0.17,0.03,0.645,0.13381509404198733,0.07650940737128258,0.11483259555227265,0.1860172449226675
2014-05-30,0.17,0.06,0.639,0.13381509404198733,0.07655392388254403,0.11483259555227265,0.1860172449226675
2014-05-30,0.25,0.0,0.6445,0.13381509404198733,0.07674896861612797,0.11483259555227265,0.1860172449226675
2014-05-30,0.25,0.03,0.645,0.13381509404198733,0.07676443785429,0.11483259555227265,0.1860172449226675
2014-05-30,0.25,0.06,0.63925,0.13381509404198733,0.0768075785189867,0.11483259555227265,0.1860172449226675
2014-05-30,0.35,0.0,0.64825,0.13381509404198733,0.07707846844941378,0.11483259555227265,0.1860172449226675
2014-05-30,0.35,0.03,0.64725,0.13381509404198733,0.07709326829761266,0.11483259555227265,0.1860172449226675
2014-05-30,0.35,0.06,0.6415,0.13381509404198733,0.07713470777124166,0.11483259555227265,0.1860172449226675
2014-06-30,0.17,0.0,0.63425,0.1457474538313266,0.09526402051746845,0.13187855460381775,0.18279120734177823
2014-06-30,0.17,0.03,0.63275,0.1457474538313266,0.09528100346028805,0.13187855460381775,0.18279120734177823
2014-06-30,0.17,0.06,0.62775,0.1457474538313266,0.09532802461832762,0.13187855460381775,0.18279120734177823
2014-06-30,0.25,0.0,0.6345,0.1457474538313266,0.09556655510514975,0.13187855460381775,0.18279120734177823
2014-06-30,0.25,0.03,0.6335,0.1457474538313266,0.09558314631134271,0.13187855460381775,0.18279120734177823
2014-06-30,0.25,0.06,0.6265,0.1457474538313266,0.09562919392436743,0.13187855460381775,0.18279120734177823
2014-06-30,0.35,0.0,0.63925,0.1457474538313266,0.0959737851023674,0.13187855460381775,0.18279120734177823
2014-06-30,0.35,0.03,0.6365,0.1457474538313266,0.09598995634913444,0.13187855460381775,0.18279120734177823
2014-06-30,0.35,0.06,0.6295,0.1457474538313266,0.09603496103733777,0.13187855460381775,0.18279120734177823
2014-07-31,0.17,0.0,0.591,0.11227699551147774,0.0854736597687006,0.12171809805093182,0.17747654763679604
2014-07-31,0.17,0.03,0.5905,0.11227699551147774,0.08548993058502674,0.12171809805093182,0.17747654763679604
2014-07-31,0.17,0.06,0.58725,0.11227699551147774,0.08553485528379678,0.12171809805093182,0.17747654763679604
2014-07-31,0.25,0.0,0.593,0.11227699551147774,0.08572408945858478,0.12171809805093182,0.17747654763679604
2014-07-31,0.25,0.03,0.5915,0.11227699551147774,0.08573989881575107,0.12171809805093182,0.17747654763679604
2014-07-31,0.25,0.06,0.58775,0.11227699551147774,0.08578365583717823,0.12171809805093182,0.17747654763679604
2014-07-31,0.35,0.0,0.59425,0.11227699551147774,0.08605556883662939,0.12171809805093182,0.17747654763679604
2014-07-31,0.35,0.03,0.5935,0.11227699551147774,0.08607083878666162,0.12171809805093182,0.17747654763679604
2014-07-31,0.35,0.06,0.58925,0.11227699551147774,0.08611325334012508,0.12171809805093182,0.17747654763679604
2014-08-28,0.17,0.0,0.3445,-0.007936328854475039,0.08581096778064966,0.12328207733957161,0.17459696379028714
2014-08-28,0.17,0.03,0.3475,-0.007936328854475039,0.08583313911408186,0.12328207733957161,0.17459696379028714
2014-08-28,0.17,0.06,0.3575,-0.007936328854475039,0.08589394486695529,0.12328207733957161,0.17459696379028714
2014-08-28,0.25,0.0,0.34125,-0.007936328854475039,0.08593999207764864,0.12328207733957161,0.17459696379028714
2014-08-28,0.25,0.03,0.345,-0.007936328854475039,0.08596145924180747,0.12328207733957161,0.17459696379028714
2014-08-28,0.25,0.06,0.35525,-0.007936328854475039,0.08602042538672686,0.12328207733957161,0.17459696379028714
2014-08-28,0.35,0.0,0.3385,-0.007936328854475039,0.08607881988584995,0.12328207733957161,0.17459696379028714
2014-08-28,0.35,0.03,0.3425,-0.007936328854475039,0.08609928107261658,0.12328207733957161,0.17459696379028714
2014-08-28,0.35,0.06,0.35125,-0.007936328854475039,0.08615565463155508,0.12328207733957161,0.17459696379028714
2014-09-30,0.17,0.0,0.48275,0.0478537691386387,0.07602930641174316,0.11192746587405258,0.17404671901820615
2014-09-30,0.17,0.03,0.483,0.0478537691386387,0.07604934704303741,0.11192746587405258,0.17404671901820615
2014-09-30,0.17,0.06,0.487,0.0478537691386387,0.07610433834046125,0.11192746587405258,0.17404671901820615
2014-09-30,0.25,0.0,0.4815,0.0478537691386387,0.07618351147323847,0.11192746587405258,0.17404671901820615
2014-09-30,0.25,0.03,0.481,0.0478537691386387,0.07620300883799791,0.11192746587405258,0.17404671901820615
2014-09-30,0.25,0.06,0.4865,0.0478537691386387,0.07625661489367486,0.11192746587405258,0.17404671901820615
2014-09-30,0.35,0.0,0.47825,0.0478537691386387,0.07635490150749684,0.11192746587405258,0.17404671901820615
2014-09-30,0.35,0.03,0.48125,0.0478537691386387,0.07637360288947821,0.11192746587405258,0.17404671901820615
2014-09-30,0.35,0.06,0.48625,0.0478537691386387,0.07642516761273145,0.11192746587405258,0.17404671901820615
2014-10-31,0.17,0.0,0.22325,-0.0550794468879765,0.1015892480313778,0.13672824264620342,0.1730387178900469
2014-10-31,0.17,0.03,0.2275,-0.0550794468879765,0.1016104770153761,0.13672824264620342,0.1730387178900469
2014-10-31,0.17,0.06,0.239,-0.0550794468879765,0.10166864515841008,0.13672824264620342,0.1730387178900469
2014-10-31,0.25,0.0,0.22025,-0.0550794468879765,0.10171183186024427,0.13672824264620342,0.1730387178900469
2014-10-31,0.25,0.03,0.22525,-0.0550794468879765,0.1017324475646019,0.13672824264620342,0.1730387178900469
2014-10-31,0.25,0.06,0.23575,-0.0550794468879765,0.10178902442753315,0.13672824264620342,0.1730387178900469
2014-10-31,0.35,0.0,0.2155,-0.0550794468879765,0.10184571433067321,0.13672824264620342,0.1730387178900469
2014-10-31,0.35,0.03,0.222,-0.0550794468879765,0.1018654218018055,0.13672824264620342,0.1730387178900469
2014-10-31,0.35,0.06,0.2335,-0.0550794468879765,0.10191967162489891,0.13672824264620342,0.1730387178900469
2014-11-28,0.17,0.0,0.16725,-0.09366462742497217,0.09114182236790656,0.1259479189240934,0.17099640061394505
2014-11-28,0.17,0.03,0.17275,-0.09366462742497217,0.09116286294907332,0.1259479189240934,0.17099640061394505
2014-11-28,0.17,0.06,0.18825,-0.09366462742497217,0.0912203788459301,0.1259479189240934,0.17099640061394505
2014-11-28,0.25,0.0,0.166,-0.09366462742497217,0.09131853058934211,0.1259479189240934,0.17099640061394505
2014-11-28,0.25,0.03,0.17,-0.09366462742497217,0.09133910116553307,0.1259479189240934,0.17099640061394505
2014-11-28,0.25,0.06,0.18675,-0.09366462742497217,0.09139542493969202,0.1259479189240934,0.17099640061394505
2014-11-28,0.35,0.0,0.16325,-0.09366462742497217,0.0915299177467823,0.1259479189240934,0.17099640061394505
2014-11-28,0.35,0.03,0.1665,-0.09366462742497217,0.0915498390197754,0.1259479189240934,0.17099640061394505
2014-11-28,0.35,0.06,0.18075,-0.09366462742497217,0.0916045304685831,0.1259479189240934,0.17099640061394505
2014-12-31,0.17,0.0,0.21475,-0.07501747964708327,0.07985923666507005,0.1147208881156825,0.17050690225885434
2014-12-31,0.17,0.03,0.21925,-0.07501747964708327,0.0798824657946825,0.1147208881156825,0.17050690225885434
2014-12-31,0.17,0.06,0.2355,-0.07501747964708327,0.07994563830643893,0.1147208881156825,0.17050690225885434
2014-12-31,0.25,0.0,0.21225,-0.07501747964708327,0.08002846994251013,0.1147208881156825,0.17050690225885434
2014-12-31,0.25,0.03,0.21775,-0.07501747964708327,0.08005153311043978,0.1147208881156825,0.17050690225885434
2014-12-31,0.25,0.06,0.23275,-0.07501747964708327,0.08011434315890074,0.1147208881156825,0.17050690225885434
2014-12-31,0.35,0.0,0.207,-0.07501747964708327,0.08024324810504914,0.1147208881156825,0.17050690225885434
2014-12-31,0.35,0.03,0.213,-0.07501747964708327,0.08026630031317472,0.1147208881156825,0.17050690225885434
2014-12-31,0.35,0.06,0.23025,-0.07501747964708327,0.08032918470352889,0.1147208881156825,0.17050690225885434
2015-01-30,0.17,0.0,0.05325,-0.197671173480233,0.10148621891438961,0.1343984305902294,0.1709125356936186
2015-01-30,0.17,0.03,0.05425,-0.197671173480233,0.1015057002082467,0.1343984305902294,0.1709125356936186
2015-01-30,0.17,0.06,0.06225,-0.197671173480233,0.10155890569835901,0.1343984305902294,0.1709125356936186
2015-01-30,0.25,0.0,0.05525,-0.197671173480233,0.10177386298775673,0.1343984305902294,0.1709125356936186
2015-01-30,0.25,0.03,0.057,-0.197671173480233,0.10179296658188104,0.1343984305902294,0.1709125356936186
2015-01-30,0.25,0.06,0.06725,-0.197671173480233,0.10184523989260197,0.1343984305902294,0.1709125356936186
2015-01-30,0.35,0.0,0.06125,-0.197671173480233,0.10215799374133348,0.1343984305902294,0.1709125356936186
2015-01-30,0.35,0.03,0.06175,-0.197671173480233,0.10217674338817596,0.1343984305902294,0.1709125356936186
2015-01-30,0.35,0.06,0.06775,-0.197671173480233,0.10222819455713034,0.1343984305902294,0.1709125356936186
2015-02-27,0.17,0.0,0.102,-0.14251571401687313,0.0982430400326848,0.13118265330545154,0.16985331696168035
2015-02-27,0.17,0.03,0.1055,-0.14251571401687313,0.09826544687151909,0.13118265330545154,0.16985331696168035
2015-02-27,0.17,0.06,0.11275,-0.14251571401687313,0.09832653477787971,0.13118265330545154,0.16985331696168035
2015-02-27,0.25,0.0,0.102,-0.14251571401687313,0.09842184304445982,0.13118265330545154,0.16985331696168035
2015-02-27,0.25,0.03,0.10525,-0.14251571401687313,0.09844369519501925,0.13118265330545154,0.16985331696168035
2015-02-27,0.25,0.06,0.114,-0.14251571401687313,0.09850336759537458,0.13118265330545154,0.16985331696168035
2015-02-27,0.35,0.0,0.10275,-0.14251571401687313,0.0986270408257842,0.13118265330545154,0.16985331696168035
2015-02-27,0.35,0.03,0.1055,-0.14251571401687313,0.09864810234308242,0.13118265330545154,0.16985331696168035
2015-02-27,0.35,0.06,0.114,-0.14251571401687313,0.0987057543694973,0.13118265330545154,0.16985331696168035
2015-03-31,0.17,0.0,0.1995,-0.08022367376027095,0.08411246789991855,0.117167874849415,0.17056618441828278
2015-03-31,0.17,0.03,0.2055,-0.08022367376027095,0.08413560991734266,0.117167874849415,0.17056618441828278
2015-03-31,0.17,0.06,0.21825,-0.08022367376027095,0.08419869327545167,0.117167874849415,0.17056618441828278
2015-03-31,0.25,0.0,0.19675,-0.08022367376027095,0.08426270879805088,0.117167874849415,0.17056618441828278
2015-03-31,0.25,0.03,0.2025,-0.08022367376027095,0.0842852437198162,0.117167874849415,0.17056618441828278
2015-03-31,0.25,0.06,0.21575,-0.08022367376027095,0.08434676532447338,0.117167874849415,0.17056618441828278
2015-03-31,0.35,0.0,0.19025,-0.08022367376027095,0.08443367966264487,0.117167874849415,0.17056618441828278
2015-03-31,0.35,0.03,0.19775,-0.08022367376027095,0.08445532573014498,0.117167874849415,0.17056618441828278
2015-03-31,0.35,0.06,0.213,-0.08022367376027095,0.0845145568549633,0.117167874849415,0.17056618441828278
2015-04-30,0.17,0.0,0.318,-0.028105938995159008,0.07723188538849354,0.11046719400065982,0.1708603170808679
2015-04-30,0.17,0.03,0.323,-0.028105938995159008,0.07725319717079401,0.11046719400065982,0.1708603170808679
2015-04-30,0.17,0.06,0.3295,-0.028105938995159008,0.07731132616847754,0.11046719400065982,0.1708603170808679
2015-04-30,0.25,0.0,0.31675,-0.028105938995159008,0.07743452794104815,0.11046719400065982,0.1708603170808679
2015-04-30,0.25,0.03,0.3205,-0.028105938995159008,0.07745527733117342,0.11046719400065982,0.1708603170808679
2015-04-30,0.25,0.06,0.32925,-0.028105938995159008,0.07751197342574596,0.11046719400065982,0.1708603170808679
2015-04-30,0.35,0.0,0.3125,-0.028105938995159008,0.0776782012283802,0.11046719400065982,0.1708603170808679
2015-04-30,0.35,0.03,0.31725,-0.028105938995159008,0.07769824651628733,0.11046719400065982,0.1708603170808679
2015-04-30,0.35,0.06,0.32725,-0.028105938995159008,0.07775315880775452,0.11046719400065982,0.1708603170808679
2015-05-29,0.17,0.0,0.34025,-0.00620713737911871,0.08933199276775122,0.121350406857652,0.1697087637857822
2015-05-29,0.17,0.03,0.34175,-0.00620713737911871,0.08935436576604844,0.121350406857652,0.1697087637857822
2015-05-29,0.17,0.06,0.349,-0.00620713737911871,0.08941525639593602,0.121350406857652,0.1697087637857822
2015-05-29,0.25,0.0,0.338,-0.00620713737911871,0.08956157968193293,0.121350406857652,0.1697087637857822
2015-05-29,0.25,0.03,0.33875,-0.00620713737911871,0.08958334204554558,0.121350406857652,0.1697087637857822
2015-05-29,0.25,0.06,0.34775,-0.00620713737911871,0.08964267957210541,0.121350406857652,0.1697087637857822
2015-05-29,0.35,0.0,0.33225,-0.00620713737911871,0.08986381824314595,0.121350406857652,0.1697087637857822
2015-05-29,0.35,0.03,0.3365,-0.00620713737911871,0.08988486767560244,0.121350406857652,0.1697087637857822
2015-05-29,0.35,0.06,0.349,-0.00620713737911871,0.08994240293651819,0.121350406857652,0.1697087637857822
2015-06-30,0.17,0.0,0.42175,0.02511821043823903,0.08071615794301033,0.11309615186973851,0.1690705243637845
2015-06-30,0.17,0.03,0.42575,0.02511821043823903,0.08073605628311634,0.11309615186973851,0.1690705243637845
2015-06-30,0.17,0.06,0.4315,0.02511821043823903,0.08079027681052685,0.11309615186973851,0.1690705243637845
2015-06-30,0.25,0.0,0.4195,0.02511821043823903,0.08091488078981637,0.11309615186973851,0.1690705243637845
2015-06-30,0.25,0.03,0.42225,0.02511821043823903,0.0809345670491457,0.11309615186973851,0.1690705243637845
2015-06-30,0.25,0.06,0.4285,0.02511821043823903,0.08098829635977745,0.11309615186973851,0.1690705243637845
2015-06-30,0.35,0.0,0.41675,0.02511821043823903,0.08118265721201896,0.11309615186973851,0.1690705243637845
2015-06-30,0.35,0.03,0.41925,0.02511821043823903,0.08120223344117403,0.11309615186973851,0.1690705243637845
2015-06-30,0.35,0.06,0.42625,0.02511821043823903,0.08125579115748406,0.11309615186973851,0.1690705243637845
2015-07-31,0.17,0.0,0.4085,0.020125507574654034,0.0812720498740673,0.11265878603159557,0.16949232385315938
2015-07-31,0.17,0.03,0.41125,0.020125507574654034,0.08129098319262267,0.11265878603159557,0.16949232385315938
2015-07-31,0.17,0.06,0.42125,0.020125507574654034,0.08134259375929832,0.11265878603159557,0.16949232385315938
2015-07-31,0.25,0.0,0.408,0.020125507574654034,0.08146875935792923,0.11265878603159557,0.16949232385315938
2015-07-31,0.25,0.03,0.41,0.020125507574654034,0.08148750784993172,0.11265878603159557,0.16949232385315938
2015-07-31,0.25,0.06,0.41675,0.020125507574654034,0.08153869871050119,0.11265878603159557,0.16949232385315938
2015-07-31,0.35,0.0,0.40575,0.020125507574654034,0.08173198676854372,0.11265878603159557,0.16949232385315938
2015-07-31,0.35,0.03,0.4085,0.020125507574654034,0.08175066436827183,0.11265878603159557,0.16949232385315938
2015-07-31,0.35,0.06,0.41575,0.020125507574654034,0.08180177544802428,0.11265878603159557,0.16949232385315938
2015-08-31,0.17,0.0,0.618,0.11110422720019386,0.07024634561687708,0.10269135107247354,0.17215484633585962
2015-08-31,0.17,0.03,0.61675,0.11110422720019386,0.07026593267172575,0.10269135107247354,0.17215484633585962
2015-08-31,0.17,0.06,0.613,0.11110422720019386,0.07031931833922864,0.10269135107247354,0.17215484633585962
2015-08-31,0.25,0.0,0.6195,0.11110422720019386,0.07039319145679473,0.10269135107247354,0.17215484633585962
2015-08-31,0.25,0.03,0.617,0.11110422720019386,0.07041259492188692,0.10269135107247354,0.17215484633585962
2015-08-31,0.25,0.06,0.6105,0.11110422720019386,0.07046559096127748,0.10269135107247354,0.17215484633585962
2015-08-31,0.35,0.0,0.62075,0.11110422720019386,0.07056283134967088,0.10269135107247354,0.17215484633585962
2015-08-31,0.35,0.03,0.61775,0.11110422720019386,0.07058213613182306,0.10269135107247354,0.17215484633585962
2015-08-31,0.35,0.06,0.6165,0.11110422720019386,0.07063501033186913,0.10269135107247354,0.17215484633585962
2015-09-30,0.17,0.0,0.6045,0.08592243022756674,0.05318716625869274,0.08512383053037585,0.17305904577854858
2015-09-30,0.17,0.03,0.6025,0.08592243022756674,0.05320312938839197,0.08512383053037585,0.17305904577854858
2015-09-30,0.17,0.06,0.59675,0.08592243022756674,0.05324687767773867,0.08512383053037585,0.17305904577854858
2015-09-30,0.25,0.0,0.606,0.08592243022756674,0.053401765510439875,0.08512383053037585,0.17305904577854858
2015-09-30,0.25,0.03,0.6025,0.08592243022756674,0.053417599089443685,0.08512383053037585,0.17305904577854858
2015-09-30,0.25,0.06,0.599,0.08592243022756674,0.05346109224110842,0.08512383053037585,0.17305904577854858
2015-09-30,0.35,0.0,0.6045,0.08592243022756674,0.053682221032679084,0.08512383053037585,0.17305904577854858
2015-09-30,0.35,0.03,0.6035,0.08592243022756674,0.05369804745167494,0.08512383053037585,0.17305904577854858
2015-09-30,0.35,0.06,0.60025,0.08592243022756674,0.05374164822697639,0.08512383053037585,0.17305904577854858
2015-10-30,0.17,0.0,0.4645,0.018837500062187873,0.05348363794386387,0.08522134822721358,0.17218370150561188
2015-10-30,0.17,0.03,0.46725,0.018837500062187873,0.053500688828527924,0.08522134822721358,0.17218370150561188
2015-10-30,0.17,0.06,0.47075,0.018837500062187873,0.053547200672328474,0.08522134822721358,0.17218370150561188
2015-10-30,0.25,0.0,0.465,0.018837500062187873,0.053655961744487286,0.08522134822721358,0.17218370150561188
2015-10-30,0.25,0.03,0.46625,0.018837500062187873,0.053672896258533,0.08522134822721358,0.17218370150561188
2015-10-30,0.25,0.06,0.4715,0.018837500062187873,0.053719201534986494,0.08522134822721358,0.17218370150561188
2015-10-30,0.35,0.0,0.467,0.018837500062187873,0.05385732720792293,0.08522134822721358,0.17218370150561188
2015-10-30,0.35,0.03,0.46675,0.018837500062187873,0.053874275289475915,0.08522134822721358,0.17218370150561188
2015-10-30,0.35,0.06,0.46875,0.018837500062187873,0.05392074435204267,0.08522134822721358,0.17218370150561188
2015-11-30,0.17,0.0,0.51125,0.04315725860626851,0.056990934818983076,0.08933136748174182,0.1710133069128356
2015-11-30,0.17,0.03,0.511,0.04315725860626851,0.05700907149910927,0.08933136748174182,0.1710133069128356
2015-11-30,0.17,0.06,0.51,0.04315725860626851,0.057058494456112385,0.08933136748174182,0.1710133069128356
2015-11-30,0.25,0.0,0.51,0.04315725860626851,0.057156927928328514,0.08933136748174182,0.1710133069128356
2015-11-30,0.25,0.03,0.51,0.04315725860626851,0.05717491272091865,0.08933136748174182,0.1710133069128356
2015-11-30,0.25,0.06,0.51,0.04315725860626851,0.05722402178496122,0.08933136748174182,0.1710133069128356
2015-11-30,0.35,0.0,0.5095,0.04315725860626851,0.05734463272988796,0.08933136748174182,0.1710133069128356
2015-11-30,0.35,0.03,0.5105,0.04315725860626851,0.057362590856850144,0.08933136748174182,0.1710133069128356
2015-11-30,0.35,0.06,0.50925,0.04315725860626851,0.05741175663471222,0.08933136748174182,0.1710133069128356
2015-12-31,0.17,0.0,0.571,0.06845406822428446,0.05038378655910492,0.08252173840972202,0.17066642592056222
2015-12-31,0.17,0.03,0.5715,0.06845406822428446,0.0504018367305398,0.08252173840972202,0.17066642592056222
2015-12-31,0.17,0.06,0.5725,0.06845406822428446,0.05045119457691908,0.08252173840972202,0.17066642592056222
2015-12-31,0.25,0.0,0.5715,0.06845406822428446,0.05059011455625296,0.08252173840972202,0.17066642592056222
2015-12-31,0.25,0.03,0.5715,0.06845406822428446,0.05060797231644392,0.08252173840972202,0.17066642592056222
2015-12-31,0.25,0.06,0.5715,0.06845406822428446,0.050656907379627227,0.08252173840972202,0.17066642592056222
2015-12-31,0.35,0.0,0.5715,0.06845406822428446,0.05084275234490633,0.08252173840972202,0.17066642592056222
2015-12-31,0.35,0.03,0.57025,0.06845406822428446,0.05086056451499462,0.08252173840972202,0.17066642592056222
2015-12-31,0.35,0.06,0.5705,0.06845406822428446,0.050909520603716375,0.08252173840972202,0.17066642592056222
2016-01-29,0.17,0.0,0.74725,0.17455320420415266,0.05969660737365484,0.09168337312844266,0.17035335877893493
2016-01-29,0.17,0.03,0.7445,0.17455320420415266,0.05971439997851848,0.09168337312844266,0.17035335877893493
2016-01-29,0.17,0.06,0.73875,0.17455320420415266,0.059763047024607656,0.09168337312844266,0.17035335877893493
2016-01-29,0.25,0.0,0.75075,0.17455320420415266,0.05991039641201496,0.09168337312844266,0.17035335877893493
2016-01-29,0.25,0.03,0.74775,0.17455320420415266,0.05992802619934082,0.09168337312844266,0.17035335877893493
2016-01-29,0.25,0.06,0.74225,0.17455320420415266,0.05997632867842913,0.09168337312844266,0.17035335877893493
2016-01-29,0.35,0.0,0.75525,0.17455320420415266,0.0601692408695817,0.09168337312844266,0.17035335877893493
2016-01-29,0.35,0.03,0.75225,0.17455320420415266,0.06018684946000576,0.09168337312844266,0.17035335877893493
2016-01-29,0.35,0.06,0.74575,0.17455320420415266,0.06023523629456758,0.09168337312844266,0.17035335877893493
2016-02-29,0.17,0.0,0.89375,0.29546195559232546,0.053583497904241086,0.08426990267350337,0.17001792763779114
2016-02-29,0.17,0.03,0.8925,0.29546195559232546,0.053598883897066116,0.08426990267350337,0.17001792763779114
2016-02-29,0.17,0.06,0.88325,0.29546195559232546,0.053640909120440484,0.08426990267350337,0.17001792763779114
2016-02-29,0.25,0.0,0.89575,0.29546195559232546,0.05376197230815887,0.08426990267350337,0.17001792763779114
2016-02-29,0.25,0.03,0.8925,0.29546195559232546,0.0537772403806448,0.08426990267350337,0.17001792763779114
2016-02-29,0.25,0.06,0.88525,0.29546195559232546,0.053819031856954094,0.08426990267350337,0.17001792763779114
2016-02-29,0.35,0.0,0.89775,0.29546195559232546,0.05397704503685236,0.08426990267350337,0.17001792763779114
2016-02-29,0.35,0.03,0.89475,0.29546195559232546,0.05399234914779663,0.08426990267350337,0.17001792763779114
2016-02-29,0.35,0.06,0.88525,0.29546195559232546,0.054034376218914985,0.08426990267350337,0.17001792763779114
2016-03-31,0.17,0.0,0.8075,0.20927647031633967,0.056688613198697564,0.08626872280878026,0.1696091836558378
2016-03-31,0.17,0.03,0.80275,0.20927647031633967,0.05670365933328867,0.08626872280878026,0.1696091836558378
2016-03-31,0.17,0.06,0.7945,0.20927647031633967,0.05674478656053543,0.08626872280878026,0.1696091836558378
2016-03-31,0.25,0.0,0.81275,0.20927647031633967,0.056863651879131796,0.08626872280878026,0.1696091836558378
2016-03-31,0.25,0.03,0.807,0.20927647031633967,0.05687860967963934,0.08626872280878026,0.1696091836558378
2016-03-31,0.25,0.06,0.79525,0.20927647031633967,0.05691959226131439,0.08626872280878026,0.1696091836558378
2016-03-31,0.35,0.0,0.81675,0.20927647031633967,0.0570764519199729,0.08626872280878026,0.1696091836558378
2016-03-31,0.35,0.03,0.811,0.20927647031633967,0.05709149085730314,0.08626872280878026,0.1696091836558378
2016-03-31,0.35,0.06,0.80125,0.20927647031633967,0.057132813818752765,0.08626872280878026,0.1696091836558378
2016-04-29,0.17,0.0,0.78875,0.20242039103833154,0.061630271486938,0.09076314898266682,0.16949117993206073
2016-04-29,0.17,0.03,0.78425,0.20242039103833154,0.061648511603474614,0.09076314898266682,0.16949117993206073
2016-04-29,0.17,0.06,0.775,0.20242039103833154,0.06169833221286535,0.09076314898266682,0.16949117993206073
2016-04-29,0.25,0.0,0.7925,0.20242039103833154,0.061871067740023135,0.09076314898266682,0.16949117993206073
2016-04-29,0.25,0.03,0.78925,0.20242039103833154,0.061888772815465926,0.09076314898266682,0.16949117993206073
2016-04-29,0.25,0.06,0.7795,0.20242039103833154,0.061937251143157485,0.09076314898266682,0.16949117993206073
2016-04-29,0.35,0.0,0.79675,0.20242039103833154,0.06218745744228363,0.09076314898266682,0.16949117993206073
2016-04-29,0.35,0.03,0.79425,0.20242039103833154,0.06220461455732584,0.09076314898266682,0.16949117993206073
2016-04-29,0.35,0.06,0.78525,0.20242039103833154,0.06225174618512392,0.09076314898266682,0.16949117993206073
2016-05-31,0.17,0.0,0.765,0.19771606593944457,0.07232673592865467,0.10123666192637704,0.1687665227029235
2016-05-31,0.17,0.03,0.76425,0.19771606593944457,0.07234246214479208,0.10123666192637704,0.1687665227029235
2016-05-31,0.17,0.06,0.757,0.19771606593944457,0.07238546206057071,0.10123666192637704,0.1687665227029235
2016-05-31,0.25,0.0,0.769,0.19771606593944457,0.07253993386030197,0.10123666192637704,0.1687665227029235
2016-05-31,0.25,0.03,0.766,0.19771606593944457,0.07255524184554815,0.10123666192637704,0.1687665227029235
2016-05-31,0.25,0.06,0.759,0.19771606593944457,0.07259720914810897,0.10123666192637704,0.1687665227029235
2016-05-31,0.35,0.0,0.772,0.19771606593944457,0.07281335090845824,0.10123666192637704,0.1687665227029235
2016-05-31,0.35,0.03,0.77025,0.19771606593944457,0.07282828254252673,0.10123666192637704,0.1687665227029235
2016-05-31,0.35,0.06,0.7645,0.19771606593944457,0.07286937107890844,0.10123666192637704,0.1687665227029235
2016-06-30,0.17,0.0,0.75975,0.19623528320211436,0.07359720712900161,0.1020846756169574,0.16827249203390976
2016-06-30,0.17,0.03,0.75775,0.19623528320211436,0.07361408957839012,0.1020846756169574,0.16827249203390976
2016-06-30,0.17,0.06,0.75175,0.19623528320211436,0.07366002508997917,0.1020846756169574,0.16827249203390976
2016-06-30,0.25,0.0,0.7635,0.19623528320211436,0.07379008200019598,0.1020846756169574,0.16827249203390976
2016-06-30,0.25,0.03,0.76,0.19623528320211436,0.07380690977722407,0.1020846756169574,0.16827249203390976
2016-06-30,0.25,0.06,0.75425,0.19623528320211436,0.07385279913246631,0.1020846756169574,0.16827249203390976
2016-06-30,0.35,0.0,0.7685,0.19623528320211436,0.07402693144977093,0.1020846756169574,0.16827249203390976
2016-06-30,0.35,0.03,0.76525,0.19623528320211436,0.07404388856142759,0.1020846756169574,0.16827249203390976
2016-06-30,0.35,0.06,0.75675,0.19623528320211436,0.0740902320817113,0.1020846756169574,0.16827249203390976
2016-07-29,0.17,0.0,0.69975,0.17023994968166756,0.08517741595953703,0.11345174470673407,0.16749147103963918
2016-07-29,0.17,0.03,0.69825,0.17023994968166756,0.08519644522666932,0.11345174470673407,0.16749147103963918
2016-07-29,0.17,0.06,0.6925,0.17023994968166756,0.0852482908219099,0.11345174470673407,0.16749147103963918
2016-07-29,0.25,0.0,0.70225,0.17023994968166756,0.08540283884108067,0.11345174470673407,0.16749147103963918
2016-07-29,0.25,0.03,0.6995,0.17023994968166756,0.08542146709561348,0.11345174470673407,0.16749147103963918
2016-07-29,0.25,0.06,0.69475,0.17023994968166756,0.08547232986986637,0.11345174470673407,0.16749147103963918
2016-07-29,0.35,0.0,0.70675,0.17023994968166756,0.08569451683014631,0.11345174470673407,0.16749147103963918
2016-07-29,0.35,0.03,0.70275,0.17023994968166756,0.08571280392259359,0.11345174470673407,0.16749147103963918
2016-07-29,0.35,0.06,0.69625,0.17023994968166756,0.08576287750899791,0.11345174470673407,0.16749147103963918
2016-08-31,0.17,0.0,0.622,0.14552310653560285,0.10213118217140436,0.1299509976854278,0.16479477100468523
2016-08-31,0.17,0.03,0.621,0.14552310653560285,0.10215072901546955,0.1299509976854278,0.16479477100468523
2016-08-31,0.17,0.06,0.6185,0.14552310653560285,0.10220380263030529,0.1299509976854278,0.16479477100468523
2016-08-31,0.25,0.0,0.62225,0.14552310653560285,0.10235907942801714,0.1299509976854278,0.16479477100468523
2016-08-31,0.25,0.03,0.6205,0.14552310653560285,0.10237816628068686,0.1299509976854278,0.16479477100468523
2016-08-31,0.25,0.06,0.621,0.14552310653560285,0.10243010861426592,0.1299509976854278,0.16479477100468523
2016-08-31,0.35,0.0,0.6245,0.14552310653560285,0.10265464458614587,0.1299509976854278,0.16479477100468523
2016-08-31,0.35,0.03,0.62475,0.14552310653560285,0.10267329806089401,0.1299509976854278,0.16479477100468523
2016-08-31,0.35,0.06,0.62225,0.14552310653560285,0.10272420690953732,0.1299509976854278,0.16479477100468523
2016-09-30,0.17,0.0,0.62625,0.1751567455908547,0.13097140742838384,0.12982909594455952,0.16238213827073927
2016-09-30,0.17,0.03,0.62525,0.1751567455908547,0.13100573082268238,0.12982909594455952,0.16238213827073927
2016-09-30,0.17,0.06,0.621,0.1751567455908547,0.13109742960333823,0.12982909594455952,0.16238213827073927
2016-09-30,0.25,0.0,0.62675,0.1751567455908547,0.13099375940859317,0.12982909594455952,0.16238213827073927
2016-09-30,0.25,0.03,0.6255,0.1751567455908547,0.13102816294133662,0.12982909594455952,0.16238213827073927
2016-09-30,0.25,0.06,0.6215,0.1751567455908547,0.1311200982257724,0.12982909594455952,0.16238213827073927
2016-09-30,0.35,0.0,0.6275,0.1751567455908547,0.13101985169947147,0.12982909594455952,0.16238213827073927
2016-09-30,0.35,0.03,0.6265,0.1751567455908547,0.13105457353591918,0.12982909594455952,0.16238213827073927
2016-09-30,0.35,0.06,0.6245,0.1751567455908547,0.13114741852134465,0.12982909594455952,0.16238213827073927
2016-10-28,0.17,0.0,0.78575,0.22589367632303836,0.0906341783478856,0.11705067435318944,0.15987241297150712
2016-10-28,0.17,0.03,0.78175,0.22589367632303836,0.0906525260657072,0.11705067435318944,0.15987241297150712
2016-10-28,0.17,0.06,0.7745,0.22589367632303836,0.09070209504663944,0.11705067435318944,0.15987241297150712
2016-10-28,0.25,0.0,0.7885,0.22589367632303836,0.09080051816254854,0.11705067435318944,0.15987241297150712
2016-10-28,0.25,0.03,0.78375,0.22589367632303836,0.09081865665316581,0.11705067435318944,0.15987241297150712
2016-10-28,0.25,0.06,0.77425,0.22589367632303836,0.09086777973175049,0.11705067435318944,0.15987241297150712
2016-10-28,0.35,0.0,0.7945,0.22589367632303836,0.09099214661121369,0.11705067435318944,0.15987241297150712
2016-10-28,0.35,0.03,0.7865,0.22589367632303836,0.0910101667419076,0.11705067435318944,0.15987241297150712
2016-10-28,0.35,0.06,0.77675,0.22589367632303836,0.09105911744385958,0.11705067435318944,0.15987241297150712
2016-11-30,0.17,0.0,0.764,0.2475251097821518,0.12484698372334242,0.1258823749610595,0.15936715125095754
2016-11-30,0.17,0.03,0.761,0.2475251097821518,0.12487838025391101,0.1258823749610595,0.15936715125095754
2016-11-30,0.17,0.06,0.7515,0.2475251097821518,0.12496190822124481,0.1258823749610595,0.15936715125095754
2016-11-30,0.25,0.0,0.76675,0.2475251097821518,0.12478526262193919,0.1258823749610595,0.15936715125095754
2016-11-30,0.25,0.03,0.7605,0.2475251097821518,0.12481638777256011,0.1258823749610595,0.15936715125095754
2016-11-30,0.25,0.06,0.75275,0.2475251097821518,0.1248992359340191,0.1258823749610595,0.15936715125095754
2016-11-30,0.35,0.0,0.771,0.2475251097821518,0.12471339243650437,0.1258823749610595,0.15936715125095754
2016-11-30,0.35,0.03,0.76775,0.2475251097821518,0.12474438960850238,0.1258823749610595,0.15936715125095754
2016-11-30,0.35,0.06,0.756,0.2475251097821518,0.12482697673141957,0.1258823749610595,0.15936715125095754
2016-12-30,0.17,0.0,0.8355,0.3067764923667362,0.130590743213892,0.1321614084351287,0.15714247008010582
2016-12-30,0.17,0.03,0.831,0.3067764923667362,0.1306254041865468,0.1321614084351287,0.15714247008010582
2016-12-30,0.17,0.06,0.8205,0.3067764923667362,0.13071710570901632,0.1321614084351287,0.15714247008010582
2016-12-30,0.25,0.0,0.8395,0.3067764923667362,0.1305192207545042,0.1321614084351287,0.15714247008010582
2016-12-30,0.25,0.03,0.83725,0.3067764923667362,0.13055358355492352,0.1321614084351287,0.15714247008010582
2016-12-30,0.25,0.06,0.82425,0.3067764923667362,0.13064455382525922,0.1321614084351287,0.15714247008010582
2016-12-30,0.35,0.0,0.84325,0.3067764923667362,0.130407245606184,0.1321614084351287,0.15714247008010582
2016-12-30,0.35,0.03,0.83875,0.3067764923667362,0.13044145887345077,0.1321614084351287,0.15714247008010582
2016-12-30,0.35,0.06,0.82775,0.3067764923667362,0.13053209976106883,0.1321614084351287,0.15714247008010582
2017-01-31,0.17,0.0,0.8115,0.2422901254943648,0.09260699383914471,0.12029385446533922,0.15538132366040422
2017-01-31,0.17,0.03,0.80625,0.2422901254943648,0.09262479452043772,0.12029385446533922,0.15538132366040422
2017-01-31,0.17,0.06,0.794,0.2422901254943648,0.09267249905318022,0.12029385446533922,0.15538132366040422
2017-01-31,0.25,0.0,0.8145,0.2422901254943648,0.09278592936694623,0.12029385446533922,0.15538132366040422
2017-01-31,0.25,0.03,0.8095,0.2422901254943648,0.09280366449058056,0.12029385446533922,0.15538132366040422
2017-01-31,0.25,0.06,0.7955,0.2422901254943648,0.09285129880160094,0.12029385446533922,0.15538132366040422
2017-01-31,0.35,0.0,0.819,0.2422901254943648,0.09299896331131459,0.12029385446533922,0.15538132366040422
2017-01-31,0.35,0.03,0.81275,0.2422901254943648,0.09301679791510105,0.12029385446533922,0.15538132366040422
2017-01-31,0.35,0.06,0.79975,0.2422901254943648,0.0930648201406002,0.12029385446533922,0.15538132366040422
2017-02-28,0.17,0.0,0.663,0.15850567711995955,0.0936628459841013,0.12080639941462863,0.15410056520563836
2017-02-28,0.17,0.03,0.66075,0.15850567711995955,0.09368216381967068,0.12080639941462863,0.15410056520563836
2017-02-28,0.17,0.06,0.65925,0.15850567711995955,0.09373393121361732,0.12080639941462863,0.15410056520563836
2017-02-28,0.25,0.0,0.6655,0.15850567711995955,0.09382609345018864,0.12080639941462863,0.15410056520563836
2017-02-28,0.25,0.03,0.66325,0.15850567711995955,0.09384516337513923,0.12080639941462863,0.15410056520563836
2017-02-28,0.25,0.06,0.661,0.15850567711995955,0.09389638163149357,0.12080639941462863,0.15410056520563836
2017-02-28,0.35,0.0,0.66975,0.15850567711995955,0.09401777056604624,0.12080639941462863,0.15410056520563836
2017-02-28,0.35,0.03,0.668,0.15850567711995955,0.09403667202591896,0.12080639941462863,0.15410056520563836
2017-02-28,0.35,0.06,0.661,0.15850567711995955,0.09408759204298257,0.12080639941462863,0.15410056520563836
2017-03-31,0.17,0.0,0.63075,0.14875182575212698,0.10091988448798657,0.12793075449039343,0.1521329820374039
2017-03-31,0.17,0.03,0.6315,0.14875182575212698,0.10094153495132924,0.12793075449039343,0.1521329820374039
2017-03-31,0.17,0.06,0.631,0.14875182575212698,0.10099926320463419,0.12793075449039343,0.1521329820374039
2017-03-31,0.25,0.0,0.63225,0.14875182575212698,0.10110439122468233,0.12793075449039343,0.1521329820374039
2017-03-31,0.25,0.03,0.6325,0.14875182575212698,0.10112580812722445,0.12793075449039343,0.1521329820374039
2017-03-31,0.25,0.06,0.63,0.14875182575212698,0.10118303216993808,0.12793075449039343,0.1521329820374039
2017-03-31,0.35,0.0,0.63525,0.14875182575212698,0.10132825807482004,0.12793075449039343,0.1521329820374039
2017-03-31,0.35,0.03,0.63625,0.14875182575212698,0.10134956415742635,0.12793075449039343,0.1521329820374039
2017-03-31,0.35,0.06,0.6345,0.14875182575212698,0.10140664161741733,0.12793075449039343,0.1521329820374039
2017-04-28,0.17,0.0,0.61175,0.16677265535753993,0.1309971373975277,0.1324076972618882,0.15150102762570739
2017-04-28,0.17,0.03,0.61275,0.16677265535753993,0.13103025581687688,0.1324076972618882,0.15150102762570739
2017-04-28,0.17,0.06,0.60675,0.16677265535753993,0.13111740016937257,0.1324076972618882,0.15150102762570739
2017-04-28,0.25,0.0,0.61425,0.16677265535753993,0.1309466116204858,0.1324076972618882,0.15150102762570739
2017-04-28,0.25,0.03,0.61125,0.16677265535753993,0.13097996672987938,0.1324076972618882,0.15150102762570739
2017-04-28,0.25,0.06,0.6095,0.16677265535753993,0.1310677595064044,0.1324076972618882,0.15150102762570739
2017-04-28,0.35,0.0,0.6155,0.16677265535753993,0.130865076713264,0.1324076972618882,0.15150102762570739
2017-04-28,0.35,0.03,0.614,0.16677265535753993,0.13089897776395082,0.1324076972618882,0.15150102762570739
2017-04-28,0.35,0.06,0.6095,0.16677265535753993,0.13098826726526022,0.1324076972618882,0.15150102762570739
2017-05-31,0.17,0.0,0.48475,0.12505730791448721,0.1455853784531355,0.1484632643440524,0.15042834122713333
2017-05-31,0.17,0.03,0.48475,0.12505730791448721,0.1456195056885481,0.1484632643440524,0.15042834122713333
2017-05-31,0.17,0.06,0.4875,0.12505730791448721,0.14570919945836067,0.1484632643440524,0.15042834122713333
2017-05-31,0.25,0.0,0.4845,0.12505730791448721,0.14557546725869178,0.1484632643440524,0.15042834122713333
2017-05-31,0.25,0.03,0.485,0.12505730791448721,0.14560875648260116,0.1484632643440524,0.15042834122713333
2017-05-31,0.25,0.06,0.487,0.12505730791448721,0.14569629375636578,0.1484632643440524,0.15042834122713333
2017-05-31,0.35,0.0,0.4855,0.12505730791448721,0.1455113122165203,0.1484632643440524,0.15042834122713333
2017-05-31,0.35,0.03,0.4855,0.12505730791448721,0.1455436273664236,0.1484632643440524,0.15042834122713333
2017-05-31,0.35,0.06,0.49025,0.12505730791448721,0.14562869500368833,0.1484632643440524,0.15042834122713333
2017-06-30,0.17,0.0,0.55675,0.1438423474763617,0.13275326426327227,0.13524965415659615,0.14875247481033732
2017-06-30,0.17,0.03,0.55775,0.1438423474763617,0.13278357999026774,0.13524965415659615,0.14875247481033732
2017-06-30,0.17,0.06,0.56025,0.1438423474763617,0.13286299034953117,0.13524965415659615,0.14875247481033732
2017-06-30,0.25,0.0,0.55825,0.1438423474763617,0.13267399726063014,0.13524965415659615,0.14875247481033732
2017-06-30,0.25,0.03,0.557,0.1438423474763617,0.1327036670446396,0.13524965415659615,0.14875247481033732
2017-06-30,0.25,0.06,0.56025,0.1438423474763617,0.13278142569214105,0.13524965415659615,0.14875247481033732
2017-06-30,0.35,0.0,0.557,0.1438423474763617,0.13254072365909814,0.13524965415659615,0.14875247481033732
2017-06-30,0.35,0.03,0.558,0.1438423474763617,0.1325696960836649,0.13524965415659615,0.14875247481033732
2017-06-30,0.35,0.06,0.56025,0.1438423474763617,0.13264570870250464,0.13524965415659615,0.14875247481033732
2017-07-31,0.17,0.0,0.52925,0.14213958473980148,0.14428058409690858,0.1462509684039218,0.1479509120546483
2017-07-31,0.17,0.03,0.52875,0.14213958473980148,0.14431326366961003,0.1462509684039218,0.1479509120546483
2017-07-31,0.17,0.06,0.532,0.14213958473980148,0.1443983701169491,0.1462509684039218,0.1479509120546483
2017-07-31,0.25,0.0,0.52975,0.14213958473980148,0.14442459319531917,0.1462509684039218,0.1479509120546483
2017-07-31,0.25,0.03,0.52975,0.14213958473980148,0.14445506784319878,0.1462509684039218,0.1479509120546483
2017-07-31,0.25,0.06,0.532,0.14213958473980148,0.14453453370928765,0.1462509684039218,0.1479509120546483
2017-07-31,0.35,0.0,0.529,0.14213958473980148,0.14460331725329162,0.1462509684039218,0.1479509120546483
2017-07-31,0.35,0.03,0.52975,0.14213958473980148,0.14463095327466727,0.1462509684039218,0.1479509120546483
2017-07-31,0.35,0.06,0.53075,0.14213958473980148,0.1447031794935465,0.1462509684039218,0.1479509120546483
2017-08-31,0.17,0.0,0.608,0.1723373000704831,0.14157147508859635,0.14256732053854293,0.1480715352166531
2017-08-31,0.17,0.03,0.6055,0.1723373000704831,0.1416056692302227,0.14256732053854293,0.1480715352166531
2017-08-31,0.17,0.06,0.60575,0.1723373000704831,0.14169469034671783,0.14256732053854293,0.1480715352166531
2017-08-31,0.25,0.0,0.60775,0.1723373000704831,0.14169378209114075,0.14256732053854293,0.1480715352166531
2017-08-31,0.25,0.03,0.60775,0.1723373000704831,0.14172592782229185,0.14256732053854293,0.1480715352166531
2017-08-31,0.25,0.06,0.607,0.1723373000704831,0.14180971410125495,0.14256732053854293,0.1480715352166531
2017-08-31,0.35,0.0,0.611,0.1723373000704831,0.1418528343811631,0.14256732053854293,0.1480715352166531
2017-08-31,0.35,0.03,0.6105,0.1723373000704831,0.14188238526135682,0.14256732053854293,0.1480715352166531
2017-08-31,0.35,0.06,0.608,0.1723373000704831,0.1419595526009798,0.14256732053854293,0.1480715352166531
2017-09-29,0.17,0.0,0.46775,0.06612162020129353,0.09484004805982113,0.12651131048746161,0.1471699074347886
2017-09-29,0.17,0.03,0.47225,0.06612162020129353,0.0948620214611292,0.12651131048746161,0.1471699074347886
2017-09-29,0.17,0.06,0.47225,0.06612162020129353,0.09492032551765442,0.12651131048746161,0.1471699074347886
2017-09-29,0.25,0.0,0.46725,0.06612162020129353,0.0948738406598568,0.12651131048746161,0.1471699074347886
2017-09-29,0.25,0.03,0.46975,0.06612162020129353,0.09489528484642505,0.12651131048746161,0.1471699074347886
2017-09-29,0.25,0.06,0.473,0.06612162020129353,0.09495231930911541,0.12651131048746161,0.1471699074347886
2017-09-29,0.35,0.0,0.46725,0.06612162020129353,0.09491750980168581,0.12651131048746161,0.1471699074347886
2017-09-29,0.35,0.03,0.4695,0.06612162020129353,0.0949385204538703,0.12651131048746161,0.1471699074347886
2017-09-29,0.35,0.06,0.47075,0.06612162020129353,0.09499456242471933,0.12651131048746161,0.1471699074347886
2017-10-31,0.17,0.0,0.36575,0.03887446487935975,0.10986506114900112,0.13821866895873933,0.14676831044566288
2017-10-31,0.17,0.03,0.37075,0.03887446487935975,0.10988685762882233,0.13821866895873933,0.14676831044566288
2017-10-31,0.17,0.06,0.3775,0.03887446487935975,0.10994468337297439,0.13821866895873933,0.14676831044566288
2017-10-31,0.25,0.0,0.367,0.03887446487935975,0.10989531479775906,0.13821866895873933,0.14676831044566288
2017-10-31,0.25,0.03,0.3685,0.03887446487935975,0.10991654607653618,0.13821866895873933,0.14676831044566288
2017-10-31,0.25,0.06,0.374,0.03887446487935975,0.10997301687300205,0.13821866895873933,0.14676831044566288
2017-10-31,0.35,0.0,0.36125,0.03887446487935975,0.10993688883632421,0.13821866895873933,0.14676831044566288
2017-10-31,0.35,0.03,0.3645,0.03887446487935975,0.10995766178518533,0.13821866895873933,0.14676831044566288
2017-10-31,0.35,0.06,0.37575,0.03887446487935975,0.11001309192925691,0.13821866895873933,0.14676831044566288
2017-11-30,0.17,0.0,0.40225,0.045043032924590554,0.09885753764212131,0.1288260478688793,0.14632317127548658
2017-11-30,0.17,0.03,0.40775,0.045043032924590554,0.09887981306016445,0.1288260478688793,0.14632317127548658
2017-11-30,0.17,0.06,0.41825,0.045043032924590554,0.09893880543112755,0.1288260478688793,0.14632317127548658
2017-11-30,0.25,0.0,0.4005,0.045043032924590554,0.09887029701471328,0.1288260478688793,0.14632317127548658
2017-11-30,0.25,0.03,0.40475,0.045043032924590554,0.09889195790886879,0.1288260478688793,0.14632317127548658
2017-11-30,0.25,0.06,0.41675,0.045043032924590554,0.09894944895803928,0.1288260478688793,0.14632317127548658
2017-11-30,0.35,0.0,0.3995,0.045043032924590554,0.09888620956242085,0.1288260478688793,0.14632317127548658
2017-11-30,0.35,0.03,0.40425,0.045043032924590554,0.09890732226520776,0.1288260478688793,0.14632317127548658
2017-11-30,0.35,0.06,0.41325,0.045043032924590554,0.098963544100523,0.1288260478688793,0.14632317127548658
2017-12-29,0.17,0.0,0.3125,0.04107026138344083,0.13401536047458648,0.1329119996809197,0.14649656182323328
2017-12-29,0.17,0.03,0.31575,0.04107026138344083,0.13404390922188758,0.1329119996809197,0.14649656182323328
2017-12-29,0.17,0.06,0.329,0.04107026138344083,0.1341185680925846,0.1329119996809197,0.14649656182323328
2017-12-29,0.25,0.0,0.31125,0.04107026138344083,0.13410805936157705,0.1329119996809197,0.14649656182323328
2017-12-29,0.25,0.03,0.31425,0.04107026138344083,0.13413647295534611,0.1329119996809197,0.14649656182323328
2017-12-29,0.25,0.06,0.3285,0.04107026138344083,0.13421085302531718,0.1329119996809197,0.14649656182323328
2017-12-29,0.35,0.0,0.3065,0.04107026138344083,0.1341962249726057,0.1329119996809197,0.14649656182323328
2017-12-29,0.35,0.03,0.31025,0.04107026138344083,0.13422462173551322,0.1329119996809197,0.14649656182323328
2017-12-29,0.35,0.06,0.32725,0.04107026138344083,0.13429906410723924,0.1329119996809197,0.14649656182323328
2018-01-31,0.17,0.0,0.23675,0.0053587749343380064,0.1375045005530119,0.13699741460516598,0.14640172153637673
2018-01-31,0.17,0.03,0.24075,0.0053587749343380064,0.13753447085618972,0.13699741460516598,0.14640172153637673
2018-01-31,0.17,0.06,0.254,0.0053587749343380064,0.13761294424533843,0.13699741460516598,0.14640172153637673
2018-01-31,0.25,0.0,0.235,0.0053587749343380064,0.1376265916377306,0.13699741460516598,0.14640172153637673
2018-01-31,0.25,0.03,0.23875,0.0053587749343380064,0.1376559400856495,0.13699741460516598,0.14640172153637673
2018-01-31,0.25,0.06,0.25325,0.0053587749343380064,0.1377329061627388,0.13699741460516598,0.14640172153637673
2018-01-31,0.35,0.0,0.232,0.0053587749343380064,0.13773798862099648,0.13699741460516598,0.14640172153637673
2018-01-31,0.35,0.03,0.234,0.0053587749343380064,0.13776668700575828,0.13699741460516598,0.14640172153637673
2018-01-31,0.35,0.06,0.2515,0.0053587749343380064,0.1378420963436365,0.13699741460516598,0.14640172153637673
2018-02-28,0.17,0.0,0.38525,0.07827546150482756,0.14006005892157555,0.13849301287563276,0.14680080860985228
2018-02-28,0.17,0.03,0.38725,0.07827546150482756,0.14009181797504425,0.13849301287563276,0.14680080860985228
2018-02-28,0.17,0.06,0.39225,0.07827546150482756,0.14017487151920796,0.13849301287563276,0.14680080860985228
2018-02-28,0.25,0.0,0.38025,0.07827546150482756,0.14012455129623413,0.13849301287563276,0.14680080860985228
2018-02-28,0.25,0.03,0.38425,0.07827546150482756,0.1401555187255144,0.13849301287563276,0.14680080860985228
2018-02-28,0.25,0.06,0.39075,0.07827546150482756,0.14023662881553173,0.13849301287563276,0.14680080860985228
2018-02-28,0.35,0.0,0.37525,0.07827546150482756,0.1401709993034601,0.13849301287563276,0.14680080860985228
2018-02-28,0.35,0.03,0.379,0.07827546150482756,0.14020112577080726,0.13849301287563276,0.14680080860985228
2018-02-28,0.35,0.06,0.3885,0.07827546150482756,0.14028018887341023,0.13849301287563276,0.14680080860985228
2018-03-28,0.17,0.0,0.61,0.16917407942633744,0.13415014505386352,0.13274123159321286,0.14700298396711287
2018-03-28,0.17,0.03,0.6105,0.16917407942633744,0.13418080784380437,0.13274123159321286,0.14700298396711287
2018-03-28,0.17,0.06,0.60325,0.16917407942633744,0.13426111969351767,0.13274123159321286,0.14700298396711287
2018-03-28,0.25,0.0,0.6125,0.16917407942633744,0.13425432451069355,0.13274123159321286,0.14700298396711287
2018-03-28,0.25,0.03,0.6115,0.16917407942633744,0.13428414037823677,0.13274123159321286,0.14700298396711287
2018-03-28,0.25,0.06,0.604,0.16917407942633744,0.13436236435174942,0.13274123159321286,0.14700298396711287
2018-03-28,0.35,0.0,0.61275,0.16917407942633744,0.13435106743872166,0.13274123159321286,0.14700298396711287
2018-03-28,0.35,0.03,0.61125,0.16917407942633744,0.13437991157919169,0.13274123159321286,0.14700298396711287
2018-03-28,0.35,0.06,0.6055,0.16917407942633744,0.13445578494668006,0.13274123159321286,0.14700298396711287
2018-04-30,0.17,0.0,0.3445,0.058619865393193527,0.13662805792689323,0.13551340876778145,0.1460189090033272
2018-04-30,0.17,0.03,0.3465,0.058619865393193527,0.13665769822895527,0.13551340876778145,0.1460189090033272
2018-04-30,0.17,0.06,0.35975,0.058619865393193527,0.13673519019782543,0.13551340876778145,0.1460189090033272
2018-04-30,0.25,0.0,0.34425,0.058619865393193527,0.13670102441310883,0.13551340876778145,0.1460189090033272
2018-04-30,0.25,0.03,0.34475,0.058619865393193527,0.1367296249717474,0.13551340876778145,0.1460189090033272
2018-04-30,0.25,0.06,0.35925,0.058619865393193527,0.13680454817414284,0.13551340876778145,0.1460189090033272
2018-04-30,0.35,0.0,0.339,0.058619865393193527,0.13676160870492457,0.13551340876778145,0.1460189090033272
2018-04-30,0.35,0.03,0.343,0.058619865393193527,0.1367890214174986,0.13551340876778145,0.1460189090033272
2018-04-30,0.35,0.06,0.3575,0.058619865393193527,0.13686104816943406,0.13551340876778145,0.1460189090033272
2018-05-31,0.17,0.0,0.55175,0.11567048509738709,0.10708249461650848,0.13392785697797624,0.144629698787066
2018-05-31,0.17,0.03,0.54925,0.11567048509738709,0.10710976605117321,0.13392785697797624,0.144629698787066
2018-05-31,0.17,0.06,0.55025,0.11567048509738709,0.107181515827775,0.13392785697797624,0.144629698787066
2018-05-31,0.25,0.0,0.549,0.11567048509738709,0.10712975884974003,0.13392785697797624,0.144629698787066
2018-05-31,0.25,0.03,0.55125,0.11567048509738709,0.10715658223628997,0.13392785697797624,0.144629698787066
2018-05-31,0.25,0.06,0.551,0.11567048509738709,0.10722728542983533,0.13392785697797624,0.144629698787066
2018-05-31,0.35,0.0,0.55,0.11567048509738709,0.10719452168792486,0.13392785697797624,0.144629698787066
2018-05-31,0.35,0.03,0.54975,0.11567048509738709,0.10722105421870946,0.13392785697797624,0.144629698787066
2018-05-31,0.35,0.06,0.552,0.11567048509738709,0.10729114473611116,0.13392785697797624,0.144629698787066
2018-06-29,0.17,0.0,0.4385,0.09573017751440305,0.13507567855715752,0.13600100197584525,0.14289238781785205
2018-06-29,0.17,0.03,0.44175,0.09573017751440305,0.13510901740193368,0.13600100197584525,0.14289238781785205
2018-06-29,0.17,0.06,0.4455,0.09573017751440305,0.13519593250751497,0.13600100197584525,0.14289238781785205
2018-06-29,0.25,0.0,0.43675,0.09573017751440305,0.13511350037157535,0.13600100197584525,0.14289238781785205
2018-06-29,0.25,0.03,0.4405,0.09573017751440305,0.13514610374718905,0.13600100197584525,0.14289238781785205
2018-06-29,0.25,0.06,0.44525,0.09573017751440305,0.13523123332858086,0.13600100197584525,0.14289238781785205
2018-06-29,0.35,0.0,0.434,0.09573017751440305,0.13511556515842676,0.13600100197584525,0.14289238781785205
2018-06-29,0.35,0.03,0.43575,0.09573017751440305,0.13514747101068497,0.13600100197584525,0.14289238781785205
2018-06-29,0.35,0.06,0.44325,0.09573017751440305,0.1352309366390109,0.13600100197584525,0.14289238781785205
2018-07-31,0.17,0.0,0.1645,-0.014453502421559294,0.14977199825644494,0.1501323111094155,0.1416380844865452
2018-07-31,0.17,0.03,0.17225,-0.014453502421559294,0.14980633649230005,0.1501323111094155,0.1416380844865452
2018-07-31,0.17,0.06,0.188,-0.014453502421559294,0.14989571979641914,0.1501323111094155,0.1416380844865452
2018-07-31,0.25,0.0,0.16225,-0.014453502421559294,0.14979046927392484,0.1501323111094155,0.1416380844865452
2018-07-31,0.25,0.03,0.16975,-0.014453502421559294,0.14982396852970123,0.1501323111094155,0.1416380844865452
2018-07-31,0.25,0.06,0.182,-0.014453502421559294,0.14991132019460202,0.1501323111094155,0.1416380844865452
2018-07-31,0.35,0.0,0.16175,-0.014453502421559294,0.14976813687384127,0.1501323111094155,0.1416380844865452
2018-07-31,0.35,0.03,0.16975,-0.014453502421559294,0.14980080250650643,0.1501323111094155,0.1416380844865452
2018-07-31,0.35,0.06,0.181,-0.014453502421559294,0.14988617438077928,0.1501323111094155,0.1416380844865452
2018-08-31,0.17,0.0,0.0875,-0.05975781318604578,0.15557345508038997,0.1564322862223607,0.1375516525637406
2018-08-31,0.17,0.03,0.09225,-0.05975781318604578,0.1556060639321804,0.1564322862223607,0.1375516525637406
2018-08-31,0.17,0.06,0.10575,-0.05975781318604578,0.15569044344127178,0.1564322862223607,0.1375516525637406
2018-08-31,0.25,0.0,0.086,-0.05975781318604578,0.15563575701415538,0.1564322862223607,0.1375516525637406
2018-08-31,0.25,0.03,0.08975,-0.05975781318604578,0.15566700907051564,0.1564322862223607,0.1375516525637406
2018-08-31,0.25,0.06,0.1045,-0.05975781318604578,0.15574806909263134,0.1564322862223607,0.1375516525637406
2018-08-31,0.35,0.0,0.08475,-0.05975781318604578,0.15569010435789823,0.1564322862223607,0.1375516525637406
2018-08-31,0.35,0.03,0.0895,-0.05975781318604578,0.15571962248533963,0.1564322862223607,0.1375516525637406
2018-08-31,0.35,0.06,0.10275,-0.05975781318604578,0.15579645410180093,0.1564322862223607,0.1375516525637406
2018-09-28,0.17,0.0,0.3355,0.06253674019698607,0.14064464688301087,0.14403823587762693,0.1335884544692978
2018-09-28,0.17,0.03,0.342,0.06253674019698607,0.14067864364385604,0.14403823587762693,0.1335884544692978
2018-09-28,0.17,0.06,0.351,0.06253674019698607,0.14076619577407837,0.14403823587762693,0.1335884544692978
2018-09-28,0.25,0.0,0.33375,0.06253674019698607,0.14068099856376648,0.14403823587762693,0.1335884544692978
2018-09-28,0.25,0.03,0.34025,0.06253674019698607,0.14071413022279738,0.14403823587762693,0.1335884544692978
2018-09-28,0.25,0.06,0.349,0.06253674019698607,0.14079961021244525,0.14403823587762693,0.1335884544692978
2018-09-28,0.35,0.0,0.33425,0.06253674019698607,0.1406850220412016,0.14403823587762693,0.1335884544692978
2018-09-28,0.35,0.03,0.33875,0.06253674019698607,0.14071723998337984,0.14403823587762693,0.1335884544692978
2018-09-28,0.35,0.06,0.345,0.06253674019698607,0.14080057334899904,0.14403823587762693,0.1335884544692978
2018-10-31,0.17,0.0,0.65425,0.1646096589790913,0.11565208549797534,0.12031575839835226,0.1354799878836599
2018-10-31,0.17,0.03,0.65125,0.1646096589790913,0.11568885050714016,0.12031575839835226,0.1354799878836599
2018-10-31,0.17,0.06,0.64725,0.1646096589790913,0.11578349621593952,0.12031575839835226,0.1354799878836599
2018-10-31,0.25,0.0,0.655,0.1646096589790913,0.11577304585278034,0.12031575839835226,0.1354799878836599
2018-10-31,0.25,0.03,0.65375,0.1646096589790913,0.11580892205238343,0.12031575839835226,0.1354799878836599
2018-10-31,0.25,0.06,0.6465,0.1646096589790913,0.11590140547603368,0.12031575839835226,0.1354799878836599
2018-10-31,0.35,0.0,0.658,0.1646096589790913,0.11591243074834347,0.12031575839835226,0.1354799878836599
2018-10-31,0.35,0.03,0.65425,0.1646096589790913,0.11594719786196947,0.12031575839835226,0.1354799878836599
2018-10-31,0.35,0.06,0.64875,0.1646096589790913,0.11603701896965504,0.12031575839835226,0.1354799878836599
2018-11-30,0.17,0.0,0.54825,0.13307535903942602,0.12573659719526767,0.12991204558013603,0.1344693205226509
2018-11-30,0.17,0.03,0.54675,0.13307535903942602,0.12577457796037197,0.12991204558013603,0.1344693205226509
2018-11-30,0.17,0.06,0.54975,0.13307535903942602,0.12587226404249668,0.12991204558013603,0.1344693205226509
2018-11-30,0.25,0.0,0.5495,0.13307535903942602,0.12587881426513195,0.12991204558013603,0.1344693205226509
2018-11-30,0.25,0.03,0.54925,0.13307535903942602,0.12591590951383114,0.12991204558013603,0.1344693205226509
2018-11-30,0.25,0.06,0.5495,0.13307535903942602,0.12601148428022863,0.12991204558013603,0.1344693205226509
2018-11-30,0.35,0.0,0.5515,0.13307535903942602,0.12604564841091634,0.12991204558013603,0.1344693205226509
2018-11-30,0.35,0.03,0.55275,0.13307535903942602,0.1260816807001829,0.12991204558013603,0.1344693205226509
2018-11-30,0.35,0.06,0.55125,0.13307535903942602,0.1261747310087085,0.12991204558013603,0.1344693205226509
2018-12-31,0.17,0.0,0.59575,0.15118553840996096,0.12634163716435431,0.12745456671994204,0.13477528805637493
2018-12-31,0.17,0.03,0.59425,0.15118553840996096,0.12637807200849055,0.12745456671994204,0.13477528805637493
2018-12-31,0.17,0.06,0.59125,0.15118553840996096,0.12647150149941444,0.12745456671994204,0.13477528805637493
2018-12-31,0.25,0.0,0.5955,0.15118553840996096,0.12645634393393992,0.12745456671994204,0.13477528805637493
2018-12-31,0.25,0.03,0.59525,0.15118553840996096,0.12649159829318524,0.12745456671994204,0.13477528805637493
2018-12-31,0.25,0.06,0.58925,0.15118553840996096,0.12658216220140456,0.12745456671994204,0.13477528805637493
2018-12-31,0.35,0.0,0.59775,0.15118553840996096,0.12658506616950035,0.12745456671994204,0.13477528805637493
2018-12-31,0.35,0.03,0.59575,0.15118553840996096,0.1266188798174262,0.12745456671994204,0.13477528805637493
2018-12-31,0.35,0.06,0.5935,0.15118553840996096,0.12670596132427453,0.12745456671994204,0.13477528805637493
2019-01-31,0.17,0.0,0.5355,0.13304491878274582,0.1303560983389616,0.13263482140968136,0.1344172803014831
2019-01-31,0.17,0.03,0.5335,0.13304491878274582,0.13038589368760586,0.13263482140968136,0.1344172803014831
2019-01-31,0.17,0.06,0.53625,0.13304491878274582,0.13046258653700352,0.13263482140968136,0.1344172803014831
2019-01-31,0.25,0.0,0.5345,0.13304491878274582,0.13044744023680688,0.13263482140968136,0.1344172803014831
2019-01-31,0.25,0.03,0.53375,0.13304491878274582,0.13047585329413414,0.13263482140968136,0.1344172803014831
2019-01-31,0.25,0.06,0.5395,0.13304491878274582,0.13054917053878307,0.13263482140968136,0.1344172803014831
2019-01-31,0.35,0.0,0.53575,0.13304491878274582,0.13054384601861238,0.13263482140968136,0.1344172803014831
2019-01-31,0.35,0.03,0.53725,0.13304491878274582,0.1305705116763711,0.13263482140968136,0.1344172803014831
2019-01-31,0.35,0.06,0.537,0.13304491878274582,0.1306395756676793,0.13263482140968136,0.1344172803014831
2019-02-28,0.17,0.0,0.03825,-0.13664608248400434,0.12475602012872695,0.12702914077952943,0.13420138612757052
2019-02-28,0.17,0.03,0.04175,-0.13664608248400434,0.12478619134426117,0.12702914077952943,0.13420138612757052
2019-02-28,0.17,0.06,0.0525,-0.13664608248400434,0.1248637550920248,0.12702914077952943,0.13420138612757052
2019-02-28,0.25,0.0,0.04275,-0.13664608248400434,0.12484088721871377,0.12702914077952943,0.13420138612757052
2019-02-28,0.25,0.03,0.04525,-0.13664608248400434,0.1248698415607214,0.12702914077952943,0.13420138612757052
2019-02-28,0.25,0.06,0.05575,-0.13664608248400434,0.12494443628937006,0.12702914077952943,0.13420138612757052
2019-02-28,0.35,0.0,0.0455,-0.13664608248400434,0.12493215272575617,0.12702914077952943,0.13420138612757052
2019-02-28,0.35,0.03,0.04775,-0.13664608248400434,0.1249595707282424,0.12702914077952943,0.13420138612757052
2019-02-28,0.35,0.06,0.058,-0.13664608248400434,0.12503043634444475,0.12702914077952943,0.13420138612757052
2019-03-28,0.17,0.0,0.012,-0.2184886630269346,0.12368400435149669,0.12790799232100983,0.13412539759983366
2019-03-28,0.17,0.03,0.013,-0.2184886630269346,0.12371848730742932,0.12790799232100983,0.13412539759983366
2019-03-28,0.17,0.06,0.01625,-0.2184886630269346,0.12380715766549111,0.12790799232100983,0.13412539759983366
2019-03-28,0.25,0.0,0.0135,-0.2184886630269346,0.12372525173425675,0.12790799232100983,0.13412539759983366
2019-03-28,0.25,0.03,0.0145,-0.2184886630269346,0.12375893159210682,0.12790799232100983,0.13412539759983366
2019-03-28,0.25,0.06,0.01725,-0.2184886630269346,0.12384567369520665,0.12790799232100983,0.13412539759983366
2019-03-28,0.35,0.0,0.0165,-0.2184886630269346,0.12373866460472345,0.12790799232100983,0.13412539759983366
2019-03-28,0.35,0.03,0.01775,-0.2184886630269346,0.12377151764184237,0.12790799232100983,0.13412539759983366
2019-03-28,0.35,0.06,0.02075,-0.2184886630269346,0.12385633229464292,0.12790799232100983,0.13412539759983366
2019-04-30,0.17,0.0,0.0185,-0.1908230663414019,0.12439533787965774,0.13038961163832358,0.13415142538831462
2019-04-30,0.17,0.03,0.0195,-0.1908230663414019,0.1244309896081686,0.13038961163832358,0.13415142538831462
2019-04-30,0.17,0.06,0.02375,-0.1908230663414019,0.12452284424006939,0.13038961163832358,0.13415142538831462
2019-04-30,0.25,0.0,0.0195,-0.1908230663414019,0.12452250188589097,0.13038961163832358,0.13415142538831462
2019-04-30,0.25,0.03,0.021,-0.1908230663414019,0.1245574940443039,0.13038961163832358,0.13415142538831462
2019-04-30,0.25,0.06,0.0255,-0.1908230663414019,0.12464777849614621,0.13038961163832358,0.13415142538831462
2019-04-30,0.35,0.0,0.0245,-0.1908230663414019,0.12466089319437743,0.13038961163832358,0.13415142538831462
2019-04-30,0.35,0.03,0.02475,-0.1908230663414019,0.12469519690424204,0.13038961163832358,0.13415142538831462
2019-04-30,0.35,0.06,0.02975,-0.1908230663414019,0.12478385862708091,0.13038961163832358,0.13415142538831462
2019-05-31,0.17,0.0,0.02475,-0.16612613450338132,0.11982441090047359,0.11740843362850625,0.1343093127600659
2019-05-31,0.17,0.03,0.026,-0.16612613450338132,0.11984887862205505,0.11740843362850625,0.1343093127600659
2019-05-31,0.17,0.06,0.03425,-0.16612613450338132,0.11991252620518207,0.11740843362850625,0.1343093127600659
2019-05-31,0.25,0.0,0.026,-0.16612613450338132,0.11992406685650349,0.11740843362850625,0.1343093127600659
2019-05-31,0.25,0.03,0.02875,-0.16612613450338132,0.11994821707904339,0.11740843362850625,0.1343093127600659
2019-05-31,0.25,0.06,0.0365,-0.16612613450338132,0.12001116324961185,0.11740843362850625,0.1343093127600659
2019-05-31,0.35,0.0,0.0305,-0.16612613450338132,0.12000427988916636,0.11740843362850625,0.1343093127600659
2019-05-31,0.35,0.03,0.033,-0.16612613450338132,0.12002799378335476,0.11740843362850625,0.1343093127600659
2019-05-31,0.35,0.06,0.03975,-0.16612613450338132,0.12008994282782078,0.11740843362850625,0.1343093127600659
2019-06-28,0.17,0.0,0.102,-0.0746384363551138,0.11325579598546028,0.110337277018737,0.1341425002753983
2019-06-28,0.17,0.03,0.108,-0.0746384363551138,0.11328438287973404,0.110337277018737,0.1341425002753983
2019-06-28,0.17,0.06,0.124,-0.0746384363551138,0.11335815559327603,0.110337277018737,0.1341425002753983
2019-06-28,0.25,0.0,0.1035,-0.0746384363551138,0.11335176764428616,0.110337277018737,0.1341425002753983
2019-06-28,0.25,0.03,0.108,-0.0746384363551138,0.11337967912852764,0.110337277018737,0.1341425002753983
2019-06-28,0.25,0.06,0.12625,-0.0746384363551138,0.11345184820890426,0.110337277018737,0.1341425002753983
2019-06-28,0.35,0.0,0.10275,-0.0746384363551138,0.11343000392615796,0.110337277018737,0.1341425002753983
2019-06-28,0.35,0.03,0.10825,-0.0746384363551138,0.1134570445716381,0.110337277018737,0.1341425002753983
2019-06-28,0.35,0.06,0.12475,-0.0746384363551138,0.11352714882791043,0.110337277018737,0.1341425002753983
2019-07-31,0.17,0.0,0.34675,0.030434368572399784,0.10129493427276612,0.09874852226260497,0.13401749950811545
2019-07-31,0.17,0.03,0.35325,0.030434368572399784,0.10132207694649696,0.09874852226260497,0.13401749950811545
2019-07-31,0.17,0.06,0.36775,0.030434368572399784,0.10139224316179753,0.09874852226260497,0.13401749950811545
2019-07-31,0.25,0.0,0.34425,0.030434368572399784,0.10135378254950046,0.09874852226260497,0.13401749950811545
2019-07-31,0.25,0.03,0.3515,0.030434368572399784,0.10138037386536598,0.09874852226260497,0.13401749950811545
2019-07-31,0.25,0.06,0.366,0.030434368572399784,0.10144923283159733,0.09874852226260497,0.13401749950811545
2019-07-31,0.35,0.0,0.3385,0.030434368572399784,0.10138538002967834,0.09874852226260497,0.13401749950811545
2019-07-31,0.35,0.03,0.348,0.030434368572399784,0.10141124951839448,0.09874852226260497,0.13401749950811545
2019-07-31,0.35,0.06,0.36375,0.030434368572399784,0.10147841632366181,0.09874852226260497,0.13401749950811545
2019-08-30,0.17,0.0,0.38325,0.03649750609701563,0.09256661401689052,0.0913347840644668,0.1348099971979528
2019-08-30,0.17,0.03,0.38475,0.03649750609701563,0.0925986600369215,0.0913347840644668,0.1348099971979528
2019-08-30,0.17,0.06,0.391,0.03649750609701563,0.0926809843480587,0.0913347840644668,0.1348099971979528
2019-08-30,0.25,0.0,0.37975,0.03649750609701563,0.09259545701742172,0.0913347840644668,0.1348099971979528
2019-08-30,0.25,0.03,0.383,0.03649750609701563,0.09262686568498611,0.0913347840644668,0.1348099971979528
2019-08-30,0.25,0.06,0.39225,0.03649750609701563,0.09270766983926296,0.0913347840644668,0.1348099971979528
2019-08-30,0.35,0.0,0.37575,0.03649750609701563,0.09258833003044128,0.0913347840644668,0.1348099971979528
2019-08-30,0.35,0.03,0.382,0.03649750609701563,0.0926189450621605,0.0913347840644668,0.1348099971979528
2019-08-30,0.35,0.06,0.3935,0.03649750609701563,0.09269787956774235,0.0913347840644668,0.1348099971979528
2019-09-30,0.17,0.0,0.37375,0.03642882203878317,0.10049264708161354,0.09892231644139021,0.13782332196361863
2019-09-30,0.17,0.03,0.3735,0.03642882203878317,0.10052295438945294,0.09892231644139021,0.13782332196361863
2019-09-30,0.17,0.06,0.384,0.03642882203878317,0.1006017359867692,0.09892231644139021,0.13782332196361863
2019-09-30,0.25,0.0,0.36875,0.03642882203878317,0.10058106441795826,0.09892231644139021,0.13782332196361863
2019-09-30,0.25,0.03,0.372,0.03642882203878317,0.10061106322705746,0.09892231644139021,0.13782332196361863
2019-09-30,0.25,0.06,0.38375,0.03642882203878317,0.10068914541602135,0.09892231644139021,0.13782332196361863
2019-09-30,0.35,0.0,0.365,0.03642882203878317,0.10064717626571655,0.09892231644139021,0.13782332196361863
2019-09-30,0.35,0.03,0.367,0.03642882203878317,0.10067684215307236,0.09892231644139021,0.13782332196361863
2019-09-30,0.35,0.06,0.381,0.03642882203878317,0.10075419788062573,0.09892231644139021,0.13782332196361863
2019-10-31,0.17,0.0,0.30175,0.007630247549122338,0.09873929157853127,0.09735818498450918,0.13748443232005922
2019-10-31,0.17,0.03,0.308,0.007630247549122338,0.09877110341191292,0.09735818498450918,0.13748443232005922
2019-10-31,0.17,0.06,0.3235,0.007630247549122338,0.0988537250906229,0.09735818498450918,0.13748443232005922
2019-10-31,0.25,0.0,0.30125,0.007630247549122338,0.0988078932017088,0.09735818498450918,0.13748443232005922
2019-10-31,0.25,0.03,0.30775,0.007630247549122338,0.09883843313157559,0.09735818498450918,0.13748443232005922
2019-10-31,0.25,0.06,0.3225,0.007630247549122338,0.0989178946390748,0.09735818498450918,0.13748443232005922
2019-10-31,0.35,0.0,0.29725,0.007630247549122338,0.09885270038247108,0.09735818498450918,0.13748443232005922
2019-10-31,0.35,0.03,0.305,0.007630247549122338,0.09888157730549574,0.09735818498450918,0.13748443232005922
2019-10-31,0.35,0.06,0.31875,0.007630247549122338,0.09895691283792257,0.09735818498450918,0.13748443232005922
2019-11-29,0.17,0.0,0.5585,0.1036579933486903,0.09475934779644013,0.09531671151545303,0.13752940492705276
2019-11-29,0.17,0.03,0.55625,0.1036579933486903,0.0947914935052395,0.09531671151545303,0.13752940492705276
2019-11-29,0.17,0.06,0.56075,0.1036579933486903,0.09487482517957688,0.09531671151545303,0.13752940492705276
2019-11-29,0.25,0.0,0.557,0.1036579933486903,0.09474314314126968,0.09531671151545303,0.13752940492705276
2019-11-29,0.25,0.03,0.5575,0.1036579933486903,0.09477468717098236,0.09531671151545303,0.13752940492705276
2019-11-29,0.25,0.06,0.55875,0.1036579933486903,0.09485661271959543,0.09531671151545303,0.13752940492705276
2019-11-29,0.35,0.0,0.5595,0.1036579933486903,0.09467769576609135,0.09531671151545303,0.13752940492705276
2019-11-29,0.35,0.03,0.55875,0.1036579933486903,0.09470850913971662,0.09531671151545303,0.13752940492705276
2019-11-29,0.35,0.06,0.55775,0.1036579933486903,0.0947887298092246,0.09531671151545303,0.13752940492705276
2019-12-31,0.17,0.0,0.71625,0.17663525657204904,0.10170311616361141,0.10185895051983415,0.13685744707466244
2019-12-31,0.17,0.03,0.7115,0.17663525657204904,0.10173662090301513,0.10185895051983415,0.13685744707466244
2019-12-31,0.17,0.06,0.6985,0.17663525657204904,0.10182323870062827,0.10185895051983415,0.13685744707466244
2019-12-31,0.25,0.0,0.71825,0.17663525657204904,0.10170773732662201,0.10185895051983415,0.13685744707466244
2019-12-31,0.25,0.03,0.71375,0.17663525657204904,0.10174051755666733,0.10185895051983415,0.13685744707466244
2019-12-31,0.25,0.06,0.70325,0.17663525657204904,0.10182541077584029,0.10185895051983415,0.13685744707466244
2019-12-31,0.35,0.0,0.722,0.17663525657204904,0.10166410506516695,0.10185895051983415,0.13685744707466244
2019-12-31,0.35,0.03,0.71575,0.17663525657204904,0.1016959749162197,0.10185895051983415,0.13685744707466244
2019-12-31,0.35,0.06,0.709,0.17663525657204904,0.1017787054553628,0.10185895051983415,0.13685744707466244
2020-01-31,0.17,0.0,0.8685,0.2639530120485767,0.09030936922132969,0.08969326274403845,0.13557688607230964
2020-01-31,0.17,0.03,0.8645,0.2639530120485767,0.09034407980740071,0.08969326274403845,0.13557688607230964
2020-01-31,0.17,0.06,0.853,0.2639530120485767,0.09043365778028965,0.08969326274403845,0.13557688607230964
2020-01-31,0.25,0.0,0.86925,0.2639530120485767,0.09037915153801442,0.08969326274403845,0.13557688607230964
2020-01-31,0.25,0.03,0.86525,0.2639530120485767,0.0904129056185484,0.08969326274403845,0.13557688607230964
2020-01-31,0.25,0.06,0.85475,0.2639530120485767,0.09050017349421978,0.08969326274403845,0.13557688607230964
2020-01-31,0.35,0.0,0.8745,0.2639530120485767,0.09044481683522462,0.08969326274403845,0.13557688607230964
2020-01-31,0.35,0.03,0.87075,0.2639530120485767,0.09047713494300842,0.08969326274403845,0.13557688607230964
2020-01-31,0.35,0.06,0.859,0.2639530120485767,0.09056093049049377,0.08969326274403845,0.13557688607230964
2020-02-28,0.17,0.0,0.9475,0.36390114164630005,0.07831358879804612,0.07833146773154692,0.13712468304716266
2020-02-28,0.17,0.03,0.94725,0.36390114164630005,0.07834644514322281,0.07833146773154692,0.13712468304716266
2020-02-28,0.17,0.06,0.94075,0.36390114164630005,0.07843182301521301,0.07833146773154692,0.13712468304716266
2020-02-28,0.25,0.0,0.94825,0.36390114164630005,0.07844539475440979,0.07833146773154692,0.13712468304716266
2020-02-28,0.25,0.03,0.947,0.36390114164630005,0.07847712527215481,0.07833146773154692,0.13712468304716266
2020-02-28,0.25,0.06,0.9405,0.36390114164630005,0.07855973863601684,0.07833146773154692,0.13712468304716266
2020-02-28,0.35,0.0,0.94625,0.36390114164630005,0.07858537801355124,0.07833146773154692,0.13712468304716266
2020-02-28,0.35,0.03,0.94325,0.36390114164630005,0.07861546184867621,0.07833146773154692,0.13712468304716266
2020-02-28,0.35,0.06,0.9375,0.36390114164630005,0.0786940370798111,0.07833146773154692,0.13712468304716266
2020-03-31,0.17,0.0,0.993,0.7461492955459561,0.06249594681710005,0.06027772524619425,0.17057625007401406
2020-03-31,0.17,0.03,0.99225,0.7461492955459561,0.06251921227574349,0.06027772524619425,0.17057625007401406
2020-03-31,0.17,0.06,0.98975,0.7461492955459561,0.06258228254318238,0.06027772524619425,0.17057625007401406
2020-03-31,0.25,0.0,0.99,0.7461492955459561,0.0627516503483057,0.06027772524619425,0.17057625007401406
2020-03-31,0.25,0.03,0.9895,0.7461492955459561,0.06277441948652268,0.06027772524619425,0.17057625007401406
2020-03-31,0.25,0.06,0.988,0.7461492955459561,0.06283624382317066,0.06027772524619425,0.17057625007401406
2020-03-31,0.35,0.0,0.9875,0.7461492955459561,0.06312461620569229,0.06027772524619425,0.17057625007401406
2020-03-31,0.35,0.03,0.98775,0.7461492955459561,0.06314689200371504,0.06027772524619425,0.17057625007401406
2020-03-31,0.35,0.06,0.986,0.7461492955459561,0.06320749449729919,0.06027772524619425,0.17057625007401406
2020-04-30,0.17,0.0,0.94475,0.5019545478045733,0.08456099622696638,0.07509276460075816,0.17921140615627001
2020-04-30,0.17,0.03,0.9425,0.5019545478045733,0.08459176120907068,0.07509276460075816,0.17921140615627001
2020-04-30,0.17,0.06,0.93925,0.5019545478045733,0.08467590919137001,0.07509276460075816,0.17921140615627001
2020-04-30,0.25,0.0,0.945,0.5019545478045733,0.08482713860273361,0.07509276460075816,0.17921140615627001
2020-04-30,0.25,0.03,0.94325,0.5019545478045733,0.08485782718658447,0.07509276460075816,0.17921140615627001
2020-04-30,0.25,0.06,0.93975,0.5019545478045733,0.08494183772057295,0.07509276460075816,0.17921140615627001
2020-04-30,0.35,0.0,0.945,0.5019545478045733,0.08520261874049902,0.07509276460075816,0.17921140615627001
2020-04-30,0.35,0.03,0.944,0.5019545478045733,0.08523329646140337,0.07509276460075816,0.17921140615627001
2020-04-30,0.35,0.06,0.94,0.5019545478045733,0.08531735185533762,0.07509276460075816,0.17921140615627001
2020-05-29,0.17,0.0,0.9805,0.6471314082589639,0.07577080488950014,0.07001132924678127,0.18204401822732527
2020-05-29,0.17,0.03,0.98,0.6471314082589639,0.07579464926570655,0.07001132924678127,0.18204401822732527
2020-05-29,0.17,0.06,0.97675,0.6471314082589639,0.07586024931818247,0.07001132924678127,0.18204401822732527
2020-05-29,0.25,0.0,0.97925,0.6471314082589639,0.07605399218201638,0.07001132924678127,0.18204401822732527
2020-05-29,0.25,0.03,0.97825,0.6471314082589639,0.07607762546092271,0.07001132924678127,0.18204401822732527
2020-05-29,0.25,0.06,0.976,0.6471314082589639,0.07614270816743374,0.07001132924678127,0.18204401822732527
2020-05-29,0.35,0.0,0.976,0.6471314082589639,0.07644121219217777,0.07001132924678127,0.18204401822732527
2020-05-29,0.35,0.03,0.97625,0.6471314082589639,0.0764644564986229,0.07001132924678127,0.18204401822732527
2020-05-29,0.35,0.06,0.97325,0.6471314082589639,0.07652856113016605,0.07001132924678127,0.18204401822732527
2020-06-30,0.17,0.0,0.95925,0.5460851383127747,0.08338268341869116,0.07695430108270002,0.18293050891026336
2020-06-30,0.17,0.03,0.95825,0.5460851383127747,0.08340796250104904,0.07695430108270002,0.18293050891026336
2020-06-30,0.17,0.06,0.9545,0.5460851383127747,0.08347730787843466,0.07695430108270002,0.18293050891026336
2020-06-30,0.25,0.0,0.957,0.5460851383127747,0.08354112146049739,0.07695430108270002,0.18293050891026336
2020-06-30,0.25,0.03,0.956,0.5460851383127747,0.08356615291535854,0.07695430108270002,0.18293050891026336
2020-06-30,0.25,0.06,0.95275,0.5460851383127747,0.08363490115106106,0.07695430108270002,0.18293050891026336
2020-06-30,0.35,0.0,0.956,0.5460851383127747,0.08371962109953165,0.07695430108270002,0.18293050891026336
2020-06-30,0.35,0.03,0.9545,0.5460851383127747,0.0837445207759738,0.07695430108270002,0.18293050891026336
2020-06-30,0.35,0.06,0.95025,0.5460851383127747,0.083813002333045,0.07695430108270002,0.18293050891026336
2020-07-31,0.17,0.0,0.9635,0.4907559968015016,0.06462438789755107,0.08251039120181072,0.1832091029961099
2020-07-31,0.17,0.03,0.96175,0.4907559968015016,0.06463866105675697,0.08251039120181072,0.1832091029961099
2020-07-31,0.17,0.06,0.95775,0.4907559968015016,0.06467833784222603,0.08251039120181072,0.1832091029961099
2020-07-31,0.25,0.0,0.962,0.4907559968015016,0.06465212634205818,0.08251039120181072,0.1832091029961099
2020-07-31,0.25,0.03,0.96,0.4907559968015016,0.0646667068824172,0.08251039120181072,0.1832091029961099
2020-07-31,0.25,0.06,0.95575,0.4907559968015016,0.06470728668570519,0.08251039120181072,0.1832091029961099
2020-07-31,0.35,0.0,0.96175,0.4907559968015016,0.06465098516643047,0.08251039120181072,0.1832091029961099
2020-07-31,0.35,0.03,0.95975,0.4907559968015016,0.06466611695289612,0.08251039120181072,0.1832091029961099
2020-07-31,0.35,0.06,0.95475,0.4907559968015016,0.06470828749239445,0.08251039120181072,0.1832091029961099
2020-08-31,0.17,0.0,0.96275,0.5460098352999203,0.10177519603073597,0.09737064033312977,0.18127727288786782
2020-08-31,0.17,0.03,0.96175,0.5460098352999203,0.10179429038614035,0.09737064033312977,0.18127727288786782
2020-08-31,0.17,0.06,0.9595,0.5460098352999203,0.10184723059087991,0.09737064033312977,0.18127727288786782
2020-08-31,0.25,0.0,0.961,0.5460098352999203,0.10190211264789105,0.09737064033312977,0.18127727288786782
2020-08-31,0.25,0.03,0.96175,0.5460098352999203,0.10192147390544415,0.09737064033312977,0.18127727288786782
2020-08-31,0.25,0.06,0.95975,0.5460098352999203,0.10197516471892595,0.09737064033312977,0.18127727288786782
2020-08-31,0.35,0.0,0.959,0.5460098352999203,0.1020533873513341,0.09737064033312977,0.18127727288786782
2020-08-31,0.35,0.03,0.95925,0.5460098352999203,0.10207307918369771,0.09737064033312977,0.18127727288786782
2020-08-31,0.35,0.06,0.95725,0.5460098352999203,0.10212772631645203,0.09737064033312977,0.18127727288786782
2020-09-30,0.17,0.0,0.97425,0.602405349366582,0.09824790325015784,0.09579119965357168,0.18106388059953427
2020-09-30,0.17,0.03,0.974,0.602405349366582,0.09827771420031786,0.09579119965357168,0.18106388059953427
2020-09-30,0.17,0.06,0.9705,0.602405349366582,0.09835961989313365,0.09579119965357168,0.18106388059953427
2020-09-30,0.25,0.0,0.97375,0.602405349366582,0.09839463278651238,0.09579119965357168,0.18106388059953427
2020-09-30,0.25,0.03,0.9725,0.602405349366582,0.09842351647466421,0.09579119965357168,0.18106388059953427
2020-09-30,0.25,0.06,0.97025,0.602405349366582,0.09850303128361702,0.09579119965357168,0.18106388059953427
2020-09-30,0.35,0.0,0.97275,0.602405349366582,0.09854908332228661,0.09579119965357168,0.18106388059953427
2020-09-30,0.35,0.03,0.97175,0.602405349366582,0.09857640456408262,0.09579119965357168,0.18106388059953427
2020-09-30,0.35,0.06,0.969,0.602405349366582,0.09865188193321228,0.09579119965357168,0.18106388059953427
2020-10-30,0.17,0.0,0.96825,0.5701535769700399,0.1011657242551446,0.0988494888597212,0.18152048705916132
2020-10-30,0.17,0.03,0.96725,0.5701535769700399,0.10119703429937363,0.0988494888597212,0.18152048705916132
2020-10-30,0.17,0.06,0.964,0.5701535769700399,0.10128302502632142,0.0988494888597212,0.18152048705916132
2020-10-30,0.25,0.0,0.9675,0.5701535769700399,0.10131243326514959,0.0988494888597212,0.18152048705916132
2020-10-30,0.25,0.03,0.9665,0.5701535769700399,0.10134314016997814,0.0988494888597212,0.18152048705916132
2020-10-30,0.25,0.06,0.96275,0.5701535769700399,0.10142756827175617,0.0988494888597212,0.18152048705916132
2020-10-30,0.35,0.0,0.96675,0.5701535769700399,0.10144875367730856,0.0988494888597212,0.18152048705916132
2020-10-30,0.35,0.03,0.966,0.5701535769700399,0.10147835506498813,0.0988494888597212,0.18152048705916132
2020-10-30,0.35,0.06,0.96175,0.5701535769700399,0.10155992989987135,0.0988494888597212,0.18152048705916132
2020-11-27,0.17,0.0,0.84975,0.3417781537935327,0.1254930891469121,0.11822244825124034,0.18193628325956826
2020-11-27,0.17,0.03,0.8465,0.3417781537935327,0.1255198365971446,0.11822244825124034,0.18193628325956826
2020-11-27,0.17,0.06,0.84,0.3417781537935327,0.12559279061108827,0.11822244825124034,0.18193628325956826
2020-11-27,0.25,0.0,0.8515,0.3417781537935327,0.12567578957229852,0.11822244825124034,0.18193628325956826
2020-11-27,0.25,0.03,0.84975,0.3417781537935327,0.12570207032561304,0.11822244825124034,0.18193628325956826
2020-11-27,0.25,0.06,0.84225,0.3417781537935327,0.12577383887767793,0.11822244825124034,0.18193628325956826
2020-11-27,0.35,0.0,0.85575,0.3417781537935327,0.12589912302047016,0.11822244825124034,0.18193628325956826
2020-11-27,0.35,0.03,0.85225,0.3417781537935327,0.1259249575212598,0.11822244825124034,0.18193628325956826
2020-11-27,0.35,0.06,0.84625,0.3417781537935327,0.12599560198932885,0.11822244825124034,0.18193628325956826
2020-12-31,0.17,0.0,0.775,0.2858263910752741,0.13859745022654532,0.13033951552052606,0.18231704554189537
2020-12-31,0.17,0.03,0.7705,0.2858263910752741,0.13862338650226594,0.13033951552052606,0.18231704554189537
2020-12-31,0.17,0.06,0.763,0.2858263910752741,0.13869417777657508,0.13033951552052606,0.18231704554189537
2020-12-31,0.25,0.0,0.77625,0.2858263910752741,0.13876190274953842,0.13033951552052606,0.18231704554189537
2020-12-31,0.25,0.03,0.77125,0.2858263910752741,0.13878721838444472,0.13033951552052606,0.18231704554189537
2020-12-31,0.25,0.06,0.76475,0.2858263910752741,0.138856403850019,0.13033951552052606,0.18231704554189537
2020-12-31,0.35,0.0,0.781,0.2858263910752741,0.13894809575378894,0.13033951552052606,0.18231704554189537
2020-12-31,0.35,0.03,0.77525,0.2858263910752741,0.13897274429351092,0.13033951552052606,0.18231704554189537
2020-12-31,0.35,0.06,0.76875,0.2858263910752741,0.13904020626842975,0.13033951552052606,0.18231704554189537
2021-01-29,0.17,0.0,0.79425,0.30150497719093794,0.1367685095667839,0.13420880769931598,0.1819223769730467
2021-01-29,0.17,0.03,0.789,0.30150497719093794,0.13679277751594782,0.13420880769931598,0.1819223769730467
2021-01-29,0.17,0.06,0.78,0.30150497719093794,0.13685931419581174,0.13420880769931598,0.1819223769730467
2021-01-29,0.25,0.0,0.79475,0.30150497719093794,0.13697448652237654,0.13420880769931598,0.1819223769730467
2021-01-29,0.25,0.03,0.7915,0.30150497719093794,0.13699835424870252,0.13420880769931598,0.1819223769730467
2021-01-29,0.25,0.06,0.784,0.30150497719093794,0.1370638529062271,0.13420880769931598,0.1819223769730467
2021-01-29,0.35,0.0,0.7995,0.30150497719093794,0.13723282369226217,0.13420880769931598,0.1819223769730467
2021-01-29,0.35,0.03,0.79625,0.30150497719093794,0.13725635544210674,0.13420880769931598,0.1819223769730467
2021-01-29,0.35,0.06,0.7895,0.30150497719093794,0.13732101591676474,0.13420880769931598,0.1819223769730467
2021-02-26,0.17,0.0,0.48375,0.10610167678935567,0.13483392605930566,0.15428246518225508,0.1829232443097471
2021-02-26,0.17,0.03,0.48525,0.10610167678935567,0.1348447353243828,0.15428246518225508,0.1829232443097471
2021-02-26,0.17,0.06,0.48675,0.10610167678935567,0.13487528642266988,0.15428246518225508,0.1829232443097471
2021-02-26,0.25,0.0,0.48425,0.10610167678935567,0.1350067545995116,0.15428246518225508,0.1829232443097471
2021-02-26,0.25,0.03,0.486,0.10610167678935567,0.13501708824187517,0.15428246518225508,0.1829232443097471
2021-02-26,0.25,0.06,0.48625,0.10610167678935567,0.13504645777493715,0.15428246518225508,0.1829232443097471
2021-02-26,0.35,0.0,0.486,0.10610167678935567,0.13525171434134245,0.15428246518225508,0.1829232443097471
2021-02-26,0.35,0.03,0.4855,0.10610167678935567,0.13526177209615708,0.15428246518225508,0.1829232443097471
2021-02-26,0.35,0.06,0.4875,0.10610167678935567,0.13529053246229886,0.15428246518225508,0.1829232443097471
2021-03-31,0.17,0.0,0.6635,0.22803276182387733,0.15345696141570805,0.14269826227608073,0.18314665486017814
2021-03-31,0.17,0.03,0.66175,0.22803276182387733,0.15348082907497884,0.14269826227608073,0.18314665486017814
2021-03-31,0.17,0.06,0.6565,0.22803276182387733,0.15354615383595227,0.14269826227608073,0.18314665486017814
2021-03-31,0.25,0.0,0.664,0.22803276182387733,0.1536340998187661,0.14269826227608073,0.18314665486017814
2021-03-31,0.25,0.03,0.665,0.22803276182387733,0.15365767396241425,0.14269826227608073,0.18314665486017814
2021-03-31,0.25,0.06,0.6575,0.22803276182387733,0.15372225558757782,0.14269826227608073,0.18314665486017814
2021-03-31,0.35,0.0,0.66825,0.22803276182387733,0.15383094650506973,0.14269826227608073,0.18314665486017814
2021-03-31,0.35,0.03,0.66825,0.22803276182387733,0.15385429690778255,0.14269826227608073,0.18314665486017814
2021-03-31,0.35,0.06,0.664,0.22803276182387733,0.15391836722195149,0.14269826227608073,0.18314665486017814
2021-04-30,0.17,0.0,0.5085,0.13634583000210232,0.1507066160365939,0.1405982435037753,0.18394030518617482
2021-04-30,0.17,0.03,0.50925,0.13634583000210232,0.15073330444842578,0.1405982435037753,0.18394030518617482
2021-04-30,0.17,0.06,0.51075,0.13634583000210232,0.150806236743927,0.1405982435037753,0.18394030518617482
2021-04-30,0.25,0.0,0.50725,0.13634583000210232,0.15083723156899215,0.1405982435037753,0.18394030518617482
2021-04-30,0.25,0.03,0.508,0.13634583000210232,0.1508637203723192,0.1405982435037753,0.18394030518617482
2021-04-30,0.25,0.06,0.51125,0.13634583000210232,0.1509361750409007,0.1405982435037753,0.18394030518617482
2021-04-30,0.35,0.0,0.50675,0.13634583000210232,0.15097594344615936,0.1405982435037753,0.18394030518617482
2021-04-30,0.35,0.03,0.5075,0.13634583000210232,0.15100233325362206,0.1405982435037753,0.18394030518617482
2021-04-30,0.35,0.06,0.50975,0.13634583000210232,0.15107458835095167,0.1405982435037753,0.18394030518617482
2021-05-31,0.17,0.0,0.39725,0.07819546986503645,0.15399724524468184,0.14375747948070863,0.18384369980458057
2021-05-31,0.17,0.03,0.4005,0.07819546986503645,0.15402302338927984,0.14375747948070863,0.18384369980458057
2021-05-31,0.17,0.06,0.405,0.07819546986503645,0.15409348908811807,0.14375747948070863,0.18384369980458057
2021-05-31,0.25,0.0,0.397,0.07819546986503645,0.1541451720520854,0.14375747948070863,0.18384369980458057
2021-05-31,0.25,0.03,0.399,0.07819546986503645,0.15417068738490344,0.14375747948070863,0.18384369980458057
2021-05-31,0.25,0.06,0.40525,0.07819546986503645,0.15424050076305867,0.14375747948070863,0.18384369980458057
2021-05-31,0.35,0.0,0.3915,0.07819546986503645,0.15430048649758102,0.14375747948070863,0.18384369980458057
2021-05-31,0.35,0.03,0.39425,0.07819546986503645,0.15432580465078355,0.14375747948070863,0.18384369980458057
2021-05-31,0.35,0.06,0.4015,0.07819546986503645,0.154395158149302,0.14375747948070863,0.18384369980458057
2021-06-30,0.17,0.0,0.28875,0.01884250735359627,0.15264629889279605,0.14265741908271062,0.1833481789383612
2021-06-30,0.17,0.03,0.293,0.01884250735359627,0.15267216230928898,0.14265741908271062,0.1833481789383612
2021-06-30,0.17,0.06,0.2975,0.01884250735359627,0.15274265916645527,0.14265741908271062,0.1833481789383612
2021-06-30,0.25,0.0,0.287,0.01884250735359627,0.1527773219794035,0.14265741908271062,0.1833481789383612
2021-06-30,0.25,0.03,0.2905,0.01884250735359627,0.1528026394471526,0.14265741908271062,0.1833481789383612
2021-06-30,0.25,0.06,0.2965,0.01884250735359627,0.15287170649319887,0.14265741908271062,0.1833481789383612
2021-06-30,0.35,0.0,0.28675,0.01884250735359627,0.15292097426950932,0.14265741908271062,0.1833481789383612
2021-06-30,0.35,0.03,0.28975,0.01884250735359627,0.15294571852684022,0.14265741908271062,0.1833481789383612
2021-06-30,0.35,0.06,0.29425,0.01884250735359627,0.1530132969468832,0.14265741908271062,0.1833481789383612
2021-07-30,0.17,0.0,0.48225,0.11752942802225519,0.14690522284805774,0.13631421229057805,0.1833170609785104
2021-07-30,0.17,0.03,0.48425,0.11752942802225519,0.14693262284994124,0.13631421229057805,0.1833170609785104
2021-07-30,0.17,0.06,0.486,0.11752942802225519,0.1470071701556444,0.13631421229057805,0.1833170609785104
2021-07-30,0.25,0.0,0.483,0.11752942802225519,0.14723799555003644,0.13631421229057805,0.1833170609785104
2021-07-30,0.25,0.03,0.483,0.11752942802225519,0.14726485542953013,0.13631421229057805,0.1833170609785104
2021-07-30,0.25,0.06,0.48425,0.11752942802225519,0.14733797127008438,0.13631421229057805,0.1833170609785104
2021-07-30,0.35,0.0,0.4805,0.11752942802225519,0.14768896503001452,0.13631421229057805,0.1833170609785104
2021-07-30,0.35,0.03,0.482,0.11752942802225519,0.1477152169197798,0.13631421229057805,0.1833170609785104
2021-07-30,0.35,0.06,0.4845,0.11752942802225519,0.14778674374520778,0.13631421229057805,0.1833170609785104
2021-08-31,0.17,0.0,0.3295,0.04403530218384999,0.1582618233859539,0.1471232674992317,0.18323276908743089
2021-08-31,0.17,0.03,0.3305,0.04403530218384999,0.15829041181504727,0.1471232674992317,0.18323276908743089
2021-08-31,0.17,0.06,0.338,0.04403530218384999,0.1583681555837393,0.1471232674992317,0.18323276908743089
2021-08-31,0.25,0.0,0.3255,0.04403530218384999,0.15859854131937026,0.1471232674992317,0.18323276908743089
2021-08-31,0.25,0.03,0.328,0.04403530218384999,0.15862665286660194,0.1471232674992317,0.18323276908743089
2021-08-31,0.25,0.06,0.336,0.04403530218384999,0.15870313280075787,0.1471232674992317,0.18323276908743089
2021-08-31,0.35,0.0,0.32225,0.04403530218384999,0.15905297343432903,0.1471232674992317,0.18323276908743089
2021-08-31,0.35,0.03,0.32425,0.04403530218384999,0.1590805633738637,0.1471232674992317,0.18323276908743089
2021-08-31,0.35,0.06,0.3325,0.04403530218384999,0.1591556872278452,0.1471232674992317,0.18323276908743089
2021-09-30,0.17,0.0,0.23725,-0.0033809051305070392,0.1645255671441555,0.1532502582514606,0.18282278328220317
2021-09-30,0.17,0.03,0.24075,-0.0033809051305070392,0.16455473970621826,0.1532502582514606,0.18282278328220317
2021-09-30,0.17,0.06,0.253,-0.0033809051305070392,0.1646340391933918,0.1532502582514606,0.18282278328220317
2021-09-30,0.25,0.0,0.234,-0.0033809051305070392,0.16487689159065486,0.1532502582514606,0.18282278328220317
2021-09-30,0.25,0.03,0.23875,-0.0033809051305070392,0.16490559519082307,0.1532502582514606,0.18282278328220317
2021-09-30,0.25,0.06,0.2525,-0.0033809051305070392,0.16498367034643888,0.1532502582514606,0.18282278328220317
2021-09-30,0.35,0.0,0.22875,-0.0033809051305070392,0.1653501100242138,0.1532502582514606,0.18282278328220317
2021-09-30,0.35,0.03,0.2335,-0.0033809051305070392,0.16537831184267998,0.1532502582514606,0.18282278328220317
2021-09-30,0.35,0.06,0.25075,-0.0033809051305070392,0.1654551008567214,0.1532502582514606,0.18282278328220317
2021-10-29,0.17,0.0,0.30875,0.0386246046470653,0.16411309436708688,0.15331732005965165,0.18289993360391568
2021-10-29,0.17,0.03,0.3125,0.0386246046470653,0.1641434585005045,0.15331732005965165,0.18289993360391568
2021-10-29,0.17,0.06,0.31975,0.0386246046470653,0.1642259799540043,0.15331732005965165,0.18289993360391568
2021-10-29,0.25,0.0,0.3075,0.0386246046470653,0.16439548033475876,0.15331732005965165,0.18289993360391568
2021-10-29,0.25,0.03,0.3105,0.0386246046470653,0.16442527335882187,0.15331732005965165,0.18289993360391568
2021-10-29,0.25,0.06,0.3195,0.0386246046470653,0.1645062890946865,0.15331732005965165,0.18289993360391568
2021-10-29,0.35,0.0,0.3045,0.0386246046470653,0.16477777701616286,0.15331732005965165,0.18289993360391568
2021-10-29,0.35,0.03,0.30775,0.0386246046470653,0.16480690825730562,0.15331732005965165,0.18289993360391568
2021-10-29,0.35,0.06,0.31775,0.0386246046470653,0.16488619594275952,0.15331732005965165,0.18289993360391568
2021-11-30,0.17,0.0,0.45125,0.11555845905022366,0.1635628994330764,0.15408223864253395,0.1824616816678633
2021-11-30,0.17,0.03,0.4535,0.11555845905022366,0.16358954333513975,0.15408223864253395,0.1824616816678633
2021-11-30,0.17,0.06,0.46,0.11555845905022366,0.16366204115748406,0.15408223864253395,0.1824616816678633
2021-11-30,0.25,0.0,0.4485,0.11555845905022366,0.16389196988940238,0.15408223864253395,0.1824616816678633
2021-11-30,0.25,0.03,0.45075,0.11555845905022366,0.16391808363050223,0.15408223864253395,0.1824616816678633
2021-11-30,0.25,0.06,0.46,0.11555845905022366,0.16398921022564172,0.15408223864253395,0.1824616816678633
2021-11-30,0.35,0.0,0.4475,0.11555845905022366,0.1643342916816473,0.15408223864253395,0.1824616816678633
2021-11-30,0.35,0.03,0.45,0.11555845905022366,0.16435979092866182,0.15408223864253395,0.1824616816678633
2021-11-30,0.35,0.06,0.45725,0.11555845905022366,0.16442931818217038,0.15408223864253395,0.1824616816678633
2021-12-31,0.17,0.0,0.32375,0.050335482001577114,0.16751712543517353,0.15669616542374198,0.18306491659449517
2021-12-31,0.17,0.03,0.32725,0.050335482001577114,0.16754622573405503,0.15669616542374198,0.18306491659449517
2021-12-31,0.17,0.06,0.33325,0.050335482001577114,0.16762535943090914,0.15669616542374198,0.18306491659449517
2021-12-31,0.25,0.0,0.32225,0.050335482001577114,0.1677504001930356,0.15669616542374198,0.18306491659449517
2021-12-31,0.25,0.03,0.32525,0.050335482001577114,0.16777905935049056,0.15669616542374198,0.18306491659449517
2021-12-31,0.25,0.06,0.33225,0.050335482001577114,0.16785705967247486,0.15669616542374198,0.18306491659449517
2021-12-31,0.35,0.0,0.31875,0.050335482001577114,0.16802000465244055,0.15669616542374198,0.18306491659449517
2021-12-31,0.35,0.03,0.321,0.050335482001577114,0.16804828616976739,0.15669616542374198,0.18306491659449517
2021-12-31,0.35,0.06,0.32875,0.050335482001577114,0.16812534126639367,0.15669616542374198,0.18306491659449517
2022-01-31,0.17,0.0,0.322,0.04312719400857046,0.16224296203255653,0.15222368383144608,0.18381793343056144
2022-01-31,0.17,0.03,0.32325,0.04312719400857046,0.16226753254979848,0.15222368383144608,0.18381793343056144
2022-01-31,0.17,0.06,0.329,0.04312719400857046,0.16233463039249182,0.15222368383144608,0.18381793343056144
2022-01-31,0.25,0.0,0.31925,0.04312719400857046,0.1624788790047169,0.15222368383144608,0.18381793343056144
2022-01-31,0.25,0.03,0.3205,0.04312719400857046,0.1625029237791896,0.15222368383144608,0.18381793343056144
2022-01-31,0.25,0.06,0.33,0.04312719400857046,0.162568651355803,0.15222368383144608,0.18381793343056144
2022-01-31,0.35,0.0,0.3155,0.04312719400857046,0.16274721598625183,0.15222368383144608,0.18381793343056144
2022-01-31,0.35,0.03,0.317,0.04312719400857046,0.16277077991515398,0.15222368383144608,0.18381793343056144
2022-01-31,0.35,0.06,0.32525,0.04312719400857046,0.16283528827130794,0.15222368383144608,0.18381793343056144
2022-02-28,0.17,0.0,0.38625,0.061371624559958704,0.147330028899014,0.14182264891774726,0.18680099420270338
2022-02-28,0.17,0.03,0.3875,0.061371624559958704,0.14735421097278595,0.14182264891774726,0.18680099420270338
2022-02-28,0.17,0.06,0.394,0.061371624559958704,0.14742041306942702,0.14182264891774726,0.18680099420270338
2022-02-28,0.25,0.0,0.38375,0.061371624559958704,0.1476045349985361,0.14182264891774726,0.18680099420270338
2022-02-28,0.25,0.03,0.38675,0.061371624559958704,0.1476283849030733,0.14182264891774726,0.18680099420270338
2022-02-28,0.25,0.06,0.3925,0.061371624559958704,0.1476937230527401,0.14182264891774726,0.18680099420270338
2022-02-28,0.35,0.0,0.3805,0.061371624559958704,0.14794691125303508,0.14182264891774726,0.18680099420270338
2022-02-28,0.35,0.03,0.38425,0.061371624559958704,0.14797062637656927,0.14182264891774726,0.18680099420270338
2022-02-28,0.35,0.06,0.39025,0.061371624559958704,0.14803568042814733,0.14182264891774726,0.18680099420270338
2022-03-31,0.17,0.0,0.29875,0.02088108556559143,0.15294128293544054,0.14299066285724654,0.1881875736024568
2022-03-31,0.17,0.03,0.30075,0.02088108556559143,0.15296924647688864,0.14299066285724654,0.1881875736024568
2022-03-31,0.17,0.06,0.30875,0.02088108556559143,0.15304572045058012,0.14299066285724654,0.1881875736024568
2022-03-31,0.25,0.0,0.29925,0.02088108556559143,0.15317619197070598,0.14299066285724654,0.1881875736024568
2022-03-31,0.25,0.03,0.30175,0.02088108556559143,0.15320392487198115,0.14299066285724654,0.1881875736024568
2022-03-31,0.25,0.06,0.30825,0.02088108556559143,0.15327982857078315,0.14299066285724654,0.1881875736024568
2022-03-31,0.35,0.0,0.29475,0.02088108556559143,0.1534430373236537,0.14299066285724654,0.1881875736024568
2022-03-31,0.35,0.03,0.29725,0.02088108556559143,0.15347061458230019,0.14299066285724654,0.1881875736024568
2022-03-31,0.35,0.06,0.307,0.02088108556559143,0.15354617643356322,0.14299066285724654,0.1881875736024568
2022-04-29,0.17,0.0,0.42425,0.08190806645220139,0.14642182912677526,0.13706517007149283,0.18936460359360405
2022-04-29,0.17,0.03,0.4245,0.08190806645220139,0.1464469353556633,0.13706517007149283,0.18936460359360405
2022-04-29,0.17,0.06,0.43225,0.08190806645220139,0.14651574197411538,0.13706517007149283,0.18936460359360405
2022-04-29,0.25,0.0,0.42075,0.08190806645220139,0.14668262042105198,0.13706517007149283,0.18936460359360405
2022-04-29,0.25,0.03,0.4225,0.08190806645220139,0.14670753361284733,0.13706517007149283,0.18936460359360405
2022-04-29,0.25,0.06,0.43075,0.08190806645220139,0.14677587412297727,0.13706517007149283,0.18936460359360405
2022-04-29,0.35,0.0,0.41775,0.08190806645220139,0.14698193978518248,0.13706517007149283,0.18936460359360405
2022-04-29,0.35,0.03,0.41925,0.08190806645220139,0.14700674075633288,0.13706517007149283,0.18936460359360405
2022-04-29,0.35,0.06,0.43025,0.08190806645220139,0.14707485269755124,0.13706517007149283,0.18936460359360405
2022-05-31,0.17,0.0,0.5495,0.13613963359970582,0.13116624899208545,0.12679323973498413,0.19129591360588533
2022-05-31,0.17,0.03,0.5505,0.13613963359970582,0.13118715771287678,0.12679323973498413,0.19129591360588533
2022-05-31,0.17,0.06,0.54675,0.13613963359970582,0.1312449819520116,0.12679323973498413,0.19129591360588533
2022-05-31,0.25,0.0,0.55125,0.13613963359970582,0.1315120016783476,0.12679323973498413,0.19129591360588533
2022-05-31,0.25,0.03,0.55175,0.13613963359970582,0.1315327882692218,0.12679323973498413,0.19129591360588533
2022-05-31,0.25,0.06,0.54825,0.13613963359970582,0.13159033580124377,0.12679323973498413,0.19129591360588533
2022-05-31,0.35,0.0,0.55075,0.13613963359970582,0.13192594726383686,0.12679323973498413,0.19129591360588533
2022-05-31,0.35,0.03,0.552,0.13613963359970582,0.13194672115892173,0.12679323973498413,0.19129591360588533
2022-05-31,0.35,0.06,0.5515,0.13613963359970582,0.13200433527678251,0.12679323973498413,0.19129591360588533
2022-06-30,0.17,0.0,0.72875,0.24109281096933932,0.12081685638427735,0.12042173018842922,0.19244324990156736
2022-06-30,0.17,0.03,0.72675,0.24109281096933932,0.12084151907265187,0.12042173018842922,0.19244324990156736
2022-06-30,0.17,0.06,0.723,0.24109281096933932,0.12090951295942068,0.12042173018842922,0.19244324990156736
2022-06-30,0.25,0.0,0.732,0.24109281096933932,0.12116299611330032,0.12042173018842922,0.19244324990156736
2022-06-30,0.25,0.03,0.7305,0.24109281096933932,0.1211874350681901,0.12042173018842922,0.19244324990156736
2022-06-30,0.25,0.06,0.72375,0.24109281096933932,0.12125487328320741,0.12042173018842922,0.19244324990156736
2022-06-30,0.35,0.0,0.736,0.24109281096933932,0.12158141271024943,0.12042173018842922,0.19244324990156736
2022-06-30,0.35,0.03,0.73375,0.24109281096933932,0.1216056878939271,0.12042173018842922,0.19244324990156736
2022-06-30,0.35,0.06,0.728,0.24109281096933932,0.12167276735603809,0.12042173018842922,0.19244324990156736
2022-07-29,0.17,0.0,0.58775,0.1570952085779691,0.12633983849734068,0.12474363059381838,0.1929421643308509
2022-07-29,0.17,0.03,0.5875,0.1570952085779691,0.12636451479792596,0.12474363059381838,0.1929421643308509
2022-07-29,0.17,0.06,0.5895,0.1570952085779691,0.12643262975662947,0.12474363059381838,0.1929421643308509
2022-07-29,0.25,0.0,0.58925,0.1570952085779691,0.12664335242658853,0.12474363059381838,0.1929421643308509
2022-07-29,0.25,0.03,0.5885,0.1570952085779691,0.1266678983643651,0.12474363059381838,0.1929421643308509
2022-07-29,0.25,0.06,0.591,0.1570952085779691,0.12673572520166634,0.12474363059381838,0.1929421643308509
2022-07-29,0.35,0.0,0.59025,0.1570952085779691,0.127006738640368,0.12474363059381838,0.1929421643308509
2022-07-29,0.35,0.03,0.592,0.1570952085779691,0.12703121215105057,0.12474363059381838,0.1929421643308509
2022-07-29,0.35,0.06,0.59275,0.1570952085779691,0.1270989227220416,0.12474363059381838,0.1929421643308509
2022-08-30,0.17,0.0,0.49225,0.11665631491275308,0.14313026692718267,0.13343485153212675,0.19319873009756133
2022-08-30,0.17,0.03,0.49275,0.11665631491275308,0.1431540937498212,0.13343485153212675,0.19319873009756133
2022-08-30,0.17,0.06,0.49575,0.11665631491275308,0.14321980784088373,0.13343485153212675,0.19319873009756133
2022-08-30,0.25,0.0,0.49175,0.11665631491275308,0.14343258213996887,0.13343485153212675,0.19319873009756133
2022-08-30,0.25,0.03,0.49225,0.11665631491275308,0.14345610282570123,0.13343485153212675,0.19319873009756133
2022-08-30,0.25,0.06,0.497,0.11665631491275308,0.14352104357630013,0.13343485153212675,0.19319873009756133
2022-08-30,0.35,0.0,0.48975,0.11665631491275308,0.14378743416070938,0.13343485153212675,0.19319873009756133
2022-08-30,0.35,0.03,0.49075,0.11665631491275308,0.1438107015416026,0.13343485153212675,0.19319873009756133
2022-08-30,0.35,0.06,0.496,0.11665631491275308,0.14387503714859487,0.13343485153212675,0.19319873009756133
2022-09-30,0.17,0.0,0.609,0.1563859735880666,0.1145797288864851,0.1277323391350999,0.1938942081909863
2022-09-30,0.17,0.03,0.60975,0.1563859735880666,0.11459242864698171,0.1277323391350999,0.1938942081909863
2022-09-30,0.17,0.06,0.6085,0.1563859735880666,0.11462824923545122,0.1277323391350999,0.1938942081909863
2022-09-30,0.25,0.0,0.61025,0.1563859735880666,0.11475231859087943,0.1277323391350999,0.1938942081909863
2022-09-30,0.25,0.03,0.61075,0.1563859735880666,0.11476504775136709,0.1277323391350999,0.1938942081909863
2022-09-30,0.25,0.06,0.6075,0.1563859735880666,0.11480102441459894,0.1277323391350999,0.1938942081909863
2022-09-30,0.35,0.0,0.61275,0.1563859735880666,0.11499251798540354,0.1277323391350999,0.1938942081909863
2022-09-30,0.35,0.03,0.6095,0.1563859735880666,0.11500548219680787,0.1277323391350999,0.1938942081909863
2022-09-30,0.35,0.06,0.607,0.1563859735880666,0.11504224771261215,0.1277323391350999,0.1938942081909863
2022-10-31,0.17,0.0,0.4595,0.09180172477220294,0.13879237893223761,0.12856844408896032,0.19444129481073438
2022-10-31,0.17,0.03,0.46125,0.09180172477220294,0.13881649580597877,0.12856844408896032,0.19444129481073438
2022-10-31,0.17,0.06,0.46225,0.09180172477220294,0.13888289031386375,0.12856844408896032,0.19444129481073438
2022-10-31,0.25,0.0,0.4565,0.09180172477220294,0.13908895271271468,0.12856844408896032,0.19444129481073438
2022-10-31,0.25,0.03,0.45825,0.09180172477220294,0.13911275557428598,0.12856844408896032,0.19444129481073438
2022-10-31,0.25,0.06,0.46175,0.09180172477220294,0.13917835088819266,0.12856844408896032,0.19444129481073438
2022-10-31,0.35,0.0,0.455,0.09180172477220294,0.1394347472563386,0.12856844408896032,0.19444129481073438
2022-10-31,0.35,0.03,0.4585,0.09180172477220294,0.13945823111385108,0.12856844408896032,0.19444129481073438
2022-10-31,0.35,0.06,0.46125,0.09180172477220294,0.1395230583846569,0.12856844408896032,0.19444129481073438
2022-11-30,0.17,0.0,0.50725,0.12881141529482654,0.1471088384538889,0.13696943844016668,0.19454142834457286
2022-11-30,0.17,0.03,0.50825,0.12881141529482654,0.14713249552994967,0.13696943844016668,0.19454142834457286
2022-11-30,0.17,0.06,0.511,0.12881141529482654,0.14719782903790474,0.13696943844016668,0.19454142834457286
2022-11-30,0.25,0.0,0.50675,0.12881141529482654,0.1474153070896864,0.13696943844016668,0.19454142834457286
2022-11-30,0.25,0.03,0.5075,0.12881141529482654,0.14743869995325803,0.13696943844016668,0.19454142834457286
2022-11-30,0.25,0.06,0.51075,0.12881141529482654,0.14750337538123132,0.13696943844016668,0.19454142834457286
2022-11-30,0.35,0.0,0.5085,0.12881141529482654,0.1477698373273015,0.13696943844016668,0.19454142834457286
2022-11-30,0.35,0.03,0.50825,0.12881141529482654,0.147792990244925,0.13696943844016668,0.19454142834457286
2022-11-30,0.35,0.06,0.50775,0.12881141529482654,0.14785710387676954,0.13696943844016668,0.19454142834457286
2022-12-30,0.17,0.0,0.6835,0.20554534677516556,0.11391485398262739,0.12773830662572555,0.19463583502105167
2022-12-30,0.17,0.03,0.6815,0.20554534677516556,0.11392882120609284,0.12773830662572555,0.19463583502105167
2022-12-30,0.17,0.06,0.678,0.20554534677516556,0.11396812211722135,0.12773830662572555,0.19463583502105167
2022-12-30,0.25,0.0,0.6865,0.20554534677516556,0.11397397845983505,0.12773830662572555,0.19463583502105167
2022-12-30,0.25,0.03,0.6845,0.20554534677516556,0.11398747499287129,0.12773830662572555,0.19463583502105167
2022-12-30,0.25,0.06,0.68075,0.20554534677516556,0.1140255715996027,0.12773830662572555,0.19463583502105167
2022-12-30,0.35,0.0,0.69175,0.20554534677516556,0.1140646009594202,0.12773830662572555,0.19463583502105167
2022-12-30,0.35,0.03,0.69125,0.20554534677516556,0.11407774735987186,0.12773830662572555,0.19463583502105167
2022-12-30,0.35,0.06,0.6875,0.20554534677516556,0.11411502195894718,0.12773830662572555,0.19463583502105167
2023-01-31,0.17,0.0,0.73625,0.2494243699214791,0.12385506442934274,0.11496120644690974,0.19491268763669287
2023-01-31,0.17,0.03,0.7345,0.2494243699214791,0.1238771873190999,0.11496120644690974,0.19491268763669287
2023-01-31,0.17,0.06,0.7315,0.2494243699214791,0.12393830171972513,0.11496120644690974,0.19491268763669287
2023-01-31,0.25,0.0,0.74025,0.2494243699214791,0.1241308168694377,0.11496120644690974,0.19491268763669287
2023-01-31,0.25,0.03,0.73725,0.2494243699214791,0.1241527331918478,0.11496120644690974,0.19491268763669287
2023-01-31,0.25,0.06,0.733,0.2494243699214791,0.12421335113048554,0.11496120644690974,0.19491268763669287
2023-01-31,0.35,0.0,0.745,0.2494243699214791,0.12445593700557947,0.11496120644690974,0.19491268763669287
2023-01-31,0.35,0.03,0.741,0.2494243699214791,0.12447774258255959,0.11496120644690974,0.19491268763669287
2023-01-31,0.35,0.06,0.73725,0.2494243699214791,0.12453815291821957,0.11496120644690974,0.19491268763669287
2023-02-28,0.17,0.0,0.79975,0.3074974893167013,0.12861480413377285,0.11955286273805074,0.19440787912058788
2023-02-28,0.17,0.03,0.7985,0.3074974893167013,0.12863814055919648,0.11955286273805074,0.19440787912058788
2023-02-28,0.17,0.06,0.794,0.3074974893167013,0.12870259361714126,0.11955286273805074,0.19440787912058788
2023-02-28,0.25,0.0,0.80125,0.3074974893167013,0.12888942733407022,0.11955286273805074,0.19440787912058788
2023-02-28,0.25,0.03,0.80025,0.3074974893167013,0.128912536136806,0.11955286273805074,0.19440787912058788
2023-02-28,0.25,0.06,0.79575,0.3074974893167013,0.1289764437749982,0.11955286273805074,0.19440787912058788
2023-02-28,0.35,0.0,0.8075,0.3074974893167013,0.12920868223905563,0.11955286273805074,0.19440787912058788
2023-02-28,0.35,0.03,0.804,0.3074974893167013,0.1292316135838628,0.11955286273805074,0.19440787912058788
2023-02-28,0.35,0.06,0.79975,0.3074974893167013,0.12929512192308903,0.11955286273805074,0.19440787912058788
2023-03-31,0.17,0.0,0.80075,0.31419310518635135,0.13324006552249193,0.12434753494763721,0.19421824106612612
2023-03-31,0.17,0.03,0.79825,0.31419310518635135,0.13326292930543424,0.12434753494763721,0.19421824106612612
2023-03-31,0.17,0.06,0.792,0.31419310518635135,0.13332598139345647,0.12434753494763721,0.19421824106612612
2023-03-31,0.25,0.0,0.803,0.31419310518635135,0.13348781333863735,0.12434753494763721,0.19421824106612612
2023-03-31,0.25,0.03,0.80175,0.31419310518635135,0.13351037750393152,0.12434753494763721,0.19421824106612612
2023-03-31,0.25,0.06,0.7945,0.31419310518635135,0.13357268035411834,0.12434753494763721,0.19421824106612612
2023-03-31,0.35,0.0,0.8075,0.31419310518635135,0.1337725677192211,0.12434753494763721,0.19421824106612612
2023-03-31,0.35,0.03,0.805,0.31419310518635135,0.1337948782071471,0.12434753494763721,0.19421824106612612
2023-03-31,0.35,0.06,0.79875,0.31419310518635135,0.13385657364875078,0.12434753494763721,0.19421824106612612
2023-04-28,0.17,0.0,0.733,0.23137619568519296,0.1093640470057726,0.12285927635754607,0.19427187254878245
2023-04-28,0.17,0.03,0.73,0.23137619568519296,0.10937831343710422,0.12285927635754607,0.19427187254878245
2023-04-28,0.17,0.06,0.72575,0.23137619568519296,0.10941846282780171,0.12285927635754607,0.19427187254878245
2023-04-28,0.25,0.0,0.737,0.23137619568519296,0.10943893273174762,0.12285927635754607,0.19427187254878245
2023-04-28,0.25,0.03,0.73375,0.23137619568519296,0.10945309615880251,0.12285927635754607,0.19427187254878245
2023-04-28,0.25,0.06,0.7285,0.23137619568519296,0.10949304133653641,0.12285927635754607,0.19427187254878245
2023-04-28,0.35,0.0,0.742,0.23137619568519296,0.10955460204184056,0.12285927635754607,0.19427187254878245
2023-04-28,0.35,0.03,0.73925,0.23137619568519296,0.1095689235329628,0.12285927635754607,0.19427187254878245
2023-04-28,0.35,0.06,0.7315,0.23137619568519296,0.10960941354930401,0.12285927635754607,0.19427187254878245
2023-05-31,0.17,0.0,0.74775,0.27164982863871323,0.13620163586735726,0.1270377133537083,0.194156126829989
2023-05-31,0.17,0.03,0.746,0.27164982863871323,0.1362242502272129,0.1270377133537083,0.194156126829989
2023-05-31,0.17,0.06,0.7415,0.27164982863871323,0.13628663600236177,0.1270377133537083,0.194156126829989
2023-05-31,0.25,0.0,0.751,0.27164982863871323,0.1364374412447214,0.1270377133537083,0.194156126829989
2023-05-31,0.25,0.03,0.75,0.27164982863871323,0.13645984783768653,0.1270377133537083,0.194156126829989
2023-05-31,0.25,0.06,0.7445,0.27164982863871323,0.13652173686027527,0.1270377133537083,0.194156126829989
2023-05-31,0.35,0.0,0.756,0.27164982863871323,0.1367081192806363,0.1270377133537083,0.194156126829989
2023-05-31,0.35,0.03,0.75425,0.27164982863871323,0.13673036293685437,0.1270377133537083,0.194156126829989
2023-05-31,0.35,0.06,0.7485,0.27164982863871323,0.13679191064089535,0.1270377133537083,0.194156126829989
2023-06-30,0.17,0.0,0.75175,0.2837591848511698,0.14289401116222142,0.1339390545547166,0.19409884620518061
2023-06-30,0.17,0.03,0.751,0.2837591848511698,0.14291766212135554,0.1339390545547166,0.19409884620518061
2023-06-30,0.17,0.06,0.74825,0.2837591848511698,0.14298277027159928,0.1339390545547166,0.19409884620518061
2023-06-30,0.25,0.0,0.75475,0.2837591848511698,0.1431086648926139,0.1339390545547166,0.19409884620518061
2023-06-30,0.25,0.03,0.7545,0.2837591848511698,0.1431322049871087,0.1339390545547166,0.19409884620518061
2023-06-30,0.25,0.06,0.75025,0.2837591848511698,0.14319707915186883,0.1339390545547166,0.19409884620518061
2023-06-30,0.35,0.0,0.761,0.2837591848511698,0.14335515109449626,0.1339390545547166,0.19409884620518061
2023-06-30,0.35,0.03,0.76025,0.2837591848511698,0.14337870267033576,0.1339390545547166,0.19409884620518061
2023-06-30,0.35,0.06,0.754,0.2837591848511698,0.14344368865340948,0.1339390545547166,0.19409884620518061
2023-07-31,0.17,0.0,0.74675,0.24864969221626732,0.11589939995855093,0.1283293401032148,0.19414380497181252
2023-07-31,0.17,0.03,0.745,0.24864969221626732,0.11591360443085431,0.1283293401032148,0.19414380497181252
2023-07-31,0.17,0.06,0.739,0.24864969221626732,0.11595340289920568,0.1283293401032148,0.19414380497181252
2023-07-31,0.25,0.0,0.75125,0.24864969221626732,0.11602025981247426,0.1283293401032148,0.19414380497181252
2023-07-31,0.25,0.03,0.74825,0.24864969221626732,0.11603453676402568,0.1283293401032148,0.19414380497181252
2023-07-31,0.25,0.06,0.74275,0.24864969221626732,0.11607462043315173,0.1283293401032148,0.19414380497181252
2023-07-31,0.35,0.0,0.75775,0.24864969221626732,0.11619507067650557,0.1283293401032148,0.19414380497181252
2023-07-31,0.35,0.03,0.75375,0.24864969221626732,0.11620967315882444,0.1283293401032148,0.19414380497181252
2023-07-31,0.35,0.06,0.74775,0.24864969221626732,0.11625076097995043,0.1283293401032148,0.19414380497181252
2023-08-31,0.17,0.0,0.85,0.3358978352832973,0.10724665002524852,0.11961017838066548,0.19399232083611173
2023-08-31,0.17,0.03,0.849,0.3358978352832973,0.1072614362090826,0.11961017838066548,0.19399232083611173
2023-08-31,0.17,0.06,0.8455,0.3358978352832973,0.10730279771238566,0.11961017838066548,0.19399232083611173
2023-08-31,0.25,0.0,0.8505,0.3358978352832973,0.10730196138471365,0.11961017838066548,0.19399232083611173
2023-08-31,0.25,0.03,0.84925,0.3358978352832973,0.10731721573323011,0.11961017838066548,0.19399232083611173
2023-08-31,0.25,0.06,0.84525,0.3358978352832973,0.1073599247559905,0.11961017838066548,0.19399232083611173
2023-08-31,0.35,0.0,0.857,0.3358978352832973,0.10738454166054726,0.11961017838066548,0.19399232083611173
2023-08-31,0.35,0.03,0.85475,0.3358978352832973,0.10740061992406845,0.11961017838066548,0.19399232083611173
2023-08-31,0.35,0.06,0.8485,0.3358978352832973,0.10744569214433432,0.11961017838066548,0.19399232083611173
2023-09-29,0.17,0.0,0.788,0.28783565246816245,0.12069959159940481,0.13227792489846768,0.19343720979767878
2023-09-29,0.17,0.03,0.7865,0.28783565246816245,0.12071379183232785,0.13227792489846768,0.19343720979767878
2023-09-29,0.17,0.06,0.78225,0.28783565246816245,0.12075361442565918,0.13227792489846768,0.19343720979767878
2023-09-29,0.25,0.0,0.794,0.28783565246816245,0.12077463948726654,0.13227792489846768,0.19343720979767878
2023-09-29,0.25,0.03,0.7935,0.28783565246816245,0.12078907427936793,0.13227792489846768,0.19343720979767878
2023-09-29,0.25,0.06,0.78525,0.28783565246816245,0.12082961969822645,0.13227792489846768,0.19343720979767878
2023-09-29,0.35,0.0,0.801,0.28783565246816245,0.12088249874860048,0.13227792489846768,0.19343720979767878
2023-09-29,0.35,0.03,0.7985,0.28783565246816245,0.12089744064956903,0.13227792489846768,0.19343720979767878
2023-09-29,0.35,0.06,0.787,0.28783565246816245,0.12093947776407003,0.13227792489846768,0.19343720979767878
2023-10-31,0.17,0.0,0.74975,0.2822163831197386,0.144948434561491,0.13704541044461652,0.19160387349907276
2023-10-31,0.17,0.03,0.74825,0.2822163831197386,0.14497320480644704,0.13704541044461652,0.19160387349907276
2023-10-31,0.17,0.06,0.74375,0.2822163831197386,0.14504144604504107,0.13704541044461652,0.19160387349907276
2023-10-31,0.25,0.0,0.7525,0.2822163831197386,0.14516126325726508,0.13704541044461652,0.19160387349907276
2023-10-31,0.25,0.03,0.74925,0.2822163831197386,0.14518580319732427,0.13704541044461652,0.19160387349907276
2023-10-31,0.25,0.06,0.7465,0.2822163831197386,0.14525348833203316,0.13704541044461652,0.19160387349907276
2023-10-31,0.35,0.0,0.7575,0.2822163831197386,0.14541133631765843,0.13704541044461652,0.19160387349907276
2023-10-31,0.35,0.03,0.75525,0.2822163831197386,0.14543578416109085,0.13704541044461652,0.19160387349907276
2023-10-31,0.35,0.06,0.74775,0.2822163831197386,0.1455033078491688,0.13704541044461652,0.19160387349907276
2023-11-30,0.17,0.0,0.684,0.2383591016659985,0.14619412788748742,0.1382939910337597,0.1913038831313543
2023-11-30,0.17,0.03,0.68275,0.2383591016659985,0.1462197172269225,0.1382939910337597,0.1913038831313543
2023-11-30,0.17,0.06,0.67625,0.2383591016659985,0.14629011326283217,0.1382939910337597,0.1913038831313543
2023-11-30,0.25,0.0,0.6865,0.2383591016659985,0.1463909844905138,0.1382939910337597,0.1913038831313543
2023-11-30,0.25,0.03,0.683,0.2383591016659985,0.14641634044051172,0.1382939910337597,0.1913038831313543
2023-11-30,0.25,0.06,0.68275,0.2383591016659985,0.14648616457730532,0.1382939910337597,0.1913038831313543
2023-11-30,0.35,0.0,0.692,0.2383591016659985,0.1466286869496107,0.1382939910337597,0.1913038831313543
2023-11-30,0.35,0.03,0.68875,0.2383591016659985,0.14665395800024272,0.1382939910337597,0.1913038831313543
2023-11-30,0.35,0.06,0.68425,0.2383591016659985,0.14672364237904548,0.1382939910337597,0.1913038831313543
2023-12-29,0.17,0.0,0.443,0.10434281941277046,0.15858208836615087,0.15099066544338943,0.19100295938764203
2023-12-29,0.17,0.03,0.4465,0.10434281941277046,0.1586085483878851,0.15099066544338943,0.19100295938764203
2023-12-29,0.17,0.06,0.45225,0.10434281941277046,0.1586812987551093,0.15099066544338943,0.19100295938764203
2023-12-29,0.25,0.0,0.444,0.10434281941277046,0.1587768318578601,0.15099066544338943,0.19100295938764203
2023-12-29,0.25,0.03,0.44475,0.10434281941277046,0.15880307658016682,0.15099066544338943,0.19100295938764203
2023-12-29,0.25,0.06,0.45225,0.10434281941277046,0.15887528896331787,0.15099066544338943,0.19100295938764203
2023-12-29,0.35,0.0,0.44225,0.10434281941277046,0.15900222507864237,0.15099066544338943,0.19100295938764203
2023-12-29,0.35,0.03,0.442,0.10434281941277046,0.15902840507030486,0.15099066544338943,0.19100295938764203
2023-12-29,0.35,0.06,0.448,0.10434281941277046,0.15910054466128348,0.15099066544338943,0.19100295938764203
2024-01-31,0.17,0.0,0.45575,0.10497542528677317,0.15555984809994697,0.15129799471451258,0.19154125724560928
2024-01-31,0.17,0.03,0.45725,0.10497542528677317,0.15559021966904402,0.15129799471451258,0.19154125724560928
2024-01-31,0.17,0.06,0.46125,0.10497542528677317,0.15567359241098166,0.15129799471451258,0.19154125724560928
2024-01-31,0.25,0.0,0.454,0.10497542528677317,0.15573075208812953,0.15129799471451258,0.19154125724560928
2024-01-31,0.25,0.03,0.45575,0.10497542528677317,0.15576062988489867,0.15129799471451258,0.19154125724560928
2024-01-31,0.25,0.06,0.46,0.10497542528677317,0.1558427665606141,0.15129799471451258,0.19154125724560928
2024-01-31,0.35,0.0,0.45175,0.10497542528677317,0.15591515511274337,0.15129799471451258,0.19154125724560928
2024-01-31,0.35,0.03,0.45425,0.10497542528677317,0.15594431664049627,0.15129799471451258,0.19154125724560928
2024-01-31,0.35,0.06,0.45925,0.10497542528677317,0.15602461642026902,0.15129799471451258,0.19154125724560928
2024-02-29,0.17,0.0,0.32575,0.03933965005131257,0.15866774130612613,0.15265517976412463,0.19131500375698168
2024-02-29,0.17,0.03,0.3275,0.03933965005131257,0.15870008851587772,0.15265517976412463,0.19131500375698168
2024-02-29,0.17,0.06,0.3365,0.03933965005131257,0.1587886814251542,0.15265517976412463,0.19131500375698168
2024-02-29,0.25,0.0,0.32275,0.03933965005131257,0.15874063980579375,0.15265517976412463,0.19131500375698168
2024-02-29,0.25,0.03,0.3255,0.03933965005131257,0.15877217772603036,0.15265517976412463,0.19131500375698168
2024-02-29,0.25,0.06,0.3345,0.03933965005131257,0.1588586763292551,0.15265517976412463,0.19131500375698168
2024-02-29,0.35,0.0,0.3205,0.03933965005131257,0.15879167179018258,0.15265517976412463,0.19131500375698168
2024-02-29,0.35,0.03,0.3235,0.03933965005131257,0.15882212498784065,0.15265517976412463,0.19131500375698168
2024-02-29,0.35,0.06,0.334,0.03933965005131257,0.15890580946952104,0.15265517976412463,0.19131500375698168
2024-03-28,0.17,0.0,0.33825,0.03929119101862355,0.1509747673049569,0.1450475751905938,0.19135331533177297
2024-03-28,0.17,0.03,0.339,0.03929119101862355,0.15100898564606904,0.1450475751905938,0.19135331533177297
2024-03-28,0.17,0.06,0.34625,0.03929119101862355,0.1511027773246169,0.1450475751905938,0.19135331533177297
2024-03-28,0.25,0.0,0.33425,0.03929119101862355,0.1510853648930788,0.1450475751905938,0.19135331533177297
2024-03-28,0.25,0.03,0.33675,0.03929119101862355,0.15111914607137442,0.1450475751905938,0.19135331533177297
2024-03-28,0.25,0.06,0.34325,0.03929119101862355,0.1512118563875556,0.1450475751905938,0.19135331533177297
2024-03-28,0.35,0.0,0.33175,0.03929119101862355,0.15117893148213624,0.1450475751905938,0.19135331533177297
2024-03-28,0.35,0.03,0.3335,0.03929119101862355,0.15121212547272445,0.1450475751905938,0.19135331533177297
2024-03-28,0.35,0.06,0.341,0.03929119101862355,0.15130339482426644,0.1450475751905938,0.19135331533177297
2024-04-30,0.17,0.0,0.4295,0.08788249732890008,0.15068479803949594,0.1444808983971858,0.1911999160141205
2024-04-30,0.17,0.03,0.42925,0.08788249732890008,0.15071882144361734,0.1444808983971858,0.1911999160141205
2024-04-30,0.17,0.06,0.43025,0.08788249732890008,0.1508120863288641,0.1444808983971858,0.1911999160141205
2024-04-30,0.25,0.0,0.42525,0.08788249732890008,0.15080048652738332,0.1444808983971858,0.1911999160141205
2024-04-30,0.25,0.03,0.428,0.08788249732890008,0.15083406707644462,0.1444808983971858,0.1911999160141205
2024-04-30,0.25,0.06,0.43275,0.08788249732890008,0.15092623112350703,0.1444808983971858,0.1911999160141205
2024-04-30,0.35,0.0,0.423,0.08788249732890008,0.150900381565094,0.1444808983971858,0.1911999160141205
2024-04-30,0.35,0.03,0.42425,0.08788249732890008,0.15093335403501987,0.1444808983971858,0.1911999160141205
2024-04-30,0.35,0.06,0.43125,0.08788249732890008,0.15102400957792997,0.1444808983971858,0.1911999160141205
2024-05-31,0.17,0.0,0.54275,0.12425327498196226,0.12039569199085236,0.14160095740076328,0.19032824977610202
2024-05-31,0.17,0.03,0.544,0.12425327498196226,0.12041370157152415,0.14160095740076328,0.19032824977610202
2024-05-31,0.17,0.06,0.543,0.12425327498196226,0.12046374670416117,0.14160095740076328,0.19032824977610202
2024-05-31,0.25,0.0,0.543,0.12425327498196226,0.12052573012560606,0.14160095740076328,0.19032824977610202
2024-05-31,0.25,0.03,0.54325,0.12425327498196226,0.1205438757315278,0.14160095740076328,0.19032824977610202
2024-05-31,0.25,0.06,0.54425,0.12425327498196226,0.1205943518653512,0.14160095740076328,0.19032824977610202
2024-05-31,0.35,0.0,0.54425,0.12425327498196226,0.12066937635093927,0.14160095740076328,0.19032824977610202
2024-05-31,0.35,0.03,0.543,0.12425327498196226,0.12068793161958456,0.14160095740076328,0.19032824977610202
2024-05-31,0.35,0.06,0.54675,0.12425327498196226,0.12073963907361031,0.14160095740076328,0.19032824977610202
2024-06-28,0.17,0.0,0.4335,0.07193182140105092,0.1381074853464961,0.15264869820764237,0.19313096329866455
2024-06-28,0.17,0.03,0.434,0.07193182140105092,0.13812754737585783,0.15264869820764237,0.19313096329866455
2024-06-28,0.17,0.06,0.43625,0.07193182140105092,0.1381830121874809,0.15264869820764237,0.19313096329866455
2024-06-28,0.25,0.0,0.431,0.07193182140105092,0.13827835549414158,0.15264869820764237,0.19313096329866455
2024-06-28,0.25,0.03,0.43175,0.07193182140105092,0.13829875656217336,0.15264869820764237,0.19313096329866455
2024-06-28,0.25,0.06,0.43625,0.07193182140105092,0.1383552095219493,0.15264869820764237,0.19313096329866455
2024-06-28,0.35,0.0,0.428,0.07193182140105092,0.1385058511197567,0.15264869820764237,0.19313096329866455
2024-06-28,0.35,0.03,0.4285,0.07193182140105092,0.13852706678956747,0.15264869820764237,0.19313096329866455
2024-06-28,0.35,0.06,0.43325,0.07193182140105092,0.1385858544483781,0.15264869820764237,0.19313096329866455
2024-07-31,0.17,0.0,0.25175,0.0038111875567248266,0.16959394758939744,0.162097634396488,0.1928038007319039
2024-07-31,0.17,0.03,0.254,0.0038111875567248266,0.1696247171983123,0.162097634396488,0.1928038007319039
2024-07-31,0.17,0.06,0.26275,0.0038111875567248266,0.16970967689156533,0.162097634396488,0.1928038007319039
2024-07-31,0.25,0.0,0.252,0.0038111875567248266,0.16960123305022717,0.162097634396488,0.1928038007319039
2024-07-31,0.25,0.03,0.256,0.0038111875567248266,0.1696311684474349,0.162097634396488,0.1928038007319039
2024-07-31,0.25,0.06,0.26425,0.0038111875567248266,0.16971397521346807,0.162097634396488,0.1928038007319039
2024-07-31,0.35,0.0,0.2455,0.0038111875567248266,0.16951285363733767,0.162097634396488,0.1928038007319039
2024-07-31,0.35,0.03,0.25025,0.0038111875567248266,0.16954154773801566,0.162097634396488,0.1928038007319039
2024-07-31,0.35,0.06,0.26125,0.0038111875567248266,0.1696211224347353,0.162097634396488,0.1928038007319039
2024-08-30,0.17,0.0,0.2345,-0.007051643161534726,0.17124910281598568,0.16398233945728274,0.19244573911505672
2024-08-30,0.17,0.03,0.23975,-0.007051643161534726,0.17128030586987733,0.16398233945728274,0.19244573911505672
2024-08-30,0.17,0.06,0.247,-0.007051643161534726,0.1713664622604847,0.16398233945728274,0.19244573911505672
2024-08-30,0.25,0.0,0.23225,-0.007051643161534726,0.1712785510569811,0.16398233945728274,0.19244573911505672
2024-08-30,0.25,0.03,0.23525,-0.007051643161534726,0.1713090010881424,0.16398233945728274,0.19244573911505672
2024-08-30,0.25,0.06,0.24725,-0.007051643161534726,0.17139321430772542,0.16398233945728274,0.19244573911505672
2024-08-30,0.35,0.0,0.22275,-0.007051643161534726,0.17122350908815862,0.16398233945728274,0.19244573911505672
2024-08-30,0.35,0.03,0.22825,-0.007051643161534726,0.17125284388661385,0.16398233945728274,0.19244573911505672
2024-08-30,0.35,0.06,0.24075,-0.007051643161534726,0.17133415871858595,0.16398233945728274,0.19244573911505672
2024-09-30,0.17,0.0,0.21925,-0.01569345820936785,0.16976114139705897,0.16213169986760068,0.19014950083167667
2024-09-30,0.17,0.03,0.223,-0.01569345820936785,0.1697927408963442,0.16213169986760068,0.19014950083167667
2024-09-30,0.17,0.06,0.2355,-0.01569345820936785,0.16987977267056703,0.16213169986760068,0.19014950083167667
2024-09-30,0.25,0.0,0.21375,-0.01569345820936785,0.16978960208594798,0.16213169986760068,0.19014950083167667
2024-09-30,0.25,0.03,0.2185,-0.01569345820936785,0.16982051040232182,0.16213169986760068,0.19014950083167667
2024-09-30,0.25,0.06,0.232,-0.01569345820936785,0.1699057639837265,0.16213169986760068,0.19014950083167667
2024-09-30,0.35,0.0,0.20975,-0.01569345820936785,0.1697350929901004,0.16213169986760068,0.19014950083167667
2024-09-30,0.35,0.03,0.213,-0.01569345820936785,0.1697649606242776,0.16213169986760068,0.19014950083167667
2024-09-30,0.35,0.06,0.2255,-0.01569345820936785,0.16984752954542637,0.16213169986760068,0.19014950083167667
2024-10-31,0.17,0.0,0.3735,0.0669486114617559,0.15813023155927658,0.15242992907571382,0.18996825091434355
2024-10-31,0.17,0.03,0.3775,0.0669486114617559,0.15816061025857925,0.15242992907571382,0.18996825091434355
2024-10-31,0.17,0.06,0.38225,0.0669486114617559,0.15824401428550483,0.15242992907571382,0.18996825091434355
2024-10-31,0.25,0.0,0.37075,0.0669486114617559,0.15828332375735044,0.15242992907571382,0.18996825091434355
2024-10-31,0.25,0.03,0.37525,0.0669486114617559,0.15831250575184821,0.15242992907571382,0.18996825091434355
2024-10-31,0.25,0.06,0.3805,0.0669486114617559,0.15839274740964174,0.15242992907571382,0.18996825091434355
2024-10-31,0.35,0.0,0.36425,0.0669486114617559,0.1584763833358884,0.15242992907571382,0.18996825091434355
2024-10-31,0.35,0.03,0.3685,0.0669486114617559,0.15850373083353042,0.15242992907571382,0.18996825091434355
2024-10-31,0.35,0.06,0.3765,0.0669486114617559,0.15857911435514688,0.15242992907571382,0.18996825091434355
2024-11-29,0.17,0.0,0.42525,0.09296296449673203,0.1569817821457982,0.15072468758556865,0.1908096982956956
2024-11-29,0.17,0.03,0.4255,0.09296296449673203,0.15701246394962073,0.15072468758556865,0.1908096982956956
2024-11-29,0.17,0.06,0.43075,0.09296296449673203,0.1570969314649701,0.15072468758556865,0.1908096982956956
2024-11-29,0.25,0.0,0.42075,0.09296296449673203,0.15707755693793296,0.15072468758556865,0.1908096982956956
2024-11-29,0.25,0.03,0.42175,0.09296296449673203,0.1571069549843669,0.15072468758556865,0.1908096982956956
2024-11-29,0.25,0.06,0.42725,0.09296296449673203,0.15718802514672278,0.15072468758556865,0.1908096982956956
2024-11-29,0.35,0.0,0.4165,0.09296296449673203,0.15719470727443696,0.15072468758556865,0.1908096982956956
2024-11-29,0.35,0.03,0.4185,0.09296296449673203,0.1572221105620265,0.15072468758556865,0.1908096982956956
2024-11-29,0.35,0.06,0.42675,0.09296296449673203,0.15729789892584087,0.15072468758556865,0.1908096982956956
2024-12-31,0.17,0.0,0.49175,0.12472009094769998,0.15278850001841784,0.1458346806757158,0.19100649727941252
2024-12-31,0.17,0.03,0.49225,0.12472009094769998,0.15281841251254083,0.1458346806757158,0.19100649727941252
2024-12-31,0.17,0.06,0.49275,0.12472009094769998,0.15290089329332113,0.1458346806757158,0.19100649727941252
2024-12-31,0.25,0.0,0.4895,0.12472009094769998,0.15289029615372418,0.1458346806757158,0.19100649727941252
2024-12-31,0.25,0.03,0.48975,0.12472009094769998,0.1529188649505377,0.1458346806757158,0.19100649727941252
2024-12-31,0.25,0.06,0.492,0.12472009094769998,0.15299778106063605,0.1458346806757158,0.19100649727941252
2024-12-31,0.35,0.0,0.487,0.12472009094769998,0.15298544810712336,0.1458346806757158,0.19100649727941252
2024-12-31,0.35,0.03,0.4885,0.12472009094769998,0.15301186989992857,0.1458346806757158,0.19100649727941252
2024-12-31,0.35,0.06,0.49125,0.12472009094769998,0.1530850762873888,0.1458346806757158,0.19100649727941252
2025-01-31,0.17,0.0,0.467,0.11474071163853594,0.15351374845951796,0.14769852953127477,0.19122413736018617
2025-01-31,0.17,0.03,0.467,0.11474071163853594,0.15354548063874246,0.14769852953127477,0.19122413736018617
2025-01-31,0.17,0.06,0.4705,0.11474071163853594,0.15363275539129972,0.14769852953127477,0.19122413736018617
2025-01-31,0.25,0.0,0.466,0.11474071163853594,0.15349038595706224,0.14769852953127477,0.19122413736018617
2025-01-31,0.25,0.03,0.467,0.11474071163853594,0.15352139099687337,0.14769852953127477,0.19122413736018617
2025-01-31,0.25,0.06,0.47075,0.11474071163853594,0.1536067512333393,0.14769852953127477,0.19122413736018617
2025-01-31,0.35,0.0,0.4655,0.11474071163853594,0.15339719703793525,0.14769852953127477,0.19122413736018617
2025-01-31,0.35,0.03,0.4655,0.11474071163853594,0.1534272229298949,0.14769852953127477,0.19122413736018617
2025-01-31,0.35,0.06,0.46925,0.11474071163853594,0.15351003362238408,0.14769852953127477,0.19122413736018617
2025-02-28,0.17,0.0,0.46975,0.11093304271320781,0.15106581573933364,0.1484342385300136,0.18990150419191212
2025-02-28,0.17,0.03,0.4685,0.11093304271320781,0.15109786631166935,0.1484342385300136,0.18990150419191212
2025-02-28,0.17,0.06,0.47225,0.11093304271320781,0.15118611201643944,0.1484342385300136,0.18990150419191212
2025-02-28,0.25,0.0,0.46775,0.11093304271320781,0.15124601465463638,0.1484342385300136,0.18990150419191212
2025-02-28,0.25,0.03,0.46825,0.11093304271320781,0.15127729764580727,0.1484342385300136,0.18990150419191212
2025-02-28,0.25,0.06,0.471,0.11093304271320781,0.15136352539807557,0.1484342385300136,0.18990150419191212
2025-02-28,0.35,0.0,0.464,0.11093304271320781,0.15147282054275274,0.1484342385300136,0.18990150419191212
2025-02-28,0.35,0.03,0.4635,0.11093304271320781,0.1515028070807457,0.1484342385300136,0.18990150419191212
2025-02-28,0.35,0.06,0.46675,0.11093304271320781,0.15158562645316123,0.1484342385300136,0.18990150419191212
2025-03-28,0.17,0.0,0.21225,0.02410117772257525,0.18897641552239655,0.1852579095860702,0.16094759622627647
2025-03-28,0.17,0.03,0.21875,0.02410117772257525,0.18901228576153517,0.1852579095860702,0.16094759622627647
2025-03-28,0.17,0.06,0.235,0.02410117772257525,0.18910787694901227,0.1852579095860702,0.16094759622627647
2025-03-28,0.25,0.0,0.21275,0.02410117772257525,0.18909291516244411,0.1852579095860702,0.16094759622627647
2025-03-28,0.25,0.03,0.2185,0.02410117772257525,0.1891283821389079,0.1852579095860702,0.16094759622627647
2025-03-28,0.25,0.06,0.23275,0.02410117772257525,0.18922300401329994,0.1852579095860702,0.16094759622627647
2025-03-28,0.35,0.0,0.20525,0.02410117772257525,0.18921131951361894,0.1852579095860702,0.16094759622627647
2025-03-28,0.35,0.03,0.213,0.02410117772257525,0.18924622934311627,0.1852579095860702,0.16094759622627647
2025-03-28,0.35,0.06,0.2315,0.02410117772257525,0.18933949937671424,0.1852579095860702,0.16094759622627647
2025-04-30,0.17,0.0,0.20875,0.006504955909342636,0.15843877854198218,0.1711199709497387,0.1518257349311321
2025-04-30,0.17,0.03,0.216,0.006504955909342636,0.15846303728222846,0.1711199709497387,0.1518257349311321
2025-04-30,0.17,0.06,0.23275,0.006504955909342636,0.15852725958824157,0.1711199709497387,0.1518257349311321
2025-04-30,0.25,0.0,0.2075,0.006504955909342636,0.15854244730621575,0.1711199709497387,0.1518257349311321
2025-04-30,0.25,0.03,0.2125,0.006504955909342636,0.15856685984879731,0.1711199709497387,0.1518257349311321
2025-04-30,0.25,0.06,0.23325,0.006504955909342636,0.1586315625086427,0.1711199709497387,0.1518257349311321
2025-04-30,0.35,0.0,0.20625,0.006504955909342636,0.15865054119378327,0.1711199709497387,0.1518257349311321
2025-04-30,0.35,0.03,0.2125,0.006504955909342636,0.15867529303580521,0.1711199709497387,0.1518257349311321
2025-04-30,0.35,0.06,0.233,0.006504955909342636,0.15874097733944653,0.1711199709497387,0.1518257349311321
2025-05-30,0.17,0.0,0.09875,-0.048664476432665804,0.17654920491576195,0.1730742063480695,0.14771375418345545
2025-05-30,0.17,0.03,0.10325,-0.048664476432665804,0.17658557930588722,0.1730742063480695,0.14771375418345545
2025-05-30,0.17,0.06,0.1165,-0.048664476432665804,0.17668064574897288,0.1730742063480695,0.14771375418345545
2025-05-30,0.25,0.0,0.0995,-0.048664476432665804,0.17670407325774432,0.1730742063480695,0.14771375418345545
2025-05-30,0.25,0.03,0.1025,-0.048664476432665804,0.17673975617438556,0.1730742063480695,0.14771375418345545
2025-05-30,0.25,0.06,0.1165,-0.048664476432665804,0.17683311408013105,0.1730742063480695,0.14771375418345545
2025-05-30,0.35,0.0,0.10025,-0.048664476432665804,0.17688678520172835,0.1730742063480695,0.14771375418345545
2025-05-30,0.35,0.03,0.10275,-0.048664476432665804,0.17692153506726027,0.1730742063480695,0.14771375418345545
2025-05-30,0.35,0.06,0.11775,-0.048664476432665804,0.1770126079842448,0.1730742063480695,0.14771375418345545
2025-06-30,0.17,0.0,0.08875,-0.04862238747118397,0.1774667238742113,0.17140385205918857,0.14638215807983765
2025-06-30,0.17,0.03,0.09325,-0.04862238747118397,0.17750399996340274,0.17140385205918857,0.14638215807983765
2025-06-30,0.17,0.06,0.1055,-0.04862238747118397,0.17760104569047688,0.17140385205918857,0.14638215807983765
2025-06-30,0.25,0.0,0.08875,-0.04862238747118397,0.17761077748984097,0.17140385205918857,0.14638215807983765
2025-06-30,0.25,0.03,0.09325,-0.04862238747118397,0.17764705507457257,0.17140385205918857,0.14638215807983765
2025-06-30,0.25,0.06,0.1065,-0.04862238747118397,0.17774163749068975,0.17140385205918857,0.14638215807983765
2025-06-30,0.35,0.0,0.09025,-0.04862238747118397,0.17777277035266162,0.17140385205918857,0.14638215807983765
2025-06-30,0.35,0.03,0.094,-0.04862238747118397,0.17780778512358666,0.17140385205918857,0.14638215807983765
2025-06-30,0.35,0.06,0.10775,-0.04862238747118397,0.1778992637321353,0.17140385205918857,0.14638215807983765
2025-07-31,0.17,0.0,0.16925,0.0009511553289998087,0.16731637033820151,0.1613901623202108,0.14527021291879838
2025-07-31,0.17,0.03,0.1755,0.0009511553289998087,0.16735372872650622,0.1613901623202108,0.14527021291879838
2025-07-31,0.17,0.06,0.196,0.0009511553289998087,0.16745089703053237,0.1613901623202108,0.14527021291879838
2025-07-31,0.25,0.0,0.1645,0.0009511553289998087,0.16745566394925118,0.1613901623202108,0.14527021291879838
2025-07-31,0.25,0.03,0.1715,0.0009511553289998087,0.1674920016899705,0.1613901623202108,0.14527021291879838
2025-07-31,0.25,0.06,0.19225,0.0009511553289998087,0.1675866716578603,0.1613901623202108,0.14527021291879838
2025-07-31,0.35,0.0,0.16125,0.0009511553289998087,0.16761388140916825,0.1613901623202108,0.14527021291879838
2025-07-31,0.35,0.03,0.16875,0.0009511553289998087,0.16764893568307163,0.1613901623202108,0.14527021291879838
2025-07-31,0.35,0.06,0.19025,0.0009511553289998087,0.1677404544427991,0.1613901623202108,0.14527021291879838
2025-08-29,0.17,0.0,0.14925,-0.01377796135571041,0.16297088707983493,0.15745973070131475,0.14466541057898627
2025-08-29,0.17,0.03,0.15475,-0.01377796135571041,0.16300712564587594,0.15745973070131475,0.14466541057898627
2025-08-29,0.17,0.06,0.1725,-0.01377796135571041,0.1631013007685542,0.15745973070131475,0.14466541057898627
2025-08-29,0.25,0.0,0.14675,-0.01377796135571041,0.1630577126517892,0.15745973070131475,0.14466541057898627
2025-08-29,0.25,0.03,0.1535,-0.01377796135571041,0.163092922963202,0.15745973070131475,0.14466541057898627
2025-08-29,0.25,0.06,0.172,-0.01377796135571041,0.1631845566853881,0.15745973070131475,0.14466541057898627
2025-08-29,0.35,0.0,0.14225,-0.01377796135571041,0.16314327044039964,0.15745973070131475,0.14466541057898627
2025-08-29,0.35,0.03,0.1465,-0.01377796135571041,0.16317715546488762,0.15745973070131475,0.14466541057898627
2025-08-29,0.35,0.06,0.1695,-0.01377796135571041,0.16326554846018554,0.15745973070131475,0.14466541057898627
