Date,Open,High,Low,Close,Adj Close,Volume
2014-10-01,341.79998779296875,347.54998779296875,341.5,344.6000061035156,134.7813720703125,3408001
2014-10-07,341.20001220703125,347.8999938964844,339.1000061035156,341.54998779296875,133.5884246826172,3866590
2014-10-08,338.1499938964844,343.8999938964844,338.1499938964844,341.70001220703125,133.64710998535156,2646998
2014-10-09,340.0,345.5,339.45001220703125,343.3500061035156,134.29244995117188,2162932
2014-10-10,340.25,341.3500061035156,333.5,335.25,131.12435913085938,2372747
2014-10-13,334.70001220703125,343.0,331.3500061035156,340.79998779296875,133.29507446289062,2888612
2014-10-14,341.0,347.5,339.5,344.20001220703125,134.62489318847656,2210131
2014-10-15,344.20001220703125,344.20001220703125,344.20001220703125,344.20001220703125,134.62489318847656,0
2014-10-16,343.1000061035156,351.29998779296875,340.6000061035156,348.6000061035156,136.34588623046875,3072011
2014-10-17,349.1000061035156,354.6499938964844,346.20001220703125,350.6499938964844,137.1476593017578,1801616
2014-10-20,355.0,366.20001220703125,352.54998779296875,361.29998779296875,141.31312561035156,2002057
2014-10-21,362.0,362.0,352.0,355.04998779296875,138.8686065673828,3201012
2014-10-22,357.0,357.0,351.0,353.04998779296875,138.08636474609375,6261947
2014-10-27,352.5,359.29998779296875,347.79998779296875,356.5,139.43577575683594,2375296
2014-10-28,348.0,358.0,348.0,356.6499938964844,139.494384765625,1610475
2014-10-29,356.8500061035156,360.0,354.3500061035156,358.79998779296875,140.33529663085938,1915279
2014-10-30,358.0,363.0,356.75,359.8999938964844,140.76556396484375,2565256
2014-10-31,360.0,371.95001220703125,360.0,370.54998779296875,144.93104553222656,2705137
2014-11-03,372.0,375.0,358.0,359.20001220703125,140.49179077148438,3332454
2014-11-05,361.0,361.95001220703125,344.79998779296875,349.1000061035156,136.5414276123047,6256926
2014-11-07,346.0,347.8500061035156,341.6499938964844,344.54998779296875,134.7617950439453,3604629
2014-11-10,341.0,353.54998779296875,339.1000061035156,349.1000061035156,136.5414276123047,4328207
2014-11-11,352.0,352.45001220703125,344.1499938964844,345.6000061035156,135.17250061035156,4602542
2014-11-12,349.1000061035156,349.6000061035156,344.3999938964844,345.8999938964844,135.2898406982422,2513692
2014-11-13,347.0,348.79998779296875,345.0,347.1000061035156,135.75918579101562,1249146
2014-11-14,345.0,358.29998779296875,345.0,356.29998779296875,139.35751342773438,3269054
2014-11-17,354.5,356.5,351.6000061035156,354.1000061035156,138.4970245361328,1525940
2014-11-18,354.04998779296875,359.20001220703125,350.20001220703125,352.6000061035156,137.9103546142578,2309766
2014-11-19,353.20001220703125,354.8999938964844,344.0,347.04998779296875,135.73960876464844,2692674
2014-11-20,347.20001220703125,352.79998779296875,344.04998779296875,346.75,135.6222686767578,3031965
2014-11-21,345.20001220703125,348.0,343.54998779296875,346.8999938964844,135.68093872070312,2195792
2014-11-24,347.5,349.8999938964844,344.5,347.29998779296875,135.83738708496094,3715247
2014-11-25,346.0,349.79998779296875,341.0,348.04998779296875,136.1307373046875,2205505
2014-11-26,347.0,351.8999938964844,347.0,349.54998779296875,136.7174072265625,1762676
2014-11-27,347.54998779296875,351.3999938964844,346.20001220703125,349.1499938964844,136.56097412109375,2790178
2014-11-28,350.1000061035156,357.70001220703125,346.5,355.0,138.8490753173828,2812968
2014-12-01,355.0,355.29998779296875,350.95001220703125,353.79998779296875,138.37966918945312,3707445
2014-12-02,351.54998779296875,358.20001220703125,348.79998779296875,355.75,139.1423797607422,1793479
2014-12-03,355.75,359.5,353.3999938964844,357.1000061035156,139.67039489746094,2969992
2014-12-04,357.5,358.0,351.0,355.8500061035156,139.18150329589844,1688563
2014-12-05,355.3999938964844,359.5,355.0,356.54998779296875,139.45529174804688,1215587
2014-12-08,357.54998779296875,367.95001220703125,357.0,364.6000061035156,142.6038360595703,4844333
2014-12-09,363.95001220703125,364.5,356.3500061035156,360.95001220703125,141.17625427246094,3800573
2014-12-10,362.75,364.5,358.54998779296875,360.04998779296875,140.82423400878906,2148878
2014-12-11,360.0,365.20001220703125,355.1499938964844,363.70001220703125,142.25184631347656,2425895
2014-12-12,364.0,368.79998779296875,362.45001220703125,364.3500061035156,142.50604248046875,3222397
2014-12-15,362.0,378.8500061035156,360.95001220703125,377.04998779296875,147.47332763671875,2993299
2014-12-16,376.3999938964844,380.8999938964844,363.75,366.75,143.44479370117188,4518753
2014-12-17,365.0,371.95001220703125,359.1000061035156,367.25,143.6403350830078,2365837
2014-12-18,370.1000061035156,370.95001220703125,362.5,367.54998779296875,143.7576446533203,3216002
2014-12-19,372.0,379.54998779296875,367.0,376.0,147.06268310546875,3499013
2014-12-22,378.04998779296875,391.8999938964844,378.04998779296875,390.3500061035156,152.67529296875,3682646
2014-12-23,392.3999938964844,393.3500061035156,381.3500061035156,383.6499938964844,150.05474853515625,2507930
2014-12-24,384.79998779296875,389.79998779296875,373.54998779296875,376.8500061035156,147.39511108398438,5158783
2014-12-26,382.3999938964844,382.3999938964844,376.8999938964844,378.3500061035156,147.98179626464844,1081330
2014-12-29,378.3999938964844,388.45001220703125,378.3999938964844,386.8999938964844,151.32591247558594,1640127
2014-12-30,386.8999938964844,388.5,381.04998779296875,382.54998779296875,149.62454223632812,1023792
2014-12-31,382.8999938964844,389.0,379.20001220703125,383.8500061035156,150.1329803466797,1432057
2015-01-01,383.0,383.45001220703125,378.54998779296875,380.04998779296875,148.64671325683594,540225
2015-01-02,380.5,386.6000061035156,379.95001220703125,381.75,149.31163024902344,969551
2015-01-05,381.0,386.0,377.0,380.25,148.7249755859375,1857013
2015-01-06,374.0,382.1000061035156,373.70001220703125,379.95001220703125,148.60765075683594,4644316
2015-01-07,380.0,384.45001220703125,372.54998779296875,374.70001220703125,146.55416870117188,2628276
2015-01-08,384.70001220703125,385.0,377.29998779296875,379.45001220703125,148.41204833984375,1779075
2015-01-09,382.0,383.0,372.8999938964844,375.04998779296875,146.6910858154297,1442177
2015-01-12,374.8999938964844,374.8999938964844,356.0,357.8500061035156,139.96372985839844,3794388
2015-01-13,358.5,362.3999938964844,358.04998779296875,361.20001220703125,141.27401733398438,1654914
2015-01-14,363.8999938964844,364.8999938964844,360.29998779296875,363.20001220703125,142.05625915527344,1186130
2015-01-15,368.0,371.75,362.1000061035156,368.45001220703125,144.10968017578125,2278050
2015-01-16,367.25,380.6000061035156,364.3999938964844,379.04998779296875,148.2555694580078,2086327
2015-01-19,379.0,383.8999938964844,374.1000061035156,379.20001220703125,148.31427001953125,1720402
2015-01-20,384.6499938964844,384.6499938964844,378.8999938964844,382.29998779296875,149.52671813964844,1371798
2015-01-21,382.6000061035156,393.5,381.04998779296875,391.8500061035156,153.261962890625,2579948
2015-01-22,394.6000061035156,397.6000061035156,391.04998779296875,396.3999938964844,155.0415802001953,1632779
2015-01-23,398.0,400.0,390.6000061035156,394.70001220703125,154.3766632080078,1892706
2015-01-27,391.8999938964844,394.70001220703125,379.0,382.6499938964844,149.6636199951172,2619631
2015-01-28,382.3999938964844,388.70001220703125,380.5,383.79998779296875,150.1134490966797,2589117
2015-01-29,365.0,379.70001220703125,364.20001220703125,374.95001220703125,146.6519775390625,11218814
2015-01-30,362.0,364.20001220703125,360.04998779296875,360.8500061035156,141.13714599609375,14790368
2015-02-02,354.25,357.0,350.1499938964844,355.1000061035156,138.88816833496094,25950717
2015-02-03,355.04998779296875,359.95001220703125,353.6000061035156,356.6499938964844,139.494384765625,7690620
2015-02-04,357.20001220703125,368.79998779296875,357.1000061035156,366.04998779296875,143.17100524902344,15177656
2015-02-05,366.3999938964844,374.95001220703125,366.25,369.8999938964844,144.6768035888672,9382752
2015-02-06,369.0,370.25,359.1000061035156,364.0,142.36915588378906,3576894
2015-02-09,360.95001220703125,362.3999938964844,358.0,360.6499938964844,141.05892944335938,2498414
2015-02-10,358.04998779296875,369.0,358.04998779296875,368.1499938964844,143.99232482910156,5296191
2015-02-11,369.0,376.8999938964844,369.0,372.1000061035156,145.53729248046875,27184800
2015-02-12,372.3500061035156,374.70001220703125,365.0,368.75,144.22702026367188,4759855
2015-02-13,363.29998779296875,379.8999938964844,363.0,377.8500061035156,147.78623962402344,16984215
2015-02-16,377.6499938964844,383.8500061035156,375.1000061035156,377.04998779296875,147.47332763671875,4307836
2015-02-18,377.6000061035156,384.70001220703125,377.1000061035156,380.3500061035156,148.76406860351562,5508230
2015-02-19,380.45001220703125,390.0,375.8500061035156,383.95001220703125,150.17205810546875,6011878
2015-02-20,381.6000061035156,385.0,377.29998779296875,382.75,149.70272827148438,5970211
2015-02-23,384.8500061035156,386.79998779296875,382.20001220703125,384.20001220703125,150.26986694335938,4701758
2015-02-24,387.0,390.25,382.79998779296875,384.20001220703125,150.26986694335938,4510109
2015-02-25,387.79998779296875,389.79998779296875,383.8500061035156,386.6000061035156,151.20860290527344,3296025
2015-02-26,385.54998779296875,386.95001220703125,378.5,384.3500061035156,150.3285369873047,10641810
2015-02-27,386.3999938964844,398.0,384.95001220703125,395.25,154.59181213378906,24773100
2015-03-02,394.79998779296875,398.20001220703125,386.1000061035156,394.75,154.3962860107422,8425861
2015-03-03,373.5,382.0,373.0,379.6499938964844,156.70773315429688,5328335
2015-03-04,382.0,382.0,370.0,371.54998779296875,153.3643035888672,4497793
2015-03-05,372.0,375.20001220703125,362.0,363.95001220703125,150.22727966308594,4971903
2015-03-09,361.8999938964844,369.1499938964844,356.1000061035156,357.29998779296875,147.48231506347656,4555473
2015-03-10,359.0,371.79998779296875,358.1499938964844,370.70001220703125,153.0134735107422,4533632
2015-03-11,369.0,370.70001220703125,366.0,369.29998779296875,152.43556213378906,3136497
2015-03-12,369.8500061035156,372.25,363.0,364.70001220703125,150.53684997558594,2979075
2015-03-13,366.95001220703125,369.5,363.5,365.1000061035156,150.7019500732422,2770431
2015-03-16,367.0,367.0,361.04998779296875,364.3999938964844,150.41302490234375,2446877
2015-03-17,368.0,368.3999938964844,359.6499938964844,361.79998779296875,149.33982849121094,2003857
2015-03-18,362.20001220703125,365.75,361.04998779296875,364.54998779296875,150.47494506835938,1296884
2015-03-19,366.5,369.5,363.0,365.3500061035156,150.80516052246094,2412424
2015-03-20,365.95001220703125,371.0,363.6000061035156,368.25,152.002197265625,2118984
2015-03-23,368.0,370.3500061035156,363.1000061035156,369.0,152.31175231933594,2544068
2015-03-24,367.54998779296875,373.0,366.54998779296875,370.04998779296875,152.7451629638672,1960112
2015-03-25,371.3999938964844,371.3999938964844,360.1000061035156,361.79998779296875,149.33982849121094,1851588
2015-03-26,358.8500061035156,360.0,350.0,352.29998779296875,145.4185028076172,3834991
2015-03-27,353.1499938964844,354.45001220703125,346.3999938964844,348.0,143.6436309814453,2344094
2015-03-30,350.95001220703125,359.95001220703125,346.6499938964844,359.29998779296875,148.3079071044922,2451097
2015-03-31,360.0,365.95001220703125,359.54998779296875,362.8999938964844,149.79385375976562,3477225
2015-04-01,362.8999938964844,364.25,358.0,363.0,149.83514404296875,1428949
2015-04-06,364.04998779296875,364.6000061035156,358.70001220703125,360.75,148.90640258789062,1248881
2015-04-07,360.75,362.3999938964844,356.3999938964844,359.6000061035156,148.43174743652344,1859700
2015-04-08,365.25,382.70001220703125,365.1000061035156,380.3500061035156,156.99668884277344,6874570
2015-04-09,383.3500061035156,389.3999938964844,378.8999938964844,386.95001220703125,159.720947265625,3309241
2015-04-10,383.95001220703125,390.20001220703125,383.8999938964844,389.0,160.567138671875,3579563
2015-04-13,389.3999938964844,395.70001220703125,383.79998779296875,392.3500061035156,161.9499053955078,2909461
2015-04-15,391.70001220703125,391.70001220703125,384.0,385.95001220703125,159.3082275390625,4149634
2015-04-16,385.95001220703125,386.04998779296875,381.6000061035156,383.6499938964844,158.3588104248047,2034424
2015-04-17,382.04998779296875,385.1499938964844,379.04998779296875,380.3999938964844,157.01730346679688,2106426
2015-04-20,381.8500061035156,382.75,370.54998779296875,372.04998779296875,153.5706787109375,3400318
2015-04-21,372.04998779296875,378.70001220703125,372.04998779296875,374.3999938964844,154.5407257080078,1820148
2015-04-22,374.25,380.8999938964844,373.45001220703125,379.20001220703125,156.52203369140625,2165103
2015-04-23,382.0,385.8999938964844,380.8999938964844,384.25,158.6065216064453,2812629
2015-04-24,384.0,384.8500061035156,374.1499938964844,376.25,155.3043212890625,2896474
2015-04-27,377.29998779296875,380.0,370.70001220703125,377.6499938964844,155.88218688964844,2202533
2015-04-28,377.0,378.0,370.79998779296875,372.3999938964844,153.71517944335938,3455021
2015-04-29,371.0,375.04998779296875,369.6499938964844,370.95001220703125,153.11666870117188,2453973
2015-04-30,368.20001220703125,370.3999938964844,359.20001220703125,362.75,149.73194885253906,4879254
2015-05-04,366.0,371.3999938964844,363.1000061035156,369.79998779296875,152.64195251464844,1970167
2015-05-05,368.8999938964844,368.8999938964844,361.5,364.3999938964844,150.41302490234375,2200905
2015-05-06,362.1499938964844,364.0,352.1499938964844,353.1000061035156,145.7487335205078,3280440
2015-05-07,353.79998779296875,362.1000061035156,352.5,360.79998779296875,148.92706298828125,2921296
2015-05-08,362.29998779296875,365.95001220703125,358.3999938964844,363.70001220703125,150.1240692138672,2285680
2015-05-11,365.0,374.8999938964844,365.0,371.95001220703125,153.52940368652344,3000387
2015-05-12,373.95001220703125,376.6000061035156,367.0,369.20001220703125,152.39431762695312,4880073
2015-05-13,370.20001220703125,372.6499938964844,365.0,368.95001220703125,152.2911376953125,2227226
2015-05-14,368.95001220703125,371.5,363.6000061035156,370.20001220703125,152.8070831298828,2518413
2015-05-15,370.95001220703125,371.29998779296875,364.6000061035156,366.8999938964844,151.4449462890625,2370660
2015-05-18,367.8500061035156,368.8500061035156,364.20001220703125,366.1000061035156,151.11473083496094,1902932
2015-05-19,366.0,366.3999938964844,362.79998779296875,363.6499938964844,150.10345458984375,3367308
2015-05-20,364.1000061035156,365.20001220703125,359.3999938964844,361.3500061035156,149.15406799316406,3619042
2015-05-21,363.5,374.8999938964844,363.5,373.70001220703125,154.2517852783203,3494856
2015-05-22,376.45001220703125,376.54998779296875,369.20001220703125,374.75,154.68515014648438,1724948
2015-05-25,374.0,376.6000061035156,366.6000061035156,369.8999938964844,152.6832275390625,1558758
2015-05-26,369.0,376.3999938964844,367.8500061035156,375.0,154.78839111328125,1825840
2015-05-27,373.8999938964844,384.0,372.0,383.04998779296875,158.11111450195312,2478570
2015-05-28,382.95001220703125,388.0,377.3999938964844,383.3500061035156,158.23500061035156,3353352
2015-05-29,381.95001220703125,393.75,380.95001220703125,391.04998779296875,161.41331481933594,6003508
2015-06-01,392.0,396.45001220703125,390.0,391.79998779296875,161.72291564941406,2859251
2015-06-02,392.0,393.45001220703125,382.5,383.5,158.29689025878906,2191899
2015-06-03,382.0,392.70001220703125,381.3999938964844,387.25,159.8448028564453,4210717
2015-06-04,387.0,390.8999938964844,383.25,388.54998779296875,160.38140869140625,2843287
2015-06-05,392.04998779296875,409.75,392.04998779296875,405.3500061035156,167.31590270996094,9218970
2015-06-08,406.3500061035156,413.95001220703125,399.3999938964844,400.95001220703125,165.49977111816406,6610246
2015-06-09,398.95001220703125,404.0,395.1499938964844,401.29998779296875,165.6442108154297,3662673
2015-06-10,401.70001220703125,406.79998779296875,401.25,404.8999938964844,167.13014221191406,4448352
2015-06-11,406.29998779296875,409.0,399.0,400.1000061035156,165.14886474609375,3080462
2015-06-12,400.1000061035156,401.0,393.6000061035156,396.1000061035156,163.49778747558594,3609449
2015-06-15,397.8500061035156,399.0,391.95001220703125,394.29998779296875,162.75479125976562,4389850
2015-06-16,395.0,398.5,393.3999938964844,397.3500061035156,164.0137481689453,5719136
2015-06-17,399.0,402.70001220703125,396.75,398.1000061035156,164.32334899902344,4690179
2015-06-18,402.29998779296875,402.29998779296875,392.6000061035156,394.54998779296875,162.8579864501953,2862686
2015-06-19,397.0,399.29998779296875,391.6000061035156,393.6499938964844,162.48651123046875,2788874
2015-06-22,395.54998779296875,403.79998779296875,395.54998779296875,399.70001220703125,164.98379516601562,3765670
2015-06-23,400.3999938964844,419.75,399.70001220703125,415.3999938964844,171.4642333984375,6294096
2015-06-24,418.8999938964844,421.5,408.75,412.29998779296875,170.1846466064453,5522329
2015-06-25,410.8999938964844,414.1000061035156,409.04998779296875,411.3500061035156,169.79251098632812,6149596
2015-06-26,411.3999938964844,416.0,408.0,411.3999938964844,169.8131561279297,2521061
2015-06-29,408.75,414.25,399.3999938964844,407.70001220703125,168.285888671875,2017827
2015-06-30,409.79998779296875,422.6000061035156,409.45001220703125,421.25,173.87890625,9240034
2015-07-01,422.54998779296875,429.29998779296875,422.0,425.5,175.6331787109375,7247029
2015-07-02,426.45001220703125,427.45001220703125,419.5,424.04998779296875,175.03468322753906,4018078
2015-07-03,424.04998779296875,424.5,415.0,417.5,172.3310546875,2469598
2015-07-06,415.0,422.6000061035156,413.70001220703125,419.75,173.25978088378906,4931673
2015-07-07,420.75,430.70001220703125,419.20001220703125,428.8999938964844,177.03662109375,5529091
2015-07-08,427.25,427.79998779296875,414.5,417.1499938964844,172.18658447265625,5123404
2015-07-09,420.0,422.70001220703125,416.45001220703125,417.1499938964844,172.18658447265625,2934615
2015-07-10,421.0,425.0,418.70001220703125,419.95001220703125,173.3423309326172,3748152
2015-07-13,421.95001220703125,422.0,416.1000061035156,419.95001220703125,173.3423309326172,2023481
2015-07-14,421.3999938964844,435.45001220703125,420.1000061035156,434.1499938964844,179.2036590576172,6061876
2015-07-15,439.0,440.79998779296875,435.6000061035156,436.6499938964844,180.235595703125,3890009
2015-07-16,438.3999938964844,441.20001220703125,437.0,438.29998779296875,180.91661071777344,2685433
2015-07-17,438.3999938964844,438.45001220703125,429.0,430.1499938964844,177.5525665283203,1939162
2015-07-20,432.0,432.0,423.8999938964844,425.45001220703125,175.61257934570312,3351240
2015-07-21,428.75,432.5,424.25,428.6499938964844,176.93341064453125,3572121
2015-07-22,426.25,433.6499938964844,426.25,432.3500061035156,178.460693359375,3028536
2015-07-23,434.6000061035156,437.0,430.20001220703125,431.5,178.1098175048828,3970346
2015-07-24,430.5,434.79998779296875,425.0,426.04998779296875,175.86019897460938,4240548
2015-07-27,426.45001220703125,426.6499938964844,419.75,423.6000061035156,174.8489227294922,6244014
2015-07-28,424.95001220703125,427.45001220703125,417.5,420.8500061035156,173.71377563476562,4224368
2015-07-29,421.29998779296875,424.0,418.20001220703125,420.1499938964844,173.4248809814453,5348695
2015-07-30,421.6499938964844,424.0,417.20001220703125,420.3500061035156,173.50741577148438,7044484
2015-07-31,425.5,442.79998779296875,424.20001220703125,439.04998779296875,181.22621154785156,5559406
2015-08-03,441.0,442.45001220703125,428.6000061035156,431.70001220703125,178.19239807128906,2794167
2015-08-04,435.0,444.5,431.20001220703125,443.3999938964844,183.02174377441406,4990892
2015-08-05,445.0,447.1000061035156,436.6000061035156,438.5,180.99917602539062,3410332
2015-08-06,437.04998779296875,439.8999938964844,430.45001220703125,431.3999938964844,178.06854248046875,4162278
2015-08-07,430.79998779296875,434.1000061035156,412.1499938964844,414.70001220703125,171.17529296875,7480783
2015-08-10,417.8999938964844,418.04998779296875,405.75,407.95001220703125,168.3891143798828,5571855
2015-08-11,409.5,410.0,390.3500061035156,392.70001220703125,162.09439086914062,8619915
2015-08-12,394.79998779296875,394.79998779296875,362.20001220703125,371.3999938964844,153.3024139404297,14392544
2015-08-13,371.8999938964844,378.8999938964844,365.0,377.04998779296875,155.63453674316406,7986914
2015-08-14,377.0,381.8999938964844,373.5,377.54998779296875,155.84088134765625,2980717
2015-08-17,379.95001220703125,381.79998779296875,374.3999938964844,379.8500061035156,156.79031372070312,2719119
2015-08-18,380.6000061035156,383.6000061035156,359.6000061035156,364.1499938964844,150.30978393554688,7856857
2015-08-19,363.6000061035156,365.3999938964844,354.5,355.6499938964844,146.80130004882812,4342672
2015-08-20,356.04998779296875,361.29998779296875,348.25,349.8500061035156,144.4072265625,4973865
2015-08-21,347.8999938964844,353.04998779296875,345.5,348.6499938964844,143.9119415283203,3733692
2015-08-24,340.0,343.8999938964844,332.45001220703125,336.6000061035156,138.93804931640625,9826523
2015-08-25,341.1000061035156,355.0,340.54998779296875,353.6000061035156,145.9551239013672,8086602
2015-08-26,352.70001220703125,362.75,349.70001220703125,358.1499938964844,147.8331756591797,4958051
2015-08-27,362.8999938964844,366.3999938964844,354.8500061035156,361.8500061035156,149.36045837402344,11449981
2015-08-28,367.0,367.0,354.70001220703125,357.54998779296875,147.5855255126953,4320791
2015-08-31,355.95001220703125,367.95001220703125,351.29998779296875,366.3500061035156,151.2178955078125,4502846
2015-09-01,362.0,365.5,346.25,354.70001220703125,146.40914916992188,3454778
2015-09-02,357.0,359.20001220703125,342.04998779296875,344.3500061035156,142.13702392578125,4050972
2015-09-03,346.25,351.45001220703125,339.6000061035156,345.29998779296875,142.52906799316406,3216240
2015-09-04,345.0,349.29998779296875,338.0,347.5,143.43724060058594,3506413
2015-09-07,351.8999938964844,351.8999938964844,336.0,337.45001220703125,139.2888946533203,3456022
2015-09-08,338.0,340.5,335.0,337.3500061035156,139.24761962890625,5328867
2015-09-09,343.79998779296875,343.79998779296875,337.5,338.95001220703125,139.9080810546875,6479310
2015-09-10,336.79998779296875,340.5,334.1000061035156,338.3500061035156,139.66036987304688,3799294
2015-09-11,340.0,340.70001220703125,333.0,333.8500061035156,137.80291748046875,1813830
2015-09-14,335.0,340.45001220703125,331.04998779296875,339.29998779296875,140.0525360107422,2800185
2015-09-15,340.0,340.70001220703125,336.1499938964844,338.04998779296875,139.53656005859375,3505826
2015-09-16,339.8999938964844,340.6000061035156,336.20001220703125,337.45001220703125,139.2888946533203,8157111
2015-09-18,341.0,345.0,338.3999938964844,343.3500061035156,141.72421264648438,6337365
2015-09-21,342.0,343.5,338.5,342.20001220703125,141.24954223632812,3328761
2015-09-22,344.0,344.75,322.25,323.6000061035156,133.57205200195312,3776365
2015-09-23,321.0,330.0,317.6000061035156,327.79998779296875,135.30569458007812,3327509
2015-09-24,327.29998779296875,328.1000061035156,316.0,318.3999938964844,131.4256134033203,5936377
2015-09-28,321.5,321.5,307.54998779296875,308.8500061035156,127.48371124267578,7962444
2015-09-29,306.8500061035156,317.20001220703125,300.79998779296875,315.3999938964844,130.18731689453125,7414233
2015-09-30,318.0,329.1000061035156,316.20001220703125,327.6000061035156,135.22314453125,7806132
2015-10-01,329.54998779296875,330.3500061035156,324.5,328.3500061035156,135.53268432617188,2815897
2015-10-05,330.0,333.20001220703125,323.70001220703125,329.75,136.11058044433594,3601833
2015-10-06,333.0,344.04998779296875,329.20001220703125,342.70001220703125,141.45591735839844,4666670
2015-10-07,342.95001220703125,348.8999938964844,339.6000061035156,346.25,142.92124938964844,3319321
2015-10-08,346.3999938964844,348.70001220703125,343.3500061035156,346.20001220703125,142.90061950683594,2394780
2015-10-09,348.0,348.75,334.54998779296875,335.8500061035156,138.62844848632812,3407835
2015-10-12,337.0,340.0,332.0,334.3999938964844,138.02996826171875,2260848
2015-10-13,332.0,341.79998779296875,331.5,340.3500061035156,140.48593139648438,1960525
2015-10-14,339.8999938964844,339.8999938964844,334.1000061035156,334.75,138.1743927001953,1985322
2015-10-15,336.25,343.3999938964844,333.0,341.3999938964844,140.91932678222656,2765986
2015-10-16,342.70001220703125,342.79998779296875,335.25,338.6000061035156,139.76356506347656,2787049
2015-10-19,338.6000061035156,340.3999938964844,335.6000061035156,337.79998779296875,139.43338012695312,1741503
2015-10-20,338.0,338.5,334.0,334.95001220703125,138.25694274902344,1736696
2015-10-21,335.1000061035156,339.70001220703125,333.8500061035156,337.25,139.20635986328125,7302126
2015-10-23,340.0,343.79998779296875,338.5,341.8999938964844,141.1256866455078,2219876
2015-10-26,344.3999938964844,344.70001220703125,332.1000061035156,333.3999938964844,137.6171417236328,3866037
2015-10-27,333.5,335.1000061035156,328.1000061035156,332.29998779296875,137.16314697265625,3829306
2015-10-28,330.79998779296875,335.0,327.20001220703125,330.20001220703125,136.2963104248047,3432045
2015-10-29,330.1499938964844,332.0,320.75,321.79998779296875,132.82907104492188,7634777
2015-10-30,321.1000061035156,326.5,318.75,319.8999938964844,132.0447998046875,3556422
2015-11-02,320.0,326.0,316.54998779296875,325.0,134.14991760253906,2024779
2015-11-03,326.8999938964844,327.95001220703125,324.79998779296875,325.8500061035156,134.5007781982422,1681515
2015-11-04,327.1000061035156,331.3500061035156,325.1499938964844,330.45001220703125,136.39952087402344,2142185
2015-11-05,330.8999938964844,339.45001220703125,328.3500061035156,337.1000061035156,139.1444091796875,3740920
2015-11-06,338.79998779296875,345.0,333.0,342.20001220703125,141.24954223632812,3849776
2015-11-09,335.0,341.0,332.5,339.6000061035156,140.17637634277344,2613167
2015-11-10,336.6000061035156,337.75,323.5,326.04998779296875,134.5833282470703,2215348
2015-11-13,331.1000061035156,341.5,328.95001220703125,337.70001220703125,139.39208984375,6657788
2015-11-16,334.45001220703125,336.95001220703125,326.6499938964844,330.75,136.52334594726562,4014192
2015-11-17,331.0,334.5,330.04998779296875,332.3500061035156,137.1837921142578,1859904
2015-11-18,333.1000061035156,339.6000061035156,327.75,335.04998779296875,138.29827880859375,6900525
2015-11-19,335.5,336.70001220703125,330.04998779296875,333.70001220703125,137.74099731445312,3658468
2015-11-20,333.70001220703125,337.6000061035156,331.8999938964844,333.29998779296875,137.5758819580078,1647969
2015-11-23,334.0,334.0,330.6499938964844,332.20001220703125,137.1218719482422,2979816
2015-11-24,332.79998779296875,336.5,330.70001220703125,332.3999938964844,137.20443725585938,4012527
2015-11-26,331.95001220703125,341.54998779296875,331.6499938964844,335.79998779296875,138.60780334472656,5909688
2015-11-27,337.45001220703125,338.75,334.25,336.5,138.89675903320312,2109945
2015-11-30,335.8999938964844,337.25,329.54998779296875,330.54998779296875,136.44076538085938,4387003
2015-12-01,331.1000061035156,343.0,331.1000061035156,341.54998779296875,140.98123168945312,3623167
2015-12-02,344.3999938964844,346.54998779296875,337.5,338.3500061035156,139.66036987304688,2168133
2015-12-03,337.5,341.0,334.20001220703125,334.79998779296875,138.19503784179688,1780516
2015-12-04,334.0,338.6499938964844,332.0,335.25,138.38079833984375,2023873
2015-12-07,336.1499938964844,338.0,325.5,327.54998779296875,135.2024688720703,2915052
2015-12-08,324.8999938964844,327.0,316.8500061035156,318.0,131.26051330566406,3247712
2015-12-09,316.0,324.0,306.0,307.6000061035156,126.96776580810547,3961414
2015-12-10,309.79998779296875,312.20001220703125,307.8500061035156,310.95001220703125,128.35047912597656,3494488
2015-12-11,311.04998779296875,312.0,306.25,307.75,127.02967071533203,1918941
2015-12-14,306.0,317.6499938964844,305.0,316.1499938964844,130.4969024658203,2456429
2015-12-15,318.3999938964844,318.45001220703125,312.54998779296875,314.54998779296875,129.8364715576172,1937912
2015-12-16,316.8999938964844,319.3999938964844,312.0,316.79998779296875,130.7652130126953,2194038
2015-12-17,316.5,318.75,313.6000061035156,316.04998779296875,130.45562744140625,4540387
2015-12-18,316.54998779296875,318.75,314.5,316.3500061035156,130.5795135498047,3328948
2015-12-21,316.3500061035156,324.25,316.0,319.29998779296875,131.79710388183594,2328659
2015-12-22,319.45001220703125,321.8999938964844,316.5,319.1000061035156,131.71458435058594,1619130
2015-12-23,320.5,323.79998779296875,319.45001220703125,322.5,133.11798095703125,1438759
2015-12-24,325.6499938964844,328.3999938964844,321.3999938964844,322.29998779296875,133.0354461669922,1548582
2015-12-28,322.95001220703125,326.8500061035156,322.1000061035156,325.5,134.3562774658203,2159124
2015-12-29,325.54998779296875,326.5,319.6000061035156,321.75,132.8084259033203,2318395
2015-12-30,322.0,324.95001220703125,320.29998779296875,322.1000061035156,132.952880859375,2583837
2015-12-31,323.0,332.0,323.0,329.79998779296875,136.1312255859375,4739203
2016-01-01,330.0,335.0,325.29998779296875,334.04998779296875,137.8854522705078,1001091
2016-01-04,332.95001220703125,337.1000061035156,327.5,330.20001220703125,136.2963104248047,1402242
2016-01-05,332.8999938964844,332.8999938964844,324.29998779296875,325.79998779296875,134.48016357421875,3789711
2016-01-06,325.20001220703125,331.0,324.5,327.8999938964844,135.34695434570312,3950971
2016-01-07,326.79998779296875,329.75,324.25,326.3999938964844,134.72776794433594,2845034
2016-01-08,328.0,329.5,317.0,321.1000061035156,132.5401153564453,3587538
2016-01-11,319.0,319.0,311.0,315.95001220703125,130.41436767578125,3136079
2016-01-12,315.95001220703125,317.70001220703125,312.20001220703125,316.0,130.4350128173828,2704456
2016-01-13,318.0,320.5,313.3999938964844,317.29998779296875,130.97158813476562,1860750
2016-01-14,314.1499938964844,321.8500061035156,310.6000061035156,318.6499938964844,131.52882385253906,1469470
2016-01-15,319.8999938964844,321.0,317.20001220703125,318.54998779296875,131.48756408691406,1925285
2016-01-18,315.5,323.1000061035156,309.3999938964844,310.8500061035156,128.30923461914062,1736472
2016-01-19,311.1000061035156,312.0,302.0,308.8500061035156,127.48371124267578,3268371
2016-01-20,305.79998779296875,316.54998779296875,292.0,298.1499938964844,123.06705474853516,3609992
2016-01-21,302.1000061035156,302.1499938964844,286.5,288.20001220703125,118.96002960205078,4600455
2016-01-22,291.0,302.6000061035156,289.20001220703125,299.45001220703125,123.60365295410156,8008963
2016-01-25,302.0,306.29998779296875,299.45001220703125,304.8999938964844,125.85322570800781,3162445
2016-01-27,304.70001220703125,305.5,298.1000061035156,304.04998779296875,125.50238037109375,3860574
2016-01-28,302.5,313.75,301.1000061035156,306.6000061035156,126.55498504638672,8121506
2016-01-29,305.95001220703125,324.5,305.1000061035156,319.95001220703125,132.0654296875,4782044
2016-02-01,321.70001220703125,330.0,311.6499938964844,328.54998779296875,135.61524963378906,3208370
2016-02-02,327.5,332.6000061035156,316.5,318.95001220703125,131.65264892578125,3045611
2016-02-03,317.0,324.29998779296875,314.79998779296875,317.25,130.95098876953125,4106124
2016-02-04,317.95001220703125,323.3999938964844,317.8500061035156,322.5,133.11798095703125,3572599
2016-02-05,323.3999938964844,337.20001220703125,318.0,326.25,134.6658935546875,6271759
2016-02-08,327.0,329.75,321.79998779296875,323.3500061035156,133.4688262939453,2378719
2016-02-09,320.3999938964844,323.0,308.04998779296875,309.25,127.64881896972656,3673347
2016-02-10,305.1000061035156,316.25,302.1000061035156,313.75,129.5062713623047,3126063
2016-02-11,311.8999938964844,313.75,295.75,305.1000061035156,125.93582153320312,4387964
2016-02-12,309.1000061035156,311.1000061035156,300.5,302.8500061035156,125.007080078125,4767172
2016-02-15,307.54998779296875,330.75,306.3999938964844,324.25,133.84033203125,5228881
2016-02-16,326.0,326.70001220703125,313.5,317.8999938964844,131.21926879882812,2434947
2016-02-17,318.04998779296875,319.0,306.5,312.79998779296875,129.11412048339844,2497160
2016-02-18,314.79998779296875,319.1000061035156,314.0,317.6000061035156,131.09539794921875,1809851
2016-02-19,316.0,316.95001220703125,310.1000061035156,312.25,128.8871612548828,3183958
2016-02-22,312.6000061035156,316.0,310.20001220703125,313.8999938964844,129.56817626953125,2820180
2016-02-23,313.8999938964844,314.0,299.70001220703125,301.1000061035156,124.28472900390625,3468668
2016-02-24,300.95001220703125,300.95001220703125,292.70001220703125,295.25,121.87004089355469,2928473
2016-02-25,296.0,307.8999938964844,295.20001220703125,299.3999938964844,123.58301544189453,14688967
2016-02-26,302.04998779296875,312.8500061035156,301.5,311.45001220703125,128.55690002441406,6359697
2016-02-29,317.0,317.70001220703125,306.25,311.0,128.3711700439453,6433602
2016-03-01,311.70001220703125,318.8500061035156,309.54998779296875,317.8500061035156,131.1986083984375,3958446
2016-03-02,318.0,320.0,309.8999938964844,311.0,128.3711700439453,4195722
2016-03-03,314.79998779296875,317.04998779296875,310.0,314.1000061035156,129.65069580078125,4070260
2016-03-04,315.1000061035156,327.5,314.54998779296875,325.1499938964844,134.2118377685547,6405159
2016-03-08,332.0,333.0,322.3500061035156,324.04998779296875,133.75778198242188,13626475
2016-03-09,324.0,326.1000061035156,322.0,322.5,133.11798095703125,6614341
2016-03-10,325.0,326.1000061035156,320.1000061035156,321.70001220703125,132.78782653808594,8652210
2016-03-11,323.0,325.6499938964844,316.70001220703125,318.8999938964844,131.63201904296875,11276463
2016-03-14,292.8999938964844,299.0,292.0,296.70001220703125,133.9801788330078,9036862
2016-03-15,298.6000061035156,298.70001220703125,295.20001220703125,295.6499938964844,133.50604248046875,4471379
2016-03-16,296.3999938964844,296.8999938964844,293.5,295.6499938964844,133.50604248046875,3600579
2016-03-17,297.20001220703125,298.20001220703125,293.45001220703125,294.25,132.87384033203125,3428625
2016-03-18,296.0,298.79998779296875,293.79998779296875,297.75,134.4542999267578,4585864
2016-03-21,297.25,298.5,295.0,296.6000061035156,133.93502807617188,2804720
2016-03-22,296.5,299.70001220703125,293.54998779296875,294.3999938964844,132.94158935546875,5604065
2016-03-23,295.95001220703125,298.5,294.8999938964844,298.0,134.56723022460938,2712299
2016-03-28,298.5,298.5,292.20001220703125,293.5,132.53515625,4199915
2016-03-29,293.95001220703125,297.3999938964844,293.04998779296875,295.1499938964844,133.2802276611328,2231442
2016-03-30,295.6000061035156,297.54998779296875,295.3999938964844,296.8500061035156,134.04791259765625,3076806
2016-03-31,297.8500061035156,297.8500061035156,291.0,291.95001220703125,131.8352508544922,8788685
2016-04-01,292.0,293.75,285.6499938964844,287.0,129.59996032714844,4021684
2016-04-04,288.3999938964844,288.95001220703125,284.0,285.0,128.69683837890625,3745464
2016-04-05,284.5,284.95001220703125,274.1000061035156,275.25,124.2940444946289,4975193
2016-04-06,276.0,279.8999938964844,274.0,275.6000061035156,124.45207977294922,6518559
2016-04-07,277.20001220703125,281.75,276.29998779296875,281.25,127.00346374511719,3137807
2016-04-08,281.75,283.0,278.3999938964844,279.6000061035156,126.25839233398438,3567115
2016-04-11,280.20001220703125,282.6000061035156,277.20001220703125,280.45001220703125,126.6421890258789,6696441
2016-04-12,280.45001220703125,280.5,271.6499938964844,274.3999938964844,123.91022491455078,9281615
2016-04-13,276.25,278.29998779296875,275.0,277.45001220703125,125.2874984741211,9314286
2016-04-18,276.70001220703125,278.54998779296875,274.20001220703125,275.79998779296875,124.54238891601562,7530454
2016-04-20,277.79998779296875,282.0,276.1499938964844,278.6499938964844,125.8293685913086,8438851
2016-04-21,280.0,288.75,279.79998779296875,287.75,129.93865966796875,6341547
2016-04-22,288.6499938964844,288.6499938964844,285.0,287.79998779296875,129.96121215820312,3616133
2016-04-25,288.6000061035156,290.8999938964844,286.79998779296875,287.95001220703125,130.02896118164062,2987563
2016-04-26,287.1000061035156,289.8999938964844,286.5,288.29998779296875,130.18699645996094,1972410
2016-04-27,289.0,293.5,288.04998779296875,290.8999938964844,131.361083984375,2654547
2016-04-28,291.54998779296875,293.6499938964844,283.6499938964844,285.04998779296875,128.71939086914062,5733507
2016-04-29,285.0,289.6499938964844,284.25,288.04998779296875,130.0741424560547,3886257
2016-05-02,288.70001220703125,289.0,286.6000061035156,288.6499938964844,130.3450469970703,1741094
2016-05-03,289.0,289.25,277.5,279.1499938964844,126.05519104003906,4658529
2016-05-04,277.79998779296875,281.45001220703125,272.3999938964844,279.95001220703125,126.41641998291016,6641861
2016-05-05,280.5,283.1499938964844,280.0,281.79998779296875,127.25178527832031,2845968
2016-05-06,281.25,282.45001220703125,277.5,281.8999938964844,127.29698944091797,3358599
2016-05-09,282.1499938964844,286.5,282.1499938964844,285.6000061035156,128.96778869628906,2147251
2016-05-10,286.70001220703125,286.70001220703125,283.0,284.8999938964844,128.65167236328125,3178150
2016-05-11,281.70001220703125,284.3999938964844,276.6499938964844,283.79998779296875,128.1549530029297,4069757
2016-05-12,284.04998779296875,284.8500061035156,282.0,283.8500061035156,128.1775360107422,3368917
2016-05-13,283.6000061035156,283.6000061035156,278.54998779296875,281.45001220703125,127.0937728881836,2846180
2016-05-16,281.8999938964844,283.8999938964844,279.6499938964844,282.8500061035156,127.72598266601562,4442240
2016-05-17,283.75,284.8999938964844,281.79998779296875,283.8500061035156,128.1775360107422,1736009
2016-05-18,285.29998779296875,285.29998779296875,281.20001220703125,283.95001220703125,128.2227020263672,2782932
2016-05-19,284.0,284.3999938964844,279.3999938964844,280.29998779296875,126.57447814941406,1489126
2016-05-20,280.6000061035156,281.1000061035156,278.04998779296875,279.0,125.98744201660156,4355684
2016-05-23,281.0,281.5,278.20001220703125,280.5,126.664794921875,2035863
2016-05-24,281.3999938964844,281.3999938964844,278.0,279.54998779296875,126.23577117919922,2073509
2016-05-25,280.3999938964844,281.5,277.70001220703125,281.0,126.89058685302734,2075737
2016-05-26,281.0,281.70001220703125,278.75,280.8500061035156,126.82282257080078,4619836
2016-05-27,282.25,284.5,280.20001220703125,281.29998779296875,127.02606964111328,4543846
2016-05-30,289.25,295.95001220703125,288.5,292.54998779296875,132.10618591308594,17863356
2016-05-31,293.8999938964844,295.25,287.8999938964844,291.3999938964844,131.58685302734375,7041001
2016-06-01,292.04998779296875,299.5,289.04998779296875,297.20001220703125,134.2059783935547,5843470
2016-06-02,297.79998779296875,309.5,296.70001220703125,307.3500061035156,138.78936767578125,9888554
2016-06-03,310.0,311.8999938964844,308.04998779296875,308.95001220703125,139.51190185546875,6459723
2016-06-06,308.1000061035156,308.5,304.0,305.79998779296875,138.08946228027344,5184081
2016-06-07,307.1000061035156,309.5,305.04998779296875,307.79998779296875,138.99256896972656,2708323
2016-06-08,307.54998779296875,307.95001220703125,304.0,306.79998779296875,138.54103088378906,1673081
2016-06-09,306.79998779296875,314.3999938964844,305.3999938964844,313.0,141.34071350097656,2240051
2016-06-10,313.70001220703125,315.8999938964844,306.1499938964844,306.6499938964844,138.4732666015625,2251748
2016-06-13,305.0,310.45001220703125,304.54998779296875,308.5,139.30868530273438,2418196
2016-06-14,310.0,310.3500061035156,306.6499938964844,308.8500061035156,139.46673583984375,2102212
2016-06-15,309.1499938964844,310.79998779296875,304.8500061035156,309.75,139.87315368652344,2353608
2016-06-16,309.04998779296875,309.5,305.5,307.54998779296875,138.8796844482422,1665463
2016-06-17,308.0,314.5,308.0,313.20001220703125,141.43104553222656,3608513
2016-06-20,310.0,313.20001220703125,309.8500061035156,312.3500061035156,141.0472412109375,1683234
2016-06-21,313.0,315.0,311.54998779296875,313.0,141.34071350097656,1174461
2016-06-22,313.0,318.3999938964844,312.0,317.5,143.3727264404297,2935707
2016-06-23,317.5,318.8999938964844,316.1000061035156,317.54998779296875,143.39535522460938,1565312
2016-06-24,308.25,314.0,305.54998779296875,312.25,141.00210571289062,3080388
2016-06-27,306.54998779296875,312.5,306.54998779296875,308.1000061035156,139.1280517578125,1728920
2016-06-28,310.75,314.25,309.8999938964844,313.29998779296875,141.47618103027344,2634505
2016-06-29,314.20001220703125,314.6499938964844,309.6000061035156,311.0,140.43759155273438,1902427
2016-06-30,314.0,314.3999938964844,311.54998779296875,313.0,141.34071350097656,3314387
2016-07-01,313.0,314.3999938964844,309.54998779296875,310.1000061035156,140.0312042236328,2225864
2016-07-04,312.5,319.0,311.5,317.95001220703125,143.57598876953125,2699220
2016-07-05,317.95001220703125,323.3999938964844,317.0,321.95001220703125,145.38226318359375,2816887
2016-07-07,324.8500061035156,325.8500061035156,314.70001220703125,315.54998779296875,142.4922332763672,3939302
2016-07-08,313.29998779296875,314.95001220703125,310.0,311.70001220703125,140.7537384033203,2294810
2016-07-11,315.0,322.6000061035156,314.6499938964844,320.8999938964844,144.90811157226562,2536047
2016-07-12,321.3500061035156,321.3500061035156,313.29998779296875,317.04998779296875,143.16952514648438,3413443
2016-07-13,319.0,325.5,317.25,324.04998779296875,146.33055114746094,3400480
2016-07-14,325.0,327.6000061035156,321.5,324.6499938964844,146.60150146484375,4310790
2016-07-15,324.6499938964844,325.0,317.0,318.8500061035156,143.9823760986328,2109207
2016-07-18,319.6499938964844,324.0,318.8999938964844,321.6499938964844,145.2467803955078,1986754
2016-07-19,321.95001220703125,323.70001220703125,318.0,318.95001220703125,144.02757263183594,1617036
2016-07-20,319.8999938964844,329.95001220703125,319.5,329.25,148.6787109375,3246139
2016-07-21,330.0,335.79998779296875,326.70001220703125,333.3500061035156,150.5301513671875,6355171
2016-07-22,333.0,333.75,329.70001220703125,331.45001220703125,149.6721649169922,2004989
2016-07-25,331.0,334.3999938964844,329.79998779296875,333.75,150.7107391357422,1492185
2016-07-26,334.0,334.20001220703125,326.79998779296875,327.45001220703125,147.86587524414062,1692026
2016-07-27,327.25,330.79998779296875,323.75,325.54998779296875,147.00790405273438,1919050
2016-07-28,326.1499938964844,333.1499938964844,326.1000061035156,329.95001220703125,148.99481201171875,3253199
2016-07-29,330.0,334.0,326.8500061035156,328.0,148.11424255371094,3182206
2016-08-01,329.29998779296875,331.5,325.75,326.45001220703125,147.4143524169922,1461407
2016-08-02,327.0,329.0,322.0,323.04998779296875,145.87899780273438,2335301
2016-08-03,323.70001220703125,328.6000061035156,322.1000061035156,326.1499938964844,147.27883911132812,1603751
2016-08-04,328.3999938964844,328.6499938964844,320.6499938964844,323.5,146.08216857910156,1808553
2016-08-05,325.3500061035156,330.3999938964844,324.95001220703125,329.3999938964844,148.74639892578125,2101931
2016-08-08,330.0,332.5,327.79998779296875,331.95001220703125,149.89794921875,2076712
2016-08-09,334.0,337.5,333.0,337.1499938964844,152.24610900878906,3267563
2016-08-10,338.3999938964844,340.0,334.5,337.95001220703125,152.60733032226562,3121860
2016-08-11,337.1499938964844,338.6000061035156,333.3500061035156,337.79998779296875,152.5396270751953,3452229
2016-08-12,337.20001220703125,339.6000061035156,335.6499938964844,337.95001220703125,152.60733032226562,1889296
2016-08-16,337.0,340.3500061035156,335.20001220703125,337.79998779296875,152.5396270751953,2665923
2016-08-17,337.95001220703125,349.95001220703125,337.8500061035156,347.79998779296875,157.0552978515625,5810868
2016-08-18,348.1000061035156,348.25,338.1000061035156,339.04998779296875,153.10406494140625,4975745
2016-08-19,340.04998779296875,340.3999938964844,332.1000061035156,334.1499938964844,150.89141845703125,9764483
2016-08-22,331.8999938964844,337.1000061035156,331.0,334.8999938964844,151.23007202148438,7488064
2016-08-23,335.6000061035156,337.5,332.54998779296875,336.6499938964844,152.02029418945312,2257353
2016-08-24,336.6000061035156,336.70001220703125,332.6000061035156,333.95001220703125,150.8010711669922,7665307
2016-08-25,334.5,336.70001220703125,329.3500061035156,331.29998779296875,149.60440063476562,3658893
2016-08-26,331.45001220703125,334.29998779296875,329.5,333.29998779296875,150.50753784179688,2682815
2016-08-29,333.0,334.3999938964844,330.5,333.8500061035156,150.75592041015625,1292318
2016-08-30,335.1000061035156,336.1000061035156,332.3999938964844,334.6499938964844,151.11720275878906,1531387
2016-08-31,334.0,336.3999938964844,331.1000061035156,333.5,150.59786987304688,3834244
2016-09-01,334.1000061035156,339.0,332.6000061035156,338.0,152.62989807128906,2860233
2016-09-02,337.0,337.1499938964844,331.45001220703125,332.29998779296875,150.05599975585938,3458571
2016-09-06,333.54998779296875,333.75,325.1499938964844,328.8500061035156,148.49807739257812,2989741
2016-09-07,329.0,332.3999938964844,327.1000061035156,331.0,149.46893310546875,2982805
2016-09-08,331.0,333.0,328.79998779296875,332.54998779296875,150.16891479492188,2998354
2016-09-09,333.0,333.0,330.54998779296875,332.20001220703125,150.01084899902344,2194843
2016-09-12,327.70001220703125,333.0,327.5,330.45001220703125,149.2205810546875,2607009
2016-09-14,323.6000061035156,327.54998779296875,321.5,324.3500061035156,146.46604919433594,6425242
2016-09-15,325.3500061035156,326.8999938964844,321.79998779296875,323.75,146.1951141357422,2277264
2016-09-16,325.20001220703125,327.0,322.29998779296875,324.54998779296875,146.55633544921875,4151279
2016-09-19,324.0,329.1000061035156,324.0,328.29998779296875,148.2497100830078,2730095
2016-09-20,328.79998779296875,330.3999938964844,327.1499938964844,329.25,148.6787109375,2955423
2016-09-21,329.29998779296875,331.95001220703125,327.54998779296875,331.0,149.46893310546875,3433714
2016-09-22,333.3500061035156,333.54998779296875,326.6499938964844,327.45001220703125,147.86587524414062,2589917
2016-09-23,327.1499938964844,329.95001220703125,327.1499938964844,328.3999938964844,148.29489135742188,3605797
2016-09-26,328.8500061035156,334.1000061035156,328.1499938964844,332.45001220703125,150.12376403808594,3256853
2016-09-27,335.5,337.20001220703125,332.0,332.75,150.2592010498047,3058963
2016-09-28,332.75,335.70001220703125,327.6000061035156,328.45001220703125,148.31747436523438,1620533
2016-09-29,330.29998779296875,332.45001220703125,322.54998779296875,327.6499938964844,147.95619201660156,4747212
2016-09-30,326.1499938964844,328.79998779296875,316.8999938964844,322.29998779296875,145.54031372070312,4445950
2016-10-03,323.1000061035156,328.70001220703125,321.5,327.8999938964844,148.06910705566406,3104019
2016-10-04,328.0,329.0,319.3500061035156,321.1000061035156,144.99842834472656,5945963
2016-10-05,322.1000061035156,323.6000061035156,318.75,321.25,145.066162109375,5316324
2016-10-06,323.0,323.0,317.20001220703125,318.54998779296875,143.84695434570312,3130353
2016-10-07,319.20001220703125,319.70001220703125,315.6499938964844,318.79998779296875,143.95980834960938,2038680
2016-10-10,320.0,321.75,318.1499938964844,318.8999938964844,144.00498962402344,1976384
2016-10-13,318.0,318.8999938964844,312.0,315.5,142.46966552734375,3543786
2016-10-14,316.0,318.20001220703125,312.3500061035156,313.04998779296875,141.36329650878906,2066659
2016-10-17,314.79998779296875,316.3999938964844,309.6499938964844,311.25,140.55052185058594,5164144
2016-10-18,311.8999938964844,314.70001220703125,311.6000061035156,312.54998779296875,141.1375274658203,3335691
2016-10-19,312.0,314.8999938964844,311.6499938964844,312.54998779296875,141.1375274658203,3410851
2016-10-20,312.25,314.6499938964844,312.20001220703125,312.6000061035156,141.16012573242188,1993881
2016-10-21,312.6000061035156,314.20001220703125,312.29998779296875,313.29998779296875,141.47618103027344,3009896
2016-10-24,313.8999938964844,322.6000061035156,312.8500061035156,321.25,145.066162109375,2802733
2016-10-25,323.8999938964844,323.8999938964844,318.04998779296875,319.6499938964844,144.3436279296875,2235089
2016-10-26,318.95001220703125,321.6000061035156,316.8999938964844,319.29998779296875,144.18557739257812,1967319
2016-10-27,320.0,320.25,315.3500061035156,316.29998779296875,142.83091735839844,2363687
2016-10-28,317.0,327.0,315.70001220703125,324.79998779296875,146.6692352294922,3058160
2016-11-01,326.5,331.29998779296875,323.29998779296875,330.04998779296875,149.03993225097656,5375999
2016-11-02,326.04998779296875,329.25,323.04998779296875,327.95001220703125,148.0916748046875,3362257
2016-11-03,327.79998779296875,331.0,325.25,327.0,147.66268920898438,2183816
2016-11-04,327.0,327.0,312.29998779296875,315.8999938964844,142.65029907226562,3382028
2016-11-07,318.8999938964844,322.5,316.6499938964844,319.29998779296875,144.18557739257812,2877174
2016-11-08,319.29998779296875,322.04998779296875,315.54998779296875,317.04998779296875,143.16952514648438,1759612
2016-11-09,301.1000061035156,321.0,289.29998779296875,317.04998779296875,143.16952514648438,4814661
2016-11-10,321.79998779296875,337.29998779296875,320.0,333.20001220703125,150.46240234375,5022605
2016-11-11,329.8500061035156,332.0,321.3999938964844,324.04998779296875,146.33055114746094,2674065
2016-11-15,323.0,328.95001220703125,312.0,313.6499938964844,141.63424682617188,3886233
2016-11-16,317.29998779296875,317.29998779296875,309.04998779296875,313.04998779296875,141.36329650878906,3380097
2016-11-17,310.75,312.70001220703125,302.0,306.8500061035156,138.5635986328125,4774690
2016-11-18,307.20001220703125,309.3500061035156,304.0,306.70001220703125,138.49586486816406,2226399
2016-11-21,306.70001220703125,310.3500061035156,299.29998779296875,300.75,135.80902099609375,2929466
2016-11-22,302.0,304.95001220703125,298.8500061035156,303.3999938964844,137.0056610107422,2497312
2016-11-23,306.0,306.95001220703125,302.1499938964844,304.04998779296875,137.29917907714844,1537222
2016-11-24,304.0,304.5,298.6000061035156,300.3500061035156,135.62840270996094,3596361
2016-11-25,302.3999938964844,305.25,300.8999938964844,304.25,137.38949584960938,1621974
2016-11-28,304.8999938964844,305.70001220703125,302.1000061035156,304.8999938964844,137.6830291748047,1677056
2016-11-29,306.3999938964844,314.0,306.0,308.3999938964844,139.26351928710938,3068122
2016-11-30,310.6499938964844,310.70001220703125,305.04998779296875,308.6000061035156,139.3538360595703,3289134
2016-12-01,309.20001220703125,310.29998779296875,305.3500061035156,306.29998779296875,138.31521606445312,1906398
2016-12-02,308.1499938964844,311.70001220703125,304.5,305.8500061035156,138.11204528808594,3374258
2016-12-05,305.1000061035156,307.1499938964844,301.8999938964844,305.3500061035156,137.88624572753906,2694582
2016-12-06,306.54998779296875,309.5,304.54998779296875,305.70001220703125,138.0442657470703,3262885
2016-12-07,306.6499938964844,308.0,304.29998779296875,305.29998779296875,137.8636474609375,1896374
2016-12-08,307.79998779296875,313.6499938964844,306.5,312.1000061035156,140.934326171875,2985532
2016-12-09,312.95001220703125,313.25,305.8999938964844,306.45001220703125,138.3829803466797,2583377
2016-12-12,305.8999938964844,309.70001220703125,304.6499938964844,305.29998779296875,137.8636474609375,1861391
2016-12-13,303.1000061035156,307.8500061035156,303.1000061035156,305.95001220703125,138.15719604492188,4145409
2016-12-14,297.0,298.8999938964844,291.04998779296875,292.0,131.85781860351562,7916342
2016-12-15,290.0,293.79998779296875,289.29998779296875,290.1499938964844,131.02239990234375,2606624
2016-12-16,292.1499938964844,292.5,287.1000061035156,288.25,130.1643829345703,4139183
2016-12-19,288.45001220703125,289.79998779296875,286.5,287.3500061035156,129.75804138183594,2396882
2016-12-20,290.0,292.6000061035156,289.20001220703125,290.6000061035156,131.2255859375,2428442
2016-12-21,291.6000061035156,294.5,289.1499938964844,292.20001220703125,131.9481201171875,2448452
2016-12-22,291.0,291.8999938964844,287.04998779296875,287.6499938964844,129.89346313476562,1586040
2016-12-23,289.0,289.0,286.0,287.8500061035156,129.9838104248047,1478235
2016-12-26,288.3999938964844,288.3999938964844,282.6000061035156,285.0,128.69683837890625,2446568
2016-12-27,282.5,290.25,282.5,288.95001220703125,130.4805145263672,3419419
2016-12-28,290.0,296.3999938964844,288.70001220703125,295.20001220703125,133.30282592773438,3946048
2016-12-29,292.70001220703125,301.70001220703125,292.70001220703125,298.6499938964844,134.8607177734375,7139986
2016-12-30,298.0,301.29998779296875,296.1000061035156,300.0,135.47036743164062,3733367
2017-01-02,300.04998779296875,302.6499938964844,297.0,300.04998779296875,135.49293518066406,1729563
2017-01-03,301.0,307.29998779296875,299.5,305.29998779296875,137.8636474609375,1459916
2017-01-04,306.0,310.0,305.45001220703125,306.1499938964844,138.2474822998047,1954806
2017-01-05,307.1000061035156,311.3999938964844,306.6000061035156,308.29998779296875,139.21836853027344,1845973
2017-01-06,309.0,310.54998779296875,305.0,306.20001220703125,138.2700653076172,940177
2017-01-09,305.8500061035156,305.95001220703125,299.6000061035156,300.0,135.47036743164062,1947858
2017-01-10,301.04998779296875,303.25,299.1000061035156,300.6000061035156,135.74130249023438,1455309
2017-01-11,301.6000061035156,318.0,301.6000061035156,316.8500061035156,143.07928466796875,7657690
2017-01-12,318.0,318.6499938964844,310.5,313.20001220703125,141.43104553222656,2316891
2017-01-13,316.0,319.29998779296875,313.54998779296875,315.0,142.2438507080078,3458448
2017-01-16,319.0,319.0,310.3500061035156,313.79998779296875,141.70199584960938,3866192
2017-01-17,314.54998779296875,315.45001220703125,306.04998779296875,307.0,138.63131713867188,3759649
2017-01-18,304.79998779296875,309.79998779296875,304.54998779296875,308.70001220703125,139.39895629882812,3680888
2017-01-19,309.0,310.45001220703125,306.6000061035156,307.3500061035156,138.78936767578125,2434032
2017-01-20,307.0,308.3500061035156,302.45001220703125,303.70001220703125,137.1411590576172,3784930
2017-01-23,303.8999938964844,306.20001220703125,302.54998779296875,303.3999938964844,137.0056610107422,1855848
2017-01-24,304.5,310.75,303.6000061035156,309.45001220703125,139.73765563964844,2508724
2017-01-25,309.79998779296875,319.0,307.5,317.20001220703125,143.2373504638672,5594608
2017-01-27,318.0,320.3999938964844,316.0,317.75,143.48565673828125,2607499
2017-01-30,316.6000061035156,317.54998779296875,313.3999938964844,314.70001220703125,142.10838317871094,1713746
2017-01-31,313.3999938964844,314.3500061035156,303.0,309.20001220703125,139.62478637695312,17232981
2017-02-01,310.0,313.70001220703125,306.29998779296875,313.04998779296875,141.36329650878906,3168177
2017-02-02,311.3999938964844,322.79998779296875,308.75,320.45001220703125,144.7049102783203,3723534
2017-02-03,320.45001220703125,326.8999938964844,320.45001220703125,326.1499938964844,147.27883911132812,3778609
2017-02-06,326.0,329.0,322.3999938964844,325.04998779296875,146.7821044921875,1934568
2017-02-07,326.0,326.5,310.54998779296875,315.04998779296875,142.2664794921875,5669911
2017-02-08,313.0,322.5,313.0,321.75,145.29196166992188,4346528
2017-02-09,322.1000061035156,325.0,318.20001220703125,322.1499938964844,145.47259521484375,2390829
2017-02-10,324.0,325.25,321.3999938964844,324.5,146.5337677001953,2168081
2017-02-13,318.0,321.5,314.79998779296875,320.8999938964844,144.90811157226562,4142829
2017-02-14,319.0,320.70001220703125,315.25,320.20001220703125,144.59202575683594,2050709
2017-02-15,320.95001220703125,322.79998779296875,317.25,319.95001220703125,144.4791259765625,2649600
2017-02-16,317.5,319.0,315.79998779296875,318.29998779296875,143.73402404785156,2703863
2017-02-17,320.0,320.0,311.0,316.25,142.80833435058594,4292500
2017-02-20,316.25,320.8999938964844,314.1000061035156,319.8999938964844,144.45655822753906,2429373
2017-02-21,320.5,321.3999938964844,317.1000061035156,319.6000061035156,144.32107543945312,1678198
2017-02-22,322.29998779296875,329.70001220703125,320.54998779296875,328.3500061035156,148.2722930908203,3479768
2017-02-23,329.6000061035156,332.0,325.5,327.70001220703125,147.97877502441406,9869639
2017-02-27,330.0,332.29998779296875,327.70001220703125,329.95001220703125,148.99481201171875,5619203
2017-02-28,330.0,331.3999938964844,320.1000061035156,321.8999938964844,145.35968017578125,5247380
2017-03-01,323.0,324.5,318.6000061035156,320.20001220703125,144.59202575683594,4131446
2017-03-02,318.3500061035156,326.3500061035156,318.3500061035156,321.3999938964844,145.13388061523438,4008179
2017-03-03,322.0,324.3999938964844,320.5,321.25,145.066162109375,2402666
2017-03-06,325.0,327.8999938964844,320.6000061035156,322.8999938964844,145.81124877929688,4040938
2017-03-07,325.0,326.25,321.29998779296875,322.79998779296875,145.76608276367188,4787611
2017-03-08,325.0,325.70001220703125,319.29998779296875,320.20001220703125,144.59202575683594,4290085
2017-03-09,319.3500061035156,319.8999938964844,317.54998779296875,318.1000061035156,143.6437225341797,4365909
2017-03-10,319.54998779296875,320.0,315.25,316.29998779296875,142.83091735839844,5243694
2017-03-14,302.0,302.0,293.8999938964844,294.95001220703125,141.58285522460938,9137462
2017-03-15,296.5,296.95001220703125,292.0,292.70001220703125,140.50279235839844,6245963
2017-03-16,294.6000061035156,295.5,291.20001220703125,291.95001220703125,140.14279174804688,8597054
2017-03-17,293.95001220703125,294.6000061035156,288.20001220703125,289.25,138.8467254638672,9065938
2017-03-20,290.0,292.3999938964844,288.04998779296875,291.79998779296875,140.07078552246094,7075100
2017-03-21,293.0,294.79998779296875,291.0,292.25,140.2867889404297,6910712
2017-03-22,291.0,293.29998779296875,289.5,292.1499938964844,140.23876953125,4830714
2017-03-23,292.3500061035156,296.95001220703125,292.29998779296875,295.8999938964844,142.0388641357422,11221222
2017-03-24,298.0,300.0,295.6499938964844,297.8500061035156,142.97486877441406,9643952
2017-03-27,293.45001220703125,293.45001220703125,290.45001220703125,291.5,139.92677307128906,5001302
2017-03-28,291.8999938964844,292.3999938964844,289.6000061035156,290.3500061035156,139.37478637695312,5418025
2017-03-29,290.5,294.6000061035156,290.20001220703125,294.1000061035156,141.17483520507812,5756051
2017-03-30,295.5,295.5,289.0,289.5,138.96670532226562,7141482
2017-03-31,290.0,294.20001220703125,289.6000061035156,292.6499938964844,140.47874450683594,7016938
2017-04-03,292.6499938964844,295.25,291.0,295.0,141.6068572998047,3252869
2017-04-05,296.79998779296875,296.79998779296875,289.79998779296875,290.04998779296875,139.230712890625,7897483
2017-04-06,289.79998779296875,289.79998779296875,285.75,286.3999938964844,137.47865295410156,8564973
2017-04-07,286.20001220703125,286.20001220703125,280.1000061035156,283.8999938964844,136.27857971191406,11862350
2017-04-10,284.8999938964844,288.6000061035156,284.75,286.75,137.64663696289062,5200102
2017-04-11,286.5,290.3999938964844,286.1499938964844,288.8999938964844,138.67868041992188,4064823
2017-04-12,288.25,291.8500061035156,288.0,290.0,139.20675659179688,4747753
2017-04-13,288.8999938964844,291.54998779296875,288.54998779296875,291.04998779296875,139.71072387695312,3847263
2017-04-17,291.0,291.0,285.20001220703125,285.79998779296875,137.19061279296875,1515055
2017-04-18,283.0,284.5,278.70001220703125,279.25,134.04647827148438,4906059
2017-04-19,278.5,283.3999938964844,276.1000061035156,282.70001220703125,135.70257568359375,3993645
2017-04-20,283.8999938964844,284.0,278.1000061035156,279.3999938964844,134.11849975585938,3833330
2017-04-21,280.95001220703125,281.70001220703125,276.3999938964844,277.0,132.9664306640625,3533868
2017-04-24,279.45001220703125,279.45001220703125,276.29998779296875,277.1499938964844,133.03842163085938,4077534
2017-04-25,278.0,278.8999938964844,277.1499938964844,278.29998779296875,133.59043884277344,2431359
2017-04-26,278.8999938964844,280.70001220703125,276.0,276.6499938964844,132.79843139648438,2868393
2017-04-27,276.8500061035156,277.8999938964844,273.1000061035156,274.1499938964844,131.5983428955078,2586925
2017-04-28,274.1499938964844,278.25,274.1499938964844,276.6499938964844,132.79843139648438,2235812
2017-05-02,278.70001220703125,278.70001220703125,273.8500061035156,274.54998779296875,131.79037475585938,2101731
2017-05-03,277.3999938964844,280.20001220703125,275.0,279.54998779296875,134.1904754638672,2622769
2017-05-04,280.0,281.6000061035156,279.0,280.25,134.5264892578125,2230934
2017-05-05,282.0,284.45001220703125,278.04998779296875,278.5,133.6864471435547,5125398
2017-05-08,281.0,281.0,278.20001220703125,279.1000061035156,133.9744873046875,1671179
2017-05-09,279.3999938964844,280.1499938964844,276.0,278.1499938964844,133.51844787597656,2466355
2017-05-10,277.70001220703125,279.29998779296875,277.1000061035156,278.54998779296875,133.71046447753906,1433509
2017-05-11,279.8999938964844,280.0,273.75,274.20001220703125,131.6223602294922,4892432
2017-05-12,274.6000061035156,278.04998779296875,274.6000061035156,276.6000061035156,132.77442932128906,2692014
2017-05-15,277.25,278.5,277.25,277.75,133.32643127441406,2531633
2017-05-16,277.3999938964844,277.70001220703125,274.5,275.95001220703125,132.46240234375,2258317
2017-05-17,275.20001220703125,278.0,275.0,276.3500061035156,132.65440368652344,2146326
2017-05-18,275.0,278.3999938964844,275.0,276.45001220703125,132.70242309570312,1619249
2017-05-19,278.3999938964844,283.6499938964844,275.75,276.25,132.6063995361328,4250348
2017-05-22,277.3500061035156,277.75,273.5,273.8500061035156,131.45437622070312,1557880
2017-05-23,273.8999938964844,274.79998779296875,267.1499938964844,267.8500061035156,128.57423400878906,2984399
2017-05-24,268.29998779296875,270.25,261.0,261.75,125.64606475830078,3021594
2017-05-25,263.79998779296875,266.25,262.75,265.45001220703125,127.4221420288086,4127507
2017-05-26,266.0,269.25,265.8999938964844,268.25,128.7661895751953,1843278
2017-05-29,270.0,271.0,265.75,267.29998779296875,128.31021118164062,3299175
2017-05-30,259.79998779296875,268.6000061035156,259.5,267.70001220703125,128.50222778320312,4782782
2017-05-31,268.0,268.8999938964844,262.0,262.54998779296875,126.03006744384766,3555129
2017-06-01,263.0,266.1000061035156,262.75,265.3500061035156,127.37415313720703,1289229
2017-06-02,265.3500061035156,270.25,265.3500061035156,268.79998779296875,129.03021240234375,2602919
2017-06-05,267.45001220703125,267.8999938964844,263.70001220703125,264.54998779296875,126.99014282226562,3033579
2017-06-06,265.0,265.29998779296875,262.0,262.29998779296875,125.91008758544922,1340588
2017-06-07,263.0,265.0,262.5,264.3999938964844,126.9181137084961,1618299
2017-06-08,264.6000061035156,264.75,262.1000061035156,262.8999938964844,126.19810485839844,1404808
2017-06-09,264.0,264.5,261.0,261.5,125.52603912353516,1744203
2017-06-12,261.95001220703125,262.5,260.1000061035156,260.29998779296875,124.95002746582031,1675846
2017-06-13,260.0,260.3999938964844,258.5,259.04998779296875,124.35001373291016,1732288
2017-06-14,259.5,259.75,256.1000061035156,257.04998779296875,123.38995361328125,1887257
2017-06-15,256.79998779296875,256.95001220703125,253.0,254.1999969482422,122.02188873291016,3324587
2017-06-16,254.89999389648438,257.20001220703125,253.9499969482422,255.6999969482422,122.7419204711914,3283821
2017-06-19,256.25,256.95001220703125,251.5,253.9499969482422,121.90191650390625,2412135
2017-06-20,254.4499969482422,255.0,253.0,253.5500030517578,121.70989227294922,1052345
2017-06-21,253.6999969482422,253.75,250.10000610351562,250.4499969482422,120.22183990478516,3289233
2017-06-22,250.5,251.64999389648438,245.1999969482422,245.6999969482422,117.94172668457031,3230390
2017-06-23,245.6999969482422,247.8000030517578,243.10000610351562,244.89999389648438,117.55766296386719,3623117
2017-06-27,245.10000610351562,246.60000610351562,244.0,244.35000610351562,117.2936782836914,2074212
2017-06-28,246.0,247.1999969482422,244.5500030517578,245.75,117.96571350097656,3526585
2017-06-29,246.8000030517578,247.8000030517578,244.60000610351562,245.14999389648438,117.67768859863281,2498353
2017-06-30,244.6999969482422,245.89999389648438,243.5,244.25,117.24567413330078,2375289
2017-07-03,245.35000610351562,249.5,242.60000610351562,248.85000610351562,119.4537582397461,2347837
2017-07-04,250.5,250.5,246.1999969482422,246.75,118.44572448730469,1760337
2017-07-05,248.8000030517578,249.0,246.25,247.5,118.80571746826172,1260907
2017-07-06,247.5,252.8000030517578,247.10000610351562,251.4499969482422,120.70182800292969,2797532
2017-07-07,250.0500030517578,252.9499969482422,250.0500030517578,251.10000610351562,120.53382110595703,1762982
2017-07-10,253.4499969482422,259.3500061035156,253.4499969482422,258.79998779296875,124.22999572753906,717269
2017-07-11,259.0,259.8999938964844,253.75,254.5,122.1658935546875,1813885
2017-07-12,255.0,256.75,253.10000610351562,253.4499969482422,121.66188049316406,2640999
2017-07-13,254.1999969482422,255.8000030517578,251.85000610351562,253.64999389648438,121.75788116455078,2303738
2017-07-14,253.9499969482422,254.3000030517578,248.10000610351562,250.4499969482422,120.22183990478516,2907464
2017-07-17,250.75,251.0,246.0500030517578,247.0,118.56570434570312,4445325
2017-07-18,248.5,249.3000030517578,245.75,248.5,119.2857666015625,5338825
2017-07-19,248.0500030517578,256.6499938964844,248.0500030517578,254.6999969482422,122.26189422607422,4270908
2017-07-20,254.6999969482422,258.5,254.25,255.3000030517578,122.54993438720703,3923545
2017-07-21,255.0,262.95001220703125,254.10000610351562,262.3500061035156,125.93408203125,7715255
2017-07-24,263.0,265.25,260.1000061035156,261.54998779296875,125.55005645751953,3359835
2017-07-25,262.0,262.3500061035156,257.75,258.29998779296875,123.98999786376953,1812135
2017-07-26,258.3999938964844,261.8999938964844,258.04998779296875,260.6499938964844,125.11808013916016,2199360
2017-07-27,261.6000061035156,262.20001220703125,254.5,255.25,122.5259017944336,1950819
2017-07-28,254.1999969482422,256.6000061035156,250.0,251.5500030517578,120.74982452392578,2641938
2017-07-31,252.0,252.35000610351562,248.0,249.10000610351562,119.57376098632812,3580763
2017-08-01,249.89999389648438,253.5,249.4499969482422,251.4499969482422,120.70182800292969,5248187
2017-08-02,251.9499969482422,253.39999389648438,249.0,250.85000610351562,120.4138412475586,3701093
2017-08-03,251.60000610351562,251.8000030517578,241.10000610351562,241.75,116.04562377929688,9661464
2017-08-04,242.0,250.1999969482422,238.4499969482422,249.1999969482422,119.62179565429688,6573068
2017-08-07,249.8000030517578,253.1999969482422,248.60000610351562,251.5,120.72581481933594,3336900
2017-08-08,248.39999389648438,250.9499969482422,243.1999969482422,245.0500030517578,117.62969207763672,3335671
2017-08-09,244.89999389648438,245.3000030517578,241.10000610351562,242.5,116.40564727783203,1801736
2017-08-10,241.1999969482422,242.25,237.5,238.9499969482422,114.7015609741211,2764860
2017-08-11,237.0,240.39999389648438,233.6999969482422,235.89999389648438,113.23748016357422,3335287
2017-08-14,236.60000610351562,240.89999389648438,236.14999389648438,238.14999389648438,114.3175277709961,3086137
2017-08-16,237.0,239.89999389648438,234.5,237.9499969482422,114.22151184082031,7864893
2017-08-17,239.39999389648438,249.35000610351562,237.0500030517578,246.9499969482422,118.54176330566406,20945037
2017-08-18,246.5,247.89999389648438,241.6999969482422,243.35000610351562,116.81365203857422,3442524
2017-08-21,244.0,249.39999389648438,237.5500030517578,238.4499969482422,114.46150970458984,6555861
2017-08-22,240.5500030517578,243.0500030517578,238.5500030517578,240.5500030517578,115.4695816040039,3428907
2017-08-23,242.3000030517578,242.5,239.5,241.10000610351562,115.73359680175781,3693013
2017-08-24,242.39999389648438,242.8000030517578,239.60000610351562,241.3000030517578,115.82960510253906,3835139
2017-08-28,242.0,244.3000030517578,241.5500030517578,243.60000610351562,116.93364715576172,2231233
2017-08-29,242.5,242.5,238.0,238.25,114.36553955078125,3051560
2017-08-30,240.9499969482422,242.39999389648438,239.14999389648438,241.8000030517578,116.06961822509766,3263209
2017-08-31,241.5,241.5,235.85000610351562,237.39999389648438,113.95750427246094,8401866
2017-09-01,238.0500030517578,240.39999389648438,238.0500030517578,238.64999389648438,114.55755615234375,2197715
2017-09-04,239.0,247.1999969482422,238.9499969482422,246.5,118.32573699951172,8269444
2017-09-05,246.5,254.6999969482422,244.60000610351562,253.85000610351562,121.85389709472656,9538135
2017-09-06,251.5500030517578,257.54998779296875,251.0500030517578,255.8000030517578,122.78995513916016,4237130
2017-09-07,258.70001220703125,258.8999938964844,251.64999389648438,253.3000030517578,121.58987426757812,5398987
2017-09-08,253.3000030517578,255.85000610351562,251.5500030517578,255.0,122.40591430664062,3749501
2017-09-11,256.5,259.6000061035156,255.25,257.04998779296875,123.38995361328125,3525110
2017-09-12,256.1000061035156,258.29998779296875,253.39999389648438,257.54998779296875,123.62994384765625,3752410
2017-09-13,257.0,259.70001220703125,255.10000610351562,256.3500061035156,123.0539321899414,3956139
2017-09-14,255.60000610351562,258.20001220703125,254.0500030517578,255.0500030517578,122.429931640625,5756534
2017-09-15,255.1999969482422,262.20001220703125,255.1999969482422,259.79998779296875,124.71002197265625,8591867
2017-09-18,261.45001220703125,265.0,260.1000061035156,264.54998779296875,126.99014282226562,4114253
2017-09-19,262.0,262.95001220703125,257.1000061035156,258.54998779296875,124.10999298095703,5364164
2017-09-20,258.54998779296875,258.70001220703125,253.1999969482422,256.54998779296875,123.14996337890625,3310089
2017-09-21,255.5,256.3999938964844,248.5,254.0500030517578,121.94991302490234,4473641
2017-09-22,253.5,254.4499969482422,248.0,253.8000030517578,121.82991027832031,5178307
2017-09-25,254.39999389648438,257.70001220703125,250.25,257.04998779296875,123.38995361328125,5684406
2017-09-26,257.5,261.8500061035156,253.8000030517578,260.3999938964844,124.998046875,4587866
2017-09-27,261.75,261.8999938964844,255.3000030517578,260.8500061035156,125.21406555175781,5990467
2017-09-28,260.0,270.25,258.95001220703125,267.79998779296875,128.55018615722656,15893278
2017-09-29,270.0,272.3999938964844,267.29998779296875,270.8500061035156,130.01431274414062,4839652
2017-10-03,273.0,274.29998779296875,269.1499938964844,272.0,130.5662841796875,2925990
2017-10-04,271.1499938964844,271.8500061035156,268.70001220703125,270.0,129.60630798339844,2861280
2017-10-05,270.0,273.95001220703125,269.04998779296875,273.25,131.16632080078125,3173461
2017-10-06,273.5,278.5,273.45001220703125,276.70001220703125,132.82244873046875,7954834
2017-10-09,277.0,281.95001220703125,276.79998779296875,281.3500061035156,135.0545196533203,7166260
2017-10-10,281.3500061035156,286.25,281.3500061035156,285.6499938964844,137.1186065673828,8451221
2017-10-11,286.0,286.5,280.75,282.95001220703125,135.82257080078125,17103406
2017-10-12,281.8999938964844,283.75,280.1499938964844,282.3999938964844,135.55853271484375,5889501
2017-10-13,282.6000061035156,289.0,282.6000061035156,287.25,137.88665771484375,5084089
2017-10-16,287.29998779296875,291.5,286.75,290.70001220703125,139.54275512695312,5476361
2017-10-17,291.0,291.0,288.25,290.04998779296875,139.230712890625,3950516
2017-10-18,290.0,291.45001220703125,288.29998779296875,290.0,139.20675659179688,3633204
2017-10-19,290.0,290.04998779296875,284.8999938964844,285.79998779296875,137.19061279296875,543143
2017-10-23,286.5,291.3999938964844,286.5,289.8500061035156,139.13475036621094,13204235
2017-10-24,289.04998779296875,291.95001220703125,288.0,289.70001220703125,139.062744140625,3062378
2017-10-25,291.0,291.70001220703125,287.54998779296875,289.1499938964844,138.7987060546875,2442011
2017-10-26,289.0,295.0,289.0,293.3500061035156,140.81480407714844,8702312
2017-10-27,294.0,294.25,287.8999938964844,289.1499938964844,138.7987060546875,2507100
2017-10-30,289.1499938964844,290.8999938964844,285.1000061035156,288.8999938964844,138.67868041992188,2210701
2017-10-31,287.0,288.29998779296875,283.3500061035156,286.45001220703125,137.50267028808594,2596941
2017-11-01,286.5,290.0,281.54998779296875,286.54998779296875,137.55064392089844,3609151
2017-11-02,286.8999938964844,292.3500061035156,284.6499938964844,291.20001220703125,139.78277587890625,4090974
2017-11-03,291.20001220703125,292.0,285.04998779296875,286.54998779296875,137.55064392089844,4371428
2017-11-06,286.5,289.45001220703125,283.8999938964844,286.3500061035156,137.4546356201172,4414386
2017-11-07,286.6000061035156,287.79998779296875,283.1000061035156,284.6499938964844,136.63858032226562,4584351
2017-11-08,283.25,289.0,282.5,288.04998779296875,138.2707061767578,13609387
2017-11-09,286.8999938964844,287.5,280.04998779296875,283.25,135.9665985107422,3805782
2017-11-10,283.29998779296875,287.45001220703125,278.0,284.3500061035156,136.49461364746094,3527154
2017-11-13,276.20001220703125,280.29998779296875,274.0,274.95001220703125,131.98239135742188,5406841
2017-11-14,274.3500061035156,275.3999938964844,271.25,274.1499938964844,131.5983428955078,2798791
2017-11-15,274.0,274.1499938964844,270.20001220703125,272.3500061035156,130.7343292236328,2600287
2017-11-16,272.5,272.8999938964844,266.1499938964844,268.3500061035156,128.814208984375,2776035
2017-11-17,271.5,273.3999938964844,268.75,272.79998779296875,130.9503173828125,3366492
2017-11-20,273.0,280.25,270.04998779296875,278.3500061035156,133.61448669433594,3090470
2017-11-21,279.0,282.0,273.1000061035156,273.79998779296875,131.4303741455078,2880586
2017-11-22,275.5,276.5,271.1000061035156,271.79998779296875,130.47032165527344,1531611
2017-11-23,271.5,274.1000061035156,268.79998779296875,270.45001220703125,129.8223114013672,1490892
2017-11-24,270.75,272.8500061035156,270.3999938964844,271.5,130.32630920410156,876297
2017-11-27,270.8500061035156,272.3999938964844,269.3500061035156,271.6499938964844,130.39830017089844,887044
2017-11-28,272.0,276.3999938964844,269.54998779296875,274.3500061035156,131.69436645507812,7236470
2017-11-29,276.8999938964844,282.1000061035156,274.5,276.29998779296875,132.6304168701172,5209745
2017-11-30,275.29998779296875,278.29998779296875,272.5,275.79998779296875,132.39036560058594,7343947
2017-12-01,275.20001220703125,276.3500061035156,270.0,272.04998779296875,130.59031677246094,1987545
2017-12-04,273.0,273.6000061035156,265.1499938964844,265.8999938964844,127.63817596435547,2398989
2017-12-05,265.0,266.3500061035156,263.1000061035156,265.25,127.3261489868164,1277351
2017-12-06,263.20001220703125,267.8500061035156,263.20001220703125,265.1000061035156,127.254150390625,1779062
2017-12-07,266.0,266.8999938964844,262.0,262.79998779296875,126.15007781982422,1932289
2017-12-08,264.8999938964844,265.6000061035156,262.3500061035156,264.8500061035156,127.13414764404297,2408884
2017-12-11,265.6499938964844,270.3999938964844,265.29998779296875,269.8500061035156,129.53427124023438,2354885
2017-12-12,269.6000061035156,269.79998779296875,262.5,263.3999938964844,126.4381332397461,2169686
2017-12-13,264.8500061035156,264.95001220703125,261.0,263.1499938964844,126.31807708740234,1498753
2017-12-14,263.25,264.6499938964844,262.20001220703125,262.8500061035156,126.1740951538086,1822161
2017-12-15,264.0,271.54998779296875,263.79998779296875,271.0,130.0863037109375,9186533
2017-12-18,269.95001220703125,274.6499938964844,262.29998779296875,267.6499938964844,128.4781951904297,4251230
2017-12-19,269.3999938964844,271.8999938964844,266.45001220703125,267.6000061035156,128.45420837402344,3864780
2017-12-20,272.0,272.0,268.1499938964844,269.45001220703125,129.34222412109375,3597976
2017-12-21,271.3999938964844,271.3999938964844,266.8500061035156,267.8999938964844,128.59820556640625,2744760
2017-12-22,268.1499938964844,268.70001220703125,265.29998779296875,265.8999938964844,127.63817596435547,3505383
2017-12-26,267.70001220703125,267.70001220703125,263.0,263.75,126.60611724853516,4580600
2017-12-27,263.29998779296875,265.1000061035156,261.6000061035156,262.54998779296875,126.03006744384766,6400825
2017-12-28,262.79998779296875,265.8500061035156,262.1000061035156,263.1499938964844,126.31807708740234,6346822
2017-12-29,263.1000061035156,264.45001220703125,261.79998779296875,262.95001220703125,126.22212219238281,2800172
2018-01-01,263.0,267.29998779296875,262.6000061035156,266.6499938964844,127.99818420410156,3079260
2018-01-02,268.0,270.8999938964844,267.0,270.04998779296875,129.63026428222656,5659389
2018-01-03,271.0,273.45001220703125,269.70001220703125,271.8500061035156,130.4943084716797,9240120
2018-01-04,272.8999938964844,279.8500061035156,272.20001220703125,277.79998779296875,133.35043334960938,6919578
2018-01-05,278.5,280.6499938964844,278.0,278.75,133.80645751953125,3344950
2018-01-08,279.0,290.6000061035156,279.0,287.45001220703125,137.98265075683594,4891781
2018-01-09,299.70001220703125,311.0,296.6499938964844,304.04998779296875,145.9510498046875,27639107
2018-01-10,306.0,309.79998779296875,305.0,308.29998779296875,147.9911346435547,15300218
2018-01-11,308.0,310.0,302.95001220703125,308.1000061035156,147.89515686035156,4703627
2018-01-12,309.0,310.79998779296875,306.20001220703125,309.0,148.32717895507812,5119534
2018-01-15,309.25,310.45001220703125,304.5,305.8999938964844,146.83909606933594,2643125
2018-01-16,305.8999938964844,305.8999938964844,290.6000061035156,291.6000061035156,139.97474670410156,4069770
2018-01-17,293.0,294.95001220703125,286.29998779296875,290.95001220703125,139.66275024414062,4360706
2018-01-18,293.29998779296875,293.79998779296875,278.1000061035156,283.04998779296875,135.8705596923828,3784420
2018-01-19,283.04998779296875,285.8999938964844,280.5,284.0,136.32662963867188,2574759
2018-01-22,287.1000061035156,289.70001220703125,283.70001220703125,285.04998779296875,136.8306121826172,3025790
2018-01-23,285.20001220703125,294.1499938964844,285.20001220703125,293.1000061035156,140.6947784423828,3974425
2018-01-24,292.5,298.5,287.0,294.54998779296875,141.3908233642578,3073618
2018-01-25,294.54998779296875,302.6499938964844,294.54998779296875,299.3999938964844,143.71893310546875,6919878
2018-01-29,298.5,306.0,296.95001220703125,301.75,144.84703063964844,3557035
2018-01-30,299.0,307.5,295.20001220703125,305.8999938964844,146.83909606933594,3085086
2018-01-31,303.5,304.54998779296875,298.0,299.54998779296875,143.79092407226562,5198298
2018-02-01,300.1000061035156,301.1499938964844,290.95001220703125,295.6000061035156,141.89488220214844,4533542
2018-02-02,292.1000061035156,297.54998779296875,286.04998779296875,290.3500061035156,139.37478637695312,6393201
2018-02-05,293.0,296.0,285.0,294.79998779296875,141.5108184814453,7795465
2018-02-06,287.0,292.0,280.1000061035156,290.3500061035156,139.37478637695312,4674661
2018-02-07,291.5,299.70001220703125,290.3500061035156,297.6000061035156,142.85488891601562,7223510
2018-02-08,297.6000061035156,302.6000061035156,296.70001220703125,300.0,144.00698852539062,3286814
2018-02-09,295.1000061035156,304.45001220703125,294.3999938964844,300.1499938964844,144.07896423339844,4731060
2018-02-12,303.8999938964844,305.0,297.04998779296875,300.6499938964844,144.31900024414062,4512970
2018-02-14,300.0,309.45001220703125,300.0,306.95001220703125,147.3431396484375,5725179
2018-02-15,307.5,311.79998779296875,304.6499938964844,308.1000061035156,147.89515686035156,5219503
2018-02-16,308.1000061035156,310.45001220703125,302.6000061035156,303.5,145.68704223632812,1931615
2018-02-19,303.0,307.3999938964844,301.04998779296875,305.3999938964844,146.59910583496094,2935183
2018-02-20,305.0,311.8500061035156,302.0,310.3999938964844,148.99917602539062,8602002
2018-02-21,311.0,312.0,305.1499938964844,310.54998779296875,149.07119750976562,5399556
2018-02-22,306.5,315.0,306.5,311.54998779296875,149.5512237548828,7815886
2018-02-23,310.75,313.8500061035156,308.3500061035156,310.95001220703125,149.26319885253906,3195456
2018-02-26,311.25,316.3999938964844,309.0,314.04998779296875,150.75128173828125,3171308
2018-02-27,313.6499938964844,316.95001220703125,307.20001220703125,309.0,148.32717895507812,6667601
2018-02-28,307.0,311.79998779296875,305.0,309.1499938964844,148.39913940429688,3731061
2018-03-01,310.79998779296875,314.1499938964844,308.0,312.8999938964844,150.1992950439453,2535090
2018-03-05,310.45001220703125,311.45001220703125,303.95001220703125,305.79998779296875,146.7911376953125,3593849
2018-03-06,306.8999938964844,309.45001220703125,301.1000061035156,307.0,147.36715698242188,3693197
2018-03-07,306.0,308.95001220703125,302.8999938964844,306.95001220703125,147.3431396484375,4794848
2018-03-08,308.0,308.75,302.1499938964844,305.5,146.64710998535156,2236174
2018-03-09,305.0,307.5,302.1000061035156,304.04998779296875,145.9510498046875,2136347
2018-03-12,305.3999938964844,306.8999938964844,296.0,297.6499938964844,142.87890625,6796993
2018-03-13,297.5,298.6499938964844,290.0,294.8500061035156,141.53488159179688,6306692
2018-03-14,291.0,294.3999938964844,290.70001220703125,293.1000061035156,140.6947784423828,4406927
2018-03-15,294.0,298.8999938964844,292.1000061035156,295.5,141.8468780517578,4487868
2018-03-16,280.29998779296875,281.3999938964844,276.20001220703125,278.20001220703125,141.44012451171875,11016304
2018-03-19,279.5,279.5,269.1000061035156,272.29998779296875,138.4405059814453,3588096
2018-03-20,269.1000061035156,273.29998779296875,268.3500061035156,270.25,137.3982391357422,1804554
2018-03-21,270.8999938964844,272.54998779296875,269.04998779296875,270.8999938964844,137.72872924804688,2739537
2018-03-22,270.0,273.45001220703125,268.0,269.3999938964844,136.96609497070312,3383841
2018-03-23,266.6499938964844,271.79998779296875,265.0,269.95001220703125,137.24575805664062,3980861
2018-03-26,270.0,274.5,268.04998779296875,273.45001220703125,139.025146484375,2277261
2018-03-27,274.1000061035156,276.79998779296875,272.25,276.20001220703125,140.4232940673828,1888128
2018-03-28,274.70001220703125,285.75,272.8500061035156,283.29998779296875,144.03306579589844,6983849
2018-04-02,283.3500061035156,283.5,275.1499938964844,277.5,141.08424377441406,2520975
2018-04-03,276.20001220703125,279.6000061035156,275.1499938964844,278.95001220703125,141.82144165039062,1641179
2018-04-04,278.79998779296875,278.8999938964844,273.20001220703125,274.54998779296875,139.58441162109375,2946453
2018-04-05,276.1499938964844,279.5,275.45001220703125,277.79998779296875,141.2367706298828,1527043
2018-04-06,277.70001220703125,278.79998779296875,274.5,275.79998779296875,140.21994018554688,1527251
2018-04-09,276.3500061035156,276.3500061035156,273.5,274.45001220703125,139.53358459472656,1254956
2018-04-10,276.0,281.45001220703125,273.25,280.8999938964844,142.81285095214844,2351145
2018-04-11,283.6499938964844,285.3500061035156,278.04998779296875,283.3999938964844,144.08384704589844,2997141
2018-04-12,281.54998779296875,282.75,279.1000061035156,281.5,143.11788940429688,1342136
2018-04-13,282.5,285.5,280.0,285.0,144.8972930908203,1836917
2018-04-16,284.6000061035156,286.79998779296875,283.3500061035156,286.1000061035156,145.45655822753906,1222199
2018-04-17,286.25,290.3999938964844,285.45001220703125,287.6000061035156,146.21917724609375,2999531
2018-04-18,287.0,288.45001220703125,282.8999938964844,285.1000061035156,144.9481658935547,1433406
2018-04-19,285.25,287.25,281.70001220703125,283.20001220703125,143.98219299316406,2332176
2018-04-20,283.25,294.95001220703125,282.45001220703125,292.04998779296875,148.4816131591797,2436310
2018-04-23,292.0,292.0,288.6000061035156,289.79998779296875,147.33770751953125,1181306
2018-04-24,289.0,293.95001220703125,287.1499938964844,290.5,147.693603515625,1829965
2018-04-25,290.1000061035156,293.79998779296875,287.75,290.95001220703125,147.92237854003906,1612503
2018-04-26,290.5,292.95001220703125,288.25,290.79998779296875,147.84613037109375,2781512
2018-04-27,290.0,292.25,282.5,286.75,145.7870330810547,2211983
2018-04-30,287.5,288.0,282.70001220703125,285.0,144.8972930908203,1710033
2018-05-02,283.1000061035156,283.45001220703125,279.04998779296875,280.5,142.6094970703125,2440058
2018-05-03,278.25,281.79998779296875,276.1000061035156,276.95001220703125,140.8046112060547,2411190
2018-05-04,276.79998779296875,277.45001220703125,270.3999938964844,271.29998779296875,137.9320831298828,2313612
2018-05-07,273.79998779296875,273.79998779296875,265.29998779296875,267.3999938964844,135.94927978515625,7181257
2018-05-08,268.04998779296875,272.0,266.6499938964844,268.1499938964844,136.33059692382812,3920562
2018-05-09,268.20001220703125,269.75,266.70001220703125,267.3500061035156,135.92385864257812,3216449
2018-05-10,268.79998779296875,272.95001220703125,267.79998779296875,269.3500061035156,136.940673828125,3974135
2018-05-11,272.0,272.29998779296875,269.5,271.0,137.77957153320312,1778138
2018-05-14,271.0,273.0,266.70001220703125,270.04998779296875,137.29656982421875,2415819
2018-05-15,270.04998779296875,271.25,262.1499938964844,263.5,133.9664764404297,3867561
2018-05-16,264.0,265.0,257.29998779296875,263.5,133.9664764404297,2942029
2018-05-17,265.8999938964844,273.3999938964844,265.1000061035156,271.5,138.03375244140625,3850511
2018-05-18,271.5,274.54998779296875,265.79998779296875,266.79998779296875,135.64425659179688,1855482
2018-05-21,267.5,271.5,264.6000061035156,270.25,137.3982391357422,1798554
2018-05-22,272.70001220703125,279.8999938964844,271.5,279.04998779296875,141.87229919433594,3295864
2018-05-23,277.1499938964844,279.8999938964844,274.75,276.20001220703125,140.4232940673828,2640683
2018-05-24,277.0,281.5,274.5,280.1000061035156,142.40609741210938,2006694
2018-05-25,280.1000061035156,283.29998779296875,272.54998779296875,275.6000061035156,140.11827087402344,4274746
2018-05-28,277.0,287.79998779296875,276.70001220703125,284.79998779296875,144.79563903808594,3113235
2018-05-29,286.3500061035156,287.0,276.5,282.3500061035156,143.55003356933594,5934011
2018-05-30,281.0,292.5,277.6499938964844,289.04998779296875,146.95639038085938,9094869
2018-05-31,292.1000061035156,303.45001220703125,290.0,296.25,150.61697387695312,11797649
2018-06-01,293.0,299.70001220703125,290.1000061035156,294.6499938964844,149.8035125732422,3034848
2018-06-04,295.20001220703125,297.8500061035156,291.3999938964844,292.6000061035156,148.76126098632812,1557911
2018-06-05,293.8999938964844,294.75,283.75,285.25,145.02444458007812,2305088
2018-06-06,285.54998779296875,292.25,284.45001220703125,290.6499938964844,147.76983642578125,5630857
2018-06-07,289.0,291.0,287.29998779296875,288.8999938964844,146.88011169433594,2392349
2018-06-08,288.70001220703125,293.6000061035156,287.0,289.8999938964844,147.3885498046875,2039196
2018-06-11,290.0,294.45001220703125,286.1499938964844,287.8999938964844,146.37173461914062,1745576
2018-06-12,287.8999938964844,289.79998779296875,283.0,283.54998779296875,144.16014099121094,2079573
2018-06-13,284.1000061035156,287.70001220703125,283.6499938964844,284.0,144.38893127441406,2546696
2018-06-14,283.79998779296875,286.95001220703125,278.29998779296875,283.20001220703125,143.98219299316406,1535853
2018-06-15,286.5,286.5,277.5,279.04998779296875,141.87229919433594,4279134
2018-06-18,279.0,279.04998779296875,271.20001220703125,274.20001220703125,139.406494140625,2113771
2018-06-19,272.3500061035156,275.3999938964844,271.29998779296875,272.95001220703125,138.77099609375,1987334
2018-06-20,273.1000061035156,274.0,267.45001220703125,270.6000061035156,137.5762176513672,3006367
2018-06-21,270.70001220703125,272.8999938964844,266.29998779296875,267.70001220703125,136.10182189941406,2506852
2018-06-22,267.1000061035156,267.70001220703125,263.04998779296875,264.8500061035156,134.65286254882812,2527709
2018-06-25,264.0,265.75,257.3999938964844,259.0,131.6786346435547,4317400
2018-06-26,258.29998779296875,270.20001220703125,258.20001220703125,265.1499938964844,134.80535888671875,10472162
2018-06-27,265.0,267.95001220703125,260.8500061035156,265.8999938964844,135.18666076660156,4723986
2018-06-28,266.8500061035156,266.8500061035156,258.6499938964844,260.6499938964844,132.51751708984375,4384958
2018-06-29,259.0,265.20001220703125,259.0,264.3500061035156,134.39862060546875,1958214
2018-07-02,263.1499938964844,264.0,258.6000061035156,260.54998779296875,132.46665954589844,4878924
2018-07-03,262.5,262.70001220703125,259.29998779296875,260.8500061035156,132.6191864013672,2691217
2018-07-04,261.04998779296875,266.95001220703125,259.6000061035156,264.3500061035156,134.39862060546875,3032831
2018-07-05,264.5,271.75,260.5,270.29998779296875,137.42367553710938,3044656
2018-07-06,270.0,271.95001220703125,267.20001220703125,271.20001220703125,137.8812713623047,2709932
2018-07-09,272.25,274.20001220703125,269.0,271.1499938964844,137.8558349609375,2201363
2018-07-10,271.25,279.70001220703125,270.54998779296875,278.45001220703125,141.56723022460938,3000636
2018-07-11,277.0,277.8999938964844,263.75,264.79998779296875,134.62738037109375,4356413
2018-07-12,267.0,271.25,264.8500061035156,265.25,134.85618591308594,3818705
2018-07-13,266.79998779296875,270.6499938964844,266.29998779296875,267.79998779296875,136.1526641845703,3573660
2018-07-16,267.70001220703125,268.0,260.1000061035156,261.1499938964844,132.77169799804688,1565561
2018-07-17,261.5,266.79998779296875,261.25,264.75,134.6019744873047,2595243
2018-07-18,266.0,268.5,259.95001220703125,262.1499938964844,133.28012084960938,4114829
2018-07-19,262.5,263.95001220703125,260.0,261.20001220703125,132.79714965820312,2026082
2018-07-20,261.70001220703125,264.8999938964844,258.6000061035156,263.5,133.9664764404297,1742907
2018-07-23,262.5,266.25,261.20001220703125,261.70001220703125,133.05133056640625,1628803
2018-07-24,263.0,267.3999938964844,262.1000061035156,266.6499938964844,135.56793212890625,1788316
2018-07-25,266.20001220703125,266.5,262.5,264.6499938964844,134.55116271972656,1739791
2018-07-26,264.6499938964844,266.70001220703125,263.04998779296875,265.1000061035156,134.7799530029297,5067703
2018-07-27,266.3999938964844,266.8999938964844,259.6499938964844,262.1499938964844,133.28012084960938,1894632
2018-07-30,262.8999938964844,266.6000061035156,261.3999938964844,262.5,133.45806884765625,2942350
2018-07-31,263.79998779296875,264.04998779296875,260.3500061035156,261.1000061035156,132.74627685546875,2740402
2018-08-01,262.0,272.20001220703125,261.6000061035156,270.6499938964844,137.60162353515625,5612544
2018-08-02,274.5,274.95001220703125,271.1499938964844,273.54998779296875,139.07601928710938,4956127
2018-08-03,274.0,282.3500061035156,273.6499938964844,279.25,141.97398376464844,4085402
2018-08-06,278.8500061035156,285.6000061035156,278.25,283.1499938964844,143.95672607421875,3484913
2018-08-07,283.1499938964844,288.75,273.04998779296875,275.3999938964844,140.01658630371094,7450244
2018-08-08,275.5,279.45001220703125,274.75,276.0,140.3216094970703,2520870
2018-08-09,278.3500061035156,284.0,276.0,280.1000061035156,142.40609741210938,2927225
2018-08-10,279.0,279.70001220703125,272.5,275.79998779296875,140.21994018554688,3772563
2018-08-13,280.0,284.6499938964844,276.0,279.04998779296875,141.87229919433594,11139623
2018-08-14,280.0,283.8500061035156,277.0,282.6499938964844,143.7025604248047,4627652
2018-08-16,280.0,286.29998779296875,280.0,282.70001220703125,143.72802734375,5176282
2018-08-17,285.0,286.6000061035156,281.0,281.3999938964844,143.06704711914062,2099688
2018-08-20,283.5,290.70001220703125,281.75,284.04998779296875,144.41432189941406,3933773
2018-08-21,286.1499938964844,292.6000061035156,285.0,291.3999938964844,148.15115356445312,9141975
2018-08-23,291.70001220703125,293.75,287.1499938964844,289.04998779296875,146.95639038085938,2519637
2018-08-24,287.8500061035156,293.6000061035156,287.79998779296875,291.0,147.9477996826172,2713583
2018-08-27,291.0,295.45001220703125,289.45001220703125,293.1499938964844,149.04086303710938,2254135
2018-08-28,295.0,299.75,290.25,294.70001220703125,149.82891845703125,5513680
2018-08-29,292.70001220703125,294.3500061035156,285.29998779296875,286.29998779296875,145.55824279785156,4002186
2018-08-30,286.45001220703125,290.54998779296875,284.6000061035156,285.6000061035156,145.20236206054688,3861403
2018-08-31,286.25,290.5,285.0,285.95001220703125,145.38034057617188,3716997
2018-09-03,287.5,289.79998779296875,286.1499938964844,287.6499938964844,146.24461364746094,1649749
2018-09-04,288.0,288.8999938964844,278.6000061035156,279.6000061035156,142.1519317626953,2288405
2018-09-05,279.8999938964844,279.95001220703125,272.0,277.6000061035156,141.13507080078125,3826466
2018-09-06,278.5,284.8999938964844,277.3500061035156,283.6499938964844,144.21096801757812,2999616
2018-09-07,284.6000061035156,287.5,283.0,286.54998779296875,145.68536376953125,2997117
2018-09-10,286.0,286.3500061035156,278.6499938964844,279.6000061035156,142.1519317626953,1481435
2018-09-11,282.79998779296875,288.0,275.79998779296875,283.1000061035156,143.9313507080078,4990180
2018-09-12,284.3999938964844,287.6000061035156,279.25,281.54998779296875,143.14328002929688,2444610
2018-09-14,283.0,285.8999938964844,277.0,277.3500061035156,141.0079803466797,2742349
2018-09-17,277.5,278.1499938964844,273.25,274.95001220703125,139.78778076171875,2919286
2018-09-18,274.6000061035156,276.0,268.70001220703125,273.20001220703125,138.89810180664062,6420009
2018-09-19,275.0,281.95001220703125,275.0,280.6499938964844,142.6857147216797,4919007
2018-09-21,283.20001220703125,286.25,273.6000061035156,275.25,139.94032287597656,6865912
2018-09-24,276.0,284.0,275.6499938964844,281.1499938964844,142.93995666503906,3100325
2018-09-25,281.1499938964844,285.95001220703125,273.1499938964844,275.25,139.94032287597656,3583776
2018-09-26,277.0,277.0,270.20001220703125,272.54998779296875,138.5675811767578,2300500
2018-09-27,272.79998779296875,278.0,270.95001220703125,276.25,140.44874572753906,8043170
2018-09-28,275.79998779296875,275.79998779296875,264.3999938964844,266.25,135.36460876464844,5726123
2018-10-01,266.25,274.0,262.79998779296875,272.79998779296875,138.69468688964844,2087868
2018-10-03,273.0,281.0,268.8500061035156,276.75,140.70291137695312,2987093
2018-10-04,271.6000061035156,277.79998779296875,268.6000061035156,273.29998779296875,138.94891357421875,3688374
2018-10-05,274.0,274.1499938964844,261.29998779296875,263.0,133.7122802734375,4049564
2018-10-08,263.0,272.95001220703125,262.5,267.8999938964844,136.20347595214844,3474214
2018-10-09,269.8999938964844,277.70001220703125,268.5,273.95001220703125,139.27938842773438,4336163
2018-10-10,271.5,276.79998779296875,270.29998779296875,272.70001220703125,138.64389038085938,3200859
2018-10-11,268.0,274.5,265.04998779296875,266.6000061035156,135.54258728027344,3417428
2018-10-12,269.5,279.8999938964844,268.5,278.6000061035156,141.64349365234375,2924606
2018-10-15,279.29998779296875,280.8500061035156,272.75,275.6499938964844,140.14366149902344,1601283
2018-10-16,277.20001220703125,278.3500061035156,274.3999938964844,276.3999938964844,140.52499389648438,1333617
2018-10-17,279.6000061035156,283.8500061035156,277.20001220703125,279.8999938964844,142.304443359375,3081043
2018-10-19,279.1499938964844,281.20001220703125,274.45001220703125,275.1499938964844,139.8894805908203,3796642
2018-10-22,277.5,280.6499938964844,274.1000061035156,275.5,140.06736755371094,2396693
2018-10-23,274.5,280.8500061035156,274.29998779296875,277.3500061035156,141.0079803466797,2496068
2018-10-24,280.0,280.20001220703125,273.6000061035156,277.25,140.9571533203125,4457722
2018-10-25,274.79998779296875,283.95001220703125,274.1000061035156,282.20001220703125,143.4738006591797,4386393
2018-10-26,283.1000061035156,283.70001220703125,275.79998779296875,281.1000061035156,142.91453552246094,3061111
2018-10-29,281.5,289.20001220703125,277.3500061035156,287.3999938964844,146.1175079345703,2467759
2018-10-30,286.1499938964844,286.3999938964844,275.0,275.8500061035156,140.24534606933594,2757658
2018-10-31,265.0,267.8999938964844,263.79998779296875,266.1499938964844,135.3137664794922,17306128
2018-11-01,264.95001220703125,266.0,260.1000061035156,261.1000061035156,132.74627685546875,10473803
2018-11-02,259.0,264.5,258.8999938964844,261.54998779296875,132.97503662109375,38131025
2018-11-05,261.95001220703125,265.25,261.79998779296875,264.3500061035156,134.39862060546875,4885178
2018-11-06,265.0,266.6499938964844,264.20001220703125,265.8999938964844,135.18666076660156,3082375
2018-11-07,266.5,267.29998779296875,265.8999938964844,266.95001220703125,135.72052001953125,791919
2018-11-09,268.75,271.8500061035156,266.54998779296875,268.45001220703125,136.48309326171875,10993780
2018-11-12,270.0,271.3999938964844,263.20001220703125,263.8999938964844,134.1698455810547,4675510
2018-11-13,267.5,268.70001220703125,264.1499938964844,265.54998779296875,135.00869750976562,6900299
2018-11-14,267.0,267.0,263.75,265.75,135.1103973388672,2565400
2018-11-15,265.75,266.5,262.1000061035156,263.1499938964844,133.78854370117188,1915858
2018-11-16,264.0,265.79998779296875,261.29998779296875,263.6499938964844,134.04275512695312,3068376
2018-11-19,264.5,264.70001220703125,262.6499938964844,264.1499938964844,134.2969512939453,3190105
2018-11-20,264.0,265.6000061035156,261.0,261.45001220703125,132.92425537109375,4253683
2018-11-21,261.5,263.20001220703125,260.25,260.95001220703125,132.67002868652344,4772956
2018-11-22,261.0,261.3999938964844,256.1000061035156,256.6499938964844,130.48382568359375,2679794
2018-11-26,256.95001220703125,258.5,247.1999969482422,250.75,127.48420715332031,9857080
2018-11-27,252.5,254.1999969482422,250.14999389648438,251.89999389648438,128.06887817382812,4368734
2018-11-28,252.5,253.75,247.25,247.85000610351562,126.00983428955078,8248590
2018-11-29,250.0,250.60000610351562,241.0,246.89999389648438,125.52684020996094,18393945
2018-11-30,247.0,248.39999389648438,239.0500030517578,244.89999389648438,124.51001739501953,12789209
2018-12-03,246.0,251.8000030517578,245.35000610351562,249.0,126.59449768066406,6676768
2018-12-04,248.89999389648438,254.0,248.1999969482422,252.25,128.24681091308594,4526954
2018-12-05,251.5,252.4499969482422,244.0,245.3000030517578,124.71340942382812,3578109
2018-12-06,244.5,245.64999389648438,239.8000030517578,240.60000610351562,122.32386779785156,4379973
2018-12-07,241.9499969482422,242.4499969482422,236.5,236.75,120.36648559570312,6098755
2018-12-10,234.75,239.10000610351562,228.35000610351562,238.14999389648438,121.07825469970703,17424227
2018-12-11,233.75,244.0500030517578,233.75,242.10000610351562,123.08649444580078,8502316
2018-12-12,241.5,247.75,239.8000030517578,247.0,125.57769012451172,9121577
2018-12-13,249.0,249.0,243.0,244.5500030517578,124.33209228515625,6797383
2018-12-14,244.5500030517578,250.39999389648438,242.0,247.14999389648438,125.6539306640625,7521713
2018-12-17,249.10000610351562,253.6999969482422,246.1999969482422,251.4499969482422,127.84013366699219,9686146
2018-12-18,252.5,253.85000610351562,249.0500030517578,251.85000610351562,128.0435028076172,6477964
2018-12-19,252.6999969482422,253.3000030517578,250.0,251.0,127.6113510131836,5294565
2018-12-20,248.60000610351562,254.5,248.0,250.5500030517578,127.38253021240234,8601671
2018-12-21,250.89999389648438,253.35000610351562,247.14999389648438,252.75,128.50106811523438,12802364
2018-12-24,254.0,254.0,246.89999389648438,248.3000030517578,126.2386245727539,4368190
2018-12-26,248.3000030517578,250.39999389648438,246.0,247.0500030517578,125.60307312011719,5069728
2018-12-27,249.5,254.0,243.85000610351562,250.1999969482422,127.20458984375,26011475
2018-12-28,242.89999389648438,243.35000610351562,239.75,242.3000030517578,126.86426544189453,10583895
2018-12-31,242.6999969482422,244.39999389648438,240.10000610351562,240.75,126.05272674560547,3549194
2019-01-01,241.0,242.4499969482422,240.25,241.5,126.44540405273438,2227003
2019-01-02,240.89999389648438,241.4499969482422,236.0500030517578,236.6999969482422,123.9322280883789,3897893
2019-01-03,238.6999969482422,238.6999969482422,233.1999969482422,235.0,123.0421142578125,5664136
2019-01-04,234.10000610351562,237.6999969482422,233.75,236.5,123.82746887207031,2885669
2019-01-07,238.0,238.0,233.5,234.5,122.78031921386719,7347326
2019-01-08,234.5,235.14999389648438,232.14999389648438,233.3000030517578,122.15201568603516,4206563
2019-01-09,234.1999969482422,234.85000610351562,231.8000030517578,232.64999389648438,121.81169128417969,2954253
2019-01-10,233.8000030517578,233.9499969482422,232.0500030517578,233.0,121.99494934082031,2292058
2019-01-11,233.6999969482422,233.75,231.5,232.25,121.60225677490234,2446815
2019-01-14,232.39999389648438,232.5,229.0500030517578,230.89999389648438,120.89541625976562,2273231
2019-01-15,231.5,233.60000610351562,231.0500030517578,232.64999389648438,121.81169128417969,2323323
2019-01-16,232.8000030517578,233.39999389648438,231.5500030517578,232.0500030517578,121.49755859375,2050899
2019-01-17,232.75,232.75,230.39999389648438,232.0500030517578,121.49755859375,3220136
2019-01-18,232.14999389648438,232.5500030517578,229.60000610351562,230.0,120.4241943359375,2944908
2019-01-21,230.4499969482422,231.25,228.14999389648438,229.0,119.90061950683594,1904575
2019-01-22,228.4499969482422,230.35000610351562,225.8000030517578,227.75,119.24613952636719,4564028
2019-01-23,227.8000030517578,228.0,225.25,225.5500030517578,118.09423828125,2328748
2019-01-24,225.6999969482422,226.25,223.0,223.85000610351562,117.20413208007812,2838220
2019-01-25,224.25,226.1999969482422,220.10000610351562,220.9499969482422,115.68574523925781,3432012
2019-01-28,221.25,227.5,218.0500030517578,225.1999969482422,117.9109878540039,3917992
2019-01-29,225.39999389648438,225.85000610351562,221.14999389648438,222.5500030517578,116.52349090576172,3850399
2019-01-30,222.0,228.0,220.5500030517578,225.1999969482422,117.9109878540039,7349253
2019-01-31,226.5,227.5,223.0500030517578,224.64999389648438,117.62301635742188,15389786
2019-02-01,224.35000610351562,226.6999969482422,222.75,223.1999969482422,116.86380767822266,2820146
2019-02-04,223.3000030517578,224.1999969482422,220.0500030517578,222.10000610351562,116.28789520263672,3417620
2019-02-05,222.0,223.39999389648438,215.6999969482422,216.39999389648438,113.3034439086914,5557034
2019-02-06,216.5,220.6999969482422,216.35000610351562,219.9499969482422,115.16218566894531,3707342
2019-02-07,220.8000030517578,224.64999389648438,220.14999389648438,224.1999969482422,117.38741302490234,3111207
2019-02-08,223.89999389648438,225.64999389648438,217.60000610351562,218.64999389648438,114.48151397705078,2962142
2019-02-11,217.6999969482422,220.35000610351562,214.14999389648438,218.8000030517578,114.56006622314453,4580373
2019-02-12,219.8000030517578,223.89999389648438,219.35000610351562,223.0500030517578,116.78528594970703,7857592
2019-02-14,217.0,219.6999969482422,211.39999389648438,217.1999969482422,113.72229766845703,14953813
2019-02-15,219.89999389648438,221.5,214.6999969482422,219.9499969482422,115.16218566894531,11511255
2019-02-18,218.0,218.0,214.8000030517578,215.14999389648438,112.64895629882812,3651021
2019-02-19,215.25,218.9499969482422,213.5500030517578,214.25,112.17774200439453,5288764
2019-02-20,214.8000030517578,216.39999389648438,213.5500030517578,214.9499969482422,112.54425048828125,6637981
2019-02-21,215.0500030517578,215.6999969482422,213.1999969482422,213.6999969482422,111.8897933959961,4081685
2019-02-22,214.85000610351562,216.89999389648438,213.4499969482422,214.9499969482422,112.54425048828125,5229408
2019-02-25,216.0,216.6999969482422,212.6999969482422,214.35000610351562,112.2301254272461,9386982
2019-02-26,213.3000030517578,222.0,213.0,220.14999389648438,115.26688385009766,11886116
2019-02-27,221.5,224.39999389648438,219.60000610351562,221.4499969482422,115.94756317138672,8604781
2019-02-28,223.5,229.89999389648438,222.14999389648438,228.3000030517578,119.53408813476562,32625237
2019-03-01,228.8000030517578,233.0,226.60000610351562,232.64999389648438,121.81169128417969,9526492
2019-03-05,233.39999389648438,242.0,232.6999969482422,241.14999389648438,126.26213836669922,9391114
2019-03-06,241.14999389648438,246.1999969482422,238.0,242.75,127.09989166259766,9535153
2019-03-07,243.0,243.0,233.35000610351562,235.0,123.0421142578125,7181084
2019-03-08,233.10000610351562,237.5,229.60000610351562,234.89999389648438,122.98974609375,12803612
2019-03-11,236.6999969482422,245.0,235.25,243.39999389648438,127.44021606445312,19931174
2019-03-12,245.0,246.89999389648438,241.1999969482422,242.9499969482422,127.20458984375,9766818
2019-03-13,242.0,242.0,233.8000030517578,238.64999389648438,124.95319366455078,17949230
2019-03-14,240.89999389648438,244.10000610351562,238.5,243.1999969482422,127.33546447753906,13627811
2019-03-15,238.85000610351562,246.14999389648438,238.0,244.35000610351562,127.93759155273438,16465364
2019-03-18,243.9499969482422,245.60000610351562,242.0,244.1999969482422,127.85908508300781,5518089
2019-03-19,244.5500030517578,247.89999389648438,241.35000610351562,242.89999389648438,127.17842102050781,10839789
2019-03-20,244.60000610351562,244.60000610351562,236.0,237.0,124.08926391601562,20268896
2019-03-22,232.6999969482422,233.8000030517578,230.0,231.9499969482422,124.51874542236328,14139706
2019-03-25,233.0,239.4499969482422,231.35000610351562,237.1999969482422,127.33712005615234,7458064
2019-03-26,237.25,242.75,234.3000030517578,236.4499969482422,126.93450164794922,7475564
2019-03-27,236.39999389648438,238.10000610351562,233.60000610351562,234.4499969482422,125.8608627319336,4777913
2019-03-28,234.39999389648438,237.64999389648438,232.75,236.10000610351562,126.7466049194336,20584925
2019-04-01,238.10000610351562,238.10000610351562,231.5,236.39999389648438,126.90766143798828,13985622
2019-04-02,238.9499969482422,239.5,235.5500030517578,236.39999389648438,126.90766143798828,7356923
2019-04-03,236.5,236.9499969482422,233.0,234.10000610351562,125.67293548583984,5120392
2019-04-04,235.0,235.5500030517578,232.5500030517578,234.8000030517578,126.04875183105469,3948463
2019-04-05,235.0,236.1999969482422,233.6999969482422,234.6999969482422,125.99503326416016,3044309
2019-04-08,235.0,236.1999969482422,231.60000610351562,232.9499969482422,125.05555725097656,4374595
2019-04-09,233.0,239.5,232.3000030517578,238.39999389648438,127.98133850097656,9383394
2019-04-10,238.89999389648438,242.89999389648438,238.39999389648438,240.0500030517578,128.8671112060547,8657560
2019-04-11,240.10000610351562,241.60000610351562,238.60000610351562,240.9499969482422,129.35023498535156,3347291
2019-04-12,242.0,242.0,239.4499969482422,240.8000030517578,129.2697296142578,3442878
2019-04-15,244.0,251.9499969482422,243.25,250.0,134.20860290527344,15659370
2019-04-16,252.0,256.70001220703125,248.0500030517578,251.60000610351562,135.06753540039062,71315879
2019-04-18,251.75,252.89999389648438,249.60000610351562,251.4499969482422,134.9870147705078,7981706
2019-04-22,251.4499969482422,252.5,248.9499969482422,252.0500030517578,135.30911254882812,4703770
2019-04-23,251.0,256.1000061035156,251.0,255.5,137.16119384765625,7446838
2019-04-24,256.0,258.29998779296875,253.39999389648438,254.0,136.35595703125,14221692
2019-04-25,254.85000610351562,255.1999969482422,248.3000030517578,251.64999389648438,135.09437561035156,20305140
2019-04-26,253.5,255.5,250.0,250.5,134.47705078125,2428140
2019-04-30,250.5,253.5,246.60000610351562,252.14999389648438,135.36277770996094,6190464
2019-05-02,251.60000610351562,254.89999389648438,250.4499969482422,252.35000610351562,135.4701690673828,5411707
2019-05-03,253.0500030517578,256.0,251.3000030517578,252.10000610351562,135.33595275878906,5010129
2019-05-06,250.10000610351562,253.1999969482422,248.0500030517578,251.35000610351562,134.93333435058594,3270067
2019-05-07,252.0,255.25,247.6999969482422,248.8000030517578,133.56439208984375,4320204
2019-05-08,249.60000610351562,252.10000610351562,248.5500030517578,249.10000610351562,133.72543334960938,4215463
2019-05-09,249.10000610351562,250.64999389648438,241.14999389648438,242.3000030517578,130.07496643066406,6993406
2019-05-10,242.0,244.9499969482422,240.0,241.25,129.51129150390625,5294698
2019-05-13,241.75,242.89999389648438,237.60000610351562,242.10000610351562,129.96763610839844,3539800
2019-05-14,241.0,243.0,238.8000030517578,241.8000030517578,129.80657958984375,3301180
2019-05-15,241.75,242.39999389648438,233.4499969482422,235.10000610351562,126.20975494384766,5134147
2019-05-16,235.14999389648438,236.6999969482422,229.5500030517578,232.14999389648438,124.62610626220703,4788978
2019-05-17,233.10000610351562,238.0,232.35000610351562,236.14999389648438,126.77347564697266,7517604
2019-05-20,241.89999389648438,242.89999389648438,235.8000030517578,237.6999969482422,127.60554504394531,6976701
2019-05-21,239.6999969482422,241.4499969482422,234.5,237.1999969482422,127.33712005615234,5817365
2019-05-22,237.64999389648438,242.0,237.10000610351562,241.25,129.51129150390625,3916767
2019-05-23,243.0,245.0,239.6999969482422,244.14999389648438,131.06814575195312,4979182
2019-05-24,244.75,245.9499969482422,241.39999389648438,244.89999389648438,131.47073364257812,2407824
2019-05-27,244.89999389648438,246.4499969482422,243.10000610351562,244.10000610351562,131.04127502441406,1947123
2019-05-28,244.89999389648438,251.8000030517578,244.4499969482422,250.6999969482422,134.5843963623047,13294021
2019-05-29,249.89999389648438,251.60000610351562,247.4499969482422,250.6999969482422,134.5843963623047,3325742
2019-05-30,251.9499969482422,255.25,249.10000610351562,252.9499969482422,135.79225158691406,16592348
2019-05-31,261.0,262.95001220703125,252.1999969482422,253.5,136.0875244140625,22235393
2019-06-03,255.0,261.8999938964844,253.1999969482422,260.8999938964844,140.06011962890625,6895062
2019-06-04,258.79998779296875,264.1499938964844,258.1000061035156,263.3999938964844,141.40220642089844,6111033
2019-06-06,263.8999938964844,271.45001220703125,263.6499938964844,269.1499938964844,144.4889678955078,11211307
2019-06-07,269.1000061035156,269.70001220703125,263.6000061035156,265.54998779296875,142.55638122558594,4860923
2019-06-10,267.0,268.0,257.70001220703125,259.29998779296875,139.20115661621094,4916941
2019-06-11,260.3999938964844,262.45001220703125,257.54998779296875,258.75,138.9059295654297,4303321
2019-06-12,258.70001220703125,258.8999938964844,255.39999389648438,257.0,137.96646118164062,3093642
2019-06-13,256.0,258.70001220703125,253.60000610351562,255.60000610351562,137.21490478515625,3433631
2019-06-14,255.35000610351562,256.8999938964844,253.4499969482422,255.14999389648438,136.97329711914062,2805760
2019-06-17,255.0,257.6499938964844,250.6999969482422,255.3000030517578,137.0538330078125,5008880
2019-06-18,255.4499969482422,260.8999938964844,255.25,260.3500061035156,139.7648468017578,4171426
2019-06-19,260.5,262.6000061035156,255.14999389648438,257.04998779296875,137.99330139160156,2982858
2019-06-20,256.0,261.0,256.0,260.3500061035156,139.7648468017578,3042607
2019-06-21,260.0,265.3500061035156,251.89999389648438,254.25,136.49014282226562,20185830
2019-06-24,255.89999389648438,258.25,253.35000610351562,256.75,137.83226013183594,2633348
2019-06-25,255.0,259.0,254.5500030517578,258.3500061035156,138.69117736816406,2590646
2019-06-26,257.8999938964844,263.25,257.1499938964844,260.29998779296875,139.73800659179688,4030718
2019-06-27,259.25,261.70001220703125,258.0,259.3999938964844,139.25485229492188,13174124
2019-06-28,259.45001220703125,260.79998779296875,253.0,253.8000030517578,136.2485809326172,4626498
2019-07-01,254.25,256.3999938964844,248.0,249.25,133.80596923828125,4839632
2019-07-02,248.3000030517578,253.0,247.10000610351562,252.6999969482422,135.65805053710938,3955456
2019-07-03,252.6999969482422,254.14999389648438,250.3000030517578,250.9499969482422,134.71861267089844,2828456
2019-07-04,251.35000610351562,252.85000610351562,249.4499969482422,251.10000610351562,134.7991180419922,2555817
2019-07-05,251.5,253.1999969482422,240.85000610351562,241.89999389648438,129.8602294921875,4271783
2019-07-08,241.39999389648438,241.4499969482422,230.4499969482422,232.39999389648438,124.76030731201172,4588708
2019-07-09,232.5,235.1999969482422,228.1999969482422,229.60000610351562,123.25719451904297,9158261
2019-07-10,231.39999389648438,234.5,230.0500030517578,233.35000610351562,125.27029418945312,5900374
2019-07-11,235.0,235.75,232.60000610351562,234.89999389648438,126.10243225097656,4033341
2019-07-12,234.89999389648438,236.35000610351562,229.3000030517578,231.25,124.1429672241211,6741721
2019-07-15,231.0,231.6999969482422,228.25,230.39999389648438,123.6866455078125,3265924
2019-07-16,229.4499969482422,233.64999389648438,229.35000610351562,232.8000030517578,124.97506713867188,3739400
2019-07-17,232.0,234.14999389648438,229.0,230.0,123.47191619873047,5404435
2019-07-18,230.0,230.89999389648438,219.5,220.3000030517578,118.2646255493164,8729774
2019-07-19,222.0,224.0500030517578,217.39999389648438,221.89999389648438,119.12357330322266,19100281
2019-07-22,222.8000030517578,223.14999389648438,216.35000610351562,221.39999389648438,118.85511779785156,5607789
2019-07-23,222.0,222.89999389648438,217.0,218.0500030517578,117.0567398071289,4983571
2019-07-24,218.39999389648438,219.4499969482422,215.39999389648438,216.85000610351562,116.41254425048828,4877895
2019-07-25,217.64999389648438,217.64999389648438,208.10000610351562,209.0500030517578,112.22521209716797,19251346
2019-07-26,209.0,212.9499969482422,205.5,210.64999389648438,113.08415222167969,10490177
2019-07-29,210.64999389648438,212.60000610351562,204.5,205.39999389648438,110.26577758789062,11715160
2019-07-30,205.60000610351562,206.8000030517578,198.0,199.5500030517578,107.12528228759766,10527314
2019-07-31,199.1999969482422,206.0,197.0500030517578,204.4499969482422,109.75578308105469,10992207
2019-08-01,205.25,205.25,200.5,202.4499969482422,108.68212127685547,6018424
2019-08-02,200.89999389648438,201.0500030517578,195.35000610351562,197.1999969482422,105.86372375488281,6376599
2019-08-05,196.0,202.89999389648438,193.10000610351562,200.60000610351562,107.6889877319336,8942376
2019-08-06,198.5500030517578,207.75,198.5500030517578,205.10000610351562,110.10472106933594,12536563
2019-08-07,204.1999969482422,209.10000610351562,201.75,206.10000610351562,110.6416015625,9270695
2019-08-08,206.14999389648438,213.3000030517578,204.85000610351562,211.85000610351562,113.72837829589844,8622272
2019-08-09,213.89999389648438,214.0,207.0,207.60000610351562,111.44681549072266,7027377
2019-08-13,207.89999389648438,211.4499969482422,202.5,203.75,109.38003540039062,6907370
2019-08-14,208.5,208.5,195.64999389648438,200.5,107.63529968261719,16687905
2019-08-16,200.0,202.85000610351562,199.6999969482422,201.9499969482422,108.41370391845703,12556891
2019-08-19,202.6999969482422,203.10000610351562,198.5500030517578,198.9499969482422,106.8031997680664,5848151
2019-08-20,199.39999389648438,199.5,194.39999389648438,195.3000030517578,104.84375,7496337
2019-08-21,195.0,195.4499969482422,188.10000610351562,188.8000030517578,101.35435485839844,10788976
2019-08-22,188.0,188.4499969482422,177.6999969482422,180.85000610351562,97.08650207519531,13370852
2019-08-23,180.85000610351562,189.39999389648438,180.14999389648438,188.0,100.92485809326172,11447263
2019-08-26,191.0,191.89999389648438,182.5500030517578,188.75,101.32748413085938,8851543
2019-08-27,190.0,194.25,189.0,191.85000610351562,102.99169158935547,11357212
2019-08-28,189.0,192.60000610351562,184.1999969482422,185.0500030517578,99.34120178222656,10791130
2019-08-29,183.3000030517578,190.3000030517578,182.10000610351562,189.0,101.46170806884766,31069292
2019-08-30,189.75,190.4499969482422,182.14999389648438,184.75,99.18016052246094,11880019
2019-09-03,183.0,185.6999969482422,180.0500030517578,181.0500030517578,97.19388580322266,7054535
2019-09-04,181.0500030517578,183.39999389648438,179.10000610351562,182.14999389648438,97.78439331054688,6030798
2019-09-05,183.89999389648438,196.39999389648438,183.8000030517578,194.85000610351562,104.6021728515625,29083353
2019-09-06,196.14999389648438,199.5,192.8000030517578,198.60000610351562,106.61531829833984,16095238
2019-09-09,198.10000610351562,200.10000610351562,196.8000030517578,199.35000610351562,107.01795959472656,5382211
2019-09-11,199.8000030517578,203.0,195.5500030517578,196.6999969482422,105.59532165527344,8755389
2019-09-12,197.60000610351562,199.1999969482422,195.39999389648438,197.6999969482422,106.13216400146484,6446408
2019-09-13,198.64999389648438,199.60000610351562,194.5,198.1999969482422,106.40058135986328,6979583
2019-09-16,197.64999389648438,201.1999969482422,196.60000610351562,200.5500030517578,107.66215515136719,3961273
2019-09-17,200.60000610351562,200.60000610351562,196.0,197.60000610351562,106.0784912109375,5885854
2019-09-18,198.4499969482422,199.1999969482422,191.75,192.35000610351562,103.26012420654297,5488038
2019-09-19,191.3000030517578,194.5,189.5,193.4499969482422,103.8506088256836,7916117
2019-09-20,193.6999969482422,202.39999389648438,188.85000610351562,200.0500030517578,107.39373016357422,30567231
2019-09-23,205.5,208.39999389648438,200.5500030517578,202.6999969482422,108.81632995605469,9396444
2019-09-24,203.60000610351562,205.6999969482422,197.10000610351562,198.14999389648438,106.37374114990234,9662821
2019-09-25,193.0,198.6999969482422,191.14999389648438,192.60000610351562,103.3943099975586,6873148
2019-09-26,190.64999389648438,204.85000610351562,189.5500030517578,203.3000030517578,109.1384506225586,20274950
2019-09-27,203.3000030517578,204.8000030517578,196.6999969482422,199.35000610351562,107.01795959472656,10240429
2019-09-30,197.5,200.75,196.5500030517578,199.85000610351562,107.28638458251953,7578946
2019-10-01,200.0,200.60000610351562,190.75,194.10000610351562,104.1995620727539,10416295
2019-10-03,193.0,193.0,185.25,186.75,100.25382232666016,12270678
2019-10-04,187.6999969482422,189.35000610351562,182.14999389648438,185.8000030517578,99.74381256103516,12238072
2019-10-07,186.9499969482422,188.1999969482422,183.0,184.39999389648438,98.99227142333984,6160378
2019-10-09,184.8000030517578,186.6999969482422,183.0,185.35000610351562,99.50226593017578,5808768
2019-10-10,185.0,185.89999389648438,183.6999969482422,184.5500030517578,99.07278442382812,4047661
2019-10-11,185.25,190.25,185.25,189.0500030517578,101.4885482788086,7104915
2019-10-14,189.60000610351562,190.8000030517578,187.9499969482422,190.10000610351562,102.05224609375,6340044
2019-10-15,189.0,192.6999969482422,188.0500030517578,191.14999389648438,102.61589050292969,5459056
2019-10-16,192.3000030517578,196.1999969482422,191.35000610351562,194.5500030517578,104.44112396240234,7396404
2019-10-17,194.0,199.9499969482422,192.89999389648438,199.39999389648438,107.0447769165039,6611768
2019-10-18,198.8000030517578,206.5,197.75,205.9499969482422,110.5610580444336,12709671
2019-10-22,206.0,209.9499969482422,203.3000030517578,208.8000030517578,112.0910415649414,9795154
2019-10-23,209.39999389648438,211.6999969482422,206.5500030517578,208.8000030517578,112.0910415649414,7137614
2019-10-24,210.0,210.0,204.39999389648438,205.1999969482422,110.15839385986328,8470734
2019-10-25,206.60000610351562,206.9499969482422,203.0,205.85000610351562,110.50736236572266,5368529
2019-10-27,206.6999969482422,208.8000030517578,201.5500030517578,202.85000610351562,108.89686584472656,755584
2019-10-29,204.0,210.4499969482422,199.60000610351562,209.75,112.60101318359375,6925785
2019-10-30,210.75,210.9499969482422,205.60000610351562,206.25,110.72210693359375,4487164
2019-10-31,207.0,209.0,206.0,207.5500030517578,111.41999053955078,6655719
2019-11-01,205.0,208.0,201.85000610351562,207.10000610351562,111.17839050292969,7118433
2019-11-04,206.0,215.60000610351562,205.8000030517578,215.0,115.4194107055664,8489492
2019-11-05,217.0,217.5500030517578,209.60000610351562,211.14999389648438,113.35259246826172,12681517
2019-11-06,211.39999389648438,214.85000610351562,211.14999389648438,212.39999389648438,114.02363586425781,4344694
2019-11-07,213.5,213.75,210.89999389648438,212.5,114.07730865478516,3529240
2019-11-08,212.60000610351562,216.0,208.10000610351562,209.25,112.33261108398438,6324778
2019-11-11,208.9499969482422,210.8000030517578,205.75,209.85000610351562,112.6546859741211,3485203
2019-11-13,215.89999389648438,216.0,206.1999969482422,207.25,111.2589340209961,12228149
2019-11-14,208.5,208.5,201.75,202.35000610351562,108.62844848632812,4889669
2019-11-15,202.9499969482422,204.5,200.5,201.14999389648438,107.9842300415039,4544919
2019-11-18,202.0,202.0,198.25,200.3000030517578,107.52794647216797,5894876
2019-11-19,200.9499969482422,201.3000030517578,198.25,199.60000610351562,107.15215301513672,3836452
2019-11-20,199.89999389648438,204.0,199.4499969482422,203.0500030517578,109.00423431396484,4456738
2019-11-21,203.0,203.64999389648438,195.8000030517578,196.60000610351562,105.54163360595703,4650473
2019-11-22,196.9499969482422,199.35000610351562,196.3000030517578,199.0,106.830078125,4335573
2019-11-25,199.10000610351562,201.64999389648438,198.4499969482422,200.6999969482422,107.74264526367188,3884393
2019-11-26,201.0,202.10000610351562,196.1999969482422,197.75,106.15901184082031,8027053
2019-11-27,197.5,201.6999969482422,196.1999969482422,201.0,107.9037094116211,4378518
2019-11-28,200.5500030517578,206.35000610351562,199.8000030517578,205.85000610351562,110.50736236572266,7855291
2019-11-29,206.39999389648438,208.8000030517578,203.85000610351562,205.25,110.1852798461914,5422867
2019-12-02,205.1999969482422,206.39999389648438,202.25,205.85000610351562,110.50736236572266,3284647
2019-12-03,206.5,206.6999969482422,204.0,205.60000610351562,110.37317657470703,2619997
2019-12-04,204.60000610351562,205.0,201.14999389648438,202.75,108.84317016601562,5343182
2019-12-05,202.5,203.10000610351562,195.64999389648438,196.39999389648438,105.43426513671875,6745934
2019-12-06,196.39999389648438,197.0,190.89999389648438,192.0,103.07219696044922,5644775
2019-12-09,191.9499969482422,193.60000610351562,191.0,191.64999389648438,102.8843002319336,3992473
2019-12-10,192.0,192.4499969482422,186.5500030517578,187.1999969482422,100.49539947509766,4431410
2019-12-11,188.3000030517578,189.35000610351562,185.0,187.14999389648438,100.46855163574219,8520046
2019-12-12,188.3000030517578,190.85000610351562,186.25,190.14999389648438,102.07905578613281,8081188
2019-12-13,191.6999969482422,196.89999389648438,191.3000030517578,196.25,105.35376739501953,5851149
2019-12-16,197.0,197.3000030517578,192.0,192.60000610351562,103.3943099975586,3154315
2019-12-17,193.4499969482422,196.5,192.0500030517578,196.1999969482422,105.3269271850586,3652710
2019-12-18,195.85000610351562,198.5,194.8000030517578,197.75,106.15901184082031,3623918
2019-12-19,197.39999389648438,198.10000610351562,195.25,196.89999389648438,105.70269012451172,2015809
2019-12-20,196.85000610351562,202.6999969482422,196.14999389648438,200.8000030517578,107.79634094238281,5806708
2019-12-23,200.60000610351562,202.35000610351562,196.3000030517578,197.25,105.89059448242188,6665480
2019-12-24,197.8000030517578,199.6999969482422,197.39999389648438,198.9499969482422,106.8031997680664,3113553
2019-12-26,198.39999389648438,201.39999389648438,195.1999969482422,197.3000030517578,105.91743469238281,8630191
2019-12-27,198.5,205.5,197.64999389648438,203.5,109.24581146240234,5046833
2019-12-30,203.5500030517578,206.25,201.1999969482422,205.8000030517578,110.48051452636719,4696784
2019-12-31,205.0,212.4499969482422,204.4499969482422,211.35000610351562,113.4599609375,10534842
2020-01-01,211.35000610351562,212.60000610351562,208.39999389648438,211.9499969482422,113.78207397460938,6447592
2020-01-02,212.5,212.8000030517578,208.3000030517578,211.10000610351562,113.32572174072266,5958343
2020-01-03,210.0,212.60000610351562,207.6999969482422,211.85000610351562,113.72837829589844,6452638
2020-01-06,209.9499969482422,209.9499969482422,203.4499969482422,205.6999969482422,110.4268569946289,6853058
2020-01-07,206.5,208.1999969482422,204.35000610351562,205.6999969482422,110.4268569946289,5243225
2020-01-08,203.0,204.5500030517578,198.1999969482422,200.1999969482422,107.47425079345703,7295998
2020-01-09,203.25,203.6999969482422,197.35000610351562,198.0,106.2931900024414,10321169
2020-01-10,199.14999389648438,206.5500030517578,198.9499969482422,205.3000030517578,110.21211242675781,13533598
2020-01-13,205.3000030517578,212.0,205.0,211.5500030517578,113.56731414794922,9863555
2020-01-14,211.14999389648438,213.5,209.75,212.9499969482422,114.31888580322266,5417581
2020-01-15,212.60000610351562,214.60000610351562,211.3000030517578,212.4499969482422,114.05045318603516,4863227
2020-01-16,212.4499969482422,212.6999969482422,207.10000610351562,210.25,112.86946105957031,6937929
2020-01-17,210.0,210.5500030517578,206.10000610351562,207.89999389648438,111.6078872680664,5985342
2020-01-20,208.0,209.8000030517578,200.5,201.14999389648438,107.9842300415039,8110607
2020-01-21,201.14999389648438,205.25,201.14999389648438,202.14999389648438,108.52108764648438,6347967
2020-01-22,199.10000610351562,199.39999389648438,190.9499969482422,191.89999389648438,103.01852416992188,19096395
2020-01-23,192.0500030517578,195.1999969482422,189.85000610351562,190.75,102.40116882324219,16369722
2020-01-24,193.0,196.3000030517578,192.14999389648438,193.9499969482422,104.11904907226562,10626281
2020-01-27,193.9499969482422,195.0,192.0,193.35000610351562,103.79694366455078,7195361
2020-01-28,193.89999389648438,194.25,188.39999389648438,189.14999389648438,101.54220581054688,10274562
2020-01-29,191.0,193.0,188.0,191.0500030517578,102.56221008300781,10602818
2020-01-30,191.39999389648438,192.35000610351562,187.5,187.9499969482422,100.89804077148438,10859103
2020-01-31,188.8000030517578,189.4499969482422,180.0,181.6999969482422,97.54281616210938,35281395
2020-02-03,174.89999389648438,179.4499969482422,172.14999389648438,178.64999389648438,95.90544891357422,15284598
2020-02-04,180.75,183.0,179.75,182.5,97.97228240966797,10043759
2020-02-05,184.0,184.0,178.5,179.25,96.22756958007812,9468632
2020-02-06,180.1999969482422,181.60000610351562,178.25,179.9499969482422,96.60336303710938,6917941
2020-02-07,180.3000030517578,186.0500030517578,178.10000610351562,185.0500030517578,99.34120178222656,13470302
2020-02-10,184.89999389648438,185.0,177.64999389648438,178.85000610351562,96.01282501220703,19665611
2020-02-11,180.0,181.5,176.25,179.35000610351562,96.28126525878906,16397703
2020-02-12,181.0,183.39999389648438,178.1999969482422,180.3000030517578,96.79125213623047,14669421
2020-02-13,180.3000030517578,180.9499969482422,175.85000610351562,177.8000030517578,95.44915008544922,11781999
2020-02-14,178.0,178.89999389648438,174.1999969482422,174.75,93.81182098388672,15392705
2020-02-17,174.75,175.1999969482422,166.8000030517578,167.85000610351562,90.10767364501953,15997350
2020-02-18,168.10000610351562,173.9499969482422,165.0,171.85000610351562,92.25501251220703,27643844
2020-02-19,176.35000610351562,178.5500030517578,174.25,177.75,95.42232513427734,21092109
2020-02-20,177.75,180.25,175.1999969482422,179.35000610351562,96.28126525878906,16776977
2020-02-24,178.75,178.89999389648438,173.3000030517578,174.85000610351562,93.86549377441406,9952676
2020-02-25,176.10000610351562,178.6999969482422,174.1999969482422,175.10000610351562,93.99971008300781,13534936
2020-02-26,174.1999969482422,177.75,172.64999389648438,173.8000030517578,93.30183410644531,10925243
2020-02-27,173.75,174.5500030517578,169.60000610351562,174.10000610351562,93.46289825439453,11500515
2020-02-28,171.5500030517578,171.8000030517578,166.75,168.39999389648438,90.40291595458984,14694382
2020-03-02,172.64999389648438,175.0,168.3000030517578,169.35000610351562,90.91289520263672,11962711
2020-03-03,171.35000610351562,179.64999389648438,170.89999389648438,178.1999969482422,95.66389465332031,17015816
2020-03-04,178.25,179.8000030517578,174.10000610351562,178.10000610351562,95.61022186279297,9858330
2020-03-05,180.0,180.1999969482422,172.1999969482422,177.14999389648438,95.10021209716797,12349902
2020-03-06,166.6999969482422,173.0,166.5,168.75,90.59080505371094,10629291
2020-03-09,165.8000030517578,166.6999969482422,156.9499969482422,157.9499969482422,84.79301452636719,23967899
2020-03-11,158.10000610351562,169.89999389648438,157.0500030517578,168.0,90.18817901611328,28399797
2020-03-12,161.0,163.0,150.10000610351562,154.5500030517578,82.96775817871094,33250878
2020-03-13,146.25,161.5500030517578,123.6500015258789,154.10000610351562,82.72620391845703,43328010
2020-03-16,150.9499969482422,151.35000610351562,143.10000610351562,143.89999389648438,77.25047302246094,23542677
2020-03-17,145.1999969482422,155.39999389648438,142.3000030517578,145.89999389648438,78.32415008544922,18989633
2020-03-18,151.60000610351562,151.85000610351562,143.0,145.0500030517578,77.86783599853516,18737193
2020-03-19,128.0,133.5,122.0,123.55000305175781,72.30793762207031,28547877
2020-03-20,124.5,135.8000030517578,122.6500015258789,132.8000030517578,77.72151947021484,24022133
2020-03-23,122.5,134.85000610351562,120.05000305175781,127.8499984741211,74.82453155517578,17884315
2020-03-24,129.25,135.0,125.44999694824219,127.8499984741211,74.82453155517578,9991023
2020-03-25,126.0,129.25,123.69999694824219,124.5,72.86392974853516,8339454
2020-03-26,126.0,127.0,119.19999694824219,123.25,72.13235473632812,28364001
2020-03-27,125.9000015258789,132.9499969482422,125.0,131.6999969482422,77.07775115966797,18332679
2020-03-30,127.55000305175781,134.75,127.19999694824219,133.14999389648438,77.9263687133789,12357349
2020-03-31,135.10000610351562,142.35000610351562,134.25,140.0500030517578,81.964599609375,14997503
2020-04-01,138.75,141.25,137.0500030517578,139.4499969482422,81.61344146728516,8833033
2020-04-03,138.60000610351562,139.89999389648438,131.8000030517578,137.75,80.61851501464844,10936160
2020-04-07,140.3000030517578,142.39999389648438,137.14999389648438,140.14999389648438,82.02312469482422,8203204
2020-04-08,140.0,143.39999389648438,137.0,137.35000610351562,80.38442993164062,7070293
2020-04-09,139.1999969482422,141.4499969482422,138.0,140.8000030517578,82.40352630615234,5078557
2020-04-13,140.8000030517578,146.6999969482422,138.35000610351562,145.89999389648438,85.3883285522461,10691543
2020-04-15,147.39999389648438,151.60000610351562,146.0,146.85000610351562,85.9443130493164,10487965
2020-04-16,144.60000610351562,150.5,144.39999389648438,147.39999389648438,86.26620483398438,9736774
2020-04-17,151.5,152.4499969482422,148.3000030517578,148.75,87.05628967285156,7093925
2020-04-20,149.89999389648438,149.89999389648438,143.0,144.1999969482422,84.39340209960938,7139688
2020-04-21,141.0,141.60000610351562,137.8000030517578,139.0,81.35009765625,6501336
2020-04-22,138.1999969482422,141.3000030517578,135.0,140.6999969482422,82.34500885009766,5604252
2020-04-23,140.8000030517578,144.75,140.10000610351562,140.89999389648438,82.4620590209961,7553183
2020-04-24,140.60000610351562,143.8000030517578,135.8000030517578,137.0,80.17957305908203,11701166
2020-04-27,139.0,139.6999969482422,137.5,138.10000610351562,80.8233642578125,4238903
2020-04-28,138.60000610351562,139.5500030517578,134.4499969482422,135.39999389648438,79.24317932128906,7064210
2020-04-29,135.5,140.85000610351562,135.35000610351562,139.85000610351562,81.84754180908203,7399346
2020-04-30,141.5,149.4499969482422,141.35000610351562,148.5,86.90998077392578,13145052
2020-05-04,144.6999969482422,144.6999969482422,140.35000610351562,142.3000030517578,83.28141784667969,8356099
2020-05-05,143.89999389648438,147.25,137.35000610351562,138.0,80.76481628417969,11879416
2020-05-06,139.35000610351562,139.35000610351562,133.14999389648438,133.75,78.27751159667969,10427774
2020-05-07,130.0,133.0,130.0,130.8000030517578,76.551025390625,10860354
2020-05-08,132.85000610351562,133.1999969482422,128.5500030517578,129.0,75.49755859375,7096898
2020-05-11,130.14999389648438,131.0500030517578,128.0500030517578,128.4499969482422,75.1756820678711,6657844
2020-05-12,128.1999969482422,129.0500030517578,125.30000305175781,126.8499984741211,74.23927307128906,8128169
2020-05-13,132.5,132.5,128.5,130.60000610351562,76.43396759033203,11135898
2020-05-14,129.85000610351562,131.4499969482422,128.0500030517578,128.64999389648438,75.29270935058594,5663178
2020-05-15,129.6999969482422,130.85000610351562,127.75,129.60000610351562,75.84870910644531,6296826
2020-05-18,127.0,127.0,121.05000305175781,121.69999694824219,71.2252197265625,24334121
2020-05-19,123.0999984741211,124.1500015258789,121.80000305175781,123.5999984741211,72.33720397949219,9537927
2020-05-20,123.0,125.1500015258789,121.8499984741211,123.25,72.13235473632812,8087994
2020-05-21,123.9000015258789,126.25,122.80000305175781,124.5,72.86392974853516,6187181
2020-05-22,124.0,126.05000305175781,121.9000015258789,125.19999694824219,73.27361297607422,7128048
2020-05-26,125.8499984741211,128.0,125.0,127.25,74.4733657836914,6182999
2020-05-27,127.25,131.35000610351562,126.0,130.8000030517578,76.551025390625,6084254
2020-05-28,130.85000610351562,134.3000030517578,129.3000030517578,133.89999389648438,78.36530303955078,7882781
2020-05-29,133.5,142.4499969482422,132.25,141.3000030517578,82.69615173339844,16208002
2020-06-01,142.10000610351562,149.75,141.5500030517578,148.5500030517578,86.93924713134766,21204876
2020-06-02,149.14999389648438,149.14999389648438,143.0,143.39999389648438,83.9251937866211,16679738
2020-06-03,145.0,145.10000610351562,141.10000610351562,141.6999969482422,82.93025970458984,11560484
2020-06-04,141.0,142.60000610351562,139.35000610351562,140.25,82.08165740966797,6295232
2020-06-05,141.0,145.75,140.5,144.85000610351562,84.7738037109375,11872471
2020-06-08,148.0,148.9499969482422,144.75,146.6999969482422,85.85652923583984,11258686
2020-06-09,147.9499969482422,147.9499969482422,143.64999389648438,144.3000030517578,84.4519271850586,6957064
2020-06-10,144.0,144.75,140.1999969482422,140.6999969482422,82.34500885009766,8914993
2020-06-11,140.85000610351562,142.89999389648438,137.5,137.6999969482422,80.58924865722656,9259185
2020-06-12,133.10000610351562,135.5500030517578,132.6999969482422,134.64999389648438,78.80424499511719,8424817
2020-06-15,134.6999969482422,135.0,130.5,132.10000610351562,77.31184387207031,8217803
2020-06-16,134.5,135.0,129.5500030517578,131.14999389648438,76.75585174560547,7130557
2020-06-17,131.14999389648438,133.89999389648438,129.10000610351562,129.4499969482422,75.76092529296875,9071758
2020-06-18,129.0,139.6999969482422,128.14999389648438,137.60000610351562,80.5307388305664,34586616
2020-06-19,140.0,140.0,135.1999969482422,137.25,80.32589721679688,17468335
2020-06-22,137.25,143.9499969482422,137.10000610351562,143.64999389648438,84.07150268554688,19716275
2020-06-23,144.9499969482422,146.75,143.1999969482422,143.85000610351562,84.18856048583984,10955603
2020-06-24,145.6999969482422,146.4499969482422,140.75,141.5500030517578,82.84248352050781,10639459
2020-06-25,140.35000610351562,143.64999389648438,138.35000610351562,140.39999389648438,82.16944122314453,33546602
2020-06-26,140.89999389648438,143.0,139.60000610351562,142.10000610351562,83.16437530517578,8095985
2020-06-29,140.5500030517578,140.85000610351562,134.14999389648438,134.85000610351562,78.92130279541016,14575190
2020-06-30,136.35000610351562,137.14999389648438,132.35000610351562,132.85000610351562,77.75078582763672,9576074
2020-07-01,132.85000610351562,134.64999389648438,131.39999389648438,133.85000610351562,78.3360366821289,8412734
2020-07-02,134.0500030517578,135.0,132.8000030517578,133.60000610351562,78.18972778320312,7744251
2020-07-03,134.39999389648438,135.89999389648438,133.0500030517578,135.25,79.15538024902344,9092987
2020-07-06,136.3000030517578,137.5,135.25,135.85000610351562,79.50653839111328,9489759
2020-07-07,136.5,136.6999969482422,132.60000610351562,132.85000610351562,77.75078582763672,9903888
2020-07-08,132.9499969482422,134.4499969482422,131.60000610351562,132.85000610351562,77.75078582763672,12308795
2020-07-09,133.5,135.3000030517578,129.10000610351562,130.39999389648438,76.3169174194336,19347175
2020-07-10,129.5,132.25,128.1999969482422,131.1999969482422,76.78511047363281,17079028
2020-07-13,131.8000030517578,132.4499969482422,130.3000030517578,130.5,76.37544250488281,7748516
2020-07-14,130.39999389648438,130.39999389648438,128.0,128.25,75.05862426757812,7234601
2020-07-15,128.85000610351562,129.4499969482422,127.55000305175781,128.0,74.91230773925781,7037060
2020-07-16,127.75,128.0,124.5999984741211,126.1500015258789,73.82958984375,11776854
2020-07-17,126.5999984741211,132.0500030517578,126.5999984741211,130.60000610351562,76.43396759033203,11331564
2020-07-20,133.5,134.60000610351562,131.6999969482422,133.0,77.83856201171875,16601999
2020-07-21,133.5,134.5,132.0,133.10000610351562,77.89708709716797,10375549
2020-07-22,133.6999969482422,136.6999969482422,132.75,134.10000610351562,78.48236083984375,14123342
2020-07-23,134.89999389648438,135.5500030517578,133.1999969482422,133.4499969482422,78.1019287109375,5534003
2020-07-24,132.89999389648438,132.89999389648438,130.0,131.60000610351562,77.01922607421875,8426361
2020-07-27,131.60000610351562,131.8000030517578,129.35000610351562,129.9499969482422,76.05354309082031,5361430
2020-07-28,130.10000610351562,130.75,128.5500030517578,130.4499969482422,76.34618377685547,5274135
2020-07-29,130.0,132.5,129.6999969482422,131.1999969482422,76.78511047363281,5729989
2020-07-30,131.3000030517578,131.6999969482422,128.3000030517578,128.60000610351562,75.26346588134766,5755341
2020-07-31,128.9499969482422,130.0,127.55000305175781,129.25,75.64388275146484,5309957
2020-08-03,129.89999389648438,129.89999389648438,128.10000610351562,128.39999389648438,75.14640808105469,4101202
2020-08-04,129.60000610351562,131.6999969482422,128.5,128.75,75.35125732421875,8225015
2020-08-05,129.14999389648438,130.10000610351562,128.1999969482422,128.4499969482422,75.1756820678711,6357451
2020-08-06,129.0,131.1999969482422,128.3000030517578,128.85000610351562,75.40977478027344,7904721
2020-08-07,129.5,130.35000610351562,128.5500030517578,129.75,75.93650817871094,6553466
2020-08-10,130.3000030517578,131.14999389648438,129.0,129.25,75.64388275146484,7123506
2020-08-11,130.14999389648438,131.0,129.6999969482422,130.10000610351562,76.14134979248047,5667893
2020-08-12,130.0,130.1999969482422,128.5,128.6999969482422,75.3219985961914,10656110
2020-08-13,128.75,130.14999389648438,128.3000030517578,128.9499969482422,75.46829223632812,7332156
2020-08-14,129.35000610351562,134.25,129.10000610351562,131.85000610351562,77.16552734375,23946105
2020-08-17,133.5,137.0,132.35000610351562,136.0,79.59432983398438,23263111
2020-08-18,136.64999389648438,138.5500030517578,135.64999389648438,136.64999389648438,79.9747314453125,14886444
2020-08-19,137.5,138.0,134.4499969482422,135.10000610351562,79.06761169433594,7439983
2020-08-20,134.10000610351562,139.0,133.35000610351562,138.5,81.05745697021484,16864753
2020-08-21,139.5,141.8000030517578,139.0,139.5,81.64271545410156,18104009
2020-08-24,140.6999969482422,141.39999389648438,138.75,139.8000030517578,81.81829071044922,7621483
2020-08-25,140.85000610351562,141.0,139.1999969482422,140.4499969482422,82.19871520996094,8785149
2020-08-26,140.5500030517578,143.9499969482422,139.9499969482422,141.9499969482422,83.07658386230469,20083642
2020-08-27,142.6999969482422,143.25,140.0,140.5500030517578,82.25723266601562,9356533
2020-08-28,141.10000610351562,142.39999389648438,138.64999389648438,139.0500030517578,81.3793716430664,9056278
2020-08-31,139.25,142.14999389648438,133.89999389648438,134.35000610351562,78.62867736816406,18667357
2020-09-01,135.10000610351562,135.39999389648438,130.6999969482422,133.4499969482422,78.1019287109375,10566870
2020-09-02,135.5,137.5,134.75,136.3000030517578,79.7698974609375,16748685
2020-09-03,137.5,138.0500030517578,133.85000610351562,135.6999969482422,79.41873931884766,17375778
2020-09-04,134.10000610351562,136.4499969482422,131.35000610351562,132.4499969482422,77.51668548583984,9952446
2020-09-07,133.0,133.8000030517578,130.75,131.9499969482422,77.22405242919922,8781574
2020-09-08,132.10000610351562,132.64999389648438,129.35000610351562,129.9499969482422,76.05354309082031,7292289
2020-09-09,128.9499969482422,129.0,124.75,126.94999694824219,74.29779815673828,13115790
2020-09-10,128.0,128.3000030517578,125.5,126.6500015258789,74.12222290039062,12007280
2020-09-11,126.9000015258789,127.0,124.6500015258789,125.0999984741211,73.2150650024414,12588367
2020-09-14,126.0,126.8499984741211,124.0999984741211,124.94999694824219,73.12728881835938,12397073
2020-09-15,125.6500015258789,125.75,123.80000305175781,124.0999984741211,72.62983703613281,11537811
2020-09-16,124.5999984741211,124.5999984741211,123.0999984741211,123.8499984741211,72.48351287841797,8007948
2020-09-17,123.8499984741211,125.9000015258789,123.55000305175781,124.30000305175781,72.74687957763672,13049746
2020-09-18,125.25,125.25,122.9000015258789,123.6500015258789,72.36647033691406,14611915
2020-09-21,123.6500015258789,124.1500015258789,121.0999984741211,121.6500015258789,71.19595336914062,9573596
2020-09-22,122.0,122.0,118.8499984741211,119.55000305175781,69.96692657470703,10042777
2020-09-23,119.75,122.5,118.94999694824219,121.05000305175781,70.84481048583984,9281239
2020-09-24,121.05000305175781,121.0999984741211,115.19999694824219,115.69999694824219,67.71369934082031,15979042
2020-09-25,116.0,117.5999984741211,113.9000015258789,117.0999984741211,68.53306579589844,15988801
2020-09-28,117.9000015258789,121.30000305175781,117.9000015258789,120.0,70.23030090332031,9441818
2020-09-29,121.1500015258789,121.55000305175781,117.1500015258789,117.6500015258789,68.85494995117188,12065137
2020-09-30,117.0,117.0999984741211,114.6500015258789,116.0,67.8892822265625,14036702
2020-10-01,117.0999984741211,119.69999694824219,116.3499984741211,117.25,68.620849609375,9963165
2020-10-05,117.94999694824219,119.5,117.55000305175781,118.4000015258789,69.29389953613281,8141288
2020-10-06,119.3499984741211,119.3499984741211,116.30000305175781,116.80000305175781,68.35749816894531,11221801
2020-10-07,117.0999984741211,117.19999694824219,114.25,114.44999694824219,66.98214721679688,11939558
2020-10-08,114.69999694824219,115.0,112.6500015258789,113.30000305175781,66.30911254882812,11663333
2020-10-09,113.3499984741211,115.9000015258789,112.30000305175781,114.9000015258789,67.2455062866211,15958362
2020-10-12,115.30000305175781,115.5,112.80000305175781,113.19999694824219,66.25057220458984,7949842
2020-10-13,113.30000305175781,114.6500015258789,112.3499984741211,113.8499984741211,66.6309814453125,9702168
2020-10-14,113.19999694824219,113.94999694824219,109.5999984741211,110.55000305175781,64.69966888427734,19663164
2020-10-15,110.8499984741211,112.69999694824219,109.55000305175781,110.5999984741211,64.72891235351562,15481671
2020-10-16,111.30000305175781,112.75,109.5999984741211,111.3499984741211,65.16786193847656,12231039
2020-10-19,112.5,115.3499984741211,111.25,114.69999694824219,67.12845611572266,18111350
2020-10-20,115.0999984741211,116.1500015258789,113.0999984741211,113.6500015258789,66.5139389038086,16554127
2020-10-21,113.6500015258789,116.9000015258789,113.55000305175781,115.0999984741211,67.362548828125,20421726
2020-10-22,115.0,116.69999694824219,114.0999984741211,115.80000305175781,67.7722396850586,13653932
2020-10-23,116.80000305175781,118.19999694824219,116.19999694824219,117.69999694824219,68.88420867919922,11876035
2020-10-26,117.9000015258789,117.9000015258789,114.19999694824219,114.55000305175781,67.0406723022461,11243128
2020-10-27,114.19999694824219,115.1500015258789,112.8499984741211,113.94999694824219,66.68951416015625,10985477
2020-10-28,113.94999694824219,114.0,112.4000015258789,112.69999694824219,65.95794677734375,9366165
2020-10-29,112.0,112.44999694824219,110.55000305175781,110.8499984741211,64.87522888183594,11414157
2020-10-30,111.5999984741211,115.19999694824219,111.05000305175781,114.19999694824219,66.8358154296875,17773808
2020-11-02,114.5999984741211,116.30000305175781,113.55000305175781,115.69999694824219,67.71369934082031,12785804
2020-11-03,115.5999984741211,117.25,115.5999984741211,116.5,68.18190002441406,12319486
2020-11-04,116.5,116.5,113.69999694824219,114.80000305175781,67.1869888305664,7382741
2020-11-05,116.3499984741211,120.5999984741211,115.25,119.8499984741211,70.14250183105469,14904921
2020-11-06,120.25,122.4000015258789,118.30000305175781,121.80000305175781,71.28375244140625,18908916
2020-11-09,122.9000015258789,122.9000015258789,120.6500015258789,121.75,71.25448608398438,14950332
2020-11-10,122.25,125.4000015258789,121.0,124.80000305175781,73.03950500488281,15808417
2020-11-11,126.0,126.19999694824219,123.55000305175781,125.8499984741211,73.65400695800781,16757799
2020-11-12,126.05000305175781,126.5,121.0,122.0999984741211,71.45931243896484,35738360
2020-11-13,122.5,126.3499984741211,121.19999694824219,125.9000015258789,73.68326568603516,23377931
2020-11-14,127.3499984741211,127.5,126.55000305175781,127.0999984741211,74.38558959960938,3308333
2020-11-17,128.3000030517578,129.3000030517578,127.19999694824219,128.6999969482422,75.3219985961914,20369194
2020-11-18,128.75,128.85000610351562,125.8499984741211,128.25,75.05862426757812,18943803
2020-11-19,121.75,124.30000305175781,120.8499984741211,122.05000305175781,75.86670684814453,29186699
2020-11-20,123.30000305175781,123.5,120.1500015258789,121.44999694824219,75.49374389648438,17573909
2020-11-23,121.25,123.44999694824219,119.75,122.75,76.30182647705078,17269543
2020-11-24,123.75,124.5999984741211,122.80000305175781,123.25,76.61264038085938,18199200
2020-11-25,123.94999694824219,126.75,123.25,123.94999694824219,77.04776000976562,22813211
2020-11-26,124.5999984741211,125.3499984741211,123.3499984741211,125.05000305175781,77.73152160644531,13694237
2020-11-27,125.44999694824219,127.4000015258789,125.0,125.55000305175781,78.04232788085938,25297333
2020-12-01,126.0,127.0,124.69999694824219,126.4000015258789,78.5706787109375,8927107
2020-12-02,127.0,131.14999389648438,126.4000015258789,129.75,80.65304565429688,21081119
2020-12-03,131.35000610351562,134.0,129.25,133.4499969482422,82.95298767089844,25834042
2020-12-04,134.1999969482422,134.9499969482422,131.10000610351562,133.3000030517578,82.8597640991211,19371235
2020-12-07,133.3000030517578,137.1999969482422,133.0,136.8000030517578,85.03536224365234,14127211
2020-12-08,137.4499969482422,137.6999969482422,133.0,134.25,83.45027160644531,21479953
2020-12-09,135.39999389648438,137.5,134.39999389648438,134.6999969482422,83.72998046875,18755465
2020-12-10,135.1999969482422,135.4499969482422,132.8000030517578,134.85000610351562,83.82322692871094,11912807
2020-12-11,134.6999969482422,140.6999969482422,134.5,138.25,85.93668365478516,30559578
2020-12-14,139.64999389648438,144.1999969482422,139.10000610351562,143.35000610351562,89.10688018798828,35605748
2020-12-15,143.64999389648438,144.35000610351562,140.8000030517578,143.10000610351562,88.95147705078125,18775793
2020-12-16,144.35000610351562,146.0,143.5,145.5,90.4433364868164,16119571
2020-12-17,145.25,145.25,142.5,143.4499969482422,89.16903686523438,12374964
2020-12-18,143.4499969482422,143.64999389648438,139.4499969482422,141.6999969482422,88.08120727539062,13628707
2020-12-21,141.39999389648438,141.5,129.35000610351562,132.9499969482422,82.64219665527344,20132655
2020-12-22,132.5,136.10000610351562,129.8000030517578,135.5,84.22728729248047,17257059
2020-12-23,135.5,136.6999969482422,134.10000610351562,135.0500030517578,83.94754028320312,10091831
2020-12-24,136.35000610351562,139.10000610351562,135.60000610351562,136.25,84.69346618652344,14518171
2020-12-28,139.89999389648438,139.89999389648438,137.1999969482422,137.64999389648438,85.56372833251953,15223089
2020-12-29,138.89999389648438,139.60000610351562,134.60000610351562,135.10000610351562,83.97865295410156,21146540
2020-12-30,136.75,136.75,134.1999969482422,135.60000610351562,84.28944396972656,14180071
2020-12-31,135.60000610351562,136.6999969482422,134.75,135.4499969482422,84.19619750976562,15237166
2021-01-01,135.39999389648438,136.25,135.0500030517578,135.35000610351562,84.13402557373047,6995084
2021-01-04,136.85000610351562,137.75,135.8000030517578,137.25,85.3150863647461,11669647
2021-01-05,136.75,136.75,134.39999389648438,135.14999389648438,84.00970458984375,12371842
2021-01-06,135.39999389648438,137.3000030517578,133.8000030517578,135.10000610351562,83.97865295410156,14133415
2021-01-07,136.5,137.5,135.5,136.5,84.848876953125,17298525
2021-01-08,137.10000610351562,140.9499969482422,137.10000610351562,139.6999969482422,86.83802032470703,27964099
2021-01-11,140.5,143.0,140.3000030517578,141.6999969482422,88.08120727539062,24790683
2021-01-12,142.5,147.5500030517578,141.6999969482422,146.64999389648438,91.15815734863281,28433070
2021-01-13,148.5,148.8000030517578,143.5,145.8000030517578,90.62979125976562,21154236
2021-01-14,146.60000610351562,148.1999969482422,144.85000610351562,146.64999389648438,91.15815734863281,14755992
2021-01-15,146.8000030517578,147.60000610351562,142.35000610351562,143.25,89.0447006225586,10647008
2021-01-18,143.3000030517578,143.89999389648438,136.60000610351562,138.6999969482422,86.2164077758789,17085592
2021-01-19,140.85000610351562,141.89999389648438,139.60000610351562,140.10000610351562,87.0866470336914,8951075
2021-01-20,140.5,141.9499969482422,138.64999389648438,141.5,87.95690155029297,11820498
2021-01-21,142.0,142.14999389648438,136.5500030517578,137.35000610351562,85.37724304199219,10828875
2021-01-22,137.35000610351562,137.8000030517578,132.5,133.1999969482422,82.7975845336914,14810848
2021-01-25,134.89999389648438,135.5,130.85000610351562,131.85000610351562,81.95841979980469,10157077
2021-01-27,132.0,132.5500030517578,128.6999969482422,129.14999389648438,80.28007507324219,11638766
2021-01-28,128.0,129.9499969482422,127.80000305175781,128.1999969482422,79.68956756591797,11970139
2021-01-29,129.25,129.64999389648438,125.25,125.9000015258789,78.25988006591797,15268785
2021-02-01,126.4000015258789,129.75,125.8499984741211,129.0,80.18685150146484,12808349
2021-02-02,131.0,132.85000610351562,129.64999389648438,131.25,81.58544921875,15485139
2021-02-03,131.25,138.0,131.25,137.25,85.3150863647461,25483402
2021-02-04,137.89999389648438,144.25,136.8000030517578,143.60000610351562,89.26225280761719,30751754
2021-02-05,144.10000610351562,144.3000030517578,139.35000610351562,140.85000610351562,87.5528564453125,19930467
2021-02-08,141.0500030517578,142.39999389648438,140.3000030517578,141.5500030517578,87.98799133300781,11810439
2021-02-09,141.5,143.4499969482422,138.6999969482422,139.25,86.55829620361328,8579689
2021-02-10,139.89999389648438,140.5500030517578,136.8000030517578,138.3000030517578,85.9677734375,8709612
2021-02-11,138.3000030517578,139.5,136.0,137.14999389648438,85.25292205810547,14150298
2021-02-12,136.5,137.0,132.75,133.85000610351562,83.2016372680664,16453706
2021-02-15,134.5,134.85000610351562,132.0,132.25,82.20706176757812,10557047
2021-02-16,132.3000030517578,135.39999389648438,132.3000030517578,133.75,83.13948059082031,11735144
2021-02-17,133.3000030517578,135.75,132.89999389648438,135.1999969482422,84.04080200195312,8950258
2021-02-18,135.0,141.1999969482422,134.0500030517578,139.9499969482422,86.99341583251953,22069738
2021-02-19,139.9499969482422,143.1999969482422,137.25,139.25,86.55829620361328,22944780
2021-02-22,138.85000610351562,139.39999389648438,135.10000610351562,136.25,84.69346618652344,20401387
2021-02-23,137.60000610351562,138.60000610351562,136.1999969482422,136.89999389648438,85.09752655029297,19178437
2021-02-24,139.9499969482422,145.0,139.5,144.39999389648438,89.75953674316406,38775957
2021-02-25,146.89999389648438,157.6999969482422,145.75,156.10000610351562,97.03231811523438,85580477
2021-02-26,156.14999389648438,163.0,150.5,152.1999969482422,94.60803985595703,94115857
2021-03-01,155.5,157.10000610351562,153.6999969482422,154.35000610351562,95.94448852539062,22306110
2021-03-02,154.35000610351562,156.14999389648438,152.5,153.39999389648438,95.35398864746094,17565134
2021-03-03,155.0,157.3000030517578,153.8000030517578,154.89999389648438,96.28639221191406,17610904
2021-03-04,154.0,154.89999389648438,151.6999969482422,152.0500030517578,94.51480865478516,17162557
2021-03-05,152.0,152.6999969482422,149.6999969482422,151.10000610351562,93.9242935180664,17323282
2021-03-08,153.89999389648438,156.0,152.35000610351562,153.14999389648438,95.1985855102539,18727656
2021-03-09,154.9499969482422,154.9499969482422,148.5,151.6999969482422,94.29724884033203,14621175
2021-03-10,153.0500030517578,153.25,149.39999389648438,150.9499969482422,93.83104705810547,10788943
2021-03-12,152.0,153.0,149.0,150.5,93.55132293701172,14835735
2021-03-15,146.4499969482422,147.60000610351562,144.75,146.89999389648438,94.45148468017578,15783310
2021-03-16,147.0,148.0500030517578,144.60000610351562,145.6999969482422,93.6799087524414,11857531
2021-03-17,145.0500030517578,145.4499969482422,139.5,139.85000610351562,89.91859436035156,15554810
2021-03-18,141.5,141.75,136.1999969482422,137.0500030517578,88.1182861328125,14401450
2021-03-19,136.0,140.0,133.5,136.3000030517578,87.63606262207031,33294812
2021-03-22,137.60000610351562,137.60000610351562,135.3000030517578,135.64999389648438,87.21813201904297,11414253
2021-03-23,135.60000610351562,136.64999389648438,134.10000610351562,135.25,86.96092987060547,8887103
2021-03-24,133.89999389648438,135.14999389648438,132.0500030517578,132.3000030517578,85.06419372558594,10865477
2021-03-25,132.0,133.10000610351562,127.05000305175781,128.10000610351562,82.3637466430664,18629600
2021-03-26,129.10000610351562,130.39999389648438,128.6999969482422,129.60000610351562,83.32820129394531,9505615
2021-03-30,131.0,134.4499969482422,130.14999389648438,132.9499969482422,85.48213958740234,20582346
2021-03-31,133.0,133.0,130.0,130.35000610351562,83.81041717529297,14900610
2021-04-01,131.4499969482422,132.39999389648438,130.60000610351562,132.14999389648438,84.96775817871094,6226087
2021-04-05,131.89999389648438,132.10000610351562,128.0500030517578,129.8000030517578,83.456787109375,9012457
2021-04-06,130.85000610351562,131.85000610351562,129.3000030517578,130.3000030517578,83.77826690673828,6689423
2021-04-07,130.3000030517578,131.6999969482422,129.75,131.25,84.38909149169922,5657926
2021-04-08,131.3000030517578,133.75,131.1999969482422,131.64999389648438,84.64627075195312,9330363
2021-04-09,131.64999389648438,131.9499969482422,128.9499969482422,129.5,83.2638931274414,10149401
2021-04-12,128.0,128.3000030517578,123.5999984741211,124.69999694824219,80.17767333984375,11334755
2021-04-13,124.80000305175781,128.4499969482422,124.80000305175781,127.94999694824219,82.26730346679688,7809483
2021-04-15,127.94999694824219,130.8000030517578,126.94999694824219,128.25,82.460205078125,8924391
2021-04-16,128.85000610351562,129.9499969482422,127.0999984741211,127.8499984741211,82.20301818847656,10358366
2021-04-19,125.5999984741211,126.0,123.4000015258789,124.5999984741211,80.11337280273438,7131534
2021-04-20,125.0,126.25,124.05000305175781,124.5,80.04907989501953,7738871
2021-04-22,124.6500015258789,125.5,124.0,125.05000305175781,80.4027099609375,8514980
2021-04-23,124.94999694824219,127.25,124.25,126.1500015258789,81.10997009277344,8992991
2021-04-26,127.75,128.0,126.5,126.94999694824219,81.62434387207031,4967884
2021-04-27,127.0,127.9000015258789,126.5999984741211,127.5,81.97796630859375,3982954
2021-04-28,128.0,129.4499969482422,127.5,128.5,82.62094116210938,6206074
2021-04-29,129.75,130.0500030517578,127.6500015258789,128.0500030517578,82.33161163330078,8345584
2021-04-30,127.4000015258789,134.60000610351562,127.0,133.0500030517578,85.54642486572266,27396950
2021-05-03,133.0,133.4499969482422,131.1999969482422,132.1999969482422,84.99990844726562,10262391
2021-05-04,132.5500030517578,135.8000030517578,132.25,132.8000030517578,85.38569641113281,9926789
2021-05-05,133.0,134.5,132.5,133.14999389648438,85.61071014404297,4877341
2021-05-06,134.1999969482422,135.4499969482422,133.75,134.60000610351562,86.54301452636719,7632817
2021-05-07,135.39999389648438,138.0,135.0,136.85000610351562,87.98969268798828,12644960
2021-05-10,137.10000610351562,148.5,137.10000610351562,147.0500030517578,94.54792022705078,45098431
2021-05-11,146.4499969482422,156.75,145.14999389648438,155.6999969482422,100.10956573486328,66582000
2021-05-12,155.89999389648438,159.6999969482422,151.8000030517578,153.5,98.69503784179688,42959024
2021-05-14,155.9499969482422,155.9499969482422,146.10000610351562,146.8000030517578,94.3871841430664,23140309
2021-05-17,147.0,149.14999389648438,144.0,148.14999389648438,95.25518035888672,17076463
2021-05-18,149.10000610351562,149.8000030517578,146.10000610351562,146.4499969482422,94.16213989257812,10295029
2021-05-19,146.4499969482422,152.5,145.10000610351562,151.85000610351562,97.6341552734375,23999878
2021-05-20,152.39999389648438,152.39999389648438,146.0500030517578,146.64999389648438,94.29073333740234,22983457
2021-05-21,147.0,149.60000610351562,146.85000610351562,147.1999969482422,94.64437103271484,13009821
2021-05-24,148.10000610351562,149.75,145.64999389648438,148.89999389648438,95.73739624023438,14192862
2021-05-25,149.8000030517578,150.0,147.10000610351562,147.4499969482422,94.80511474609375,10434892
2021-05-26,147.8000030517578,148.0,145.1999969482422,145.6999969482422,93.6799087524414,9948786
2021-05-27,145.75,146.3000030517578,144.10000610351562,144.5500030517578,92.94051361083984,24064196
2021-05-28,145.60000610351562,148.8000030517578,144.75,146.89999389648438,94.45148468017578,16465504
2021-05-31,147.0500030517578,148.39999389648438,145.0500030517578,147.6999969482422,94.9658432006836,11767444
2021-06-01,148.5500030517578,149.39999389648438,146.89999389648438,147.60000610351562,94.90153503417969,9307143
2021-06-02,147.5,149.89999389648438,147.0,149.10000610351562,95.86599731445312,10714318
2021-06-03,150.0,150.39999389648438,148.60000610351562,149.0500030517578,95.8338623046875,9282774
2021-06-04,149.0,154.39999389648438,148.1999969482422,153.10000610351562,98.43785858154297,29422387
2021-06-07,156.0,158.85000610351562,155.4499969482422,156.25,100.46321105957031,31071589
2021-06-08,157.39999389648438,157.5,152.8000030517578,156.0,100.30245971679688,12874065
2021-06-09,157.0,161.39999389648438,155.1999969482422,156.39999389648438,100.55964660644531,30443113
2021-06-10,157.10000610351562,158.75,155.75,156.5,100.62393188476562,11459484
2021-06-11,157.0,165.0,156.64999389648438,162.64999389648438,104.57815551757812,61728565
2021-06-14,164.0,164.0,155.5500030517578,159.35000610351562,102.45638275146484,30836595
2021-06-15,161.10000610351562,161.85000610351562,156.75,157.14999389648438,101.0418701171875,30153988
2021-06-16,157.3000030517578,158.8000030517578,154.85000610351562,155.5500030517578,100.01314544677734,14098443
2021-06-17,155.0,155.39999389648438,151.39999389648438,152.14999389648438,97.82705688476562,15784276
2021-06-18,153.0,153.8000030517578,145.10000610351562,146.39999389648438,94.1300048828125,24823176
2021-06-21,146.0,148.0,143.5,147.5,94.83726501464844,15038290
2021-06-22,148.89999389648438,149.5,147.8000030517578,148.6999969482422,95.60881042480469,12494441
2021-06-23,149.85000610351562,150.60000610351562,148.14999389648438,148.4499969482422,95.44806671142578,7983220
2021-06-24,148.4499969482422,149.10000610351562,146.0,146.39999389648438,94.1300048828125,12929173
2021-06-25,146.75,149.25,146.75,148.75,95.64097595214844,7400514
2021-06-28,147.10000610351562,149.0,147.0,147.1999969482422,94.64437103271484,8217659
2021-06-29,147.10000610351562,147.89999389648438,143.9499969482422,144.5,92.90837860107422,21576435
2021-06-30,145.60000610351562,147.39999389648438,145.10000610351562,146.64999389648438,94.29073333740234,12919448
2021-07-01,146.60000610351562,147.3000030517578,145.5,145.64999389648438,93.64778137207031,5668038
2021-07-02,147.0,148.64999389648438,146.0500030517578,147.64999389648438,94.9337158203125,20805994
2021-07-05,148.0,150.5,147.60000610351562,149.89999389648438,96.38037109375,10401054
2021-07-06,150.0500030517578,150.6999969482422,146.89999389648438,147.5,94.83726501464844,9579038
2021-07-07,147.5,148.75,146.5500030517578,147.5500030517578,94.86941528320312,6067804
2021-07-08,147.0,148.14999389648438,145.3000030517578,146.25,94.0335464477539,12349670
2021-07-09,146.25,147.5,145.64999389648438,146.6999969482422,94.32289123535156,4963821
2021-07-12,146.8000030517578,147.85000610351562,146.10000610351562,146.39999389648438,94.1300048828125,4010172
2021-07-13,147.0,148.5,146.64999389648438,148.10000610351562,95.2230453491211,5717442
2021-07-14,147.9499969482422,149.39999389648438,147.25,148.14999389648438,95.25518035888672,7216739
2021-07-15,148.0,148.39999389648438,145.64999389648438,146.6999969482422,94.32289123535156,7257500
2021-07-16,146.75,148.0500030517578,145.3000030517578,145.5500030517578,93.5834732055664,10819800
2021-07-19,145.0,146.39999389648438,144.0,144.4499969482422,92.87623596191406,5158738
2021-07-20,144.5,145.0500030517578,141.6999969482422,142.89999389648438,91.87963104248047,6271740
2021-07-22,144.0,145.39999389648438,143.25,144.6999969482422,93.0369644165039,4772582
2021-07-23,144.6999969482422,145.0,143.35000610351562,144.10000610351562,92.65119171142578,3419739
2021-07-26,144.0,145.5,143.25,144.0,92.5868911743164,4423596
2021-07-27,144.5,145.25,142.10000610351562,142.4499969482422,91.59028625488281,4245486
2021-07-28,143.4499969482422,144.3000030517578,141.0500030517578,144.0500030517578,92.61903381347656,8834228
2021-07-29,144.0500030517578,144.64999389648438,141.89999389648438,142.14999389648438,91.39739227294922,8237916
2021-07-30,142.3000030517578,144.89999389648438,141.25,143.3000030517578,92.13681030273438,9526451
2021-08-02,144.3000030517578,144.89999389648438,143.10000610351562,143.89999389648438,92.5225830078125,6164197
2021-08-03,143.89999389648438,144.75,143.0,144.25,92.74763488769531,5648929
2021-08-04,144.14999389648438,147.35000610351562,144.14999389648438,144.6999969482422,93.0369644165039,8839351
2021-08-05,145.0,145.89999389648438,142.1999969482422,145.4499969482422,93.51918029785156,6237158
2021-08-06,145.60000610351562,148.4499969482422,145.25,146.10000610351562,93.93710327148438,10812438
2021-08-09,147.5,147.85000610351562,142.35000610351562,143.25,92.10466766357422,12986298
2021-08-10,143.6999969482422,144.25,140.75,142.1999969482422,91.42955017089844,14022502
2021-08-11,142.89999389648438,144.35000610351562,141.14999389648438,143.9499969482422,92.55473327636719,8356558
2021-08-12,144.0500030517578,146.6999969482422,143.6999969482422,144.39999389648438,92.84405517578125,7685737
2021-08-13,145.0500030517578,146.3000030517578,143.1999969482422,143.75,92.4261474609375,9455100
2021-08-16,143.8000030517578,144.14999389648438,141.75,142.0,91.30095672607422,5259207
2021-08-17,142.10000610351562,142.5500030517578,137.1999969482422,139.25,89.5328140258789,13714266
2021-08-18,139.25,140.25,138.0,138.35000610351562,88.95413970947266,7654460
2021-08-20,137.5,138.0500030517578,135.0,135.60000610351562,87.18598175048828,8877297
2021-08-23,136.3000030517578,136.39999389648438,132.75,133.9499969482422,86.12508392333984,7768805
2021-08-24,134.35000610351562,136.89999389648438,134.0,136.1999969482422,87.57176971435547,7452062
2021-08-25,136.5,139.14999389648438,136.5,138.85000610351562,89.27562713623047,7817617
2021-08-26,138.85000610351562,139.39999389648438,136.35000610351562,137.3000030517578,88.27901458740234,6845692
2021-08-27,137.89999389648438,139.3000030517578,137.0500030517578,138.5500030517578,89.0827407836914,4418540
2021-08-30,138.60000610351562,143.9499969482422,138.60000610351562,143.60000610351562,92.32969665527344,11333690
2021-08-31,143.60000610351562,146.14999389648438,143.25,145.85000610351562,93.77638244628906,14301855
2021-09-01,146.60000610351562,146.64999389648438,143.89999389648438,144.1999969482422,92.71549224853516,8415876
2021-09-02,143.8000030517578,143.8000030517578,141.1999969482422,141.60000610351562,93.30854797363281,7787657
2021-09-03,141.89999389648438,147.14999389648438,141.75,146.35000610351562,96.4385986328125,12734022
2021-09-06,147.8000030517578,147.85000610351562,144.3000030517578,146.35000610351562,96.4385986328125,9712271
2021-09-07,147.0,148.10000610351562,145.5500030517578,147.1999969482422,96.99870300292969,9475870
2021-09-08,147.35000610351562,149.85000610351562,146.3000030517578,149.14999389648438,98.28367614746094,7873034
2021-09-09,149.14999389648438,150.9499969482422,148.0,148.64999389648438,97.95419311523438,9519564
2021-09-13,149.60000610351562,155.89999389648438,149.3000030517578,154.60000610351562,101.87499237060547,35672746
2021-09-14,155.35000610351562,155.5,153.35000610351562,154.6999969482422,101.94091033935547,8804432
2021-09-15,155.5,162.25,154.25,161.0500030517578,106.12528991699219,24591822
2021-09-16,162.14999389648438,163.0,157.5500030517578,162.3000030517578,106.948974609375,18440504
2021-09-17,162.6999969482422,163.3000030517578,155.39999389648438,156.6999969482422,103.25880432128906,17317065
2021-09-20,155.89999389648438,157.5500030517578,152.8000030517578,154.1999969482422,101.6114273071289,12541523
2021-09-21,155.6999969482422,158.0,153.4499969482422,156.39999389648438,103.0611343383789,13645046
2021-09-22,157.25,162.5,155.0,162.10000610351562,106.81719207763672,18861877
2021-09-23,163.75,170.0,163.10000610351562,167.35000610351562,110.27672576904297,31399318
2021-09-24,168.10000610351562,169.4499969482422,162.89999389648438,166.10000610351562,109.45303344726562,17259638
2021-09-27,167.0,169.14999389648438,165.35000610351562,167.0500030517578,110.07903289794922,9099672
2021-09-28,168.5,176.3000030517578,168.14999389648438,174.5500030517578,115.02125549316406,41551332
2021-09-29,174.5,197.0,172.8000030517578,185.6999969482422,122.36860656738281,100988643
2021-09-30,187.60000610351562,191.5,184.10000610351562,185.10000610351562,121.97325134277344,48957916
2021-10-01,185.39999389648438,189.89999389648438,182.39999389648438,188.6999969482422,124.34549713134766,25492957
2021-10-04,192.5,193.35000610351562,188.3000030517578,189.9499969482422,125.16918182373047,23341448
2021-10-05,191.0,198.89999389648438,190.39999389648438,197.9499969482422,130.44088745117188,42359592
2021-10-06,200.0,203.8000030517578,191.6999969482422,192.85000610351562,127.08019256591797,41926821
2021-10-07,194.75,194.9499969482422,189.25,190.6999969482422,125.66339111328125,16517664
2021-10-08,191.10000610351562,191.6999969482422,184.10000610351562,188.4499969482422,124.18075561523438,28978175
2021-10-11,192.0,199.6999969482422,191.64999389648438,196.85000610351562,129.7160186767578,34952223
2021-10-12,199.1999969482422,201.0,191.25,193.3000030517578,127.37671661376953,25216411
2021-10-13,194.0,194.5500030517578,189.35000610351562,190.0500030517578,125.2350845336914,17378156
2021-10-14,190.0,191.8000030517578,182.3000030517578,183.8000030517578,121.11661529541016,29542941
2021-10-18,184.8000030517578,187.75,183.39999389648438,185.3000030517578,122.10501861572266,15468914
2021-10-19,187.3000030517578,188.9499969482422,183.60000610351562,184.5,121.57785034179688,17403803
2021-10-20,182.6999969482422,183.39999389648438,177.39999389648438,180.5,118.94203186035156,15921230
2021-10-21,182.0,183.0,178.89999389648438,182.39999389648438,120.19405364990234,15586097
2021-10-22,183.39999389648438,184.3000030517578,175.3000030517578,175.89999389648438,115.91082763671875,13603152
2021-10-25,176.25,177.25,173.0,174.10000610351562,114.72468566894531,11744666
2021-10-26,173.0,176.0,171.75,175.0500030517578,115.35069274902344,11602891
2021-10-27,175.6999969482422,176.64999389648438,172.8000030517578,173.60000610351562,114.39522552490234,9535881
2021-10-28,173.0,173.0,165.9499969482422,166.5500030517578,109.74954223632812,24509136
2021-10-29,165.0,169.5,163.3000030517578,164.4499969482422,108.36575317382812,14826816
2021-11-01,165.0,171.9499969482422,163.8000030517578,170.75,112.51717376708984,13585170
2021-11-02,171.4499969482422,173.75,168.35000610351562,169.1999969482422,111.49581146240234,14278962
2021-11-03,168.1999969482422,171.10000610351562,167.35000610351562,169.75,111.85822296142578,8974463
2021-11-04,171.1999969482422,171.39999389648438,169.75,170.6999969482422,112.48426055908203,973260
2021-11-08,171.0,174.1999969482422,168.5,171.6999969482422,113.14320373535156,8761953
2021-11-09,172.0500030517578,172.39999389648438,169.60000610351562,170.5,112.3524169921875,5723308
2021-11-10,169.89999389648438,170.85000610351562,166.4499969482422,166.6999969482422,109.84839630126953,9212143
2021-11-11,165.89999389648438,167.64999389648438,165.1999969482422,167.0,110.04607391357422,6453205
2021-11-12,168.85000610351562,168.85000610351562,165.6999969482422,166.9499969482422,110.01313781738281,7027513
2021-11-15,164.25,167.60000610351562,159.5,159.75,105.26864624023438,19400018
2021-11-16,161.0,161.64999389648438,158.60000610351562,159.0500030517578,104.80738067626953,8505431
2021-11-17,159.0500030517578,159.25,155.6999969482422,156.10000610351562,102.86344909667969,7477627
2021-11-18,156.0500030517578,157.75,153.0,153.39999389648438,101.08424377441406,12981172
2021-11-22,152.1999969482422,152.89999389648438,149.10000610351562,150.5500030517578,99.20622253417969,11522286
2021-11-23,150.0,156.75,150.0,156.1999969482422,102.9293212890625,13305061
2021-11-24,158.3000030517578,161.64999389648438,155.60000610351562,159.10000610351562,104.8403091430664,18809310
2021-11-25,161.5,162.8000030517578,156.0,158.5500030517578,104.47789001464844,22402592
2021-11-26,157.75,159.39999389648438,155.35000610351562,155.89999389648438,102.73163604736328,11829847
2021-11-29,155.89999389648438,156.64999389648438,151.89999389648438,154.25,101.64439392089844,18176163
2021-11-30,158.5,158.5,151.35000610351562,152.0,100.16170501708984,56643275
2021-12-01,153.60000610351562,156.25,152.5500030517578,155.5500030517578,102.50100708007812,16283427
2021-12-02,156.89999389648438,159.5500030517578,155.14999389648438,159.3000030517578,104.97212219238281,15647910
2021-12-03,159.0,160.6999969482422,158.25,159.75,105.26864624023438,20414051
2021-12-06,152.0,152.4499969482422,148.10000610351562,148.5500030517578,103.73239135742188,24185368
2021-12-07,150.10000610351562,150.9499969482422,149.14999389648438,150.64999389648438,105.19881439208984,7866368
2021-12-08,151.25,151.75,150.0500030517578,150.89999389648438,105.37337493896484,7313306
2021-12-09,151.75,153.5,150.64999389648438,152.64999389648438,106.59540557861328,9423435
2021-12-10,152.64999389648438,153.75,150.89999389648438,151.3000030517578,105.65269470214844,7419042
2021-12-13,152.8000030517578,152.8000030517578,147.9499969482422,149.0,104.0466079711914,9888293
2021-12-14,149.0,149.75,146.75,148.89999389648438,103.97675323486328,8474759
2021-12-15,149.14999389648438,150.60000610351562,147.9499969482422,148.10000610351562,103.41813659667969,5410912
2021-12-16,148.10000610351562,150.10000610351562,147.5500030517578,149.75,104.57034301757812,7539061
2021-12-17,149.10000610351562,149.39999389648438,146.0,146.4499969482422,102.26594543457031,8758284
2021-12-20,145.35000610351562,145.64999389648438,139.14999389648438,140.6999969482422,98.250732421875,8858645
2021-12-21,141.8000030517578,146.0,141.39999389648438,144.64999389648438,101.0090103149414,8097050
2021-12-22,145.4499969482422,149.39999389648438,144.4499969482422,145.35000610351562,101.4978256225586,6798820
2021-12-23,146.25,147.9499969482422,146.0,147.6999969482422,103.1388168334961,4857807
2021-12-24,148.0,148.14999389648438,145.39999389648438,145.89999389648438,101.88188934326172,4568316
2021-12-27,145.0,146.5,144.10000610351562,146.0500030517578,101.98664855957031,3534825
2021-12-28,146.25,149.25,146.25,148.85000610351562,103.94188690185547,4907497
2021-12-29,149.25,149.25,146.3000030517578,146.75,102.47543334960938,4216568
2021-12-30,146.75,149.0,143.89999389648438,146.1999969482422,102.09135437011719,24782255
2021-12-31,145.9499969482422,147.5500030517578,145.35000610351562,146.0500030517578,101.98664855957031,5320232
2022-01-03,147.25,155.9499969482422,147.0,155.3000030517578,108.4458999633789,29486720
2022-01-04,156.0,156.64999389648438,152.35000610351562,153.0,106.83979034423828,13744440
2022-01-05,153.0,154.3000030517578,152.10000610351562,153.6999969482422,107.32860565185547,8454060
2022-01-06,154.5,155.25,153.0500030517578,154.64999389648438,107.99201965332031,12446900
2022-01-07,155.0,157.4499969482422,154.9499969482422,156.9499969482422,109.59809875488281,11679683
2022-01-10,157.8000030517578,161.0,157.0500030517578,160.6999969482422,112.21671295166016,14655298
2022-01-11,160.64999389648438,160.64999389648438,158.10000610351562,158.5500030517578,110.71537017822266,7670386
2022-01-12,160.39999389648438,160.75,158.5,159.35000610351562,111.2740249633789,6334581
2022-01-13,159.35000610351562,166.4499969482422,159.0,164.75,115.04480743408203,20271714
2022-01-14,164.75,166.14999389648438,163.25,164.75,115.04480743408203,10211720
2022-01-17,165.60000610351562,166.10000610351562,162.0500030517578,163.6999969482422,114.31161499023438,8384625
2022-01-18,164.0,165.5,160.3000030517578,160.8000030517578,112.28652954101562,6574122
2022-01-19,161.0,164.85000610351562,160.8000030517578,163.89999389648438,114.4512710571289,11503199
2022-01-20,164.5,168.25,163.85000610351562,165.0500030517578,115.25434875488281,17462235
2022-01-21,163.3000030517578,163.3000030517578,157.5,158.75,110.85504150390625,14466758
2022-01-24,158.1999969482422,160.39999389648438,154.8000030517578,156.3000030517578,109.14419555664062,10854431
2022-01-25,155.0,161.60000610351562,154.3000030517578,161.14999389648438,112.53094482421875,7267866
2022-01-27,158.89999389648438,161.3000030517578,158.0,160.5500030517578,112.11199188232422,9269062
2022-01-28,160.60000610351562,165.0,160.60000610351562,161.64999389648438,112.8801040649414,10310726
2022-01-31,163.39999389648438,163.39999389648438,159.14999389648438,159.8000030517578,111.5882568359375,5811200
2022-02-01,162.0,163.4499969482422,158.60000610351562,163.0500030517578,113.85770416259766,7248713
2022-02-02,163.0,164.60000610351562,162.25,163.85000610351562,114.41634368896484,5369074
2022-02-03,163.10000610351562,164.14999389648438,160.60000610351562,161.3000030517578,112.63571166992188,4654885
2022-02-04,161.3000030517578,162.8000030517578,160.0,160.39999389648438,112.0072250366211,6402287
2022-02-07,160.64999389648438,163.0,159.64999389648438,160.9499969482422,112.39128112792969,5871041
2022-02-08,161.85000610351562,162.5,158.35000610351562,159.9499969482422,111.69297790527344,14158927
2022-02-09,160.5,169.35000610351562,160.0,168.60000610351562,117.73328399658203,35079516
2022-02-10,169.0,170.3000030517578,165.0,168.0500030517578,117.3492202758789,17724098
2022-02-11,167.9499969482422,169.3000030517578,165.1999969482422,166.5,116.26683807373047,10097767
2022-02-14,166.10000610351562,166.25,161.14999389648438,161.64999389648438,112.8801040649414,9478670
2022-02-15,162.75,164.85000610351562,159.85000610351562,163.64999389648438,114.27670288085938,16850616
2022-02-16,165.25,166.0,162.8000030517578,163.85000610351562,114.41634368896484,10653203
2022-02-17,164.6999969482422,165.5,162.6999969482422,163.0500030517578,113.85770416259766,6906440
2022-02-18,163.0,168.25,162.60000610351562,167.3000030517578,116.82552337646484,23740696
2022-02-21,163.14999389648438,163.5,159.85000610351562,161.1999969482422,116.03370666503906,14870901
2022-02-22,159.5,160.64999389648438,155.5,159.89999389648438,115.09794616699219,11654816
2022-02-23,160.35000610351562,162.3000030517578,158.1999969482422,158.5,114.09021759033203,7627472
2022-02-24,154.0,156.8000030517578,149.0,150.0,107.97180938720703,12115340
2022-02-25,152.25,164.89999389648438,152.25,163.4499969482422,117.65327453613281,17079977
2022-02-28,162.4499969482422,169.9499969482422,160.5500030517578,169.5500030517578,122.04413604736328,20872239
2022-03-02,171.0,185.64999389648438,171.0,184.8000030517578,133.02125549316406,72648396
2022-03-03,189.60000610351562,197.75,186.85000610351562,188.9499969482422,136.0084686279297,74050073
2022-03-04,188.9499969482422,191.0,180.5,181.0,130.28598022460938,36095156
2022-03-07,185.9499969482422,192.0,181.6999969482422,188.6999969482422,135.8285369873047,41642776
2022-03-08,189.0,191.6999969482422,186.60000610351562,189.14999389648438,136.15243530273438,22940456
2022-03-09,190.0,190.60000610351562,185.60000610351562,186.64999389648438,134.35292053222656,13870658
2022-03-10,184.0,184.0,177.0500030517578,178.9499969482422,128.81036376953125,30890343
2022-03-11,181.0,182.5,179.25,181.75,130.8258514404297,14663558
2022-03-14,181.0,182.14999389648438,177.85000610351562,180.35000610351562,129.81808471679688,8306420
2022-03-15,179.89999389648438,180.0,171.5,172.89999389648438,124.4554672241211,14074860
2022-03-16,173.0,177.8000030517578,172.89999389648438,176.89999389648438,127.33474731445312,11846738
2022-03-17,179.0,180.0,175.5,176.5500030517578,127.08280181884766,20052773
2022-03-21,177.85000610351562,186.35000610351562,177.5,182.3000030517578,131.2217254638672,20271556
2022-03-22,183.64999389648438,185.8000030517578,180.5,183.35000610351562,131.97756958007812,12372751
2022-03-23,182.60000610351562,184.25,179.3000030517578,183.0500030517578,131.76158142089844,13731315
2022-03-24,183.6999969482422,188.5,183.3000030517578,187.39999389648438,134.8927764892578,16323203
2022-03-25,187.39999389648438,188.89999389648438,184.60000610351562,186.10000610351562,133.95703125,10044811
2022-03-28,186.10000610351562,193.6999969482422,185.5,191.25,137.6640625,19132062
2022-03-29,192.0,192.1999969482422,185.5,186.0,133.88502502441406,10622472
2022-03-30,187.9499969482422,187.9499969482422,182.0,182.89999389648438,131.6536407470703,10298319
2022-03-31,184.14999389648438,184.89999389648438,181.64999389648438,183.0500030517578,131.76158142089844,9435203
2022-04-01,183.8000030517578,187.25,183.3000030517578,186.14999389648438,133.9929962158203,13505929
2022-04-04,185.5,189.0,184.60000610351562,187.75,135.1446990966797,9490374
2022-04-05,188.0,188.9499969482422,186.85000610351562,187.89999389648438,135.25270080566406,7637664
2022-04-06,188.6999969482422,197.0,188.3000030517578,193.85000610351562,139.53558349609375,46157039
2022-04-07,195.0,197.0500030517578,189.89999389648438,190.75,137.30413818359375,21712301
2022-04-08,194.6999969482422,198.8000030517578,192.35000610351562,194.5500030517578,140.03945922851562,20151959
2022-04-11,194.5,198.0,193.35000610351562,196.39999389648438,141.37107849121094,12393619
2022-04-12,195.75,195.75,184.3000030517578,186.0,133.88502502441406,18907630
2022-04-13,188.0,191.3000030517578,185.6999969482422,186.60000610351562,134.3169403076172,14216953
2022-04-18,186.60000610351562,190.89999389648438,184.60000610351562,189.4499969482422,136.36839294433594,13052104
2022-04-19,191.4499969482422,203.25,190.64999389648438,197.75,142.34280395507812,59341710
2022-04-20,199.9499969482422,205.5500030517578,197.10000610351562,199.10000610351562,143.31455993652344,38356653
2022-04-21,201.1999969482422,207.89999389648438,201.0,206.89999389648438,148.92909240722656,43683145
2022-04-22,206.0500030517578,209.0,201.25,202.14999389648438,145.50997924804688,24007670
2022-04-25,199.64999389648438,202.1999969482422,186.75,188.4499969482422,135.64859008789062,26465084
2022-04-26,192.1999969482422,192.3000030517578,188.4499969482422,191.39999389648438,137.7720184326172,20819291
2022-04-27,190.8000030517578,191.8000030517578,186.60000610351562,187.5,134.96475219726562,12214126
2022-04-28,189.0,192.5,187.14999389648438,190.25,136.94424438476562,12706800
2022-04-29,192.5,193.0,181.89999389648438,182.85000610351562,131.61761474609375,21654415
2022-05-02,182.6999969482422,188.89999389648438,178.85000610351562,187.64999389648438,135.07273864746094,21289439
2022-05-04,188.75,190.6999969482422,186.5,187.35000610351562,134.85678100585938,18239949
2022-05-05,189.5,191.9499969482422,184.6999969482422,185.85000610351562,133.777099609375,12651103
2022-05-06,184.5,188.9499969482422,183.0500030517578,187.39999389648438,134.8927764892578,14257553
2022-05-09,185.9499969482422,185.9499969482422,181.5500030517578,183.0500030517578,131.76158142089844,10549451
2022-05-10,182.0,183.85000610351562,168.8000030517578,170.0500030517578,122.40403747558594,19965511
2022-05-11,171.6999969482422,173.6999969482422,165.25,169.85000610351562,122.26007843017578,20641617
2022-05-12,167.85000610351562,170.1999969482422,164.64999389648438,167.0500030517578,120.2446060180664,10406343
2022-05-13,170.0,173.64999389648438,168.0,168.6999969482422,121.43228149414062,11590435
2022-05-16,169.5,172.8000030517578,167.85000610351562,171.6999969482422,123.59170532226562,7437937
2022-05-17,173.39999389648438,185.0,173.14999389648438,184.5500030517578,132.84129333496094,28092052
2022-05-18,186.35000610351562,187.5,181.8000030517578,185.5500030517578,133.5611114501953,15425248
2022-05-19,181.10000610351562,183.5,180.6999969482422,181.1999969482422,130.429931640625,9396007
2022-05-20,184.5,186.85000610351562,183.5500030517578,185.9499969482422,133.8490447998047,6365038
2022-05-23,185.9499969482422,186.75,182.39999389648438,184.3000030517578,132.66134643554688,7794071
2022-05-24,183.4499969482422,186.75,181.1999969482422,182.35000610351562,131.2577362060547,8572565
2022-05-25,184.1999969482422,185.5500030517578,180.0500030517578,180.6999969482422,130.0700225830078,7926434
2022-05-26,183.9499969482422,186.0,177.75,183.25,131.90554809570312,23140556
2022-05-27,184.5,188.64999389648438,180.5,181.85000610351562,130.8978271484375,16408080
2022-05-30,184.0,187.89999389648438,182.5500030517578,187.1999969482422,134.74879455566406,10577525
2022-05-31,186.0,195.25,185.1999969482422,192.89999389648438,138.85171508789062,21380248
2022-06-01,194.5,197.3000030517578,193.1999969482422,196.0500030517578,141.119140625,30867456
2022-06-02,196.5,199.1999969482422,194.3000030517578,198.1999969482422,142.66673278808594,17646759
2022-06-03,200.0,201.0,196.1999969482422,197.0,141.80294799804688,25335178
2022-06-06,196.5,196.8000030517578,193.1999969482422,194.85000610351562,140.25538635253906,22020642
2022-06-07,193.64999389648438,199.9499969482422,193.60000610351562,197.5500030517578,142.19886779785156,12961285
2022-06-08,198.0,201.9499969482422,196.5,197.64999389648438,142.27081298828125,13059792
2022-06-09,196.9499969482422,200.39999389648438,196.5,198.75,143.06265258789062,10562238
2022-06-10,197.35000610351562,199.3000030517578,196.25,198.5,142.8826904296875,6741014
2022-06-13,196.64999389648438,197.39999389648438,189.5500030517578,191.0500030517578,137.5200958251953,8516696
2022-06-14,189.10000610351562,194.5,189.10000610351562,192.1999969482422,138.34786987304688,6727598
2022-06-15,192.14999389648438,193.85000610351562,189.14999389648438,190.0500030517578,136.80027770996094,5805589
2022-06-16,191.5500030517578,192.8000030517578,179.10000610351562,179.89999389648438,129.49417114257812,14490962
2022-06-17,180.0,184.85000610351562,179.39999389648438,182.64999389648438,131.47366333007812,15215695
2022-06-20,181.89999389648438,181.89999389648438,174.75,176.85000610351562,127.29874420166016,23276003
2022-06-21,178.0,185.64999389648438,178.0,184.8000030517578,133.02125549316406,7564329
2022-06-22,184.75,184.75,179.0,179.35000610351562,129.09829711914062,6560404
2022-06-23,180.3000030517578,182.0,174.85000610351562,177.14999389648438,127.51468658447266,9304799
2022-06-24,178.64999389648438,180.39999389648438,174.8000030517578,176.5500030517578,127.08280181884766,8171322
2022-06-27,180.0,182.8000030517578,177.4499969482422,182.0500030517578,131.04177856445312,7063839
2022-06-28,181.14999389648438,186.9499969482422,180.75,186.39999389648438,134.17294311523438,9844211
2022-06-29,186.0,190.25,183.64999389648438,188.75,135.86451721191406,16856241
2022-06-30,188.10000610351562,189.0,182.5500030517578,185.60000610351562,133.5971221923828,8693744
2022-07-01,185.0,186.14999389648438,176.60000610351562,183.25,131.90554809570312,17248729
2022-07-04,183.25,185.6999969482422,179.10000610351562,182.0500030517578,131.04177856445312,8780396
2022-07-05,183.0,185.1999969482422,181.75,182.4499969482422,131.3297119140625,5313753
2022-07-06,182.5,182.85000610351562,178.0,181.6999969482422,130.7898406982422,9367397
2022-07-07,183.9499969482422,186.60000610351562,181.4499969482422,186.0,133.88502502441406,6322630
2022-07-08,187.0500030517578,191.89999389648438,187.0500030517578,189.8000030517578,136.62033081054688,14647592
2022-07-11,188.9499969482422,194.3000030517578,187.8000030517578,193.35000610351562,139.1756591796875,9048841
2022-07-12,192.8000030517578,195.3000030517578,192.10000610351562,193.89999389648438,139.57154846191406,6942704
2022-07-13,193.89999389648438,196.14999389648438,193.0,193.4499969482422,139.24761962890625,7842930
2022-07-14,194.0,195.4499969482422,190.3000030517578,192.0,138.20391845703125,6795141
2022-07-15,193.0,193.89999389648438,189.39999389648438,193.39999389648438,139.2116241455078,5610793
2022-07-18,194.5,196.89999389648438,193.85000610351562,195.60000610351562,140.79522705078125,7600779
2022-07-19,194.9499969482422,199.60000610351562,194.0,198.25,142.70274353027344,9913955
2022-07-20,199.60000610351562,200.39999389648438,197.39999389648438,197.85000610351562,142.4148406982422,5519522
2022-07-21,197.85000610351562,199.4499969482422,196.3000030517578,198.60000610351562,142.9546661376953,6167419
2022-07-22,198.60000610351562,199.85000610351562,196.8000030517578,197.10000610351562,141.87496948242188,4844223
2022-07-25,197.5,201.6999969482422,194.60000610351562,200.89999389648438,144.6102294921875,10207034
2022-07-26,201.4499969482422,203.3000030517578,199.5500030517578,202.3000030517578,145.6179656982422,12853314
2022-07-27,202.39999389648438,204.6999969482422,201.8000030517578,203.4499969482422,146.44573974609375,7343180
2022-07-28,204.0,205.0,201.35000610351562,202.85000610351562,146.0138702392578,5096403
2022-07-29,203.60000610351562,212.4499969482422,203.25,211.25,152.060302734375,12477455
2022-08-01,212.5,213.6999969482422,209.8000030517578,212.75,153.13998413085938,7849924
2022-08-02,213.0,217.25,211.64999389648438,215.25,154.93954467773438,12615631
2022-08-03,214.9499969482422,214.9499969482422,208.8000030517578,212.10000610351562,152.67214965820312,9949919
2022-08-04,212.14999389648438,213.4499969482422,206.14999389648438,207.14999389648438,149.1090545654297,8058280
2022-08-05,207.5,210.25,205.75,208.4499969482422,150.04483032226562,31999040
2022-08-08,209.5,216.14999389648438,207.0500030517578,215.39999389648438,155.0474853515625,16358151
2022-08-10,215.85000610351562,220.4499969482422,215.4499969482422,219.85000610351562,158.2506866455078,14267910
2022-08-11,226.0,226.8000030517578,218.0,218.60000610351562,159.5277557373047,28800337
2022-08-12,219.0,222.25,217.75,221.64999389648438,161.75355529785156,8861089
2022-08-16,224.39999389648438,224.39999389648438,220.4499969482422,222.89999389648438,162.66578674316406,7844356
2022-08-17,223.5,223.5,220.14999389648438,221.4499969482422,161.6076202392578,6119157
2022-08-18,221.4499969482422,222.64999389648438,220.60000610351562,221.75,161.8265380859375,4233196
2022-08-19,221.64999389648438,221.64999389648438,215.6999969482422,217.14999389648438,158.46957397460938,8783707
2022-08-22,215.60000610351562,220.9499969482422,214.0500030517578,218.3000030517578,159.30885314941406,10390480
2022-08-23,217.0,223.6999969482422,216.60000610351562,222.85000610351562,162.62928771972656,9344364
2022-08-24,222.75,226.0,222.0,223.64999389648438,163.2130889892578,10825973
2022-08-25,223.6999969482422,227.14999389648438,223.6999969482422,224.89999389648438,164.12533569335938,13077805
2022-08-26,227.6999969482422,232.0,226.5,229.9499969482422,167.81063842773438,12673156
2022-08-29,221.39999389648438,231.60000610351562,221.39999389648438,230.60000610351562,168.28501892089844,8757016
2022-08-30,231.8000030517578,235.5,230.85000610351562,234.8000030517578,171.3500518798828,12991363
2022-09-01,234.35000610351562,236.8000030517578,229.5500030517578,230.3000030517578,168.0660858154297,9682321
2022-09-02,231.0,232.4499969482422,228.1999969482422,229.3000030517578,167.33631896972656,4599518
2022-09-05,230.0,232.35000610351562,228.5,231.60000610351562,169.01478576660156,4909470
2022-09-06,232.6999969482422,234.64999389648438,231.0,232.6999969482422,169.81752014160156,5307321
2022-09-07,232.9499969482422,239.3000030517578,232.35000610351562,238.85000610351562,174.30560302734375,12751679
2022-09-08,240.5,240.5,235.0500030517578,236.4499969482422,172.55416870117188,7677716
2022-09-09,237.5,238.0,233.35000610351562,237.60000610351562,173.39341735839844,8436280
2022-09-12,238.5,239.0500030517578,228.0,231.5,168.94183349609375,19053188
2022-09-13,232.6999969482422,235.3000030517578,230.64999389648438,231.3000030517578,168.79588317871094,9884429
2022-09-14,230.14999389648438,233.8000030517578,229.5500030517578,231.9499969482422,169.27020263671875,7705022
2022-09-15,233.10000610351562,234.9499969482422,232.25,234.25,170.9486846923828,5386854
2022-09-16,233.85000610351562,234.0,229.5500030517578,231.0500030517578,168.61341857910156,8750965
2022-09-19,230.9499969482422,232.64999389648438,228.6999969482422,229.89999389648438,167.77418518066406,4011597
2022-09-20,231.0,233.8000030517578,228.6999969482422,229.85000610351562,167.73768615722656,6890375
2022-09-21,229.85000610351562,232.6999969482422,227.14999389648438,231.5500030517578,168.9783172607422,5673523
2022-09-22,229.9499969482422,231.3000030517578,225.5,227.0500030517578,165.69432067871094,7677219
2022-09-23,225.0,226.9499969482422,221.0,222.85000610351562,162.62928771972656,5495315
2022-09-26,221.0,222.10000610351562,212.5,215.5,157.26547241210938,7832594
2022-09-27,216.0,219.6999969482422,212.75,213.89999389648438,156.0978546142578,5795048
2022-09-28,211.6999969482422,213.39999389648438,208.89999389648438,210.8000030517578,153.83555603027344,6134706
2022-09-29,211.8000030517578,215.14999389648438,210.64999389648438,213.89999389648438,156.0978546142578,8962595
2022-09-30,213.0,216.0,207.85000610351562,212.25,154.8937225341797,12875386
2022-10-03,213.0,218.0,212.3000030517578,214.9499969482422,156.86410522460938,11397506
2022-10-04,218.3000030517578,224.0,218.10000610351562,223.25,162.9211883544922,10862095
2022-10-06,225.0,234.10000610351562,224.64999389648438,233.5,170.4013671875,12795784
2022-10-07,233.0,233.5500030517578,227.8000030517578,229.6999969482422,167.62823486328125,14641624
2022-10-10,227.0,232.0,226.60000610351562,229.85000610351562,167.73768615722656,10850668
2022-10-11,230.9499969482422,230.9499969482422,224.0,225.4499969482422,164.52667236328125,19154740
2022-10-12,225.5500030517578,233.0,225.5500030517578,232.10000610351562,169.37965393066406,9256951
2022-10-13,232.1999969482422,235.60000610351562,231.10000610351562,234.5500030517578,171.1676025390625,7231841
2022-10-14,238.9499969482422,238.9499969482422,235.35000610351562,236.35000610351562,172.48117065429688,6241886
2022-10-17,236.35000610351562,238.5500030517578,232.89999389648438,238.0,173.68531799316406,5623812
2022-10-18,238.5,242.14999389648438,236.85000610351562,241.6999969482422,176.38548278808594,6674374
2022-10-19,242.0,243.0,237.0,238.1999969482422,173.8312530517578,13886387
2022-10-20,237.0,242.5,233.60000610351562,241.0,175.87461853027344,10755972
2022-10-21,241.0,241.35000610351562,238.0500030517578,238.6999969482422,174.19615173339844,3285505
2022-10-24,240.89999389648438,241.6999969482422,240.0,240.5,175.50975036621094,730136
2022-10-25,240.5,240.9499969482422,237.9499969482422,239.9499969482422,175.10836791992188,6976548
2022-10-27,240.9499969482422,241.60000610351562,239.0,240.89999389648438,175.8016357421875,6422639
2022-10-28,242.0,247.8000030517578,240.5500030517578,244.39999389648438,178.35585021972656,14076967
2022-10-31,246.0,247.5,243.5500030517578,245.9499969482422,179.48699951171875,8365329
2022-11-01,247.0,247.0,243.25,245.64999389648438,179.26803588867188,8813106
2022-11-02,245.64999389648438,249.60000610351562,242.14999389648438,245.8000030517578,179.3775177001953,14974441
2022-11-03,244.0,247.60000610351562,241.0,246.1999969482422,179.66943359375,6754654
2022-11-04,246.6999969482422,248.6999969482422,245.5,246.0500030517578,179.55996704101562,5511411
2022-11-07,247.3000030517578,251.35000610351562,246.75,249.5500030517578,182.11416625976562,10513106
2022-11-09,255.5,263.3999938964844,254.5500030517578,255.8000030517578,186.6752471923828,40391668
2022-11-10,257.95001220703125,260.5,252.10000610351562,253.60000610351562,185.06971740722656,20832572
2022-11-11,258.79998779296875,258.8999938964844,252.39999389648438,253.25,184.81430053710938,20165337
2022-11-14,254.5500030517578,256.25,246.25,247.1999969482422,180.39920043945312,18762693
2022-11-15,234.39999389648438,238.85000610351562,230.60000610351562,232.14999389648438,180.3603515625,20225373
2022-11-16,233.35000610351562,235.5,230.39999389648438,234.89999389648438,182.4968719482422,9764275
2022-11-17,234.75,234.75,231.0,232.39999389648438,180.55458068847656,5737884
2022-11-18,232.4499969482422,233.5500030517578,228.1999969482422,229.5500030517578,178.34039306640625,6413585
2022-11-21,229.0,230.39999389648438,226.6999969482422,229.4499969482422,178.26271057128906,6430876
2022-11-22,228.5500030517578,230.6999969482422,227.64999389648438,229.10000610351562,177.99078369140625,5885877
2022-11-23,230.0,231.10000610351562,229.0,230.60000610351562,179.15614318847656,5693274
2022-11-24,230.75,231.8000030517578,227.35000610351562,228.5,177.5246124267578,8198891
2022-11-25,229.64999389648438,233.64999389648438,227.8000030517578,231.39999389648438,179.7776641845703,10046363
2022-11-28,230.5500030517578,232.75,228.39999389648438,229.85000610351562,178.5734405517578,8146840
2022-11-29,230.1999969482422,231.3000030517578,226.35000610351562,227.1999969482422,176.51463317871094,6628470
2022-11-30,227.1999969482422,228.85000610351562,226.5500030517578,227.25,176.55348205566406,12154948
2022-12-01,228.39999389648438,230.39999389648438,224.89999389648438,226.10000610351562,175.66004943847656,22435771
2022-12-02,226.10000610351562,228.0,225.3000030517578,226.60000610351562,176.04849243164062,6325649
2022-12-05,226.60000610351562,231.8000030517578,226.5,231.25,179.66116333007812,8732711
2022-12-06,232.0,232.5,229.5,231.64999389648438,179.9718780517578,7394839
2022-12-07,232.14999389648438,232.14999389648438,228.6999969482422,229.75,178.49575805664062,4519547
2022-12-08,229.64999389648438,231.25,229.0,230.39999389648438,179.00074768066406,3135706
2022-12-09,230.5500030517578,232.35000610351562,227.8000030517578,228.85000610351562,177.7965545654297,4197165
2022-12-12,228.35000610351562,233.6999969482422,228.10000610351562,232.39999389648438,180.55458068847656,7881379
2022-12-13,233.39999389648438,234.4499969482422,231.10000610351562,231.5500030517578,179.8942108154297,4878457
2022-12-14,231.75,233.1999969482422,231.35000610351562,232.14999389648438,180.3603515625,4730078
2022-12-15,231.89999389648438,232.60000610351562,227.6999969482422,228.1999969482422,177.29156494140625,5221433
2022-12-16,228.0,229.89999389648438,223.3000030517578,224.64999389648438,174.53347778320312,7757065
2022-12-19,224.64999389648438,227.85000610351562,224.5,227.3000030517578,176.59234619140625,4073907
2022-12-20,226.89999389648438,226.89999389648438,223.35000610351562,226.10000610351562,175.66004943847656,3784271
2022-12-21,226.5,227.6999969482422,222.0500030517578,223.85000610351562,173.91197204589844,3675466
2022-12-22,224.10000610351562,225.75,219.10000610351562,222.6999969482422,173.01856994628906,4755089
2022-12-23,220.0,222.89999389648438,214.1999969482422,215.0500030517578,167.07513427734375,6561011
2022-12-26,215.0500030517578,221.60000610351562,214.25,220.75,171.50355529785156,3116608
2022-12-27,222.0,222.89999389648438,219.64999389648438,221.25,171.89199829101562,2961726
2022-12-28,221.25,224.25,220.5500030517578,223.1999969482422,173.40696716308594,3015714
2022-12-29,220.8000030517578,224.35000610351562,220.4499969482422,221.64999389648438,172.20274353027344,4784105
2022-12-30,222.25,226.4499969482422,222.25,225.0500030517578,174.84426879882812,4102247
2023-01-02,226.75,227.1999969482422,224.14999389648438,224.75,174.6111602783203,4210225
2023-01-03,225.0,225.75,223.0,224.10000610351562,174.106201171875,3643132
2023-01-04,224.35000610351562,224.5,216.25,217.14999389648438,168.70664978027344,9550461
2023-01-05,216.8000030517578,218.89999389648438,215.1999969482422,218.14999389648438,169.4835662841797,8815728
2023-01-06,219.0,219.89999389648438,212.0,214.25,166.45359802246094,12237065
2023-01-09,215.35000610351562,217.6999969482422,214.0,214.9499969482422,166.9974365234375,6967190
2023-01-10,215.0,217.3000030517578,214.1999969482422,216.75,168.3958740234375,5400260
2023-01-11,217.3000030517578,218.5,212.1999969482422,213.39999389648438,165.793212890625,7637956
2023-01-12,215.5,217.0,212.8000030517578,213.89999389648438,166.18170166015625,7161675
2023-01-13,214.1999969482422,215.6999969482422,213.5500030517578,215.10000610351562,167.11399841308594,3671193
2023-01-16,215.5,215.89999389648438,212.4499969482422,213.75,166.0651397705078,3987352
2023-01-17,213.75,215.14999389648438,211.10000610351562,213.10000610351562,165.56015014648438,5871758
2023-01-18,213.85000610351562,217.35000610351562,213.1999969482422,216.85000610351562,168.47357177734375,6441530
2023-01-19,216.75,224.8000030517578,215.14999389648438,223.9499969482422,173.9896697998047,12938871
2023-01-20,224.85000610351562,229.25,222.75,227.0,176.3592529296875,13444947
2023-01-23,228.5,230.39999389648438,227.1999969482422,230.10000610351562,178.76768493652344,8736715
2023-01-24,230.1999969482422,232.0,227.1999969482422,227.60000610351562,176.82540893554688,4252051
2023-01-25,227.8000030517578,228.0,223.75,226.14999389648438,175.69888305664062,3855827
2023-01-27,227.0,227.64999389648438,219.3000030517578,222.39999389648438,172.78543090820312,6171667
2023-01-30,222.39999389648438,226.8000030517578,220.75,225.85000610351562,175.46580505371094,6172517
2023-01-31,225.0,228.35000610351562,223.89999389648438,224.85000610351562,174.68890380859375,7424552
2023-02-01,228.0,228.0,214.14999389648438,220.64999389648438,171.42587280273438,24008324
2023-02-02,221.0,221.6999969482422,217.0,217.64999389648438,169.09507751464844,6806578
2023-02-03,218.0,220.6999969482422,214.60000610351562,218.89999389648438,170.0662384033203,8776614
2023-02-06,219.1999969482422,220.35000610351562,215.64999389648438,219.60000610351562,170.61007690429688,5742881
2023-02-07,219.60000610351562,221.14999389648438,217.0,219.6999969482422,170.68777465820312,4907167
2023-02-08,214.75,217.14999389648438,214.14999389648438,215.5,171.52349853515625,6316867
2023-02-09,216.0,216.8000030517578,213.1999969482422,214.5500030517578,170.7673797607422,4383159
2023-02-10,214.0,214.39999389648438,210.9499969482422,211.5,168.3397674560547,4954439
2023-02-13,211.5,213.6999969482422,209.14999389648438,213.0500030517578,169.573486328125,6142208
2023-02-14,213.0500030517578,214.3000030517578,211.10000610351562,211.75,168.5387725830078,6758731
2023-02-15,211.0,213.8000030517578,210.3000030517578,212.89999389648438,169.4540557861328,9612884
2023-02-16,213.5,216.5,213.10000610351562,215.4499969482422,171.4837188720703,13093683
2023-02-17,214.85000610351562,218.25,214.1999969482422,217.5,173.1154022216797,7243093
2023-02-20,217.85000610351562,218.9499969482422,215.9499969482422,218.3000030517578,173.75213623046875,8479587
2023-02-21,218.8000030517578,219.1999969482422,213.35000610351562,214.0500030517578,170.36941528320312,4655766
2023-02-22,214.5500030517578,215.85000610351562,211.60000610351562,211.85000610351562,168.61839294433594,6003852
2023-02-23,212.9499969482422,215.9499969482422,212.4499969482422,214.89999389648438,171.0459442138672,6219715
2023-02-24,216.0,217.3000030517578,214.6999969482422,217.0500030517578,172.75721740722656,5154174
2023-02-27,217.0,218.0,215.10000610351562,216.9499969482422,172.6776123046875,4841279
2023-02-28,216.60000610351562,216.9499969482422,212.0,215.39999389648438,171.4438934326172,6054079
2023-03-01,215.39999389648438,219.0,214.5,218.75,174.11032104492188,4510175
2023-03-02,218.75,224.4499969482422,217.35000610351562,222.85000610351562,177.3736114501953,11354939
2023-03-03,223.89999389648438,226.4499969482422,222.39999389648438,222.9499969482422,177.45321655273438,7089438
2023-03-06,222.9499969482422,225.5,221.75,224.89999389648438,179.0052947998047,4771341
2023-03-08,224.85000610351562,225.14999389648438,222.64999389648438,224.85000610351562,178.9654998779297,4271464
2023-03-09,224.85000610351562,226.9499969482422,223.64999389648438,224.8000030517578,178.9257049560547,4263468
2023-03-10,222.9499969482422,225.3000030517578,221.4499969482422,224.35000610351562,178.56752014160156,3670173
2023-03-13,224.1999969482422,225.75,219.35000610351562,220.8000030517578,175.741943359375,3877606
2023-03-14,220.8000030517578,222.8000030517578,218.85000610351562,221.0500030517578,175.94091796875,5723922
2023-03-15,221.9499969482422,223.1999969482422,219.60000610351562,219.89999389648438,175.02560424804688,2992144
2023-03-16,218.5500030517578,222.4499969482422,216.35000610351562,220.85000610351562,175.78175354003906,4988245
2023-03-17,222.0,225.9499969482422,220.10000610351562,221.64999389648438,176.41847229003906,15720256
2023-03-20,220.0,221.60000610351562,215.6999969482422,217.0500030517578,172.75721740722656,4244575
2023-03-21,218.14999389648438,218.9499969482422,215.9499969482422,217.0500030517578,172.75721740722656,3998751
2023-03-22,216.89999389648438,216.89999389648438,213.10000610351562,213.9499969482422,170.289794921875,9675449
2023-03-23,213.14999389648438,214.75,212.39999389648438,213.35000610351562,169.81228637695312,4730918
2023-03-24,213.25,213.89999389648438,208.0,208.4499969482422,165.91220092773438,6611089
2023-03-27,208.5,210.1999969482422,207.60000610351562,208.39999389648438,165.87237548828125,4002212
2023-03-28,209.39999389648438,211.25,208.4499969482422,208.89999389648438,166.27037048339844,6157526
2023-03-29,209.9499969482422,214.89999389648438,208.39999389648438,212.9499969482422,169.493896484375,16734166
2023-03-31,212.1999969482422,214.3000030517578,211.14999389648438,213.64999389648438,170.05104064941406,5139018
2023-04-03,214.10000610351562,220.85000610351562,213.8000030517578,220.14999389648438,175.22457885742188,7754066
2023-04-05,220.3000030517578,224.25,220.3000030517578,222.5,177.0950164794922,6491910
2023-04-06,222.4499969482422,223.14999389648438,220.3000030517578,221.6999969482422,176.45826721191406,4589598
2023-04-10,221.4499969482422,224.4499969482422,221.14999389648438,222.0500030517578,176.73684692382812,3498235
2023-04-11,222.75,224.3000030517578,222.0,223.64999389648438,178.01036071777344,3995959
2023-04-12,224.0,228.0,223.64999389648438,227.6999969482422,181.23388671875,5136012
2023-04-13,227.89999389648438,229.64999389648438,224.4499969482422,225.5,179.4828338623047,3478451
2023-04-17,225.5,229.9499969482422,225.39999389648438,229.60000610351562,182.74615478515625,6265943
2023-04-18,229.60000610351562,232.39999389648438,229.25,232.1999969482422,184.8155975341797,8004952
2023-04-19,233.60000610351562,234.60000610351562,229.0,230.39999389648438,183.38290405273438,7424582
2023-04-20,229.89999389648438,231.5,229.10000610351562,229.5500030517578,182.7063751220703,2589165
2023-04-21,230.0,230.4499969482422,227.4499969482422,230.0500030517578,183.10433959960938,2459508
2023-04-24,229.5500030517578,232.0,229.5500030517578,231.5500030517578,184.29823303222656,2587030
2023-04-25,231.14999389648438,232.3000030517578,229.89999389648438,230.25,183.2635040283203,2570946
2023-04-26,230.0,230.64999389648438,228.0,229.75,182.8655548095703,3439487
2023-04-27,229.75,232.5,229.14999389648438,231.75,184.45741271972656,3349374
2023-04-28,232.5,234.75,231.60000610351562,233.10000610351562,185.53195190429688,4771074
2023-05-02,233.1999969482422,237.4499969482422,233.10000610351562,236.10000610351562,187.91973876953125,3773537
2023-05-03,236.0500030517578,238.9499969482422,234.60000610351562,236.89999389648438,188.55648803710938,4523385
2023-05-04,236.85000610351562,238.0,234.14999389648438,237.4499969482422,188.99423217773438,7248108
2023-05-05,237.85000610351562,238.0,236.0,237.39999389648438,188.95445251464844,3043479
2023-05-08,232.5,233.39999389648438,230.0,232.85000610351562,185.3329620361328,9711437
2023-05-09,234.8000030517578,238.8000030517578,233.5,236.35000610351562,188.1186981201172,7318928
2023-05-10,236.9499969482422,237.25,234.5500030517578,236.5500030517578,188.2779083251953,3650159
2023-05-11,236.5500030517578,238.14999389648438,235.6999969482422,236.14999389648438,187.9595184326172,2675726
2023-05-12,236.14999389648438,237.25,234.25,235.0500030517578,187.08399963378906,2348435
2023-05-15,234.60000610351562,239.60000610351562,233.85000610351562,237.6999969482422,189.19320678710938,4217892
2023-05-16,238.75,241.6999969482422,237.4499969482422,240.9499969482422,191.78001403808594,6016484
2023-05-17,240.9499969482422,243.6999969482422,240.75,241.60000610351562,192.29737854003906,4968232
2023-05-18,242.0,242.89999389648438,238.9499969482422,239.60000610351562,190.7054901123047,3512113
2023-05-19,240.0,241.60000610351562,236.3000030517578,239.89999389648438,190.94424438476562,3810543
2023-05-22,239.39999389648438,241.1999969482422,237.4499969482422,238.6999969482422,189.98916625976562,2891415
2023-05-23,238.9499969482422,240.1999969482422,236.8000030517578,239.3000030517578,190.46669006347656,3213453
2023-05-24,238.3000030517578,241.5,238.0,241.0,191.81979370117188,2422138
2023-05-25,241.25,242.1999969482422,237.89999389648438,240.0500030517578,191.0636749267578,3810138
2023-05-26,239.8000030517578,242.4499969482422,239.10000610351562,241.5,192.21774291992188,2646742
2023-05-29,241.5500030517578,247.64999389648438,240.8000030517578,246.10000610351562,195.87905883789062,8069985
2023-05-30,246.25,247.14999389648438,243.3000030517578,244.3000030517578,194.44638061523438,4657906
2023-05-31,247.89999389648438,247.89999389648438,239.3000030517578,241.25,192.01878356933594,15727646
2023-06-01,230.39999389648438,231.89999389648438,229.14999389648438,230.35000610351562,183.34310913085938,35509867
2023-06-02,228.5,233.39999389648438,228.10000610351562,230.89999389648438,183.78086853027344,36400588
2023-06-05,230.5,231.1999969482422,229.4499969482422,229.6999969482422,182.82577514648438,19807347
2023-06-06,229.8000030517578,230.64999389648438,226.75,227.8000030517578,181.3134765625,13495524
2023-06-07,228.75,231.5,228.10000610351562,230.6999969482422,183.62167358398438,21853324
2023-06-08,231.39999389648438,231.39999389648438,227.64999389648438,228.10000610351562,181.5522918701172,8538256
2023-06-09,228.9499969482422,229.4499969482422,227.35000610351562,227.64999389648438,181.194091796875,5137982
2023-06-12,228.25,229.25,226.64999389648438,229.0,182.2686309814453,4261576
2023-06-13,230.0,230.3000030517578,228.0,228.9499969482422,182.2288055419922,5574798
2023-06-14,229.89999389648438,229.89999389648438,227.5500030517578,228.9499969482422,182.2288055419922,7034468
2023-06-15,229.1999969482422,229.64999389648438,227.89999389648438,228.60000610351562,181.95025634765625,6363240
2023-06-16,228.5,229.6999969482422,228.0,228.5500030517578,181.91043090820312,8518319
2023-06-19,228.5,228.8000030517578,226.60000610351562,227.14999389648438,180.79611206054688,8210198
2023-06-20,227.75,227.75,225.5,227.25,180.87571716308594,5024593
2023-06-21,227.8000030517578,228.8000030517578,226.4499969482422,228.4499969482422,181.83084106445312,4705567
2023-06-22,228.39999389648438,229.60000610351562,226.60000610351562,226.9499969482422,180.63693237304688,6566989
2023-06-23,227.10000610351562,227.5500030517578,224.8000030517578,225.89999389648438,179.8012237548828,3881707
2023-06-26,226.0,226.4499969482422,223.25,224.3000030517578,178.52774047851562,6145625
2023-06-27,226.35000610351562,226.8000030517578,223.89999389648438,225.14999389648438,179.20428466796875,6282912
2023-06-28,225.14999389648438,227.64999389648438,224.14999389648438,227.25,180.87571716308594,19512531
2023-06-30,227.89999389648438,231.35000610351562,226.75,231.0,183.8604736328125,7850296
2023-07-03,231.5,233.75,229.85000610351562,231.64999389648438,184.37779235839844,7860203
2023-07-04,232.25,232.8000030517578,230.3000030517578,231.8000030517578,184.4972381591797,3662791
2023-07-05,231.8000030517578,232.85000610351562,230.10000610351562,231.39999389648438,184.1788330078125,4859892
2023-07-06,231.39999389648438,236.0,231.0,234.60000610351562,186.72584533691406,7254947
2023-07-07,232.0,235.85000610351562,231.6999969482422,234.0,186.24827575683594,6393850
2023-07-10,235.0,235.60000610351562,232.85000610351562,233.75,186.04930114746094,6223180
2023-07-11,233.8000030517578,235.8000030517578,233.5,234.0,186.24827575683594,10775084
2023-07-12,235.0,237.3000030517578,233.64999389648438,234.39999389648438,186.56663513183594,11313272
2023-07-13,235.0,235.3000030517578,229.0,229.89999389648438,182.9849395751953,20205328
2023-07-14,230.0,232.10000610351562,229.75,231.0500030517578,183.9002685546875,7390502
2023-07-17,231.0,232.64999389648438,229.6999969482422,230.1999969482422,183.2237091064453,4963515
2023-07-18,229.6999969482422,232.4499969482422,227.5500030517578,228.25,181.6716766357422,6168942
2023-07-19,229.1999969482422,229.89999389648438,228.1999969482422,228.60000610351562,181.95025634765625,5247533
2023-07-20,228.64999389648438,230.6999969482422,227.75,229.75,182.8655548095703,3195629
2023-07-21,229.60000610351562,230.5,228.5500030517578,229.0,182.2686309814453,3903407
2023-07-24,229.0,232.0,228.5500030517578,230.9499969482422,183.82066345214844,3456895
2023-07-25,232.3000030517578,232.35000610351562,228.85000610351562,229.9499969482422,183.02471923828125,11024983
2023-07-26,230.5500030517578,231.1999969482422,228.89999389648438,230.5,183.46250915527344,7574284
2023-07-27,231.0,231.89999389648438,228.14999389648438,229.0500030517578,182.30841064453125,7837850
2023-07-28,229.60000610351562,229.9499969482422,226.85000610351562,227.10000610351562,180.75634765625,8817344
2023-07-31,228.5,229.9499969482422,226.85000610351562,229.25,182.46759033203125,19422170
2023-08-01,230.0,241.3000030517578,228.9499969482422,240.35000610351562,191.3024444580078,22409256
2023-08-02,241.14999389648438,243.14999389648438,232.3000030517578,234.5500030517578,186.68603515625,25003960
2023-08-03,234.5500030517578,235.10000610351562,229.4499969482422,230.0500030517578,183.10433959960938,13949266
2023-08-04,232.8000030517578,236.5,230.5,233.75,186.04930114746094,6725977
2023-08-07,234.75,236.0,232.3000030517578,232.9499969482422,185.4125213623047,6744074
2023-08-08,233.0,235.39999389648438,229.3000030517578,230.25,183.2635040283203,13828141
2023-08-09,233.25,235.6999969482422,230.60000610351562,234.75,186.84518432617188,35271302
2023-08-10,234.75,236.8000030517578,234.4499969482422,234.89999389648438,186.96461486816406,10749822
2023-08-11,234.0,235.60000610351562,233.75,234.89999389648438,186.96461486816406,6132454
2023-08-14,236.0,236.1999969482422,230.6999969482422,233.89999389648438,186.1686553955078,6092872
2023-08-16,234.0,234.8000030517578,232.10000610351562,233.0500030517578,185.4921417236328,4576249
2023-08-17,233.6999969482422,233.89999389648438,231.10000610351562,232.3000030517578,184.89517211914062,5602132
2023-08-18,228.5,228.9499969482422,227.0,227.4499969482422,184.206787109375,6904019
2023-08-21,227.4499969482422,230.8000030517578,227.0,230.10000610351562,186.35296630859375,4955953
2023-08-22,230.39999389648438,232.0500030517578,229.6999969482422,230.75,186.87936401367188,4280368
2023-08-23,231.25,231.5,230.3000030517578,230.89999389648438,187.00083923339844,2524601
2023-08-24,231.85000610351562,232.64999389648438,228.5,229.25,185.66458129882812,6378317
2023-08-25,229.0,230.10000610351562,227.5,227.6999969482422,184.4092254638672,3890957
2023-08-28,228.5,230.0500030517578,227.5,229.4499969482422,185.82655334472656,3360861
2023-08-29,229.4499969482422,230.39999389648438,228.75,229.9499969482422,186.23146057128906,3112560
2023-08-30,230.10000610351562,230.75,228.5,228.75,185.2596435546875,4086281
2023-08-31,229.0,230.4499969482422,228.39999389648438,230.0500030517578,186.3124542236328,10403460
2023-09-01,230.6999969482422,237.25,230.64999389648438,236.89999389648438,191.86013793945312,14869577
2023-09-04,238.75,248.9499969482422,238.14999389648438,247.8000030517578,200.68783569335938,24785966
2023-09-05,249.35000610351562,255.89999389648438,247.5,255.35000610351562,206.80239868164062,19654487
2023-09-06,255.9499969482422,257.79998779296875,252.5500030517578,255.8000030517578,207.16683959960938,13346191
2023-09-07,256.0,274.75,254.8000030517578,274.0,221.9066162109375,72255521
2023-09-08,274.6000061035156,284.45001220703125,270.8999938964844,282.1000061035156,228.4666290283203,41855413
2023-09-11,284.0,284.20001220703125,277.25,278.95001220703125,225.91552734375,14505153
2023-09-12,280.0,280.04998779296875,269.0,270.75,219.27450561523438,17547706
2023-09-13,271.5,281.5,269.0,279.6499938964844,226.48243713378906,17607568
2023-09-14,281.29998779296875,282.20001220703125,276.70001220703125,277.54998779296875,224.78167724609375,12033796
2023-09-15,278.5,284.1499938964844,277.54998779296875,279.29998779296875,226.19894409179688,13288180
2023-09-18,279.29998779296875,282.75,274.45001220703125,281.25,227.77825927734375,8754852
2023-09-20,279.5,288.0,279.1000061035156,284.29998779296875,230.24835205078125,18615797
2023-09-21,284.8999938964844,286.79998779296875,278.6000061035156,280.45001220703125,227.13035583496094,11071899
2023-09-22,280.0,286.1000061035156,279.20001220703125,283.3500061035156,229.47898864746094,8691024
2023-09-25,284.29998779296875,289.0,281.1499938964844,288.04998779296875,233.28538513183594,9118957
2023-09-26,288.45001220703125,291.3999938964844,286.1499938964844,286.75,232.23255920410156,11256196
2023-09-27,288.0,293.3999938964844,284.5,291.54998779296875,236.11996459960938,12805340
2023-09-28,291.54998779296875,294.1499938964844,289.0,290.20001220703125,235.0266571044922,12432497
2023-09-29,292.79998779296875,297.5,291.3999938964844,295.20001220703125,239.07603454589844,8640829
2023-10-03,297.04998779296875,297.1000061035156,290.1000061035156,291.8999938964844,236.4034423828125,9348540
2023-10-04,290.79998779296875,291.5,285.8999938964844,287.95001220703125,233.20440673828125,6338888
2023-10-05,288.79998779296875,290.54998779296875,283.8999938964844,289.3500061035156,234.3382568359375,8687014
2023-10-06,290.95001220703125,291.0,287.0,287.79998779296875,233.08291625976562,3741467
2023-10-09,286.04998779296875,288.95001220703125,283.04998779296875,287.79998779296875,233.08291625976562,4647845
2023-10-10,288.25,303.8999938964844,287.79998779296875,303.25,245.59555053710938,23283411
2023-10-11,304.54998779296875,305.0,299.45001220703125,301.8500061035156,244.4617462158203,12321154
2023-10-12,302.54998779296875,309.1000061035156,301.8999938964844,307.20001220703125,248.79458618164062,15375295
2023-10-13,305.0,310.8500061035156,304.45001220703125,307.95001220703125,249.4020233154297,9516879
2023-10-16,307.8500061035156,313.6499938964844,306.54998779296875,312.0,252.6820068359375,10535107
2023-10-17,313.0,318.3500061035156,312.1000061035156,317.3999938964844,257.05535888671875,7760527
2023-10-18,317.3500061035156,319.75,315.25,316.95001220703125,256.6908874511719,9662837
2023-10-19,315.29998779296875,315.70001220703125,308.8500061035156,314.79998779296875,254.94960021972656,8977527
2023-10-20,312.5,316.70001220703125,309.6000061035156,312.3999938964844,253.0059051513672,6009115
2023-10-23,312.54998779296875,312.8500061035156,305.0,306.1000061035156,247.90374755859375,8086150
2023-10-25,306.1000061035156,312.70001220703125,305.0,310.29998779296875,251.30520629882812,7253336
2023-10-26,309.1499938964844,309.1499938964844,302.8999938964844,305.25,247.2152862548828,8329092
2023-10-27,306.0,317.1499938964844,306.0,313.95001220703125,254.26119995117188,10503070
2023-10-30,315.0,315.79998779296875,311.95001220703125,314.54998779296875,254.74713134765625,6229982
2023-10-31,316.75,316.79998779296875,310.75,314.25,254.5042266845703,7446586
2023-11-01,313.20001220703125,315.79998779296875,305.8500061035156,306.6499938964844,248.34918212890625,9593653
2023-11-02,308.95001220703125,312.79998779296875,307.29998779296875,308.8500061035156,250.1309051513672,7071960
2023-11-03,310.6000061035156,314.70001220703125,310.29998779296875,312.0,252.6820068359375,4658440
2023-11-06,313.20001220703125,319.54998779296875,313.0,316.54998779296875,256.3669128417969,10340818
2023-11-07,316.5,318.79998779296875,313.6499938964844,314.25,254.5042266845703,6826885
2023-11-08,316.0,318.1499938964844,314.54998779296875,317.3999938964844,257.05535888671875,6424833
2023-11-09,318.45001220703125,324.5,315.70001220703125,323.54998779296875,262.03607177734375,15503280
2023-11-10,324.45001220703125,326.1499938964844,321.54998779296875,323.3999938964844,261.91455078125,8445203
2023-11-13,333.0,350.0,330.29998779296875,349.3500061035156,282.9309387207031,42178783
2023-11-15,359.0,359.0,348.6000061035156,350.6000061035156,283.9432373046875,35092206
2023-11-16,353.0,354.5,344.8500061035156,345.79998779296875,280.05584716796875,17617280
2023-11-17,348.0,348.54998779296875,342.29998779296875,345.25,279.6104736328125,13542916
2023-11-20,348.0,352.3999938964844,343.95001220703125,347.75,281.6351318359375,19032608
2023-11-21,335.0,338.5,328.8500061035156,334.20001220703125,283.0751037597656,15148068
2023-11-22,335.79998779296875,337.8999938964844,330.0,332.1499938964844,281.33868408203125,7599447
2023-11-23,332.5,336.04998779296875,330.0,334.45001220703125,283.286865234375,6186567
2023-11-24,335.3500061035156,337.45001220703125,332.1000061035156,332.79998779296875,281.8892517089844,7054445
2023-11-28,334.79998779296875,342.5,333.29998779296875,341.95001220703125,289.6395263671875,10791886
2023-11-29,343.0,345.0,338.1000061035156,342.3500061035156,289.97833251953125,14149513
2023-11-30,345.0,345.0,338.04998779296875,342.1499938964844,289.8089294433594,11959336
2023-12-01,343.79998779296875,351.1000061035156,342.45001220703125,346.6499938964844,293.6204833984375,15105221
2023-12-04,351.1000061035156,360.0,350.6499938964844,354.70001220703125,300.4390563964844,22705896
2023-12-05,355.70001220703125,356.45001220703125,350.0,355.54998779296875,301.1590270996094,15782945
2023-12-06,355.79998779296875,362.5,349.45001220703125,352.1499938964844,298.2791442871094,14817158
2023-12-07,353.79998779296875,353.79998779296875,348.3999938964844,351.95001220703125,298.1097106933594,8507659
2023-12-08,352.0,358.3999938964844,346.8999938964844,351.0,297.3050231933594,13444251
2023-12-11,351.0,358.6000061035156,351.0,353.6499938964844,299.5497131347656,11420609
2023-12-12,354.1499938964844,354.6000061035156,345.1499938964844,347.5,294.3404846191406,8789103
2023-12-13,349.3999938964844,349.79998779296875,343.70001220703125,345.20001220703125,292.3923645019531,8091533
2023-12-14,349.20001220703125,351.20001220703125,345.79998779296875,347.6000061035156,294.4251708984375,13142466
2023-12-15,350.0,354.3500061035156,348.45001220703125,350.0,296.4580078125,14331890
2023-12-18,351.0,351.25,342.29998779296875,347.6499938964844,294.4674987792969,7959685
2023-12-19,346.5,369.75,346.5,366.95001220703125,310.8150634765625,28937243
2023-12-20,369.0,371.79998779296875,350.0,352.1499938964844,298.2791442871094,23224408
2023-12-21,351.1000061035156,356.79998779296875,346.1000061035156,355.5,301.1166076660156,10028664
2023-12-22,359.0,367.3999938964844,356.3999938964844,363.25,307.6810607910156,13916380
2023-12-26,363.79998779296875,371.79998779296875,362.5,366.04998779296875,310.05279541015625,11910267
2023-12-27,367.0,369.20001220703125,362.3999938964844,365.6000061035156,309.6716613769531,7890042
2023-12-28,366.79998779296875,382.5,365.79998779296875,380.95001220703125,322.67340087890625,28310022
2023-12-29,381.5,381.70001220703125,374.25,376.0,318.48065185546875,8859317
2024-01-01,377.79998779296875,386.79998779296875,377.45001220703125,381.79998779296875,323.3933410644531,11124690
2024-01-02,387.3999938964844,395.8500061035156,384.25,392.6499938964844,332.5835876464844,28363847
2024-01-03,394.79998779296875,394.79998779296875,383.8500061035156,384.54998779296875,325.72265625,12903439
2024-01-04,387.79998779296875,389.79998779296875,383.8999938964844,384.75,325.8920593261719,11039940
2024-01-05,386.79998779296875,388.5,382.5,384.25,325.4685363769531,8369460
2024-01-08,386.45001220703125,388.6499938964844,379.25,380.3999938964844,322.2075500488281,9424716
2024-01-09,383.6499938964844,387.95001220703125,382.1000061035156,385.3500061035156,326.4003601074219,9473743
2024-01-10,385.8500061035156,385.8500061035156,375.8500061035156,382.04998779296875,323.6051025390625,9670366
2024-01-11,385.5,388.8999938964844,383.29998779296875,384.3500061035156,325.5532531738281,9163771
2024-01-12,385.79998779296875,385.79998779296875,379.54998779296875,381.1000061035156,322.8004455566406,7471050
2024-01-15,382.5,387.8999938964844,381.3999938964844,384.6499938964844,325.807373046875,7490747
2024-01-16,385.3999938964844,386.95001220703125,377.04998779296875,381.8999938964844,323.4781188964844,10165133
2024-01-17,381.79998779296875,385.3500061035156,377.20001220703125,379.6499938964844,321.5722351074219,10996538
2024-01-18,380.79998779296875,382.54998779296875,368.0,375.6499938964844,318.1841125488281,12493835
2024-01-19,380.6499938964844,384.8999938964844,379.1000061035156,383.25,324.6215515136719,15893456
2024-01-23,403.5,404.79998779296875,373.6499938964844,375.29998779296875,317.88775634765625,16406737
2024-01-24,379.79998779296875,387.79998779296875,374.25,382.6000061035156,324.0709533691406,22938994
2024-01-25,386.79998779296875,391.70001220703125,385.3500061035156,389.3999938964844,329.8307189941406,13440949
2024-01-29,392.8999938964844,414.70001220703125,391.5,412.79998779296875,349.65106201171875,27149058
2024-01-30,415.75,415.79998779296875,401.6000061035156,402.54998779296875,340.9691162109375,14159072
2024-01-31,405.04998779296875,409.1499938964844,400.3999938964844,406.1499938964844,344.01837158203125,23750822
2024-02-01,408.79998779296875,411.8999938964844,402.5,406.70001220703125,344.4842529296875,8862155
2024-02-02,410.79998779296875,422.8999938964844,409.6499938964844,419.79998779296875,355.5802001953125,25177075
2024-02-05,423.25,450.0,417.1000061035156,440.25,372.90185546875,31418925
2024-02-06,444.79998779296875,451.0,437.25,448.6499938964844,380.0168151855469,13386526
2024-02-07,454.0,460.54998779296875,447.79998779296875,452.6499938964844,383.4049377441406,14430152
2024-02-08,454.79998779296875,468.6000061035156,450.0,459.20001220703125,388.9529724121094,18790158
2024-02-09,462.20001220703125,463.79998779296875,435.6499938964844,456.20001220703125,386.4118957519531,17472069
2024-02-12,457.0,457.45001220703125,430.04998779296875,432.79998779296875,366.591552734375,19472346
2024-02-13,443.79998779296875,457.8500061035156,434.0,452.3500061035156,383.1508483886719,35665854
2024-02-14,451.6499938964844,468.0,443.0,466.3500061035156,395.00921630859375,18592696
2024-02-15,469.0,481.25,467.54998779296875,476.8500061035156,403.90289306640625,18501875
2024-02-16,482.3999938964844,487.6000061035156,477.5,480.0,406.571044921875,14513583
2024-02-19,482.79998779296875,487.45001220703125,455.45001220703125,461.0,390.47760009765625,19798448
2024-02-20,457.95001220703125,457.95001220703125,441.0,446.5,382.5523986816406,27899165
2024-02-21,450.95001220703125,450.95001220703125,431.0,432.95001220703125,370.9430236816406,19032050
2024-02-22,438.0,448.0,427.95001220703125,445.1499938964844,381.3957214355469,22083710
2024-02-23,448.0,449.6000061035156,441.6499938964844,443.8999938964844,380.3247375488281,9625544
2024-02-26,443.8999938964844,447.25,440.54998779296875,442.29998779296875,378.9539489746094,7570244
2024-02-27,442.29998779296875,445.29998779296875,435.04998779296875,441.3999938964844,378.1827697753906,8343526
2024-02-28,440.29998779296875,442.8500061035156,430.3500061035156,434.20001220703125,372.01397705078125,8893614
2024-02-29,444.0,444.0,429.6499938964844,436.70001220703125,374.1558837890625,11711699
2024-03-01,438.0,448.79998779296875,438.0,446.3500061035156,382.4238586425781,8411615
2024-03-04,451.8500061035156,458.0,448.04998779296875,455.3999938964844,390.1777038574219,11977226
2024-03-05,456.0,461.75,453.54998779296875,460.6499938964844,394.67584228515625,9605493
2024-03-06,462.45001220703125,464.95001220703125,444.54998779296875,461.6000061035156,395.4897766113281,14061966
2024-03-07,461.6000061035156,465.3999938964844,456.04998779296875,458.6000061035156,392.9194641113281,9680802
2024-03-11,461.0,462.8500061035156,452.3999938964844,453.8999938964844,388.8925476074219,7824738
2024-03-12,453.8999938964844,455.79998779296875,446.70001220703125,449.29998779296875,384.9513244628906,8409613
2024-03-13,449.29998779296875,449.8999938964844,410.0,417.04998779296875,357.3201904296875,17803423
2024-03-14,419.0,428.8500061035156,412.20001220703125,427.70001220703125,366.4449462890625,20478918
2024-03-15,427.70001220703125,428.04998779296875,401.20001220703125,415.25,355.7779541015625,25435001
2024-03-18,416.0,423.5,413.54998779296875,421.8500061035156,361.4327697753906,9803914
2024-03-19,417.0,424.6000061035156,414.0,419.04998779296875,359.03375244140625,8373676
2024-03-20,419.79998779296875,422.79998779296875,412.70001220703125,419.5,359.4193115234375,6950340
2024-03-21,424.0,433.54998779296875,423.1499938964844,432.04998779296875,370.171875,9911230
2024-03-22,430.8999938964844,436.20001220703125,428.29998779296875,431.95001220703125,370.0862121582031,9172888
2024-03-26,433.79998779296875,440.95001220703125,430.8999938964844,435.95001220703125,373.51336669921875,9389403
2024-03-27,439.79998779296875,439.79998779296875,426.04998779296875,429.45001220703125,367.9443054199219,17985246
2024-03-28,430.0,438.45001220703125,430.0,434.1000061035156,371.9282531738281,10332853
2024-04-01,436.70001220703125,443.79998779296875,434.79998779296875,442.04998779296875,378.7397155761719,7256592
2024-04-02,442.04998779296875,448.29998779296875,436.04998779296875,443.20001220703125,379.7250061035156,11530800
2024-04-03,443.20001220703125,447.0,440.8999938964844,445.5,381.69561767578125,6972648
2024-04-04,450.0,453.5,442.54998779296875,448.8500061035156,384.5657653808594,14743020
2024-04-05,448.75,448.8500061035156,444.0,446.95001220703125,382.9378967285156,4820138
2024-04-08,449.0,450.45001220703125,444.54998779296875,447.3999938964844,383.32342529296875,3980972
2024-04-09,448.70001220703125,450.29998779296875,437.25,439.8500061035156,376.85479736328125,8005012
2024-04-10,442.54998779296875,458.6000061035156,442.1000061035156,456.3500061035156,390.99163818359375,15825331
2024-04-12,455.0,463.45001220703125,452.54998779296875,455.6000061035156,390.3490905761719,11259294
2024-04-15,448.95001220703125,455.79998779296875,441.1000061035156,451.0,386.4079284667969,7680715
2024-04-16,449.0,456.3999938964844,446.3500061035156,453.20001220703125,388.29278564453125,4996845
2024-04-18,454.95001220703125,456.79998779296875,435.1499938964844,438.6000061035156,375.7838134765625,10945138
2024-04-19,436.0,438.6000061035156,428.04998779296875,435.29998779296875,372.9564208984375,7628287
2024-04-22,440.8999938964844,444.5,438.0,442.95001220703125,379.5108337402344,6396926
2024-04-23,445.75,445.75,439.25,440.95001220703125,377.7972412109375,5390120
2024-04-24,441.54998779296875,448.70001220703125,441.1499938964844,443.8500061035156,380.2819519042969,6538090
2024-04-25,443.0,454.0,441.75,452.45001220703125,387.6502380371094,10858594
2024-04-26,454.0,460.45001220703125,452.20001220703125,455.79998779296875,390.5204772949219,7209435
2024-04-29,458.70001220703125,458.70001220703125,450.54998779296875,453.25,388.33563232421875,5305655
2024-04-30,456.3999938964844,458.3999938964844,452.04998779296875,454.29998779296875,389.2351989746094,6021793
2024-05-02,457.54998779296875,459.54998779296875,449.3999938964844,453.8999938964844,388.8925476074219,14980896
2024-05-03,457.8999938964844,475.79998779296875,449.3999938964844,474.6000061035156,406.62786865234375,51071947
2024-05-06,479.0,481.45001220703125,444.04998779296875,460.6000061035156,394.6329345703125,36408390
2024-05-07,463.0,469.5,452.8500061035156,456.0,390.6917724609375,13728379
2024-05-08,456.70001220703125,471.3999938964844,455.1000061035156,464.45001220703125,397.9315490722656,16978094
2024-05-09,465.3500061035156,467.70001220703125,441.3500061035156,443.5,379.9820556640625,15601338
2024-05-10,447.20001220703125,451.1499938964844,440.25,449.3999938964844,385.03704833984375,9190621
2024-05-13,451.25,451.79998779296875,434.70001220703125,444.0,380.4104309082031,11107909
2024-05-14,446.70001220703125,450.6499938964844,445.1000061035156,448.70001220703125,384.43731689453125,6592194
2024-05-15,450.0,470.0,449.5,467.8500061035156,400.8446350097656,23543942
2024-05-16,468.6499938964844,475.0,457.8500061035156,468.29998779296875,401.2301330566406,17232651
2024-05-17,469.04998779296875,473.70001220703125,466.79998779296875,470.25,402.9009094238281,10625019
2024-05-21,469.70001220703125,493.8999938964844,469.70001220703125,490.6499938964844,420.3791809082031,27356982
2024-05-22,494.5,507.3500061035156,491.6000061035156,501.70001220703125,429.8466491699219,28346931
2024-05-23,503.3999938964844,503.79998779296875,492.1000061035156,497.29998779296875,426.0768127441406,14378840
2024-05-24,495.95001220703125,505.3999938964844,489.1499938964844,501.0,429.2469482421875,12190536
2024-05-27,502.95001220703125,503.0,490.75,494.45001220703125,423.635009765625,8811105
2024-05-28,496.0,496.20001220703125,484.1000061035156,487.6499938964844,417.8088684082031,8165238
2024-05-29,482.1000061035156,491.8999938964844,482.1000061035156,486.45001220703125,416.7807312011719,8014727
2024-05-30,486.0,487.95001220703125,479.5,482.1499938964844,413.0965881347656,7725080
2024-05-31,484.3999938964844,493.1000061035156,479.0,491.20001220703125,420.8504943847656,11223848
2024-06-03,515.0,527.4000244140625,505.54998779296875,512.3499755859375,438.9713134765625,24416215
2024-06-04,512.3499755859375,512.4000244140625,410.79998779296875,441.8999938964844,378.61114501953125,48046493
2024-06-05,452.0,462.8500061035156,425.1000061035156,460.54998779296875,394.5901794433594,18966089
2024-06-06,470.0,484.3999938964844,464.6499938964844,472.95001220703125,405.2142333984375,21757857
2024-06-07,473.0,481.29998779296875,467.6000061035156,479.1499938964844,410.5262451171875,8317343
2024-06-10,485.0,488.0,475.5,477.70001220703125,409.283935546875,10958537
2024-06-11,482.0,483.5,475.20001220703125,476.3500061035156,408.12725830078125,11169021
2024-06-12,481.0,494.29998779296875,479.3500061035156,488.70001220703125,418.70849609375,15412796
2024-06-13,493.8999938964844,493.8999938964844,483.5,487.8999938964844,418.0230712890625,7438571
2024-06-14,487.8999938964844,492.3999938964844,485.25,486.95001220703125,417.2091369628906,5974636
2024-06-18,492.0,492.8999938964844,485.20001220703125,489.04998779296875,419.0084228515625,6946544
2024-06-19,489.3999938964844,491.20001220703125,476.5,477.95001220703125,409.4981689453125,8962510
2024-06-20,481.04998779296875,487.3999938964844,471.54998779296875,483.1499938964844,413.9533996582031,7864157
2024-06-21,483.1499938964844,491.3999938964844,479.0,480.20001220703125,411.4258728027344,10340882
2024-06-24,480.0,480.04998779296875,472.0,473.70001220703125,405.8568115234375,11124175
2024-06-25,475.8999938964844,477.95001220703125,465.29998779296875,469.25,402.04412841796875,7951999
2024-06-26,470.25,471.8500061035156,465.04998779296875,468.75,401.6157531738281,6655899
2024-06-27,468.75,469.0,461.5,467.04998779296875,400.1592102050781,14857335
2024-06-28,470.0,476.0,468.0,473.1499938964844,405.38555908203125,8302706
2024-07-01,473.3500061035156,476.29998779296875,471.25,474.79998779296875,406.79925537109375,8579861
2024-07-02,478.0,485.0,473.3500061035156,479.1000061035156,410.4834289550781,14629287
2024-07-03,481.8999938964844,487.6499938964844,479.3999938964844,484.95001220703125,415.49560546875,7244652
2024-07-04,488.75,492.79998779296875,485.29998779296875,489.54998779296875,419.4367370605469,7796954
2024-07-05,489.5,493.29998779296875,486.8999938964844,491.5,421.1074523925781,5754517
2024-07-08,492.70001220703125,496.0,487.20001220703125,493.29998779296875,422.64971923828125,7477292
2024-07-09,496.95001220703125,496.95001220703125,491.1000061035156,493.79998779296875,423.0780944824219,6444684
2024-07-10,493.79998779296875,494.8999938964844,480.54998779296875,490.75,420.4649353027344,5981477
2024-07-11,492.0,506.0,488.54998779296875,500.04998779296875,428.4329528808594,20146927
2024-07-12,504.0,508.6000061035156,495.5,496.20001220703125,425.1343688964844,8198389
2024-07-15,500.0,503.6000061035156,492.54998779296875,497.75,426.46240234375,7106020
2024-07-16,498.0,518.4000244140625,498.0,512.4500122070312,439.0570373535156,23169665
2024-07-18,515.3499755859375,515.7999877929688,501.25,505.25,432.8882751464844,12540956
2024-07-19,505.29998779296875,506.3999938964844,486.75,488.0,418.1087341308594,9971704
2024-07-22,488.0,496.0,483.54998779296875,491.20001220703125,420.8504943847656,7281653
2024-07-23,494.0,495.79998779296875,464.54998779296875,487.0,417.2519836425781,11311831
2024-07-24,486.70001220703125,499.3999938964844,485.1000061035156,493.79998779296875,423.0780944824219,6823248
2024-07-25,491.0,503.54998779296875,484.0,494.0,423.2494812011719,10281157
2024-07-26,498.25,511.70001220703125,498.25,509.8500061035156,436.8294372558594,20437968
2024-07-29,514.5,515.7000122070312,507.5,512.1500244140625,438.79998779296875,7259754
2024-07-30,512.1500244140625,525.5999755859375,509.95001220703125,519.3499755859375,444.96881103515625,13197520
2024-07-31,523.4500122070312,525.4000244140625,510.5,522.2000122070312,447.41070556640625,11972565
2024-08-01,535.0,542.25,528.0,540.4000244140625,463.0040588378906,34763894
2024-08-02,534.0,537.2000122070312,522.2999877929688,524.5,449.3811950683594,10985150
2024-08-05,515.0,515.0,497.54998779296875,506.79998779296875,434.21624755859375,11835031
2024-08-06,508.1000061035156,517.2000122070312,498.0,499.6000061035156,428.04742431640625,7142269
2024-08-07,507.70001220703125,532.7999877929688,507.70001220703125,531.5,455.378662109375,18293730
2024-08-08,534.0,535.0,521.25,523.4500122070312,448.48162841796875,13624148
2024-08-09,530.0,531.3499755859375,521.8499755859375,529.7999877929688,453.922119140625,6468264
2024-08-12,529.0,530.5,523.2999877929688,523.9500122070312,448.9100036621094,5238736
2024-08-13,525.0,529.9000244140625,520.0,521.75,447.02508544921875,5201294
2024-08-14,522.9000244140625,527.9000244140625,499.04998779296875,504.70001220703125,432.4169921875,14766889
2024-08-16,507.70001220703125,515.75,502.5,512.2999877929688,443.3204345703125,7313429
2024-08-19,513.7999877929688,523.4500122070312,513.1500244140625,522.0,451.71441650390625,10737456
2024-08-20,524.3499755859375,528.4500122070312,521.0499877929688,524.5999755859375,453.9642639160156,8191127
2024-08-21,526.5,535.25,524.4000244140625,532.2000122070312,460.541015625,9067794
2024-08-22,534.0,535.4500122070312,526.7999877929688,528.8499755859375,457.64202880859375,8531700
2024-08-23,528.9500122070312,541.1500244140625,528.8499755859375,538.8499755859375,466.29559326171875,12566904
2024-08-26,542.0,543.5499877929688,534.7000122070312,538.0999755859375,465.6465759277344,7193307
2024-08-27,539.0999755859375,541.7000122070312,530.0,531.4000244140625,459.8487243652344,7865530
2024-08-28,533.9000244140625,535.5499877929688,525.4500122070312,526.3499755859375,455.4786071777344,6066259
2024-08-29,526.3499755859375,530.0,516.0999755859375,527.5499877929688,456.5170593261719,9147836
2024-08-30,530.0,537.0,522.0,524.9500122070312,454.2671813964844,30921282
2024-09-02,527.0,529.0,517.6500244140625,520.8499755859375,450.71917724609375,6370038
2024-09-03,521.0,523.5999755859375,518.25,519.5999755859375,449.6374816894531,5526155
2024-09-04,516.8499755859375,516.8499755859375,500.54998779296875,503.6499938964844,435.8351135253906,16783593
2024-09-05,507.5,507.5,495.1499938964844,497.0,430.0805358886719,10830621
2024-09-06,499.0,499.0,481.04998779296875,488.54998779296875,422.768310546875,13110103
2024-09-09,488.0,488.5,478.04998779296875,484.45001220703125,419.22039794921875,10189742
2024-09-10,487.29998779296875,492.0,481.79998779296875,491.1000061035156,424.9749755859375,9809547
2024-09-11,492.8500061035156,493.54998779296875,481.95001220703125,483.95001220703125,418.7876892089844,8134497
2024-09-12,487.0,497.25,482.25,495.6499938964844,428.9122619628906,12058489
2024-09-13,497.0,497.8500061035156,489.5,490.25,424.2394104003906,8093877
2024-09-16,492.5,494.8999938964844,487.3500061035156,493.25,426.83544921875,5244657
2024-09-17,493.25,494.79998779296875,487.6499938964844,488.5,422.72503662109375,5063902
2024-09-18,489.79998779296875,493.6000061035156,486.1499938964844,487.1000061035156,421.5135192871094,6527832
2024-09-19,489.0,491.6000061035156,476.25,477.95001220703125,413.5956115722656,10014450
2024-09-20,480.95001220703125,498.0,480.29998779296875,490.95001220703125,424.84515380859375,12982128
2024-09-23,493.5,502.5,490.5,500.6000061035156,433.1957702636719,6123879
2024-09-24,505.0,506.6499938964844,501.54998779296875,504.29998779296875,436.3976135253906,7306001
2024-09-25,506.5,507.0,502.0,505.29998779296875,437.2629699707031,5059851
2024-09-26,506.0,507.45001220703125,500.04998779296875,506.54998779296875,438.34466552734375,6877039
2024-09-27,506.54998779296875,517.8499755859375,504.8999938964844,516.0999755859375,446.6087951660156,15443031
2024-09-30,513.0,513.4500122070312,502.5,510.1499938964844,441.45989990234375,8881502
2024-10-01,512.0,516.0,506.1499938964844,508.5,440.0321350097656,4743517
2024-10-03,499.5,509.8999938964844,499.5,502.3500061035156,434.710205078125,11285134
2024-10-04,499.6000061035156,504.6499938964844,494.04998779296875,497.20001220703125,430.2536315917969,7170285
2024-10-07,498.1000061035156,500.54998779296875,475.3500061035156,480.45001220703125,415.7589416503906,8940891
2024-10-08,480.79998779296875,492.75,476.45001220703125,491.8500061035156,425.6239929199219,6049075
2024-10-09,492.0,496.0,485.6499938964844,486.95001220703125,421.3837585449219,6874313
2024-10-10,488.70001220703125,493.95001220703125,486.04998779296875,488.1000061035156,422.3789367675781,4700891
2024-10-11,487.5,493.8999938964844,487.45001220703125,492.95001220703125,426.57586669921875,4364566
2024-10-14,494.95001220703125,502.45001220703125,492.95001220703125,498.29998779296875,431.2054748535156,5369297
2024-10-15,498.29998779296875,499.3500061035156,490.04998779296875,494.45001220703125,427.8739013671875,4279311
2024-10-16,495.0,499.3999938964844,492.8999938964844,495.75,428.99884033203125,8000451
2024-10-17,495.75,497.25,487.20001220703125,489.8999938964844,423.9365539550781,4334990
2024-10-18,488.0,493.75,483.3500061035156,492.20001220703125,425.9268493652344,4573163
2024-10-21,492.0,494.75,482.3500061035156,485.3999938964844,420.04241943359375,4737527
2024-10-22,485.0,487.5,467.20001220703125,468.3500061035156,405.2882080078125,8671135
2024-10-23,468.3500061035156,476.04998779296875,458.95001220703125,474.1000061035156,410.2639465332031,10686743
2024-10-24,474.1000061035156,483.79998779296875,473.04998779296875,477.25,412.98980712890625,5045880
2024-10-25,478.1000061035156,479.04998779296875,459.0,461.1000061035156,399.01434326171875,10330954
2024-10-28,452.0,458.0,435.25,441.6499938964844,382.1832275390625,21378247
2024-10-29,444.20001220703125,446.6000061035156,438.79998779296875,445.54998779296875,385.55810546875,7680865
2024-10-30,448.0,455.79998779296875,445.0,449.1499938964844,388.6733703613281,7818123
2024-10-31,452.0,454.5,443.20001220703125,452.04998779296875,391.18292236328125,8475238
2024-11-01,454.6499938964844,459.54998779296875,452.3500061035156,454.1499938964844,393.0001525878906,3095957
2024-11-04,458.0,458.1499938964844,435.5,443.29998779296875,383.61102294921875,15720990
2024-11-05,429.1000061035156,436.25,427.0,434.8999938964844,390.2057189941406,10186343
2024-11-06,437.79998779296875,438.8999938964844,431.20001220703125,435.79998779296875,391.01324462890625,9130749
2024-11-07,437.79998779296875,440.3500061035156,434.6499938964844,435.3500061035156,390.6095275878906,5861077
2024-11-08,435.3500061035156,436.0,421.25,424.04998779296875,380.4707946777344,9934413
2024-11-11,423.0,425.75,417.3500061035156,421.54998779296875,378.2276611328125,7201246
2024-11-12,422.5,424.79998779296875,412.79998779296875,414.04998779296875,371.4984436035156,6564348
2024-11-13,414.0,415.5,405.70001220703125,406.8999938964844,365.08331298828125,7170870
2024-11-14,407.20001220703125,413.3500061035156,402.6000061035156,409.75,367.64031982421875,8776485
2024-11-18,413.95001220703125,418.5,411.0,413.3500061035156,370.8703918457031,7352509
2024-11-19,415.95001220703125,422.0,410.70001220703125,412.25,369.88348388671875,6291292
2024-11-21,413.04998779296875,413.8999938964844,404.1499938964844,406.0,364.2757568359375,14141967
2024-11-22,407.3999938964844,415.75,406.3999938964844,414.04998779296875,371.4984436035156,8155453
2024-11-25,421.0,427.45001220703125,415.70001220703125,417.45001220703125,374.5490417480469,10903727
2024-11-26,418.45001220703125,420.0,409.70001220703125,411.5,369.21051025390625,5798977
2024-11-27,420.0,421.0,412.70001220703125,417.1499938964844,374.2798767089844,9219932
2024-11-28,420.0,424.8999938964844,413.5,415.20001220703125,372.5302734375,7788912
2024-11-29,415.29998779296875,418.0,411.0,416.3999938964844,373.6069641113281,7057742
2024-12-02,418.3999938964844,423.3999938964844,416.79998779296875,421.70001220703125,378.3622741699219,6404844
2024-12-03,425.0,425.5,419.3500061035156,422.1000061035156,378.7212219238281,7928558
2024-12-04,422.1000061035156,425.8999938964844,415.0,416.6499938964844,373.831298828125,6836472
2024-12-05,418.1499938964844,421.25,412.0,418.3999938964844,375.4013977050781,9500273
2024-12-06,420.0,421.5,416.3999938964844,417.1499938964844,374.2798767089844,4252732
2024-12-09,418.0,420.95001220703125,412.5,414.0,371.45361328125,6662023
2024-12-10,415.5,417.20001220703125,411.5,414.04998779296875,371.4984436035156,6035289
2024-12-11,416.0,419.6499938964844,415.54998779296875,416.95001220703125,374.10040283203125,5353413
2024-12-12,416.5,417.8500061035156,407.1000061035156,409.1000061035156,367.0571594238281,9409378
2024-12-13,409.1000061035156,411.25,402.0,410.29998779296875,368.1338195800781,9439175
2024-12-16,410.5,412.8500061035156,406.5,410.45001220703125,368.2684631347656,5434635
2024-12-17,410.45001220703125,410.95001220703125,402.0,402.8999938964844,361.4943542480469,5070262
2024-12-18,403.5,404.79998779296875,394.54998779296875,395.79998779296875,355.1239929199219,7176597
2024-12-19,390.95001220703125,394.5,387.0,391.95001220703125,351.6696472167969,5745829
2024-12-20,393.0,393.70001220703125,380.5,382.0,342.7421875,7923854
2024-12-23,386.0,388.6000061035156,382.3999938964844,382.95001220703125,343.5946350097656,5163415
2024-12-24,384.8500061035156,386.75,381.3999938964844,384.5,344.9853210449219,4242999
2024-12-26,386.3999938964844,390.29998779296875,385.04998779296875,386.6000061035156,346.8695068359375,4190081
2024-12-27,387.5,388.45001220703125,379.54998779296875,380.5,341.3963623046875,5909271
2024-12-30,380.5,382.29998779296875,375.70001220703125,377.8999938964844,339.06353759765625,22328728
2024-12-31,377.8999938964844,384.70001220703125,376.1000061035156,384.1499938964844,344.6712646484375,7686615
2025-01-01,383.54998779296875,388.1499938964844,382.5,386.3999938964844,346.6900634765625,3584876
2025-01-02,388.3999938964844,393.95001220703125,384.04998779296875,392.95001220703125,352.56695556640625,7538972
2025-01-03,393.0,399.29998779296875,389.5,393.6499938964844,353.1949768066406,7122319
2025-01-06,394.04998779296875,394.04998779296875,377.1499938964844,378.75,339.826171875,8774141
2025-01-07,380.54998779296875,384.25,376.5,379.79998779296875,340.768310546875,6542121
2025-01-08,380.04998779296875,382.04998779296875,376.0,380.3500061035156,341.26177978515625,7407778
2025-01-09,381.54998779296875,381.54998779296875,370.79998779296875,372.20001220703125,333.9493408203125,6247612
2025-01-10,371.3999938964844,373.20001220703125,364.70001220703125,368.5,330.62957763671875,4893721
2025-01-13,366.1000061035156,370.3999938964844,361.25,362.8999938964844,325.6051330566406,8661589
2025-01-14,365.0,374.0,363.0,369.25,331.30255126953125,5698113
2025-01-15,371.8999938964844,381.45001220703125,369.29998779296875,374.6000061035156,336.1026916503906,11117714
2025-01-16,378.45001220703125,381.5,374.79998779296875,378.8500061035156,339.91595458984375,6923722
2025-01-17,380.0,389.29998779296875,378.54998779296875,387.6499938964844,347.8115539550781,8380692
2025-01-20,389.6000061035156,391.0,382.6499938964844,387.04998779296875,347.27325439453125,14597375
2025-01-21,388.0,389.6499938964844,381.0,381.54998779296875,342.33843994140625,20854879
2025-01-22,381.5,383.8999938964844,374.6499938964844,379.20001220703125,340.22998046875,10653690
2025-01-23,377.5,388.20001220703125,376.20001220703125,385.79998779296875,346.15167236328125,5844752
2025-01-24,386.04998779296875,392.25,381.70001220703125,383.04998779296875,343.68426513671875,5351964
2025-01-27,380.8999938964844,383.0,372.75,375.75,337.134521484375,6645109
2025-01-28,376.0,377.6000061035156,367.75,370.6499938964844,332.55865478515625,10866038
2025-01-29,372.5,385.0,370.79998779296875,379.45001220703125,340.45428466796875,6680927
2025-01-30,381.70001220703125,387.3500061035156,380.3999938964844,385.04998779296875,345.478759765625,6300164
2025-01-31,379.5,396.95001220703125,374.6499938964844,395.8999938964844,360.4560546875,10339434
2025-02-01,395.8999938964844,399.45001220703125,379.04998779296875,385.29998779296875,350.8050231933594,7015540
2025-02-03,384.0,384.1499938964844,366.5,374.0,340.5166931152344,7689700
2025-02-04,377.5,380.70001220703125,374.8999938964844,376.54998779296875,342.8384094238281,4649921
2025-02-05,378.0,385.1000061035156,377.8999938964844,382.8500061035156,348.5743713378906,5914200
2025-02-06,382.79998779296875,384.6499938964844,377.20001220703125,379.6000061035156,345.6153259277344,4652107
2025-02-07,379.5,383.0,376.0,378.25,344.38623046875,3006598
2025-02-10,377.0,379.8500061035156,369.0,370.5,337.3300476074219,3380494
2025-02-11,370.0,370.5,357.5,359.0,326.859619140625,6803431
2025-02-12,359.8999938964844,361.79998779296875,351.54998779296875,360.3500061035156,328.0887756347656,4565992
2025-02-13,362.0,367.54998779296875,358.6000061035156,361.6499938964844,329.2723693847656,3712240
2025-02-14,363.8999938964844,365.0,350.5,354.20001220703125,322.4893798828125,4464446
2025-02-17,354.20001220703125,362.0,349.25,360.1000061035156,327.86114501953125,6017586
2025-02-18,360.25,362.3500061035156,353.79998779296875,361.1000061035156,328.7716369628906,3843725
2025-02-19,360.0,365.29998779296875,358.0,362.29998779296875,329.8641662597656,3097726
2025-02-20,360.0,369.45001220703125,360.0,367.95001220703125,335.0083312988281,4624287
2025-02-21,367.54998779296875,371.20001220703125,365.29998779296875,369.95001220703125,336.82928466796875,5235241
2025-02-24,368.04998779296875,368.5,361.1499938964844,364.79998779296875,332.14031982421875,4533486
2025-02-25,364.0,365.3999938964844,358.70001220703125,361.1499938964844,328.8171081542969,4525493
2025-02-27,359.0,367.79998779296875,356.1499938964844,363.8500061035156,331.275390625,6196610
2025-02-28,366.79998779296875,375.75,365.29998779296875,369.3500061035156,336.2829895019531,21899478
2025-03-03,370.0,371.0,352.3999938964844,360.3500061035156,328.0887756347656,12675744
2025-03-04,356.1000061035156,366.5,352.6000061035156,363.8500061035156,331.275390625,5535218
2025-03-05,362.04998779296875,368.8999938964844,362.04998779296875,368.25,335.2814636230469,5730797
2025-03-06,370.04998779296875,384.1499938964844,368.1000061035156,382.6000061035156,348.34674072265625,11247215
2025-03-07,382.6000061035156,389.6000061035156,379.3999938964844,380.6499938964844,346.57135009765625,8321771
2025-03-10,380.70001220703125,386.6000061035156,374.04998779296875,375.1499938964844,341.5637512207031,5541001
2025-03-11,371.0,380.0,368.0,379.04998779296875,345.11456298828125,5340552
2025-03-12,379.54998779296875,382.8500061035156,373.79998779296875,380.70001220703125,346.61688232421875,3951912
2025-03-13,381.5,383.0,377.3500061035156,378.29998779296875,344.43170166015625,3918004
2025-03-17,380.20001220703125,387.04998779296875,379.04998779296875,385.75,351.21478271484375,5456361
2025-03-18,385.75,385.75,385.75,385.75,351.21478271484375,0
2025-03-19,390.04998779296875,398.04998779296875,388.79998779296875,395.8500061035156,360.4105224609375,5827114
2025-03-20,397.70001220703125,398.1000061035156,392.04998779296875,396.3999938964844,360.9112548828125,7025398
2025-03-21,396.3999938964844,411.1000061035156,395.1000061035156,405.3999938964844,369.10552978515625,16564019
2025-03-24,407.95001220703125,411.79998779296875,405.04998779296875,406.0,369.6518249511719,5260300
2025-03-25,408.0,408.25,397.1000061035156,398.29998779296875,362.64117431640625,5636291
2025-03-26,398.5,402.45001220703125,393.1499938964844,394.79998779296875,359.45452880859375,5025274
2025-03-27,393.25,399.6499938964844,392.04998779296875,396.8500061035156,361.3210144042969,7697174
2025-03-28,397.0,401.8999938964844,393.5,398.20001220703125,362.5501708984375,6923988
2025-04-01,397.79998779296875,402.54998779296875,395.04998779296875,397.6499938964844,362.0493469238281,4332950
2025-04-02,401.6000061035156,401.6000061035156,391.5,397.5,361.9128112792969,4197123
2025-04-03,395.0,400.0,393.20001220703125,397.04998779296875,361.50311279296875,4970602
2025-04-04,396.0,396.0,382.6000061035156,385.04998779296875,350.5774230957031,6718760
2025-04-07,358.8500061035156,379.3999938964844,356.0,377.5,343.703369140625,10202400
2025-04-08,385.0,385.5,376.6499938964844,382.8500061035156,348.5743713378906,3577328
2025-04-09,382.29998779296875,382.70001220703125,373.1000061035156,374.6000061035156,341.06298828125,5781453
2025-04-11,389.95001220703125,392.79998779296875,382.1499938964844,392.1000061035156,356.99627685546875,6185984
2025-04-15,399.0,399.0,393.5,395.25,359.8642272949219,4371156
2025-04-16,395.25,400.1000061035156,392.5,399.25,363.5061340332031,4992290
2025-04-17,396.8999938964844,399.54998779296875,388.29998779296875,398.8500061035156,363.1419982910156,8364450
2025-04-21,399.25,406.0,395.6499938964844,400.5,364.64422607421875,8987570
2025-04-22,403.5,405.79998779296875,394.29998779296875,398.6000061035156,362.9143371582031,7558174
2025-04-23,400.0,401.6000061035156,394.0,398.95001220703125,363.2330017089844,7429142
2025-04-24,398.8999938964844,401.29998779296875,396.8500061035156,399.8500061035156,364.05242919921875,5762303
2025-04-25,400.29998779296875,404.0,389.6499938964844,393.1499938964844,357.95220947265625,7337588
2025-04-28,393.1499938964844,398.79998779296875,391.54998779296875,397.1499938964844,361.5941162109375,3458518
2025-04-29,397.1499938964844,400.3500061035156,388.45001220703125,389.1000061035156,354.2648620605469,6274213
2025-04-30,389.1000061035156,390.3500061035156,383.1000061035156,385.29998779296875,350.8050231933594,4559122
2025-05-02,385.5,390.95001220703125,381.3999938964844,383.5,349.1661682128906,5045851
2025-05-05,385.95001220703125,387.8999938964844,381.75,385.6000061035156,351.0782165527344,6395704
2025-05-06,386.5,387.6499938964844,377.3999938964844,378.25,344.38623046875,5982166
2025-05-07,370.29998779296875,387.29998779296875,370.29998779296875,383.29998779296875,348.98406982421875,9162368
2025-05-08,390.0,394.95001220703125,382.25,385.45001220703125,350.9416198730469,14258083
2025-05-09,379.1000061035156,383.25,377.04998779296875,382.3999938964844,348.1646423339844,3809943
2025-05-12,391.95001220703125,396.1000061035156,387.5,395.5,360.09185791015625,6743279
2025-05-13,395.5,399.6000061035156,394.04998779296875,395.1499938964844,359.773193359375,6307140
2025-05-14,396.75,404.04998779296875,396.45001220703125,403.1000061035156,367.011474609375,6822756
2025-05-15,403.75,406.3999938964844,399.6000061035156,404.6499938964844,368.4226989746094,10511989
2025-05-16,406.0,409.0,403.6000061035156,404.79998779296875,368.5592346191406,4702603
2025-05-19,405.95001220703125,407.45001220703125,401.04998779296875,402.70001220703125,366.6472473144531,5446656
2025-05-20,405.5,417.25,404.0,408.1000061035156,371.5638427734375,18755291
2025-05-21,411.6499938964844,413.54998779296875,404.25,405.3500061035156,369.0600280761719,7393102
2025-05-22,405.0,406.6499938964844,393.20001220703125,398.8500061035156,363.1419982910156,7936875
2025-05-23,400.20001220703125,403.0,399.0,401.5,365.5546569824219,4178408
2025-05-26,402.54998779296875,405.79998779296875,401.75,402.70001220703125,366.6472473144531,6067873
2025-05-27,402.5,403.54998779296875,398.29998779296875,399.95001220703125,364.14349365234375,6553758
2025-05-28,401.0,401.8500061035156,396.5,398.20001220703125,362.5501708984375,6002200
2025-05-29,400.0,401.20001220703125,397.0,398.20001220703125,362.5501708984375,7724668
2025-05-30,398.95001220703125,404.75,396.3500061035156,397.29998779296875,361.7306823730469,6565658
2025-06-02,398.95001220703125,401.3999938964844,395.5,399.70001220703125,363.9158630371094,6119571
2025-06-03,399.70001220703125,400.5,390.5,392.8500061035156,357.6791076660156,7360608
2025-06-04,392.8500061035156,395.0,389.6000061035156,394.6000061035156,359.2724304199219,3861957
2025-06-05,394.6000061035156,397.79998779296875,392.54998779296875,394.8999938964844,359.54559326171875,6097293
2025-06-06,397.8500061035156,400.6000061035156,396.04998779296875,398.95001220703125,363.2330017089844,7633919
2025-06-09,400.8999938964844,406.20001220703125,400.0,401.0,365.0994873046875,9626374
2025-06-10,403.0,404.5,398.8500061035156,399.54998779296875,363.77923583984375,6362912
2025-06-11,400.1000061035156,409.5,398.3999938964844,402.1000061035156,366.1009826660156,11946342
2025-06-12,402.0,402.3500061035156,391.5,392.70001220703125,357.54254150390625,11262656
2025-06-13,390.0,392.3500061035156,386.0,391.20001220703125,356.17681884765625,5253032
2025-06-16,391.0,394.6000061035156,386.20001220703125,394.3500061035156,359.0447998046875,3706240
2025-06-17,394.0,395.8500061035156,390.1000061035156,391.29998779296875,356.2678527832031,3248476
2025-06-18,391.29998779296875,393.3999938964844,388.1000061035156,390.3500061035156,355.4029235839844,4118145
2025-06-19,390.3500061035156,391.5,383.5,384.25,349.8490295410156,4416367
2025-06-20,384.20001220703125,391.79998779296875,384.1499938964844,389.04998779296875,354.21929931640625,6531957
2025-06-23,387.0,393.1000061035156,384.70001220703125,392.5,357.3604736328125,3359491
2025-06-24,394.45001220703125,395.3999938964844,390.70001220703125,392.6499938964844,357.49700927734375,4606984
2025-06-25,393.8500061035156,395.3999938964844,391.0,391.75,356.67755126953125,4672204
2025-06-26,392.0,394.70001220703125,390.6499938964844,394.1499938964844,358.8627014160156,5569101
2025-06-27,395.0,397.70001220703125,392.1000061035156,394.1499938964844,358.8627014160156,16253653
2025-06-30,395.5,397.3999938964844,390.79998779296875,391.95001220703125,356.85968017578125,4870935
2025-07-01,392.5,393.8999938964844,389.0,389.75,354.85662841796875,5997283
2025-07-02,390.0,391.70001220703125,385.45001220703125,386.8999938964844,352.2618103027344,7752338
2025-07-03,387.8999938964844,389.0,385.5,386.45001220703125,351.85211181640625,3851213
2025-07-04,387.70001220703125,387.8999938964844,383.3999938964844,386.1000061035156,351.5334167480469,3990767
2025-07-07,386.5,386.5,384.0,384.25,349.8490295410156,2810768
2025-07-08,384.95001220703125,385.5,382.29998779296875,382.8500061035156,348.5743713378906,5231160
2025-07-09,383.04998779296875,388.1499938964844,382.8500061035156,387.45001220703125,352.7625732421875,4497121
2025-07-10,388.04998779296875,388.8500061035156,382.54998779296875,384.04998779296875,349.6669616699219,4668066
2025-07-11,384.04998779296875,384.29998779296875,380.6000061035156,380.95001220703125,346.8445129394531,4677164
2025-07-14,382.0,385.8999938964844,381.5,383.8500061035156,349.48486328125,5109504
2025-07-15,383.8999938964844,387.25,383.45001220703125,386.45001220703125,351.85211181640625,4586811
2025-07-16,386.6499938964844,388.0,384.95001220703125,386.45001220703125,351.85211181640625,5205724
2025-07-17,387.04998779296875,388.20001220703125,384.8999938964844,385.8999938964844,351.351318359375,3749218
2025-07-18,387.0,389.25,384.1000061035156,388.5,353.7185363769531,5172481
2025-07-21,389.0,389.3999938964844,385.3999938964844,386.79998779296875,352.17071533203125,4396850
2025-07-22,386.79998779296875,391.75,385.5,389.1000061035156,354.2648620605469,5043629
2025-07-23,389.3999938964844,392.45001220703125,388.8500061035156,390.75,355.76708984375,3670943
2025-07-24,390.1000061035156,390.75,383.8999938964844,385.54998779296875,351.03265380859375,4022204
2025-07-25,385.54998779296875,385.8999938964844,380.0,380.79998779296875,346.7079162597656,4616856
2025-07-28,381.20001220703125,383.8500061035156,377.0,378.3500061035156,344.47723388671875,4521716
2025-07-29,376.95001220703125,384.25,376.95001220703125,383.6499938964844,349.30279541015625,4872086
2025-07-30,384.0,384.04998779296875,379.04998779296875,379.8999938964844,345.8884582519531,5107774
2025-07-31,378.0,379.0,374.70001220703125,376.3500061035156,342.6562805175781,6461803
2025-08-01,375.0,381.1499938964844,370.70001220703125,372.5,339.1510009765625,13769152
2025-08-04,372.45001220703125,378.75,370.20001220703125,374.70001220703125,341.1540222167969,19756930
2025-08-05,376.0,380.70001220703125,374.5,379.5,345.5242919921875,6846687
2025-08-06,374.0,378.04998779296875,373.54998779296875,376.8500061035156,348.15728759765625,5808208
2025-08-07,375.0,380.25,373.6000061035156,379.54998779296875,350.6517333984375,3468573
2025-08-08,379.0,382.1000061035156,378.1499938964844,379.70001220703125,350.79034423828125,4172600
2025-08-11,378.0,384.70001220703125,376.54998779296875,382.5,353.3771057128906,5740719
2025-08-12,381.54998779296875,386.45001220703125,381.20001220703125,385.3500061035156,356.0101623535156,4860757
2025-08-13,385.95001220703125,388.0,385.1000061035156,386.1000061035156,356.7030334472656,4216888
2025-08-14,386.1000061035156,386.8500061035156,382.54998779296875,384.45001220703125,355.17864990234375,4034887
2025-08-18,386.6499938964844,388.54998779296875,384.04998779296875,387.79998779296875,358.2735900878906,3520271
2025-08-19,388.5,388.5,384.25,385.3500061035156,356.0101623535156,5219052
2025-08-20,386.0,386.8500061035156,383.54998779296875,384.70001220703125,355.4096374511719,4904231
2025-08-21,380.95001220703125,381.54998779296875,377.25,378.1499938964844,354.0986328125,6212604
2025-08-22,378.1499938964844,379.0,374.04998779296875,374.45001220703125,350.6340026855469,4699261
2025-08-25,375.0,380.75,374.79998779296875,380.0,355.83099365234375,4349832
2025-08-26,379.0,379.8500061035156,371.3999938964844,372.45001220703125,348.7611999511719,6381642
2025-08-28,372.5,375.8999938964844,368.6499938964844,374.29998779296875,350.4935302734375,4372269
2025-08-29,372.6499938964844,379.0,372.6499938964844,374.79998779296875,350.9617614746094,4578400
2025-09-01,375.29998779296875,378.6000061035156,375.1000061035156,377.8999938964844,353.86456298828125,2829114
2025-09-02,381.1499938964844,385.0,379.04998779296875,380.1000061035156,355.9246520996094,7511709
2025-09-03,380.95001220703125,393.29998779296875,380.0,389.79998779296875,365.0076904296875,8111851
2025-09-04,391.79998779296875,392.1000061035156,385.70001220703125,391.45001220703125,366.5527648925781,5515006
2025-09-05,392.3999938964844,393.25,389.0,392.6499938964844,367.67645263671875,4535470
2025-09-08,394.0,395.8999938964844,386.29998779296875,387.04998779296875,362.4326171875,4607020
2025-09-09,388.70001220703125,389.3999938964844,386.75,387.95001220703125,363.2753601074219,4376579
2025-09-10,388.5,392.6499938964844,388.04998779296875,391.8999938964844,366.97412109375,4285507
2025-09-11,393.6499938964844,394.5,390.5,393.3500061035156,368.3319091796875,3442373
2025-09-12,393.54998779296875,396.20001220703125,393.20001220703125,394.3500061035156,369.268310546875,4276055
2025-09-15,394.3500061035156,400.6499938964844,394.29998779296875,394.75,369.64288330078125,4618798
2025-09-16,395.0,397.0,394.04998779296875,395.79998779296875,370.6260681152344,2581384
2025-09-17,402.0,402.45001220703125,397.5,399.75,374.3248596191406,5970395
2025-09-18,400.5,400.75,390.6000061035156,393.1499938964844,368.1446533203125,5899621
2025-09-19,394.0,395.20001220703125,391.5,394.5,369.4087829589844,5272435
2025-09-22,394.5,396.95001220703125,393.3500061035156,394.70001220703125,369.5960388183594,3399517
2025-09-23,394.75,395.75,392.1000061035156,394.04998779296875,368.9873962402344,4720322
2025-09-24,394.5,395.6000061035156,391.75,392.8500061035156,367.8637390136719,5139791
2025-09-25,392.04998779296875,395.20001220703125,391.6499938964844,392.5,367.5359802246094,4563970
2025-09-26,392.5,392.95001220703125,388.04998779296875,389.1499938964844,364.3990173339844,4698693
2025-09-29,389.79998779296875,391.6000061035156,385.6000061035156,388.29998779296875,363.60308837890625,6606409
2025-09-30,389.70001220703125,391.3999938964844,387.1000061035156,389.95001220703125,365.1481628417969,5362610
2025-10-01,389.79998779296875,394.8999938964844,387.8999938964844,388.5,363.7903747558594,4976933
2025-10-03,388.5,389.1000061035156,381.5,383.3500061035156,358.96795654296875,7431240
2025-10-06,383.5,384.1000061035156,379.95001220703125,381.8999938964844,357.6101379394531,7022052
2025-10-07,384.0,388.95001220703125,383.79998779296875,384.70001220703125,360.2320861816406,7895734
2025-10-08,385.5,386.3999938964844,381.1000061035156,382.1000061035156,357.7974548339844,3642904
2025-10-09,383.0,386.29998779296875,380.54998779296875,383.3500061035156,358.96795654296875,4628511
2025-10-10,384.0,386.70001220703125,382.95001220703125,384.5,360.0447692871094,5061600
2025-10-13,383.25,384.29998779296875,380.6499938964844,381.54998779296875,357.28240966796875,4750043
2025-10-14,382.04998779296875,385.1499938964844,380.1000061035156,380.95001220703125,356.7206115722656,4288494
2025-10-15,381.25,385.3999938964844,381.25,384.25,359.8106994628906,6135157
2025-10-16,385.0,387.95001220703125,384.5,387.6000061035156,362.9476318359375,3513302
2025-10-17,387.6000061035156,389.5,385.25,388.79998779296875,364.0712890625,4093872
2025-10-20,390.0,392.0,388.45001220703125,390.6000061035156,365.7568359375,4007425
2025-10-21,393.1000061035156,393.1499938964844,390.6000061035156,391.1000061035156,366.22503662109375,678084
2025-10-23,391.6000061035156,394.3999938964844,390.45001220703125,392.6499938964844,367.67645263671875,4311356
2025-10-24,392.6499938964844,395.45001220703125,390.79998779296875,394.04998779296875,368.9873962402344,4070949
2025-10-27,395.5,398.20001220703125,393.6000061035156,396.70001220703125,371.4688720703125,5438773
2025-10-28,396.95001220703125,398.20001220703125,389.3500061035156,391.3999938964844,366.5059509277344,7672258
2025-10-29,393.25,399.29998779296875,380.04998779296875,382.0,357.70379638671875,26856509
2025-10-30,382.95001220703125,388.95001220703125,379.29998779296875,387.70001220703125,363.0412902832031,15154040
2025-10-31,389.95001220703125,394.20001220703125,387.75,388.6499938964844,363.93084716796875,13103909
2025-11-03,390.54998779296875,390.8999938964844,387.29998779296875,388.54998779296875,363.837158203125,14152223
2025-11-04,380.0,382.0,376.5,377.54998779296875,363.1158752441406,10536699
2025-11-06,378.70001220703125,378.70001220703125,372.3500061035156,373.1499938964844,358.88409423828125,6648689
2025-11-07,372.0,376.75,371.5,376.0,361.6251525878906,4650451
2025-11-10,376.1000061035156,382.3999938964844,376.1000061035156,381.3500061035156,366.7705993652344,4451727
2025-11-11,381.45001220703125,383.0,378.6000061035156,382.79998779296875,368.1651611328125,3299015
2025-11-12,384.25,387.6000061035156,382.70001220703125,386.5,371.7237243652344,4326520
2025-11-13,386.5,387.3999938964844,382.75,383.20001220703125,368.5498962402344,3480764
2025-11-14,383.20001220703125,387.3500061035156,382.29998779296875,386.95001220703125,372.156494140625,3760163
2025-11-17,387.0,389.20001220703125,386.1499938964844,387.8500061035156,373.0221252441406,3847261
2025-11-18,387.8500061035156,387.8500061035156,382.95001220703125,383.95001220703125,369.271240234375,4462641
2025-11-19,383.1000061035156,383.8500061035156,378.45001220703125,379.04998779296875,364.55853271484375,5332643
2025-11-20,381.0,381.25,377.54998779296875,379.6499938964844,365.1355895996094,3971851
2025-11-21,378.0,380.3500061035156,377.54998779296875,378.20001220703125,363.74102783203125,3088629
2025-11-24,378.1499938964844,378.20001220703125,372.0,372.54998779296875,358.3070373535156,5543493
2025-11-25,372.6000061035156,373.3999938964844,369.6000061035156,370.04998779296875,355.9026184082031,4902920
2025-11-26,371.8500061035156,377.70001220703125,371.29998779296875,377.3500061035156,362.92352294921875,4102285
2025-11-27,377.3500061035156,378.70001220703125,376.1000061035156,378.04998779296875,363.59674072265625,3330267
2025-11-28,379.0,379.20001220703125,374.8999938964844,376.1499938964844,361.7694091796875,4689402
2025-12-01,376.8999938964844,380.0,375.79998779296875,379.6499938964844,365.1355895996094,4217206
2025-12-02,379.5,379.8999938964844,376.75,378.95001220703125,364.46240234375,3695491
2025-12-03,378.95001220703125,379.29998779296875,372.20001220703125,375.25,360.9037780761719,4650434
2025-12-04,375.0,379.75,373.79998779296875,379.04998779296875,364.55853271484375,3135061
2025-12-05,378.8999938964844,380.6499938964844,376.5,379.95001220703125,365.42413330078125,3154258
2025-12-08,380.8999938964844,380.8999938964844,375.54998779296875,377.3500061035156,362.92352294921875,3911363
2025-12-09,375.1000061035156,381.20001220703125,373.3500061035156,379.3500061035156,364.8470458984375,4242651
2025-12-10,378.5,382.8999938964844,378.25,382.1499938964844,367.53997802734375,4752336
2025-12-11,382.3500061035156,385.3500061035156,380.5,384.0,369.3193054199219,2695140
2025-12-12,384.54998779296875,385.75,382.25,383.3500061035156,368.6941223144531,1410201
2025-12-15,384.0,385.0,380.1000061035156,384.45001220703125,369.7520751953125,1870236
2025-12-16,384.0,384.20001220703125,378.3500061035156,381.6000061035156,367.01104736328125,5109787
2025-12-17,380.8500061035156,385.5,380.79998779296875,384.75,370.0406188964844,3651138
2025-12-18,384.3999938964844,386.5,382.8500061035156,385.29998779296875,370.569580078125,2379619
2025-12-19,385.0,387.3500061035156,383.5,385.6000061035156,370.8581237792969,3611941
2025-12-22,385.6000061035156,386.95001220703125,384.04998779296875,386.25,371.4832763671875,3112021
2025-12-23,387.45001220703125,400.95001220703125,386.45001220703125,400.3999938964844,385.09228515625,18487395
2025-12-24,403.79998779296875,412.3999938964844,401.75,402.3500061035156,386.9677429199219,17624423
2025-12-26,403.79998779296875,408.3999938964844,400.6000061035156,402.1499938964844,386.775390625,5435637
2025-12-29,404.0,405.5,399.0,400.6499938964844,385.3327331542969,6105510
2025-12-30,400.0,400.20001220703125,395.5,398.0,382.7840270996094,4418163
2025-12-31,398.3999938964844,404.0,397.54998779296875,399.0,383.7458190917969,4644679
2026-01-01,399.0,402.79998779296875,398.25,400.45001220703125,385.1404113769531,3161157
2026-01-02,401.3500061035156,429.5,401.0,427.8999938964844,411.54095458984375,35090129
2026-01-05,430.95001220703125,436.70001220703125,423.5,427.45001220703125,411.108154296875,17258568
2026-01-06,427.0,431.29998779296875,424.70001220703125,427.04998779296875,410.7234191894531,6308113
2026-01-07,426.95001220703125,432.45001220703125,423.6499938964844,431.6499938964844,415.1475830078125,8920605
2026-01-08,431.6499938964844,434.0,423.45001220703125,425.25,408.99224853515625,5991259
2026-01-09,423.70001220703125,428.3500061035156,417.20001220703125,418.3500061035156,402.3560485839844,7306605
2026-01-12,418.8999938964844,433.1499938964844,415.6499938964844,432.29998779296875,415.772705078125,14407896
2026-01-13,434.0,435.79998779296875,425.6000061035156,428.8999938964844,412.5027160644531,7104004
2026-01-14,428.0,442.0,427.3999938964844,432.20001220703125,415.67657470703125,17125550
2026-01-15,432.20001220703125,432.20001220703125,432.20001220703125,432.20001220703125,415.67657470703125,0
2026-01-16,432.20001220703125,433.6000061035156,428.0,431.0,414.5224609375,6410141
2026-01-19,431.0,432.8500061035156,428.3500061035156,430.1499938964844,413.70489501953125,7105031
2026-01-20,430.1000061035156,430.95001220703125,413.54998779296875,415.29998779296875,399.42266845703125,6768420
2026-01-21,414.95001220703125,419.6499938964844,411.54998779296875,414.04998779296875,398.2204284667969,7312100
2026-01-22,417.1499938964844,426.8500061035156,417.1499938964844,423.20001220703125,407.0206298828125,11497522
2026-01-23,424.0,425.79998779296875,415.3999938964844,418.3999938964844,402.4041442871094,6520896
2026-01-27,421.0,426.95001220703125,418.8999938964844,422.8999938964844,406.73211669921875,8749844
2026-01-28,423.5,445.95001220703125,421.6000061035156,444.04998779296875,427.073486328125,17496873
2026-01-29,446.0,461.54998779296875,442.54998779296875,455.75,438.3262023925781,16915601
2026-01-30,453.95001220703125,453.95001220703125,437.0,440.75,423.8996887207031,10191610
2026-02-02,419.0,425.5,413.0,423.5,407.30914306640625,9618062
2026-02-03,437.0,437.0,419.95001220703125,429.3999938964844,412.98358154296875,13955805
2026-02-04,431.5,441.3999938964844,428.45001220703125,434.8999938964844,418.2733154296875,11476290
2026-02-05,437.0,437.79998779296875,427.70001220703125,431.8500061035156,415.3399353027344,5252658
2026-02-06,430.54998779296875,434.20001220703125,427.04998779296875,432.79998779296875,416.25360107421875,4738027
2026-02-09,434.0,434.79998779296875,429.79998779296875,431.70001220703125,415.1956787109375,4512635
2026-02-10,432.0,433.75,428.70001220703125,430.95001220703125,414.474365234375,5103221
2026-02-11,426.20001220703125,427.95001220703125,420.29998779296875,423.25,407.0686950683594,5715603
2026-02-12,423.75,425.95001220703125,416.1499938964844,419.1499938964844,403.1254577636719,5987886
2026-02-13,412.29998779296875,417.6000061035156,408.1000061035156,408.95001220703125,393.3154296875,8190851
2026-02-16,408.0,423.8500061035156,406.6000061035156,422.5,406.3473815917969,9719418
2026-02-17,422.25,424.6000061035156,418.5,421.54998779296875,405.4336853027344,4564907
2026-02-18,418.45001220703125,418.79998779296875,413.1000061035156,418.0,407.3339538574219,4872345
2026-02-19,418.0,419.8500061035156,414.6000061035156,416.1499938964844,405.5311584472656,3824366
2026-02-20,416.0,425.5,415.04998779296875,423.54998779296875,412.7423400878906,8843227
2026-02-23,426.0,427.5,418.95001220703125,426.0,415.12982177734375,6515765
2026-02-24,424.0,432.0,422.1000061035156,430.95001220703125,419.9535217285156,8950772
2026-02-25,430.95001220703125,439.6499938964844,428.54998779296875,438.6000061035156,427.4083251953125,8935314
2026-02-26,438.75,439.54998779296875,429.5,433.5,422.4384460449219,8650353
2026-02-27,432.79998779296875,434.3999938964844,425.45001220703125,430.6499938964844,419.6611633300781,8147373
2026-03-02,417.8999938964844,429.6000061035156,416.0,426.25,415.3734436035156,7498197
2026-03-04,426.0,437.8999938964844,426.0,435.1499938964844,424.04632568359375,18921256
2026-03-05,440.1499938964844,458.5,440.0,449.3999938964844,437.9327392578125,30106255
2026-03-06,451.1499938964844,451.6000061035156,438.6000061035156,440.45001220703125,429.21112060546875,10553695
2026-03-09,439.0,447.20001220703125,434.79998779296875,437.6499938964844,426.4825439453125,15824576
2026-03-10,444.79998779296875,444.8999938964844,433.75,443.54998779296875,432.23199462890625,10860312
2026-03-11,447.0,453.8999938964844,445.1499938964844,446.75,435.350341796875,9975869
2026-03-12,446.75,474.0,445.0,470.1000061035156,458.1045227050781,27328045
2026-03-13,473.0,476.0,462.29998779296875,467.0,455.0836486816406,20216953
2026-03-16,467.0,470.79998779296875,456.0,460.29998779296875,448.5545959472656,12312203
2026-03-17,460.29998779296875,465.5,458.0,462.25,450.454833984375,9193238
2026-03-18,462.25,462.8500061035156,449.20001220703125,455.20001220703125,443.584716796875,9539041
2026-03-19,450.8999938964844,460.0,450.6499938964844,454.20001220703125,442.6102600097656,10192726
2026-03-20,456.70001220703125,472.3999938964844,456.20001220703125,468.1499938964844,456.20428466796875,23878653
2026-03-23,466.0,466.0,450.6499938964844,455.25,443.6334533691406,10163783
2026-03-24,463.0,463.0,439.0,442.1000061035156,430.81903076171875,20320746
2026-03-25,443.54998779296875,446.3999938964844,438.79998779296875,443.70001220703125,432.378173828125,8630612
2026-03-27,446.0,448.5,441.04998779296875,445.04998779296875,433.6936950683594,17184280
2026-03-30,445.04998779296875,459.8999938964844,443.1000061035156,450.45001220703125,438.9559631347656,19114688
2026-04-01,464.0,464.8500061035156,446.79998779296875,449.3999938964844,437.9327392578125,14960312
2026-04-02,448.3999938964844,453.29998779296875,440.5,449.3500061035156,437.8840026855469,6701003
2026-04-06,449.29998779296875,461.45001220703125,447.3999938964844,459.54998779296875,447.82373046875,12403745
2026-04-07,458.04998779296875,463.79998779296875,455.29998779296875,463.0,451.1856994628906,11316785
2026-04-08,464.0,464.0,447.0,449.25,437.78656005859375,20653569
2026-04-09,449.25,456.20001220703125,447.8500061035156,454.1000061035156,442.5128173828125,9468415
2026-04-10,455.0,459.6000061035156,427.5,434.1000061035156,423.02313232421875,29605732
2026-04-13,435.0,439.5,431.5,435.1000061035156,423.99761962890625,18702296
2026-04-15,439.0,439.0,431.3999938964844,435.79998779296875,424.67974853515625,10149319
2026-04-16,436.5,436.95001220703125,430.5,432.75,421.70758056640625,11776638
2026-04-17,432.79998779296875,440.1499938964844,430.5,438.75,427.55450439453125,10733309
2026-04-20,438.6000061035156,443.70001220703125,433.29998779296875,441.75,430.4779357910156,8090840
2026-04-21,442.29998779296875,445.29998779296875,441.8999938964844,443.1499938964844,431.84222412109375,5336558
2026-04-22,443.79998779296875,447.75,442.5,444.1499938964844,432.8166809082031,6991939
2026-04-23,444.25,451.5,442.6499938964844,450.6499938964844,439.15081787109375,8989280
2026-04-24,452.75,462.0,451.04998779296875,456.0,444.36431884765625,16441909
2026-04-27,458.5,460.6499938964844,450.6499938964844,452.5,440.95361328125,6922067
2026-04-28,456.20001220703125,473.8999938964844,456.20001220703125,467.0,455.0836486816406,26732373
2026-04-29,469.8500061035156,485.70001220703125,464.04998779296875,479.8999938964844,467.65447998046875,18063862
2026-04-30,484.45001220703125,491.25,478.3999938964844,481.45001220703125,469.1649475097656,16935052
2026-05-01,481.45001220703125,481.45001220703125,481.45001220703125,481.45001220703125,469.1649475097656,0
2026-05-04,481.6000061035156,487.0,475.6000061035156,479.95001220703125,467.70318603515625,7757497
2026-05-05,479.95001220703125,480.0,471.20001220703125,472.6000061035156,460.5407409667969,6946902
2026-05-06,473.8500061035156,477.5,468.04998779296875,470.20001220703125,458.2019958496094,8596697
2026-05-07,470.20001220703125,472.8500061035156,456.1000061035156,466.6499938964844,454.7425537109375,24264105
2026-05-08,461.20001220703125,463.3500061035156,454.8999938964844,456.3999938964844,444.7541198730469,15767759
2026-05-11,456.0,465.75,452.8500061035156,464.45001220703125,452.59869384765625,6258261
2026-05-12,465.0,469.0,461.6499938964844,463.04998779296875,451.23443603515625,6464174
2026-05-13,463.25,473.6000061035156,459.5,462.25,450.454833984375,12091924
2026-05-14,464.0,469.79998779296875,451.45001220703125,454.04998779296875,442.46405029296875,11408675
2026-05-15,457.0,468.5,455.25,462.20001220703125,450.4061279296875,7859575
2026-05-18,462.0,468.5,457.04998779296875,462.1000061035156,450.3086853027344,7735499
2026-05-19,462.1000061035156,463.25,454.0,456.95001220703125,445.29010009765625,7319865
2026-05-20,456.0,460.04998779296875,452.70001220703125,458.70001220703125,446.99542236328125,3756072
2026-05-21,458.70001220703125,465.25,457.25,460.20001220703125,448.4571533203125,7425043
2026-05-22,460.0,462.8500061035156,456.0,456.54998779296875,444.9002990722656,9201635
2026-05-25,460.0,462.54998779296875,456.0,458.0,446.31329345703125,8441223
2026-05-26,458.0,475.6499938964844,455.0,458.1499938964844,446.4594421386719,17073323
2026-05-27,429.0,468.29998779296875,428.3999938964844,463.04998779296875,451.23443603515625,117042535
2026-05-28,463.04998779296875,463.04998779296875,463.04998779296875,463.04998779296875,451.23443603515625,0
2026-05-29,458.8999938964844,474.0,455.8999938964844,457.8999938964844,446.2158508300781,97895486
2026-06-01,456.54998779296875,477.0,456.54998779296875,472.6000061035156,460.5407409667969,47716517
2026-06-02,469.8500061035156,474.95001220703125,463.29998779296875,472.1499938964844,460.10223388671875,24933269
2026-06-03,471.8999938964844,478.54998779296875,466.20001220703125,472.29998779296875,460.2483825683594,15291450
2026-06-04,473.0,484.45001220703125,472.8500061035156,481.6499938964844,469.35980224609375,16059802
2026-06-05,483.29998779296875,483.6000061035156,469.1000061035156,472.29998779296875,460.2483825683594,9592529
2026-06-08,465.0,470.6000061035156,463.95001220703125,464.8999938964844,453.0372314453125,10074583
2026-06-09,464.8999938964844,467.54998779296875,458.3999938964844,466.8999938964844,454.9861755371094,10972434
2026-06-10,465.20001220703125,467.3999938964844,450.20001220703125,451.0,439.4919128417969,8127902
2026-06-11,451.0,452.0,445.04998779296875,446.20001220703125,434.81439208984375,6034733
2026-06-12,453.3500061035156,453.3500061035156,439.6499938964844,443.5,432.1832580566406,9946830
2026-06-15,448.29998779296875,449.6000061035156,441.20001220703125,444.04998779296875,432.71923828125,10056872
2026-06-16,445.95001220703125,453.45001220703125,443.6000061035156,450.95001220703125,439.44317626953125,7262608
2026-06-17,450.8999938964844,461.54998779296875,448.6000061035156,455.75,444.1206970214844,9064734
2026-06-18,456.0,457.5,450.3500061035156,452.0,440.46636962890625,5364436
2026-06-19,452.29998779296875,454.79998779296875,448.0,451.29998779296875,439.78424072265625,6128782
2026-06-22,452.0,454.29998779296875,447.70001220703125,449.0,437.5429382324219,3738644
2026-06-23,449.25,451.5,443.5,444.3500061035156,433.0115966796875,3512212
2026-06-24,444.3500061035156,447.20001220703125,440.8999938964844,441.75,430.4779357910156,4169224
2026-06-25,442.54998779296875,442.8500061035156,432.0,435.3999938964844,424.28997802734375,7046971
2026-06-26,435.3999938964844,435.3999938964844,435.3999938964844,435.3999938964844,424.28997802734375,0
2026-06-29,435.6499938964844,447.8999938964844,435.25,444.8500061035156,433.49884033203125,21400224
2026-06-30,445.6000061035156,446.8500061035156,437.95001220703125,439.04998779296875,427.8468322753906,4363382
2026-07-01,439.0,439.0,433.20001220703125,434.75,423.65655517578125,3391210
2026-07-02,438.3999938964844,440.0,432.79998779296875,438.8999938964844,427.7006530761719,4941315
2026-07-03,441.95001220703125,445.45001220703125,437.79998779296875,438.70001220703125,427.5057678222656,4283263
2026-07-06,438.70001220703125,440.5,431.25,432.3500061035156,421.31781005859375,5464728
2026-07-07,432.3500061035156,434.3500061035156,424.45001220703125,428.95001220703125,418.0045471191406,5315215
2026-07-08,428.0,432.0,426.45001220703125,429.04998779296875,418.10198974609375,3686631
2026-07-09,432.45001220703125,435.79998779296875,428.8500061035156,429.8999938964844,418.9302978515625,2855525
2026-07-10,430.1499938964844,432.6000061035156,426.75,429.29998779296875,418.3456115722656,4872051
2026-07-13,429.0,431.8999938964844,425.0,430.20001220703125,419.22265625,5650932
2026-07-14,429.95001220703125,436.5,428.04998779296875,430.6000061035156,419.6124267578125,6155516
2026-07-15,430.54998779296875,432.95001220703125,426.6000061035156,427.54998779296875,416.6402587890625,5624520
2026-07-16,427.54998779296875,430.5,425.8500061035156,427.3500061035156,416.44537353515625,4570655
2026-07-17,427.3999938964844,429.70001220703125,424.70001220703125,427.6499938964844,416.73773193359375,4142036
2026-07-20,428.1499938964844,433.5,428.1499938964844,429.3999938964844,418.44305419921875,5363624
2026-07-21,429.95001220703125,433.20001220703125,429.1499938964844,431.25,420.245849609375,4612497
2026-07-22,431.29998779296875,431.70001220703125,427.3500061035156,428.3999938964844,417.46856689453125,5625202
2026-07-23,428.8500061035156,430.5,424.5,427.04998779296875,416.15301513671875,6064005
2026-07-24,427.0,428.8999938964844,424.75,427.3999938964844,416.49407958984375,5403125
2026-07-27,429.5,431.0,425.75,427.5,416.591552734375,5241433
2026-07-28,422.8999938964844,423.6000061035156,406.79998779296875,410.1499938964844,399.68426513671875,14222229
2026-07-29,413.04998779296875,413.5,406.25,410.04998779296875,399.5868225097656,9914444
2026-07-30,412.95001220703125,418.29998779296875,410.1000061035156,417.20001220703125,406.55438232421875,23225454
2026-07-31,413.0,415.1000061035156,410.1499938964844,414.1499938964844,408.9737548828125,5938134
2026-08-03,415.95001220703125,416.0,412.6000061035156,416.0,410.8006286621094,5371911
2026-08-04,415.0,417.6000061035156,413.0,417.6000061035156,412.3806457519531,4057342
2026-08-05,417.6000061035156,417.6000061035156,411.70001220703125,415.5,410.306884765625,5429514
2026-08-06,414.5,415.75,412.1499938964844,415.6000061035156,410.4056396484375,4753639
2026-08-07,415.0,415.25,412.5,415.25,410.05999755859375,3493763
2026-08-10,415.0,415.1499938964844,410.3500061035156,411.0,405.8631286621094,6284552
2026-08-11,411.0,413.45001220703125,409.25,412.6000061035156,407.443115234375,10739893
2026-08-12,412.6000061035156,413.70001220703125,408.20001220703125,409.29998779296875,404.1843566894531,4089147
2026-08-13,409.29998779296875,410.5,406.70001220703125,410.5,405.3693542480469,4423109
2026-08-14,409.79998779296875,410.3999938964844,405.6000061035156,407.1000061035156,402.0118713378906,5000302
2026-08-17,407.1000061035156,408.45001220703125,405.29998779296875,408.45001220703125,403.3450012207031,4866733
2026-08-18,408.95001220703125,412.70001220703125,406.75,406.8999938964844,401.8143615722656,7352659
2026-08-19,406.95001220703125,407.6000061035156,397.29998779296875,400.0,395.0006103515625,6030203
2026-08-20,400.04998779296875,403.45001220703125,395.79998779296875,402.5,397.4693603515625,5070984
2026-08-21,402.54998779296875,405.8999938964844,401.70001220703125,405.20001220703125,400.1356201171875,10327739
2026-08-24,406.0,410.95001220703125,404.6000061035156,406.8999938964844,401.8143615722656,8002459
2026-08-25,408.0,408.0,401.1000061035156,404.0,398.9505920410156,8450049
2026-08-26,405.0,405.3999938964844,401.3999938964844,403.5,398.45684814453125,5118183
2026-08-27,403.5,404.95001220703125,398.3999938964844,400.0,395.0006103515625,4430005
2026-08-28,401.0,406.3500061035156,397.5,401.0,395.98809814453125,38504284
2026-08-31,402.04998779296875,405.6000061035156,399.6499938964844,401.75,396.7287292480469,7827528
2026-09-01,401.75,407.20001220703125,399.3999938964844,401.6000061035156,396.5805969238281,6128444
2026-09-02,408.20001220703125,422.3999938964844,406.5,417.8500061035156,412.62750244140625,34130970
2026-09-03,422.0,428.5,416.79998779296875,420.04998779296875,414.79998779296875,15286175
2026-09-04,418.0,418.0,412.54998779296875,415.3500061035156,415.3500061035156,6126850
2026-09-07,416.6000061035156,420.29998779296875,413.29998779296875,418.8500061035156,418.8500061035156,13592701
2026-09-08,418.1000061035156,423.6000061035156,416.04998779296875,420.25,420.25,5273145
2026-09-09,420.8500061035156,435.3500061035156,419.79998779296875,431.0,431.0,22791556
2026-09-10,433.0,436.29998779296875,430.0,432.0,432.0,8811171
2026-09-11,432.0,434.29998779296875,424.20001220703125,426.3999938964844,426.3999938964844,3868222
2026-09-14,426.3999938964844,426.3999938964844,426.3999938964844,426.3999938964844,426.3999938964844,0
2026-09-15,426.3999938964844,427.0,418.0,419.25,419.25,6128458
2026-09-16,419.25,423.45001220703125,417.6000061035156,422.25,422.25,7049685
2026-09-17,421.1000061035156,422.79998779296875,416.54998779296875,418.0,418.0,3329425
2026-09-18,418.0,419.95001220703125,409.6499938964844,409.8999938964844,409.8999938964844,7700870
2026-09-21,411.70001220703125,415.3999938964844,410.45001220703125,414.70001220703125,414.70001220703125,3442984
2026-09-22,424.70001220703125,428.75,419.6499938964844,428.0,428.0,16676174
2026-09-23,428.25,429.3999938964844,421.54998779296875,424.54998779296875,424.54998779296875,7956161
2026-09-24,422.0,423.8500061035156,418.79998779296875,422.0,422.0,3565762
2026-09-25,424.0,426.6499938964844,421.3500061035156,426.1000061035156,426.1000061035156,4798343
2026-09-28,426.3999938964844,429.29998779296875,421.20001220703125,422.5,422.5,5492668
2026-09-29,420.54998779296875,426.0,420.54998779296875,425.0,425.0,7457218
2026-09-30,425.1000061035156,432.8999938964844,423.95001220703125,425.0,425.0,7436925
2026-10-01,421.20001220703125,426.3500061035156,416.29998779296875,420.3999938964844,420.3999938964844,7513315
