Date,Open,High,Low,Close,Adj Close,Volume
2014-10-01,216.5,217.78750610351562,215.125,217.0,194.83465576171875,5870188
2014-10-07,216.25,216.75,213.52499389648438,215.6125030517578,193.5889129638672,5026288
2014-10-08,215.1374969482422,217.5,214.5749969482422,216.89999389648438,194.74485778808594,3140384
2014-10-09,218.5,223.2375030517578,217.0625,221.89999389648438,199.2341766357422,7650420
2014-10-10,220.7624969482422,221.28750610351562,216.22500610351562,216.8249969482422,194.67755126953125,4266980
2014-10-13,216.0,219.5,213.91250610351562,219.1999969482422,196.80995178222656,5376512
2014-10-14,221.25,221.4875030517578,216.28750610351562,217.08749389648438,194.91322326660156,7266240
2014-10-15,217.08749389648438,217.08749389648438,217.08749389648438,217.08749389648438,194.91322326660156,0
2014-10-16,217.10000610351562,218.5,213.7624969482422,214.71249389648438,192.78082275390625,5533084
2014-10-17,215.0625,222.02499389648438,214.27499389648438,221.3125,198.7066650390625,9977920
2014-10-20,223.5,227.39999389648438,222.53750610351562,223.4499969482422,200.6258087158203,9532004
2014-10-21,225.0,226.4375,221.91250610351562,223.8874969482422,201.01864624023438,16037152
2014-10-22,226.2624969482422,226.58749389648438,222.8125,223.41250610351562,200.59214782714844,4571544
2014-10-27,224.7624969482422,226.8249969482422,223.53750610351562,224.3125,201.40023803710938,6724768
2014-10-28,224.75,225.0500030517578,223.5,223.8249969482422,200.96255493164062,5803492
2014-10-29,225.0500030517578,225.625,222.5,222.8874969482422,200.1208038330078,7896188
2014-10-30,222.47500610351562,224.9875030517578,221.77499389648438,224.16250610351562,201.26556396484375,10738180
2014-10-31,225.02499389648438,228.64999389648438,224.33749389648438,227.96249389648438,204.67739868164062,10105988
2014-11-03,228.8000030517578,229.8249969482422,226.35000610351562,227.6750030517578,204.41925048828125,7239648
2014-11-05,228.7624969482422,230.0749969482422,227.5625,228.1999969482422,204.89064025878906,7524180
2014-11-07,226.25,226.64999389648438,223.41250610351562,224.8625030517578,201.89405822753906,9028492
2014-11-10,224.875,227.08749389648438,223.25,226.16250610351562,203.06129455566406,6389756
2014-11-11,226.47500610351562,229.3249969482422,225.60000610351562,226.97500610351562,203.790771484375,5913408
2014-11-12,227.75,229.97500610351562,226.03750610351562,227.9375,204.6549530029297,9058664
2014-11-13,228.875,230.0,225.97500610351562,228.9875030517578,205.59771728515625,7388952
2014-11-14,229.5500030517578,233.25,227.9375,232.52499389648438,208.77386474609375,8438056
2014-11-17,232.5,233.5,227.0,229.7375030517578,206.27110290527344,13464084
2014-11-18,230.25,233.75,228.0,233.0500030517578,209.24525451660156,9189112
2014-11-19,233.7624969482422,234.4250030517578,230.53750610351562,231.6374969482422,207.97702026367188,3454848
2014-11-20,231.9875030517578,231.9875030517578,228.02499389648438,229.5500030517578,206.10275268554688,4770372
2014-11-21,230.3000030517578,233.75,228.5124969482422,233.21249389648438,209.39112854003906,8823808
2014-11-24,233.08749389648438,237.5,232.02499389648438,236.3000030517578,212.16326904296875,7316860
2014-11-25,235.75,239.6999969482422,234.75,238.3874969482422,214.0375518798828,12156508
2014-11-26,234.9499969482422,239.97500610351562,233.3249969482422,237.8249969482422,213.5325164794922,8976428
2014-11-27,237.64999389648438,238.4499969482422,235.75,237.03750610351562,212.82546997070312,13211448
2014-11-28,237.0,241.47500610351562,236.75,239.28750610351562,214.8456268310547,9251860
2014-12-01,239.5749969482422,240.6125030517578,237.0500030517578,237.5,213.24072265625,7389128
2014-12-02,235.4375,237.39999389648438,234.8000030517578,235.8249969482422,211.7367706298828,4517556
2014-12-03,235.5,236.0124969482422,233.0,233.27499389648438,209.447265625,6661184
2014-12-04,235.0,236.0625,233.0,235.35000610351562,211.31031799316406,6839104
2014-12-05,235.25,236.10000610351562,233.9250030517578,235.6875,211.61331176757812,4074180
2014-12-08,236.25,236.25,231.25,231.78750610351562,208.11170959472656,4057128
2014-12-09,231.2624969482422,233.75,231.2624969482422,231.6875,208.0219268798828,4873344
2014-12-10,231.52499389648438,233.75,231.3249969482422,232.85000610351562,209.065673828125,5565432
2014-12-11,232.47500610351562,233.9375,231.25,233.39999389648438,209.5594940185547,4818844
2014-12-12,233.25,234.0500030517578,232.25,232.875,209.0880889892578,4616828
2014-12-15,232.5,236.0749969482422,232.0,235.375,211.33273315429688,6638628
2014-12-16,234.3874969482422,235.5,229.25,231.4375,207.79745483398438,4989956
2014-12-17,231.5,233.125,229.0,230.46249389648438,206.9220428466797,7064016
2014-12-18,233.14999389648438,234.125,230.5124969482422,233.5124969482422,209.6604766845703,6493828
2014-12-19,236.2624969482422,237.25,233.125,235.3625030517578,211.321533203125,6114108
2014-12-22,238.5,241.52499389648438,235.625,240.9250030517578,216.3158416748047,8295612
2014-12-23,239.9250030517578,243.4875030517578,238.83749389648438,239.9375,215.42921447753906,7544080
2014-12-24,239.47500610351562,241.1999969482422,235.27499389648438,236.3125,212.17449951171875,16664812
2014-12-26,237.60000610351562,238.2375030517578,235.6374969482422,237.16250610351562,212.93768310546875,3366480
2014-12-29,237.52499389648438,239.0,237.0749969482422,237.9250030517578,213.62229919433594,3614800
2014-12-30,237.5,239.89999389648438,235.6875,239.1125030517578,214.68849182128906,5681200
2014-12-31,239.0,239.3249969482422,237.4375,237.89999389648438,213.59983825683594,4992528
2015-01-01,237.75,238.60000610351562,236.2624969482422,238.0124969482422,213.70083618164062,3544940
2015-01-02,237.60000610351562,242.3249969482422,237.60000610351562,241.3249969482422,216.67498779296875,5900384
2015-01-05,242.5,242.6374969482422,238.77499389648438,239.28750610351562,214.8456268310547,4796000
2015-01-06,238.5,239.1374969482422,234.3874969482422,235.5625,211.5011444091797,8219680
2015-01-07,234.9250030517578,237.83749389648438,234.0625,236.25,212.11837768554688,5746112
2015-01-08,238.5625,242.2375030517578,237.0500030517578,241.21249389648438,216.573974609375,9525824
2015-01-09,243.22500610351562,245.0,241.64999389648438,243.91250610351562,218.9982147216797,8985184
2015-01-12,242.35000610351562,243.60000610351562,241.125,241.7624969482422,217.0677947998047,4126412
2015-01-13,242.2375030517578,242.9875030517578,238.9250030517578,240.83749389648438,216.23731994628906,5828348
2015-01-14,240.0124969482422,243.66250610351562,239.9250030517578,240.97500610351562,216.3607635498047,3685232
2015-01-15,247.5,249.5500030517578,242.6875,248.28750610351562,222.92633056640625,11398476
2015-01-16,250.5500030517578,253.72500610351562,249.6374969482422,250.33749389648438,224.76693725585938,7821308
2015-01-19,253.3125,255.0,250.7375030517578,251.1374969482422,225.48521423339844,4239492
2015-01-20,252.5,256.75,250.5,255.2375030517578,229.16641235351562,8505804
2015-01-21,256.8500061035156,258.23748779296875,254.58749389648438,254.9875030517578,228.94195556640625,6740612
2015-01-22,256.25,258.125,254.6374969482422,255.3125,229.23374938964844,6470680
2015-01-23,257.5,262.0,256.1000061035156,260.70001220703125,234.07095336914062,9987912
2015-01-27,260.75,269.4375,260.2250061035156,268.51251220703125,241.08544921875,9962400
2015-01-28,267.5,273.29998779296875,263.75,264.5874938964844,237.56134033203125,11364940
2015-01-29,268.75,275.1499938964844,265.25,273.75,245.78793334960938,20567616
2015-01-30,273.63751220703125,273.63751220703125,266.0625,269.3374938964844,241.82618713378906,10570416
2015-02-02,267.125,273.25,263.0874938964844,270.3999938964844,242.7801513671875,5710352
2015-02-03,269.625,270.54998779296875,263.82501220703125,266.0249938964844,238.85205078125,10200688
2015-02-04,265.75,270.20001220703125,264.3125,266.92498779296875,239.66009521484375,6197512
2015-02-05,268.75,273.20001220703125,267.5874938964844,269.125,241.63536071777344,8059148
2015-02-06,269.25,269.73748779296875,262.51251220703125,263.375,236.47276306152344,6903120
2015-02-09,261.75,262.9375,258.625,260.0249938964844,233.4648895263672,5231896
2015-02-10,257.5,265.57501220703125,257.5,263.61248779296875,236.68592834472656,9275752
2015-02-11,264.5,266.20001220703125,263.25,264.6000061035156,237.57261657714844,4161588
2015-02-12,266.2749938964844,270.4750061035156,263.17498779296875,269.0,241.5231475830078,5525740
2015-02-13,270.29998779296875,270.5,265.8999938964844,266.45001220703125,239.233642578125,7714500
2015-02-16,268.95001220703125,271.25,265.625,266.88751220703125,239.62644958496094,7388716
2015-02-18,266.88751220703125,270.73748779296875,264.26251220703125,268.70001220703125,241.25381469726562,5381692
2015-02-19,268.5,271.2250061035156,265.95001220703125,269.95001220703125,242.3761444091797,4507004
2015-02-20,270.75,272.4750061035156,267.125,268.26251220703125,240.86099243164062,6206024
2015-02-23,269.2749938964844,270.38751220703125,265.5,266.875,239.61521911621094,5581564
2015-02-24,267.57501220703125,267.75,264.2749938964844,266.9125061035156,239.64891052246094,5846288
2015-02-25,267.5,268.70001220703125,262.5,263.11248779296875,236.2370147705078,4648524
2015-02-26,263.4125061035156,264.0,258.7749938964844,259.5375061035156,233.02720642089844,12426944
2015-02-27,261.36248779296875,264.63751220703125,261.36248779296875,263.5,236.58499145507812,10261784
2015-03-02,270.0874938964844,274.75,267.0,270.63751220703125,242.99343872070312,14385232
2015-03-03,271.61248779296875,273.0,269.26251220703125,270.8374938964844,243.17300415039062,6029348
2015-03-04,276.25,277.32501220703125,265.0,266.32501220703125,239.12142944335938,12277624
2015-03-05,266.25,272.5,265.625,271.2749938964844,243.56576538085938,9702452
2015-03-09,269.26251220703125,270.45001220703125,264.0,264.75,237.7072296142578,5755808
2015-03-10,265.5,265.5625,261.25,263.13751220703125,236.25950622558594,5134836
2015-03-11,262.7250061035156,265.4750061035156,262.5,264.11248779296875,237.13485717773438,5465536
2015-03-12,265.0249938964844,265.9750061035156,262.7749938964844,263.6499938964844,236.71961975097656,7530836
2015-03-13,265.0,266.0,258.6499938964844,260.6625061035156,234.0373077392578,5426780
2015-03-16,261.25,264.4750061035156,260.625,262.88751220703125,236.03501892089844,5348772
2015-03-17,265.0,266.4750061035156,260.7124938964844,264.51251220703125,237.49403381347656,5369304
2015-03-18,265.0375061035156,267.9750061035156,263.29998779296875,265.88751220703125,238.72857666015625,5148332
2015-03-19,267.75,268.45001220703125,262.17498779296875,263.04998779296875,236.18093872070312,5373572
2015-03-20,262.75,264.875,261.48748779296875,263.9750061035156,237.01145935058594,6483236
2015-03-23,263.98748779296875,264.8500061035156,261.5,261.9375,235.18206787109375,5446740
2015-03-24,260.82501220703125,264.25,258.86248779296875,259.48748779296875,232.98228454589844,8973564
2015-03-25,260.01251220703125,261.67498779296875,257.7749938964844,258.5625,232.1518096923828,10608900
2015-03-26,256.7250061035156,258.04998779296875,250.52499389648438,251.7375030517578,226.02392578125,35800620
2015-03-27,253.7375030517578,255.8874969482422,252.02499389648438,253.66250610351562,227.75228881835938,10840896
2015-03-30,255.0,259.75,253.1999969482422,259.2250061035156,232.74661254882812,6955144
2015-03-31,259.9750061035156,259.9750061035156,253.71249389648438,255.6750030517578,229.55923461914062,5962256
2015-04-01,256.5249938964844,259.2124938964844,253.25,258.3125,231.92730712890625,3844196
2015-04-06,258.75,259.2124938964844,254.9499969482422,257.98748779296875,231.63551330566406,7151172
2015-04-07,258.3125,259.54998779296875,255.91250610351562,258.1875,231.8150634765625,6197072
2015-04-08,260.01251220703125,260.61248779296875,257.51251220703125,258.88751220703125,232.443603515625,4106144
2015-04-09,259.5625,264.75,257.5,264.0249938964844,237.05630493164062,7002784
2015-04-10,263.25,263.25,258.7124938964844,260.6625061035156,234.0373077392578,6119324
2015-04-13,260.0,261.57501220703125,258.70001220703125,259.70001220703125,233.173095703125,4563236
2015-04-15,260.0,262.17498779296875,256.29998779296875,257.9125061035156,231.5681915283203,4893996
2015-04-16,257.0,258.38751220703125,254.5,257.4125061035156,231.11923217773438,5610120
2015-04-17,256.2749938964844,256.9624938964844,254.0124969482422,254.5625,228.5603485107422,4049012
2015-04-20,255.0,256.25,250.64999389648438,251.27499389648438,225.608642578125,5188880
2015-04-21,251.25,253.60000610351562,248.89999389648438,250.75,225.13726806640625,6510744
2015-04-22,251.625,255.25,248.375,253.27499389648438,227.40438842773438,6765936
2015-04-23,255.0124969482422,256.04998779296875,251.52499389648438,253.375,227.49417114257812,9627828
2015-04-24,254.72500610351562,254.75,250.08749389648438,251.6125030517578,225.91165161132812,7205244
2015-04-27,251.7375030517578,253.125,249.0,251.3625030517578,225.6872100830078,7370704
2015-04-28,249.8874969482422,252.8625030517578,247.52499389648438,251.1374969482422,225.48521423339844,7942108
2015-04-29,251.0,252.375,247.0,248.28750610351562,222.92633056640625,7863564
2015-04-30,247.75,248.75,244.7624969482422,247.1999969482422,221.9499053955078,15143684
2015-05-04,248.5124969482422,252.375,248.0,250.2375030517578,224.67715454101562,3141448
2015-05-05,249.7624969482422,250.97500610351562,246.46249389648438,246.91250610351562,221.69174194335938,5138004
2015-05-06,246.875,246.875,241.375,242.64999389648438,217.8646697998047,11007696
2015-05-07,242.0,242.5,236.0500030517578,237.8249969482422,213.5325164794922,11736664
2015-05-08,240.375,246.9499969482422,238.85000610351562,245.5,220.42355346679688,11571932
2015-05-11,246.5124969482422,248.1875,243.5124969482422,247.5749969482422,222.28662109375,6731344
2015-05-12,247.5,247.5,241.75,242.9875030517578,218.16770935058594,11107568
2015-05-13,243.96249389648438,248.35000610351562,242.89999389648438,247.5625,222.275390625,7791848
2015-05-14,247.25,248.71249389648438,243.5,247.7624969482422,222.45494079589844,4455188
2015-05-15,248.72500610351562,249.3874969482422,246.0500030517578,247.52499389648438,222.24169921875,8153624
2015-05-18,249.0,253.0,248.0,252.46249389648438,226.6748504638672,5713304
2015-05-19,251.58749389648438,254.5,249.52499389648438,251.8874969482422,226.15859985351562,4786348
2015-05-20,252.41250610351562,256.70001220703125,252.3874969482422,256.01251220703125,229.86227416992188,4008840
2015-05-21,256.0,257.5,253.77499389648438,256.17498779296875,230.00814819335938,3934380
2015-05-22,256.17498779296875,257.25,254.58749389648438,256.07501220703125,229.91839599609375,4689536
2015-05-25,257.1000061035156,257.75,254.39999389648438,255.8874969482422,229.75001525878906,4369060
2015-05-26,256.11248779296875,257.54998779296875,254.5124969482422,256.8500061035156,230.61422729492188,4906344
2015-05-27,255.9499969482422,260.0,255.35000610351562,259.5375061035156,233.02720642089844,3218592
2015-05-28,259.76251220703125,260.92498779296875,255.5500030517578,257.3500061035156,231.06314086914062,9561160
2015-05-29,257.48748779296875,263.5,256.7875061035156,262.63751220703125,235.81053161621094,5058680
2015-06-01,262.23748779296875,264.0,257.75,259.04998779296875,232.58949279785156,3841320
2015-06-02,259.6000061035156,260.07501220703125,251.22500610351562,252.1999969482422,226.43917846679688,4726008
2015-06-03,252.25,254.25,249.5,251.3874969482422,225.70965576171875,5824832
2015-06-04,252.21249389648438,254.46249389648438,248.75,253.7375030517578,227.81964111328125,5557588
2015-06-05,252.5625,254.625,250.625,252.9375,227.1013946533203,6753860
2015-06-08,251.0625,253.0625,248.8874969482422,250.8625030517578,225.23829650878906,3811996
2015-06-09,251.25,251.5,249.27499389648438,250.46249389648438,224.87916564941406,6040260
2015-06-10,249.5,254.75,249.25,253.89999389648438,227.96554565429688,7986248
2015-06-11,254.39999389648438,254.6374969482422,248.6750030517578,250.0500030517578,224.5087890625,9094176
2015-06-12,250.25,252.71249389648438,247.53750610351562,252.28750610351562,226.5177459716797,6528344
2015-06-15,250.5,253.4375,250.0,251.3000030517578,225.63111877441406,5999828
2015-06-16,250.0,252.6125030517578,249.2624969482422,252.10000610351562,226.3494110107422,6010524
2015-06-17,252.25,253.375,249.875,251.1750030517578,225.51885986328125,9686268
2015-06-18,251.47500610351562,255.9499969482422,250.5625,254.89999389648438,228.8634033203125,8431716
2015-06-19,256.20001220703125,258.73748779296875,253.28750610351562,257.625,231.31002807617188,3742324
2015-06-22,258.0249938964844,264.2250061035156,257.125,261.7875061035156,235.04737854003906,5449652
2015-06-23,263.0,265.29998779296875,260.625,263.0249938964844,236.15846252441406,5655180
2015-06-24,263.5,264.45001220703125,260.67498779296875,261.45001220703125,234.74435424804688,6267396
2015-06-25,262.0625,267.7124938964844,260.6625061035156,266.25,239.05409240722656,16573568
2015-06-26,266.75,267.73748779296875,262.875,265.7124938964844,238.57139587402344,5647504
2015-06-29,261.2250061035156,265.4375,257.625,264.1625061035156,237.17977905273438,6487836
2015-06-30,263.0625,268.0,262.0,266.7875061035156,239.53665161132812,7290136
2015-07-01,265.3374938964844,269.25,265.01251220703125,268.0874938964844,240.70384216308594,4971188
2015-07-02,266.25,266.92498779296875,263.9125061035156,264.54998779296875,239.31301879882812,4483444
2015-07-03,263.51251220703125,269.0375061035156,263.51251220703125,268.5625,242.94276428222656,4039288
2015-07-06,266.01251220703125,271.25,265.0625,270.875,245.03465270996094,3267780
2015-07-07,269.625,272.875,269.625,271.7124938964844,245.792236328125,4141472
2015-07-08,269.7749938964844,270.1499938964844,266.5,267.2124938964844,241.72157287597656,5400676
2015-07-09,265.67498779296875,269.2250061035156,265.0249938964844,268.51251220703125,242.8975067138672,2797964
2015-07-10,267.45001220703125,273.75,267.125,272.6875,246.67425537109375,4900088
2015-07-13,271.25,276.4750061035156,271.25,274.0375061035156,247.89552307128906,7076084
2015-07-14,273.875,275.4750061035156,271.5,272.9624938964844,246.9229278564453,5674116
2015-07-15,273.25,275.36248779296875,272.70001220703125,274.17498779296875,248.01986694335938,3849404
2015-07-16,274.70001220703125,279.75,274.5249938964844,278.67498779296875,252.090576171875,7310424
2015-07-17,279.8500061035156,280.4375,276.3999938964844,277.63751220703125,251.1520538330078,3510988
2015-07-20,278.98748779296875,279.75,276.75,278.8125,252.21493530273438,4551268
2015-07-21,279.13751220703125,282.0,273.2749938964844,274.51251220703125,248.32513427734375,11028136
2015-07-22,274.1000061035156,279.26251220703125,272.1625061035156,278.6000061035156,252.022705078125,7286400
2015-07-23,278.2250061035156,279.17498779296875,275.0249938964844,276.9750061035156,250.55271911621094,5083172
2015-07-24,275.7875061035156,278.75,275.125,276.9624938964844,250.54144287109375,4761008
2015-07-27,275.9750061035156,276.125,267.5,273.9624938964844,247.82763671875,3328572
2015-07-28,273.5,278.4750061035156,273.11248779296875,277.125,250.6884307861328,6345672
2015-07-29,276.2749938964844,279.4750061035156,276.26251220703125,277.0874938964844,250.6544647216797,3943032
2015-07-30,276.75,279.25,275.2749938964844,277.63751220703125,251.1520538330078,9462188
2015-07-31,278.8999938964844,280.25,275.75,277.9125061035156,251.40084838867188,5649500
2015-08-03,278.1875,279.375,273.36248779296875,273.8500061035156,247.72581481933594,4345728
2015-08-04,274.5249938964844,275.5,270.48748779296875,271.61248779296875,245.70181274414062,5390928
2015-08-05,273.0375061035156,274.42498779296875,271.29998779296875,273.04998779296875,247.00213623046875,4122780
2015-08-06,272.9750061035156,275.3374938964844,271.36248779296875,273.98748779296875,247.85020446777344,3743712
2015-08-07,273.48748779296875,274.375,272.1499938964844,273.1625061035156,247.1039276123047,3227140
2015-08-10,273.75,276.48748779296875,272.0,273.6625061035156,247.55621337890625,3954376
2015-08-11,273.76251220703125,274.7124938964844,271.0625,273.67498779296875,247.56753540039062,2727688
2015-08-12,272.1000061035156,273.7250061035156,266.92498779296875,267.61248779296875,242.08331298828125,6005740
2015-08-13,269.25,270.67498779296875,266.6499938964844,269.38751220703125,243.6890411376953,3465052
2015-08-14,270.7749938964844,275.9125061035156,269.9750061035156,275.45001220703125,249.17320251464844,3601660
2015-08-17,274.76251220703125,275.45001220703125,268.95001220703125,272.875,246.84390258789062,2500212
2015-08-18,272.8999938964844,274.0249938964844,269.61248779296875,271.5874938964844,245.6791534423828,1857316
2015-08-19,271.2124938964844,271.75,268.75,270.4624938964844,244.6614990234375,3004576
2015-08-20,267.0,271.1875,267.0,268.67498779296875,243.04449462890625,3044852
2015-08-21,266.0,268.23748779296875,262.75,265.32501220703125,240.01412963867188,7758972
2015-08-24,261.17498779296875,261.17498779296875,252.8125,254.7624969482422,230.45924377441406,14686328
2015-08-25,256.17498779296875,258.07501220703125,251.4250030517578,254.6125030517578,230.32354736328125,12347920
2015-08-26,254.35000610351562,257.25,252.25,253.375,229.20408630371094,5573000
2015-08-27,256.25,258.61248779296875,252.27499389648438,255.52499389648438,231.14894104003906,13873432
2015-08-28,257.76251220703125,260.6875,254.85000610351562,256.98748779296875,232.47193908691406,5553136
2015-08-31,255.27499389648438,258.2250061035156,253.8874969482422,256.86248779296875,232.35887145996094,3441460
2015-09-01,255.3249969482422,255.3249969482422,248.25,250.02499389648438,226.1736602783203,10469144
2015-09-02,251.27499389648438,253.4875030517578,246.25,248.78750610351562,225.05421447753906,8681688
2015-09-03,250.5749969482422,253.75,249.75,252.5749969482422,228.48037719726562,6507368
2015-09-04,250.5500030517578,251.5,245.0,249.0124969482422,225.2577362060547,11404592
2015-09-07,250.25,252.4499969482422,245.0,246.1125030517578,222.63438415527344,5381740
2015-09-08,246.6750030517578,252.5,244.25,251.0124969482422,227.06695556640625,7444488
2015-09-09,253.625,256.25,251.25,254.0749969482422,229.8373260498047,6553120
2015-09-10,250.75,254.2375030517578,249.0749969482422,252.75,228.638671875,4463740
2015-09-11,253.625,255.0,251.6999969482422,252.625,228.52561950683594,4301760
2015-09-14,252.21249389648438,255.5749969482422,250.875,254.9250030517578,230.60618591308594,5060344
2015-09-15,254.4875030517578,254.91250610351562,252.02499389648438,253.28750610351562,229.1249237060547,4332728
2015-09-16,254.72500610351562,257.0249938964844,252.8874969482422,255.83749389648438,231.43165588378906,4254052
2015-09-18,258.75,265.5,257.7875061035156,262.4375,237.40203857421875,7841168
2015-09-21,259.48748779296875,263.75,259.0874938964844,263.23748779296875,238.12574768066406,4276688
2015-09-22,262.51251220703125,265.0,256.32501220703125,257.6625061035156,233.08253479003906,6025212
2015-09-23,254.8000030517578,263.36248779296875,254.66250610351562,262.29998779296875,237.27767944335938,5161152
2015-09-24,261.75,263.5,259.0,262.8500061035156,237.77517700195312,8252836
2015-09-28,263.75,265.0,260.7749938964844,261.6000061035156,236.64443969726562,5777108
2015-09-29,258.0,268.4750061035156,256.2749938964844,266.20001220703125,240.80560302734375,10418840
2015-09-30,267.0,268.25,265.3374938964844,267.20001220703125,241.7102508544922,9027796
2015-10-01,268.79998779296875,269.2250061035156,264.8374938964844,266.9125061035156,241.4501953125,5034788
2015-10-05,269.29998779296875,276.20001220703125,269.29998779296875,274.5874938964844,248.3930206298828,8053372
2015-10-06,276.75,276.9750061035156,270.75,271.48748779296875,245.58872985839844,4758964
2015-10-07,272.0,274.5874938964844,270.8374938964844,271.9375,245.99575805664062,4386268
2015-10-08,272.0249938964844,272.67498779296875,268.8500061035156,270.7749938964844,244.9441680908203,3881908
2015-10-09,273.75,273.75,270.04998779296875,271.5375061035156,245.63394165039062,3443228
2015-10-12,271.92498779296875,273.875,269.45001220703125,270.13751220703125,244.36752319335938,2217340
2015-10-13,268.88751220703125,270.5375061035156,268.29998779296875,269.0874938964844,243.41766357421875,1823652
2015-10-14,267.20001220703125,271.625,266.76251220703125,271.1875,245.31735229492188,2749148
2015-10-15,271.42498779296875,274.125,270.25,271.0375061035156,245.18161010742188,3925952
2015-10-16,272.5,275.375,271.25,275.01251220703125,248.77748107910156,4843688
2015-10-19,275.0,275.5249938964844,273.57501220703125,274.45001220703125,248.26861572265625,2654220
2015-10-20,274.5,275.7250061035156,272.79998779296875,273.7250061035156,247.61273193359375,3851356
2015-10-21,274.7250061035156,276.0,271.25,273.75,247.63534545898438,7273204
2015-10-23,274.86248779296875,278.42498779296875,274.0,277.125,250.6884307861328,4467048
2015-10-26,278.48748779296875,278.54998779296875,274.25,275.375,249.10540771484375,4887984
2015-10-27,273.88751220703125,278.5,273.88751220703125,277.7250061035156,251.2312469482422,8984032
2015-10-28,276.26251220703125,281.0,276.26251220703125,277.875,251.36683654785156,7694760
2015-10-29,277.5,278.625,275.0,275.88751220703125,249.56900024414062,6702368
2015-10-30,275.5,278.0,272.61248779296875,274.8999938964844,248.6756591796875,8097460
2015-11-02,273.76251220703125,273.9750061035156,269.125,270.7749938964844,244.9441680908203,3156552
2015-11-03,272.73748779296875,273.0,269.79998779296875,271.2250061035156,245.35128784179688,2548592
2015-11-04,272.51251220703125,274.5249938964844,269.5625,270.42498779296875,244.62753295898438,2696444
2015-11-05,269.625,270.75,267.375,269.9624938964844,244.20916748046875,3596952
2015-11-06,270.17498779296875,272.25,268.8125,270.2250061035156,244.44662475585938,5881004
2015-11-09,264.5,267.4125061035156,262.75,266.20001220703125,240.80560302734375,11429432
2015-11-10,265.01251220703125,266.25,263.11248779296875,263.6499938964844,238.49887084960938,4402580
2015-11-13,262.3500061035156,263.75,260.25,263.01251220703125,237.92222595214844,3940028
2015-11-16,262.1875,266.25,261.3125,265.23748779296875,239.9349365234375,4734732
2015-11-17,265.82501220703125,265.95001220703125,262.79998779296875,265.20001220703125,239.9010772705078,2567404
2015-11-18,265.42498779296875,266.4624938964844,261.57501220703125,262.1499938964844,237.1419677734375,2446720
2015-11-19,263.75,267.73748779296875,262.3999938964844,267.2250061035156,241.73284912109375,3277680
2015-11-20,266.2250061035156,270.0625,265.0,267.7124938964844,242.17381286621094,4648160
2015-11-23,268.5,268.875,264.76251220703125,266.51251220703125,241.0883331298828,3408280
2015-11-24,266.3125,268.375,265.5249938964844,266.0874938964844,240.70387268066406,4002252
2015-11-26,264.75,266.75,262.7749938964844,265.98748779296875,240.6134033203125,8791484
2015-11-27,266.2124938964844,270.54998779296875,265.23748779296875,269.8500061035156,244.107421875,6925072
2015-11-30,269.79998779296875,270.25,267.42498779296875,269.4375,243.73428344726562,5247776
2015-12-01,269.26251220703125,271.2250061035156,268.375,270.75,244.9215850830078,1895332
2015-12-02,272.5,273.17498779296875,267.9624938964844,269.45001220703125,243.74563598632812,2562284
2015-12-03,268.125,270.25,266.82501220703125,269.1875,243.50814819335938,3807712
2015-12-04,268.3999938964844,268.3999938964844,264.0,264.7250061035156,239.47134399414062,5859828
2015-12-07,267.04998779296875,267.7749938964844,265.2749938964844,265.48748779296875,240.16107177734375,5814808
2015-12-08,265.25,265.4750061035156,261.75,262.3125,237.2889862060547,4902660
2015-12-09,261.7749938964844,264.25,261.2124938964844,261.86248779296875,236.8819122314453,3890616
2015-12-10,261.25,265.79998779296875,260.57501220703125,265.1499938964844,239.8557891845703,6514340
2015-12-11,265.0,265.1499938964844,260.5,261.5874938964844,236.63316345214844,3033920
2015-12-14,260.25,264.9624938964844,260.0249938964844,263.76251220703125,238.60069274902344,5878016
2015-12-15,263.25,265.61248779296875,261.32501220703125,264.86248779296875,239.59568786621094,4557416
2015-12-16,265.75,268.3374938964844,264.8374938964844,266.82501220703125,241.3710174560547,6842768
2015-12-17,268.4750061035156,271.0,266.25,270.0625,244.29966735839844,4878012
2015-12-18,271.25,271.25,267.125,268.25,242.6600799560547,3172128
2015-12-21,267.9375,269.9750061035156,267.26251220703125,268.8500061035156,243.2028350830078,3097500
2015-12-22,268.625,269.125,266.0,266.61248779296875,241.17877197265625,2429536
2015-12-23,268.1499938964844,269.48748779296875,267.2875061035156,268.5249938964844,242.90884399414062,3013968
2015-12-24,269.04998779296875,269.1000061035156,267.07501220703125,268.5,242.8861846923828,2146352
2015-12-28,268.5,269.9750061035156,266.9375,269.3125,243.62123107910156,7755428
2015-12-29,269.73748779296875,269.9624938964844,267.82501220703125,269.48748779296875,243.7794952392578,4231612
2015-12-30,270.0,270.48748779296875,268.13751220703125,268.57501220703125,242.9540557861328,2112560
2015-12-31,268.75,271.2250061035156,268.75,270.5375061035156,244.72933959960938,9290008
2016-01-01,270.6000061035156,272.5625,269.0375061035156,272.1875,246.22195434570312,3195076
2016-01-04,271.0,271.0,267.0249938964844,267.625,242.09466552734375,5187536
2016-01-05,267.54998779296875,268.70001220703125,265.3374938964844,265.6000061035156,240.26284790039062,3160872
2016-01-06,264.1625061035156,269.1875,264.1625061035156,266.7749938964844,241.32577514648438,4165536
2016-01-07,265.0249938964844,266.2250061035156,262.42498779296875,264.04998779296875,238.86073303222656,6055428
2016-01-08,265.48748779296875,266.125,264.3125,265.5874938964844,240.2515411376953,3488356
2016-01-11,263.01251220703125,265.25,261.32501220703125,264.6499938964844,239.40347290039062,3288912
2016-01-12,265.9750061035156,265.9750061035156,260.875,261.73748779296875,236.7688446044922,4258736
2016-01-13,263.0,265.6875,259.25,265.0375061035156,239.7540283203125,4515148
2016-01-14,262.5375061035156,264.3500061035156,259.875,262.4375,237.40203857421875,6279184
2016-01-15,262.0,263.86248779296875,259.5249938964844,260.5375061035156,235.68331909179688,5417260
2016-01-18,258.9125061035156,260.36248779296875,255.25,256.4624938964844,231.9970245361328,6495388
2016-01-19,256.79998779296875,259.38751220703125,256.57501220703125,258.95001220703125,234.24725341796875,6405212
2016-01-20,256.25,277.0,251.97500610351562,254.5749969482422,230.2895965576172,9563588
2016-01-21,255.25,258.3125,253.35000610351562,255.75,231.35252380371094,6300804
2016-01-22,256.42498779296875,261.0625,255.5124969482422,257.57501220703125,233.00344848632812,4236284
2016-01-25,259.98748779296875,261.67498779296875,258.26251220703125,260.2875061035156,235.4571533203125,10143884
2016-01-27,262.11248779296875,262.17498779296875,258.25,258.9125061035156,234.21331787109375,4039468
2016-01-28,259.75,261.7250061035156,257.5,257.92498779296875,233.3200225830078,9951972
2016-01-29,258.79998779296875,263.73748779296875,258.79998779296875,262.4624938964844,237.42466735839844,5360184
2016-02-01,264.5,266.75,263.42498779296875,264.9375,239.66358947753906,4609484
2016-02-02,266.25,266.3125,262.54998779296875,263.45001220703125,238.31797790527344,6528628
2016-02-03,261.125,262.8500061035156,260.5,260.9624938964844,236.06776428222656,4850244
2016-02-04,262.0,263.7250061035156,261.38751220703125,262.29998779296875,237.27767944335938,5675992
2016-02-05,263.20001220703125,265.95001220703125,261.3999938964844,263.8125,238.64590454101562,7523904
2016-02-08,263.75,264.5,257.57501220703125,258.9624938964844,234.258544921875,3481924
2016-02-09,256.67498779296875,257.88751220703125,255.16250610351562,256.51251220703125,232.0423126220703,5535460
2016-02-10,255.97500610351562,257.5375061035156,252.52499389648438,253.2375030517578,229.0797119140625,7682280
2016-02-11,252.5,253.25,242.0500030517578,243.8249969482422,220.56509399414062,8803600
2016-02-12,244.75,246.6125030517578,241.5,242.85000610351562,219.68313598632812,12542144
2016-02-15,245.0,247.0625,242.77499389648438,243.39999389648438,220.18064880371094,10912960
2016-02-16,245.375,245.5,240.5,243.3625030517578,220.14674377441406,7136096
2016-02-17,244.22500610351562,244.97500610351562,239.75,243.72500610351562,220.47463989257812,7503924
2016-02-18,246.5,247.8125,244.25,247.3625030517578,223.76512145996094,6799856
2016-02-19,247.1875,248.14999389648438,243.375,247.3249969482422,223.73121643066406,3328660
2016-02-22,245.75,249.0,245.75,247.1875,223.60682678222656,4002396
2016-02-23,246.22500610351562,246.375,241.5,242.5124969482422,219.3778076171875,6078320
2016-02-24,240.0,240.72500610351562,236.60000610351562,237.39999389648438,214.75303649902344,6463468
2016-02-25,238.5,239.3125,234.5500030517578,235.66250610351562,213.18128967285156,8463196
2016-02-26,237.5,242.75,236.25,240.25,217.33114624023438,6209388
2016-02-29,240.27499389648438,245.64999389648438,232.0,242.96249389648438,219.7848663330078,8812752
2016-03-01,243.7375030517578,246.6875,242.96249389648438,246.03750610351562,222.56654357910156,4322560
2016-03-02,249.5,252.72500610351562,248.75,251.8000030517578,227.77932739257812,6358976
2016-03-03,252.6875,255.0,252.5,253.96249389648438,229.73553466796875,4610400
2016-03-04,253.8625030517578,256.2250061035156,248.27499389648438,255.1374969482422,230.79843139648438,5704624
2016-03-08,256.0,256.0,252.375,253.53750610351562,229.35105895996094,1913688
2016-03-09,253.25,257.4750061035156,251.6875,256.20001220703125,231.75961303710938,6528172
2016-03-10,256.20001220703125,256.4375,252.52499389648438,255.3125,230.9567413330078,2671392
2016-03-11,254.97500610351562,257.70001220703125,253.25,257.17498779296875,232.64157104492188,4730856
2016-03-14,257.0,259.48748779296875,256.3125,256.88751220703125,232.38150024414062,3008656
2016-03-15,256.9750061035156,258.3500061035156,255.41250610351562,256.67498779296875,232.1892852783203,7690036
2016-03-16,256.75,258.5625,254.7375030517578,257.61248779296875,233.03733825683594,4803548
2016-03-17,258.73748779296875,259.75,252.78750610351562,254.60000610351562,230.31224060058594,5113484
2016-03-18,255.7375030517578,258.0,253.83749389648438,257.1000061035156,232.57371520996094,4135068
2016-03-21,258.25,261.8374938964844,258.0625,261.3999938964844,236.46353149414062,5318796
2016-03-22,261.625,264.1499938964844,260.17498779296875,263.4624938964844,238.32925415039062,4120264
2016-03-23,263.26251220703125,263.26251220703125,260.13751220703125,262.3374938964844,237.31161499023438,8464300
2016-03-28,261.25,263.25,260.4125061035156,261.875,236.8931884765625,11270868
2016-03-29,261.875,264.875,261.0625,263.45001220703125,238.31797790527344,6733952
2016-03-30,264.5,267.4750061035156,263.4750061035156,266.23748779296875,240.83950805664062,7814380
2016-03-31,266.7124938964844,269.7250061035156,266.26251220703125,267.7875061035156,242.24168395996094,20080392
2016-04-01,267.20001220703125,269.1000061035156,264.20001220703125,266.11248779296875,240.7264862060547,5158648
2016-04-04,266.29998779296875,268.20001220703125,266.0,267.26251220703125,241.76673889160156,6179960
2016-04-05,267.25,269.2250061035156,263.9125061035156,264.36248779296875,239.1433868408203,6663028
2016-04-06,265.25,266.73748779296875,264.1875,265.375,240.05931091308594,4295376
2016-04-07,266.0,266.1875,261.76251220703125,263.875,238.7024383544922,3911692
2016-04-08,263.75,265.8374938964844,263.5625,264.8374938964844,239.57310485839844,2962796
2016-04-11,265.07501220703125,268.5249938964844,260.7124938964844,267.73748779296875,242.19642639160156,4049620
2016-04-12,267.3999938964844,267.75,264.8125,265.75,240.39857482910156,4941480
2016-04-13,268.0,271.23748779296875,267.375,270.4375,244.6388702392578,4974604
2016-04-18,270.875,273.0,267.8999938964844,271.95001220703125,246.00714111328125,4117068
2016-04-20,272.9750061035156,275.0,270.88751220703125,274.4624938964844,248.27993774414062,3821352
2016-04-21,273.75,276.2875061035156,272.25,272.7875061035156,246.7646942138672,8191728
2016-04-22,272.375,275.2124938964844,271.29998779296875,273.0375061035156,246.9908905029297,7809320
2016-04-25,275.0,275.0,271.125,273.3125,247.23956298828125,5561960
2016-04-26,273.75,278.75,273.125,278.4624938964844,251.89833068847656,7053796
2016-04-27,277.4624938964844,281.25,277.25,281.04998779296875,254.239013671875,5763636
2016-04-28,281.04998779296875,284.17498779296875,277.5874938964844,278.48748779296875,251.9209442138672,8089584
2016-04-29,278.45001220703125,284.0,276.54998779296875,283.0874938964844,256.0821838378906,5611940
2016-05-02,281.9375,282.5,279.0,279.4125061035156,252.75770568847656,3862716
2016-05-03,280.4750061035156,283.75,278.2875061035156,279.5,252.83688354492188,4695296
2016-05-04,279.375,283.625,278.5625,281.8374938964844,254.9512939453125,5292328
2016-05-05,282.0,283.6875,280.67498779296875,283.07501220703125,256.0708312988281,5214248
2016-05-06,283.0,283.0625,279.3125,279.9125061035156,253.20997619628906,2733152
2016-05-09,280.0,286.23748779296875,279.75,285.3500061035156,258.1288146972656,6953180
2016-05-10,285.875,286.875,284.0249938964844,286.2250061035156,258.9203186035156,5453000
2016-05-11,283.67498779296875,286.25,282.42498779296875,284.70001220703125,257.5408020019531,6147372
2016-05-12,286.0,288.0,283.125,287.2749938964844,259.8701477050781,4221688
2016-05-13,287.0,287.0,282.5,285.2250061035156,258.01568603515625,5045316
2016-05-16,286.25,291.4750061035156,283.13751220703125,290.70001220703125,262.96844482421875,4518768
2016-05-17,291.26251220703125,292.3125,287.82501220703125,288.36248779296875,260.8539123535156,4295424
2016-05-18,287.75,287.75,282.875,285.1625061035156,257.95916748046875,4162644
2016-05-19,285.0249938964844,285.67498779296875,283.0,284.82501220703125,257.6539001464844,3855796
2016-05-20,284.98748779296875,287.125,283.3999938964844,285.2250061035156,258.01568603515625,2016632
2016-05-23,285.48748779296875,287.48748779296875,283.29998779296875,284.1875,257.0772399902344,3463532
2016-05-24,284.6000061035156,285.9125061035156,283.88751220703125,284.98748779296875,257.80084228515625,3259468
2016-05-25,286.57501220703125,293.98748779296875,286.57501220703125,293.32501220703125,265.343017578125,5767348
2016-05-26,294.0249938964844,297.2250061035156,291.5625,295.8125,267.59326171875,13705560
2016-05-27,295.8125,297.5,294.17498779296875,296.70001220703125,268.39599609375,5775184
2016-05-30,296.75,298.75,294.5249938964844,294.9375,266.80169677734375,3814532
2016-05-31,296.4750061035156,296.4750061035156,294.3500061035156,295.4750061035156,267.2879333496094,5515640
2016-06-01,295.73748779296875,295.73748779296875,292.75,293.7875061035156,265.76141357421875,5675632
2016-06-02,293.67498779296875,295.1499938964844,292.75,293.73748779296875,265.7161560058594,7910616
2016-06-03,295.0249938964844,296.25,292.26251220703125,292.9375,264.9924621582031,4524420
2016-06-06,294.0,295.6000061035156,292.51251220703125,292.7749938964844,264.84539794921875,5547308
2016-06-07,294.23748779296875,295.0,291.9125061035156,293.42498779296875,265.4334411621094,5628504
2016-06-08,293.95001220703125,294.5,290.25,290.6499938964844,262.92315673828125,4742812
2016-06-09,290.625,291.04998779296875,288.125,289.8500061035156,262.1995544433594,4648184
2016-06-10,289.6000061035156,293.17498779296875,289.04998779296875,290.3374938964844,262.6405029296875,6322312
2016-06-13,288.6875,291.23748779296875,287.76251220703125,288.2250061035156,260.72955322265625,3323236
2016-06-14,288.75,289.25,286.0625,287.9624938964844,260.4920959472656,3828768
2016-06-15,288.75,292.7250061035156,288.29998779296875,292.38751220703125,264.4949645996094,3045824
2016-06-16,291.63751220703125,292.2124938964844,288.8374938964844,290.5375061035156,262.8214111328125,4727768
2016-06-17,291.75,294.5,291.38751220703125,292.5,264.5966796875,3761652
2016-06-20,289.75,294.8125,289.70001220703125,293.01251220703125,265.06036376953125,2742764
2016-06-21,293.75,293.86248779296875,290.29998779296875,291.6625061035156,263.8391418457031,2670968
2016-06-22,291.5,293.75,291.5,292.875,264.9359436035156,3803840
2016-06-23,292.45001220703125,297.9624938964844,291.875,297.5249938964844,269.142333984375,3926732
2016-06-24,289.9624938964844,292.9750061035156,286.75,290.4750061035156,262.7649230957031,11173964
2016-06-27,290.5,292.25,288.26251220703125,289.98748779296875,262.32391357421875,4163788
2016-06-28,290.3125,293.2749938964844,287.5,291.73748779296875,263.90692138671875,4034980
2016-06-29,291.25,292.375,289.92498779296875,292.07501220703125,266.3808288574219,5420668
2016-06-30,292.75,295.0,290.5375061035156,294.11248779296875,268.2390441894531,16278892
2016-07-01,295.0,296.25,292.95001220703125,293.625,267.79443359375,4304876
2016-07-04,294.54998779296875,294.875,292.8500061035156,293.20001220703125,267.4068603515625,7249852
2016-07-05,293.20001220703125,293.57501220703125,290.5,291.3999938964844,265.76519775390625,2136328
2016-07-07,291.9750061035156,297.1875,290.2250061035156,296.4125061035156,270.3367919921875,4832616
2016-07-08,296.2749938964844,296.3999938964844,292.8125,293.7124938964844,267.8742980957031,3118868
2016-07-11,296.5,300.4750061035156,295.26251220703125,299.9375,273.5516357421875,5102532
2016-07-12,302.4750061035156,302.4750061035156,298.88751220703125,300.5375061035156,274.098876953125,7046032
2016-07-13,299.95001220703125,300.48748779296875,298.32501220703125,299.4375,273.09564208984375,6687072
2016-07-14,300.25,300.5375061035156,298.04998779296875,300.0874938964844,273.68841552734375,3459668
2016-07-15,300.95001220703125,306.5,298.7749938964844,305.92498779296875,279.01239013671875,5774216
2016-07-18,306.25,309.625,305.6625061035156,306.86248779296875,279.86749267578125,4438484
2016-07-19,307.25,307.6875,303.4624938964844,304.5874938964844,277.7925720214844,2586004
2016-07-20,305.75,309.625,305.4375,308.04998779296875,280.95050048828125,4690332
2016-07-21,307.67498779296875,309.9750061035156,305.625,307.1499938964844,280.1296081542969,9112904
2016-07-22,308.3374938964844,308.6625061035156,305.375,307.70001220703125,280.6313171386719,5620272
2016-07-25,308.25,312.36248779296875,306.75,311.73748779296875,284.3135681152344,9872884
2016-07-26,310.6000061035156,311.4125061035156,308.7875061035156,309.70001220703125,282.45538330078125,5665992
2016-07-27,310.25,311.88751220703125,307.5,309.23748779296875,282.0335693359375,10734736
2016-07-28,309.5,312.8125,308.88751220703125,312.11248779296875,284.65557861328125,10646528
2016-07-29,312.0,312.5,308.75,311.54998779296875,284.14251708984375,3395676
2016-08-01,312.25,314.73748779296875,306.9125061035156,310.57501220703125,283.25335693359375,5560864
2016-08-02,311.75,314.11248779296875,310.1000061035156,310.82501220703125,283.48138427734375,5329396
2016-08-03,310.2749938964844,312.48748779296875,307.75,310.11248779296875,282.83154296875,4733876
2016-08-04,311.6499938964844,311.67498779296875,308.3999938964844,310.25,282.9569091796875,4662880
2016-08-05,311.8500061035156,313.9125061035156,310.4375,312.3125,284.8380432128906,5784912
2016-08-08,313.2250061035156,313.75,311.13751220703125,312.3999938964844,284.91778564453125,4728776
2016-08-09,313.2250061035156,313.2250061035156,309.42498779296875,311.79998779296875,284.37054443359375,4210856
2016-08-10,311.25,312.73748779296875,304.9375,306.7250061035156,279.7420959472656,3619720
2016-08-11,306.70001220703125,308.75,305.5,307.0625,280.0498352050781,2856072
2016-08-12,307.76251220703125,308.75,304.8500061035156,307.17498779296875,280.1524353027344,4641496
2016-08-16,308.25,309.61248779296875,303.45001220703125,306.82501220703125,279.833251953125,3468568
2016-08-17,308.3500061035156,309.375,306.5,308.7250061035156,281.5660705566406,5511036
2016-08-18,309.5,313.7250061035156,308.63751220703125,313.125,285.5791015625,6111656
2016-08-19,312.5,312.5,310.36248779296875,311.7749938964844,284.3477478027344,4110636
2016-08-22,311.26251220703125,313.61248779296875,310.25,312.57501220703125,285.0774230957031,5501292
2016-08-23,312.75,313.5,311.51251220703125,312.86248779296875,285.339599609375,5314524
2016-08-24,313.01251220703125,316.04998779296875,311.76251220703125,315.45001220703125,287.69952392578125,5570936
2016-08-25,316.0,316.70001220703125,313.57501220703125,314.63751220703125,286.9585266113281,8729888
2016-08-26,315.0,315.4750061035156,313.4750061035156,314.2749938964844,286.6278076171875,2521136
2016-08-29,313.875,313.875,309.04998779296875,309.5249938964844,282.29571533203125,2944184
2016-08-30,311.2749938964844,317.625,310.98748779296875,317.1625061035156,289.2613525390625,9867608
2016-08-31,317.25,323.75,316.375,322.79998779296875,294.40289306640625,11161364
2016-09-01,322.0,322.5,318.8500061035156,320.92498779296875,292.69281005859375,5224676
2016-09-02,321.375,322.25,320.2875061035156,321.2749938964844,293.01202392578125,3955188
2016-09-06,322.51251220703125,325.9750061035156,322.51251220703125,325.1000061035156,296.50054931640625,5508884
2016-09-07,325.25,326.25,320.7749938964844,321.6875,293.3882751464844,4016444
2016-09-08,322.5,323.8125,320.8999938964844,322.3500061035156,293.99249267578125,2905380
2016-09-09,322.5,323.625,319.57501220703125,322.6000061035156,294.2204895019531,4013768
2016-09-12,318.67498779296875,321.1000061035156,317.875,319.9750061035156,291.82635498046875,3985728
2016-09-14,318.75,319.25,316.3500061035156,317.36248779296875,289.4437255859375,3849508
2016-09-15,318.0,320.9750061035156,317.4624938964844,319.8999938964844,291.7580261230469,3501812
2016-09-16,320.95001220703125,326.125,320.95001220703125,324.4624938964844,295.919189453125,6525816
2016-09-19,324.25,325.625,322.0,322.5375061035156,294.16351318359375,5894832
2016-09-20,323.1625061035156,323.75,321.01251220703125,322.11248779296875,293.77587890625,3778248
2016-09-21,323.0,324.5,321.9750061035156,323.25,294.8133239746094,4256400
2016-09-22,326.25,329.23748779296875,325.13751220703125,326.7250061035156,297.9826354980469,6555800
2016-09-23,326.51251220703125,329.61248779296875,325.375,328.17498779296875,299.3050231933594,4876808
2016-09-26,326.5249938964844,327.2250061035156,323.42498779296875,324.0375061035156,295.53155517578125,5576772
2016-09-27,324.75,326.5375061035156,323.7124938964844,324.51251220703125,295.9647216796875,4056812
2016-09-28,324.9750061035156,325.0,322.25,323.8125,295.326416015625,4989652
2016-09-29,324.48748779296875,326.5,316.98748779296875,319.375,291.2792053222656,16450012
2016-09-30,319.2749938964844,320.25,316.8500061035156,318.2124938964844,290.21893310546875,4138428
2016-10-03,320.25,322.4750061035156,319.1000061035156,321.79998779296875,293.4909362792969,3900548
2016-10-04,322.1499938964844,323.75,320.57501220703125,322.38751220703125,294.0267333984375,2775512
2016-10-05,324.5,325.01251220703125,319.1000061035156,321.5249938964844,293.2400817871094,3647020
2016-10-06,321.7749938964844,323.8999938964844,319.76251220703125,320.48748779296875,292.29388427734375,2895712
2016-10-07,321.0,321.9375,319.0625,320.1499938964844,291.98602294921875,3337464
2016-10-10,321.25,321.9750061035156,319.6875,321.0874938964844,292.8410339355469,4719312
2016-10-13,319.75,319.75,314.11248779296875,315.6875,287.9161071777344,4519356
2016-10-14,316.4375,317.0,313.5,315.45001220703125,287.69952392578125,4067116
2016-10-17,316.375,316.6000061035156,308.1875,309.42498779296875,282.2044982910156,5135360
2016-10-18,310.79998779296875,315.0,309.75,314.4624938964844,286.7988586425781,2610968
2016-10-19,315.2749938964844,315.75,312.0,314.5874938964844,286.91290283203125,3044904
2016-10-20,315.0625,316.86248779296875,312.75,313.875,286.2630310058594,3200356
2016-10-21,314.0,318.23748779296875,312.5,317.67498779296875,289.7287902832031,3956408
2016-10-24,317.9375,319.2124938964844,315.26251220703125,315.88751220703125,288.0985412597656,3255664
2016-10-25,317.0,317.0,311.01251220703125,312.57501220703125,285.0774230957031,5501796
2016-10-26,310.8374938964844,316.25,308.76251220703125,309.82501220703125,282.5693664550781,5366540
2016-10-27,309.75,314.25,306.0375061035156,313.0249938964844,285.48785400390625,11623860
2016-10-28,313.625,315.4750061035156,310.0249938964844,314.76251220703125,287.07244873046875,5320536
2016-11-01,314.0,315.9624938964844,311.76251220703125,314.95001220703125,287.2434997558594,3402416
2016-11-02,312.7749938964844,313.92498779296875,310.375,311.5375061035156,284.1311950683594,6474432
2016-11-03,311.25,315.0,307.9375,313.73748779296875,286.1376647949219,6315812
2016-11-04,313.20001220703125,313.20001220703125,310.4375,310.92498779296875,283.572509765625,5734920
2016-11-07,313.0,313.7124938964844,310.0,312.36248779296875,284.8836364746094,5671392
2016-11-08,312.7749938964844,314.5,310.0249938964844,313.57501220703125,285.98944091796875,5348164
2016-11-09,300.0,314.3500061035156,298.8374938964844,312.8125,285.2939758300781,13645468
2016-11-10,315.9375,320.75,313.5249938964844,319.63751220703125,291.5186462402344,10700736
2016-11-11,318.5,320.5,316.3999938964844,318.95001220703125,290.8916320800781,7139320
2016-11-15,319.375,322.25,312.6625061035156,313.6875,286.092041015625,12512524
2016-11-16,317.0,317.0,310.01251220703125,311.0874938964844,283.7207946777344,8647744
2016-11-17,309.57501220703125,312.2250061035156,306.2875061035156,307.54998779296875,280.4945068359375,4815624
2016-11-18,309.0,309.0,302.29998779296875,302.8500061035156,276.2079772949219,6879900
2016-11-21,304.875,304.875,297.0874938964844,299.67498779296875,273.31219482421875,5552520
2016-11-22,301.70001220703125,301.70001220703125,297.3374938964844,299.51251220703125,273.1640930175781,10017784
2016-11-23,300.75,300.75,295.2749938964844,296.1875,270.131591796875,3532692
2016-11-24,296.0,296.57501220703125,290.2250061035156,291.375,265.7424011230469,15285996
2016-11-25,292.25,298.29998779296875,289.5,297.32501220703125,271.1689758300781,5969960
2016-11-28,295.0625,299.7250061035156,294.5249938964844,296.11248779296875,270.0631408691406,4130180
2016-11-29,296.17498779296875,298.23748779296875,294.125,294.6875,268.76348876953125,3932644
2016-11-30,296.25,300.5,295.2749938964844,299.8999938964844,273.5174560546875,6442840
2016-12-01,300.57501220703125,301.9750061035156,298.25,299.3125,272.98162841796875,4476984
2016-12-02,297.25,300.48748779296875,294.17498779296875,297.2749938964844,271.1233825683594,4062672
2016-12-05,296.8999938964844,299.73748779296875,294.125,299.0874938964844,272.77642822265625,4551936
2016-12-06,298.75,300.7124938964844,297.54998779296875,298.61248779296875,272.34320068359375,2702964
2016-12-07,300.4624938964844,301.4750061035156,291.75,295.3999938964844,269.4132995605469,5628192
2016-12-08,296.75,301.38751220703125,296.75,299.875,273.49468994140625,4309696
2016-12-09,299.7749938964844,300.57501220703125,297.0,299.57501220703125,273.2210693359375,4387952
2016-12-12,298.0,298.0375061035156,295.2749938964844,296.11248779296875,270.0631408691406,3425272
2016-12-13,295.0625,297.5874938964844,294.63751220703125,296.5625,270.4735107421875,2526868
2016-12-14,296.75,297.0,293.3500061035156,293.92498779296875,268.06805419921875,4314144
2016-12-15,291.04998779296875,298.625,290.8999938964844,294.1499938964844,268.2733154296875,4941488
2016-12-16,294.1499938964844,296.25,292.88751220703125,295.57501220703125,269.57293701171875,3255828
2016-12-19,294.20001220703125,294.875,292.625,294.1875,268.3074645996094,3160436
2016-12-20,294.0,296.25,292.92498779296875,295.4750061035156,269.4817199707031,4189992
2016-12-21,296.0,296.25,293.75,295.0,269.04852294921875,2658876
2016-12-22,294.1000061035156,294.875,292.1000061035156,293.2749938964844,267.4752502441406,2805716
2016-12-23,292.75,297.3125,292.32501220703125,296.5625,270.4735107421875,4752516
2016-12-26,294.63751220703125,296.5249938964844,292.5249938964844,293.75,267.9084777832031,4183864
2016-12-27,294.82501220703125,296.7250061035156,293.4750061035156,296.29998779296875,270.23419189453125,4899296
2016-12-28,297.4750061035156,298.73748779296875,295.25,296.6875,270.58758544921875,6507840
2016-12-29,296.25,301.98748779296875,295.36248779296875,301.29998779296875,274.7942810058594,8100816
2016-12-30,300.0,303.0,299.98748779296875,301.54998779296875,275.02227783203125,4066540
2017-01-02,302.36248779296875,302.5249938964844,298.01251220703125,299.2749938964844,272.94744873046875,3708656
2017-01-03,300.20001220703125,300.48748779296875,296.4375,297.4750061035156,271.3057861328125,3847500
2017-01-04,297.4624938964844,298.0,295.95001220703125,296.375,270.30255126953125,6967120
2017-01-05,297.25,298.625,295.7749938964844,296.54998779296875,270.46209716796875,6776384
2017-01-06,297.5249938964844,299.6000061035156,297.04998779296875,298.4125061035156,272.16082763671875,5525260
2017-01-09,299.7124938964844,301.0375061035156,298.0375061035156,298.79998779296875,272.51422119140625,4573796
2017-01-10,299.04998779296875,304.20001220703125,298.82501220703125,303.5874938964844,276.88055419921875,5546116
2017-01-11,304.375,309.5249938964844,303.875,308.5,281.36090087890625,9343404
2017-01-12,308.75,310.92498779296875,306.375,308.75,281.5889587402344,2916316
2017-01-13,309.75,309.92498779296875,307.1499938964844,308.125,281.0188903808594,3850412
2017-01-16,308.375,312.36248779296875,308.20001220703125,311.9125061035156,284.4731750488281,3765864
2017-01-17,311.75,313.1000061035156,309.0625,309.625,282.38702392578125,3559612
2017-01-18,310.2250061035156,314.0,310.2124938964844,310.6499938964844,283.3217468261719,4612888
2017-01-19,311.2250061035156,311.2250061035156,308.75,309.07501220703125,281.8852844238281,3512412
2017-01-20,309.0,311.25,307.5,309.0874938964844,281.8966979980469,13942068
2017-01-23,309.0,312.5,308.95001220703125,311.1625061035156,283.7891845703125,4793848
2017-01-24,312.5,317.875,312.3125,316.88751220703125,289.0105895996094,10261864
2017-01-25,318.1499938964844,323.8999938964844,317.5249938964844,322.6499938964844,294.2661437988281,15636984
2017-01-27,324.75,325.0,322.0,322.9750061035156,294.5625305175781,6852236
2017-01-30,323.23748779296875,323.23748779296875,320.13751220703125,321.23748779296875,292.97784423828125,5319628
2017-01-31,320.6000061035156,323.17498779296875,319.25,321.6625061035156,293.365478515625,6101040
2017-02-01,321.54998779296875,327.5,320.125,326.42498779296875,297.70904541015625,10910664
2017-02-02,326.42498779296875,326.42498779296875,323.1499938964844,324.67498779296875,296.1129455566406,5971636
2017-02-03,324.75,329.0,324.125,327.76251220703125,298.92889404296875,8005104
2017-02-06,328.07501220703125,330.0,327.86248779296875,328.5249938964844,299.6242980957031,4310220
2017-02-07,329.0,329.5,325.73748779296875,326.7875061035156,298.0396728515625,3411920
2017-02-08,326.88751220703125,329.67498779296875,324.5375061035156,326.4125061035156,297.6976013183594,4940960
2017-02-09,327.3500061035156,329.9750061035156,323.13751220703125,324.4125061035156,295.87359619140625,4465376
2017-02-10,324.5874938964844,327.1875,324.5,325.8999938964844,297.230224609375,3296736
2017-02-13,326.88751220703125,328.75,324.79998779296875,327.54998779296875,298.7350769042969,2795792
2017-02-14,328.5,328.5,326.0,327.7749938964844,298.94024658203125,2446060
2017-02-15,328.0,331.0,326.86248779296875,330.54998779296875,301.4710693359375,6126940
2017-02-16,330.75,333.25,330.0625,331.9750061035156,302.77081298828125,5043700
2017-02-17,361.25,363.5,340.11248779296875,344.26251220703125,313.9773254394531,402259960
2017-02-20,340.29998779296875,353.86248779296875,339.7875061035156,352.2749938964844,321.2849426269531,10566716
2017-02-21,351.51251220703125,355.45001220703125,349.3500061035156,353.88751220703125,322.7556457519531,6260028
2017-02-22,353.75,354.70001220703125,348.7124938964844,349.7875061035156,319.01629638671875,5296776
2017-02-23,350.95001220703125,355.3374938964844,346.76251220703125,348.57501220703125,317.9104309082031,34494980
2017-02-27,347.7250061035156,349.5874938964844,344.6499938964844,348.3999938964844,317.7508239746094,4681376
2017-02-28,348.2250061035156,349.0625,346.125,347.5249938964844,316.95281982421875,2928008
2017-03-01,349.11248779296875,349.125,346.6000061035156,347.9125061035156,317.3062438964844,3481736
2017-03-02,348.63751220703125,349.0,344.0625,345.0249938964844,314.6727294921875,4601988
2017-03-03,346.125,346.125,342.25,344.25,313.9659118652344,2492824
2017-03-06,344.20001220703125,347.4750061035156,343.2749938964844,345.1875,314.82098388671875,3679124
2017-03-07,345.5625,346.875,344.04998779296875,346.54998779296875,316.0635986328125,3112876
2017-03-08,346.9750061035156,349.79998779296875,345.26251220703125,348.04998779296875,317.431640625,3782144
2017-03-09,345.4125061035156,349.67498779296875,345.4125061035156,348.54998779296875,317.88763427734375,3509316
2017-03-10,348.75,352.0,348.2875061035156,350.0249938964844,319.2328796386719,5860704
2017-03-14,355.5249938964844,356.0375061035156,351.6625061035156,352.67498779296875,321.6497497558594,7155020
2017-03-15,352.73748779296875,355.0,352.63751220703125,354.1499938964844,322.9949951171875,4271860
2017-03-16,354.5249938964844,355.7124938964844,353.4125061035156,354.3374938964844,323.166015625,4980108
2017-03-17,354.63751220703125,356.875,353.2124938964844,356.4624938964844,325.1040344238281,3390464
2017-03-20,356.6625061035156,359.9624938964844,356.48748779296875,359.0249938964844,327.441162109375,8142344
2017-03-21,358.5,361.25,358.5,360.23748779296875,328.5469970703125,5557280
2017-03-22,356.92498779296875,359.25,356.45001220703125,357.7250061035156,326.2555236816406,5636544
2017-03-23,358.6000061035156,358.75,355.7250061035156,357.7250061035156,326.2555236816406,4922472
2017-03-24,358.25,358.61248779296875,355.5,356.0874938964844,324.76202392578125,3810364
2017-03-27,356.0,356.0,351.01251220703125,352.4624938964844,321.4559631347656,5864084
2017-03-28,354.57501220703125,356.17498779296875,353.2749938964844,355.04998779296875,323.8158264160156,8061400
2017-03-29,355.20001220703125,358.70001220703125,355.0,357.1499938964844,325.7311096191406,8575772
2017-03-30,357.0,369.98748779296875,356.26251220703125,366.54998779296875,334.30413818359375,34321092
2017-03-31,363.45001220703125,363.5,359.13751220703125,360.63751220703125,328.9118347167969,9651392
2017-04-03,361.5,362.5249938964844,356.5,358.29998779296875,326.7799072265625,4149052
2017-04-05,358.8125,361.625,356.88751220703125,358.0874938964844,326.58612060546875,5744080
2017-04-06,357.875,360.75,356.26251220703125,359.625,327.9883728027344,6124416
2017-04-07,357.76251220703125,361.25,357.1499938964844,359.7124938964844,328.0682067871094,4648360
2017-04-10,360.75,360.75,358.1625061035156,358.5375061035156,326.9965515136719,3393876
2017-04-11,358.5,360.29998779296875,357.875,359.875,328.2163391113281,4356260
2017-04-12,359.75,362.48748779296875,358.875,360.92498779296875,329.1739501953125,3565092
2017-04-13,360.75,362.2250061035156,359.26251220703125,360.07501220703125,328.3988037109375,4804236
2017-04-17,360.07501220703125,360.95001220703125,357.0625,359.20001220703125,327.6007995605469,7137056
2017-04-18,360.0,363.75,359.5,361.82501220703125,329.994873046875,3638860
2017-04-19,361.75,364.1875,359.5,362.25,330.3824462890625,4338144
2017-04-20,363.25,366.51251220703125,363.23748779296875,365.5375061035156,333.3807373046875,5781372
2017-04-21,366.5,374.75,363.32501220703125,374.1499938964844,341.23553466796875,17258032
2017-04-24,374.5249938964844,384.75,374.25,383.26251220703125,349.5464172363281,20206952
2017-04-25,383.76251220703125,386.375,382.3999938964844,384.26251220703125,350.4585266113281,9057780
2017-04-26,385.73748779296875,388.25,367.11248779296875,387.6625061035156,353.5594482421875,7795852
2017-04-27,386.5249938964844,393.48748779296875,386.5249938964844,392.1499938964844,357.6521301269531,16180420
2017-04-28,389.9750061035156,389.9750061035156,384.2749938964844,386.625,352.6131286621094,5437728
2017-05-02,386.75,387.7250061035156,382.5874938964844,385.1499938964844,351.2679443359375,4007040
2017-05-03,388.5625,388.5625,384.8374938964844,386.07501220703125,352.111572265625,2507964
2017-05-04,384.8125,385.7250061035156,380.6499938964844,383.70001220703125,349.94549560546875,5131028
2017-05-05,385.5249938964844,385.7250061035156,381.57501220703125,383.04998779296875,349.3526306152344,2757896
2017-05-08,384.5,385.0,382.13751220703125,383.70001220703125,349.94549560546875,3747252
2017-05-09,383.70001220703125,386.3999938964844,383.1625061035156,383.9375,350.1620788574219,3345836
2017-05-10,385.0,388.75,384.26251220703125,387.95001220703125,353.82159423828125,2342244
2017-05-11,387.75,390.0,385.25,386.6000061035156,352.59039306640625,3875744
2017-05-12,386.4750061035156,389.2250061035156,384.04998779296875,387.9125061035156,353.78741455078125,6147604
2017-05-15,387.5,389.29998779296875,385.5625,388.3500061035156,354.1864318847656,2804780
2017-05-16,388.75,390.5,387.0625,389.9125061035156,355.6114807128906,3590376
2017-05-17,389.70001220703125,391.3500061035156,387.875,389.2875061035156,355.0414733886719,3472472
2017-05-18,387.25,390.375,387.0249938964844,389.2749938964844,355.0299987792969,3107280
2017-05-19,389.875,392.4750061035156,386.3125,390.3125,355.97625732421875,2854136
2017-05-22,391.2749938964844,395.0,390.7749938964844,394.0,359.3393859863281,2860052
2017-05-23,395.0,395.88751220703125,391.25,392.2749938964844,357.76611328125,3080172
2017-05-24,392.26251220703125,393.86248779296875,390.5,391.6875,357.2303161621094,3467388
2017-05-25,391.7749938964844,407.3500061035156,391.7749938964844,404.2875061035156,368.72186279296875,20090804
2017-05-26,401.6625061035156,408.0,400.2749938964844,406.5,370.73968505859375,5443156
2017-05-29,404.95001220703125,412.0,404.4125061035156,407.9750061035156,372.0849609375,5916340
2017-05-30,407.5,408.375,404.0375061035156,407.26251220703125,371.43511962890625,4434184
2017-05-31,406.25,410.75,405.7875061035156,409.04998779296875,373.06536865234375,5318912
2017-06-01,409.75,409.9624938964844,405.13751220703125,407.1499938964844,371.3324890136719,3359540
2017-06-02,408.5,411.5249938964844,406.54998779296875,408.5625,372.6208190917969,3213544
2017-06-05,408.42498779296875,409.73748779296875,406.25,408.88751220703125,372.9172668457031,2899900
2017-06-06,408.75,410.95001220703125,407.5,409.73748779296875,373.6923828125,5002632
2017-06-07,410.1000061035156,411.2250061035156,407.5874938964844,410.20001220703125,374.1142272949219,2554276
2017-06-08,410.9750061035156,414.8500061035156,410.4125061035156,411.1875,375.0148010253906,4248768
2017-06-09,410.0249938964844,417.5,410.0249938964844,416.70001220703125,380.0424499511719,5305272
2017-06-12,416.0,419.0,415.0,417.1875,380.4870300292969,3971412
2017-06-13,415.4375,422.9750061035156,415.25,419.17498779296875,382.2996826171875,5051620
2017-06-14,418.75,419.98748779296875,416.75,417.79998779296875,381.0456237792969,3858360
2017-06-15,417.0,418.8999938964844,413.3999938964844,416.0874938964844,379.48382568359375,3526692
2017-06-16,416.25,418.67498779296875,414.5249938964844,417.3125,380.60101318359375,3755104
2017-06-19,417.75,424.0,417.1000061035156,423.2250061035156,385.99346923828125,3825532
2017-06-20,422.5,423.5,419.9624938964844,421.63751220703125,384.5455627441406,3660264
2017-06-21,420.6499938964844,425.3125,419.8999938964844,424.67498779296875,387.31585693359375,3410932
2017-06-22,423.73748779296875,429.0,422.79998779296875,424.5,387.1562194824219,6675460
2017-06-23,425.5,425.6875,418.79998779296875,419.6625061035156,382.7442932128906,5217468
2017-06-27,422.25,423.75,414.0625,416.9125061035156,380.2362365722656,6000432
2017-06-28,416.25,418.75,414.45001220703125,416.61248779296875,379.9626159667969,4449036
2017-06-29,416.75,420.4750061035156,412.7749938964844,415.76251220703125,381.7070617675781,9187708
2017-06-30,413.45001220703125,415.0,410.75,413.01251220703125,379.1822814941406,4330432
2017-07-03,413.1499938964844,416.875,411.8125,414.6499938964844,380.68560791015625,3504332
2017-07-04,415.0625,416.67498779296875,413.0,413.3374938964844,379.48065185546875,3766080
2017-07-05,413.2749938964844,414.875,411.25,412.1875,378.4248352050781,4014200
2017-07-06,413.13751220703125,415.75,412.8374938964844,414.5375061035156,380.5823669433594,4571676
2017-07-07,415.2124938964844,417.3999938964844,414.5,416.79998779296875,382.6595764160156,5517396
2017-07-10,417.0,437.0,415.26251220703125,419.0874938964844,384.7596435546875,1309252
2017-07-11,419.38751220703125,422.70001220703125,416.7749938964844,420.1000061035156,385.689208984375,4410280
2017-07-12,420.0,421.25,414.63751220703125,420.3125,385.8843078613281,5738892
2017-07-13,422.0,423.32501220703125,419.9125061035156,420.88751220703125,386.4122314453125,4481004
2017-07-14,420.9750061035156,421.51251220703125,418.0,419.98748779296875,385.5858459472656,2443252
2017-07-17,420.63751220703125,421.9125061035156,419.25,420.5874938964844,386.13677978515625,2399340
2017-07-18,419.92498779296875,421.9624938964844,419.3374938964844,420.88751220703125,386.4122314453125,2322188
2017-07-19,421.25,424.04998779296875,420.4624938964844,423.07501220703125,388.4205322265625,3987244
2017-07-20,423.4750061035156,428.75,422.0375061035156,427.7250061035156,392.68963623046875,3698476
2017-07-21,428.5249938964844,428.8125,425.0,425.76251220703125,390.8879089355469,3873508
2017-07-24,427.5,435.0,423.75,433.7749938964844,398.2440490722656,19678176
2017-07-25,439.75,439.75,433.26251220703125,434.9125061035156,399.2884216308594,11160468
2017-07-26,435.5,438.75,433.125,436.88751220703125,401.1016540527344,3895344
2017-07-27,439.0,449.70001220703125,437.88751220703125,447.4125061035156,410.7645263671875,17961712
2017-07-28,443.0,446.625,440.2749938964844,444.625,408.20538330078125,9255396
2017-07-31,444.38751220703125,447.75,441.63751220703125,446.1000061035156,409.5595397949219,7369140
2017-08-01,445.4624938964844,452.2875061035156,443.04998779296875,449.29998779296875,412.4973449707031,8516860
2017-08-02,451.75,451.75,445.51251220703125,447.9125061035156,411.2235412597656,7397916
2017-08-03,447.0,448.0,443.6000061035156,444.98748779296875,408.53814697265625,4256784
2017-08-04,444.25,449.1875,441.5375061035156,447.5625,410.9022521972656,3545068
2017-08-07,446.5,449.11248779296875,446.25,447.13751220703125,410.51202392578125,1918660
2017-08-08,448.0249938964844,449.3125,441.5249938964844,444.4750061035156,408.067626953125,4035372
2017-08-09,442.75,444.26251220703125,439.5874938964844,441.11248779296875,404.9804992675781,3270056
2017-08-10,440.0,441.5,438.2124938964844,440.11248779296875,404.0625,7788444
2017-08-11,436.25,439.5,432.7875061035156,437.26251220703125,401.4458923339844,6359836
2017-08-14,438.25,443.73748779296875,437.0,439.29998779296875,403.3165283203125,3577084
2017-08-16,440.5874938964844,447.45001220703125,437.13751220703125,445.3125,408.8365173339844,4426832
2017-08-17,444.0625,445.23748779296875,438.4375,441.3500061035156,405.1985778808594,5454868
2017-08-18,440.0,440.25,435.75,438.0375061035156,402.15740966796875,3707464
2017-08-21,438.5,439.75,434.54998779296875,435.79998779296875,400.10321044921875,4009724
2017-08-22,437.82501220703125,438.5,434.20001220703125,436.75,400.97540283203125,6609556
2017-08-23,437.5,444.48748779296875,437.5,443.11248779296875,406.8166809082031,3360524
2017-08-24,443.7250061035156,443.73748779296875,439.7875061035156,440.625,404.5329284667969,7878276
2017-08-28,440.6000061035156,442.7875061035156,439.5874938964844,440.5625,404.47564697265625,1507784
2017-08-29,439.75,439.75,434.5,436.5375061035156,400.7802734375,4918596
2017-08-30,437.98748779296875,442.5,437.51251220703125,442.13751220703125,405.9216003417969,2694320
2017-08-31,443.0,444.9624938964844,439.1000061035156,444.11248779296875,407.7348327636719,7303436
2017-09-01,445.25,445.36248779296875,440.2749938964844,441.8999938964844,405.7035217285156,2295172
2017-09-04,441.25,441.25,436.5249938964844,437.7250061035156,401.8704833984375,3642524
2017-09-05,439.25,441.2250061035156,437.75,438.8374938964844,402.89190673828125,3682436
2017-09-06,435.9375,440.70001220703125,434.5,439.9750061035156,403.9362487792969,5751632
2017-09-07,440.0249938964844,444.1875,440.0249938964844,441.63751220703125,405.4625549316406,6946420
2017-09-08,443.3500061035156,447.5,442.75,446.9125061035156,410.3054504394531,8311664
2017-09-11,448.25,457.25,447.54998779296875,455.8374938964844,418.4994201660156,11477676
2017-09-12,456.92498779296875,459.9750061035156,454.57501220703125,458.79998779296875,421.21923828125,6687680
2017-09-13,458.75,462.25,456.0,460.4624938964844,422.7455749511719,4995376
2017-09-14,460.0375061035156,463.125,457.875,459.8500061035156,422.1832580566406,8154016
2017-09-15,459.0,462.95001220703125,458.36248779296875,462.23748779296875,424.3751220703125,3767332
2017-09-18,463.38751220703125,466.11248779296875,463.125,465.11248779296875,427.0146484375,4084928
2017-09-19,466.2250061035156,467.0,461.88751220703125,462.42498779296875,424.5473327636719,4241468
2017-09-20,462.0,465.36248779296875,461.3125,462.2124938964844,424.3522033691406,3446128
2017-09-21,462.0,462.125,457.67498779296875,459.7749938964844,422.1144104003906,7712496
2017-09-22,458.70001220703125,459.73748779296875,455.0,456.0249938964844,418.67156982421875,8243524
2017-09-25,455.61248779296875,455.61248779296875,448.1499938964844,449.9375,413.08270263671875,10149228
2017-09-26,447.26251220703125,449.1499938964844,446.25,448.07501220703125,411.3727111816406,11438732
2017-09-27,449.0,451.3999938964844,442.5,444.125,407.7463073730469,7337220
2017-09-28,443.5,449.75,440.82501220703125,448.82501220703125,412.0613098144531,27646464
2017-09-29,450.0249938964844,455.5,449.0625,451.42498779296875,414.4483337402344,6213632
2017-10-03,452.0,455.25,449.2749938964844,452.2124938964844,415.17138671875,4394424
2017-10-04,451.9750061035156,452.9750061035156,448.3374938964844,449.25,412.4515075683594,6625104
2017-10-05,448.75,451.25,448.2749938964844,449.6499938964844,412.8186950683594,3336196
2017-10-06,449.5,451.11248779296875,448.5,450.0249938964844,413.16302490234375,3030660
2017-10-09,449.70001220703125,450.75,447.625,448.875,412.10723876953125,3062492
2017-10-10,449.75,453.73748779296875,448.1625061035156,450.67498779296875,413.7597351074219,3798180
2017-10-11,450.8125,453.8125,446.8999938964844,447.5375061035156,410.8792724609375,5267440
2017-10-12,448.7749938964844,455.36248779296875,447.0,454.70001220703125,417.455078125,5381560
2017-10-13,456.67498779296875,464.13751220703125,455.5,462.70001220703125,424.79974365234375,6433464
2017-10-16,465.0,468.3125,460.5,464.2875061035156,426.2572937011719,3274544
2017-10-17,462.5,463.42498779296875,459.7749938964844,462.8125,424.9030456542969,2613288
2017-10-18,460.25,468.75,459.75,467.125,428.8623352050781,3926720
2017-10-19,465.45001220703125,466.25,460.1625061035156,462.1000061035156,424.24896240234375,570008
2017-10-23,464.9750061035156,467.42498779296875,459.01251220703125,465.82501220703125,427.6688537597656,4162892
2017-10-24,465.75,469.8999938964844,463.25,466.7749938964844,428.5410461425781,11328872
2017-10-25,465.0,465.75,446.25,448.7749938964844,412.0154113769531,21367208
2017-10-26,442.0,452.5,439.4624938964844,448.8374938964844,412.07275390625,28571464
2017-10-27,451.1000061035156,451.875,444.75,447.76251220703125,411.0858459472656,7472088
2017-10-30,449.5625,454.0,448.1000061035156,453.75,416.58294677734375,5422352
2017-10-31,452.875,452.875,449.8125,452.125,415.0910339355469,4682460
2017-11-01,453.7749938964844,456.25,453.0,455.29998779296875,418.00592041015625,4190612
2017-11-02,455.75,457.45001220703125,454.23748779296875,455.5249938964844,418.2124938964844,4737944
2017-11-03,456.42498779296875,460.0,455.3999938964844,457.67498779296875,420.1864318847656,3810488
2017-11-06,456.25,460.0,455.6499938964844,457.1499938964844,419.7043762207031,6148244
2017-11-07,459.5,461.23748779296875,455.1875,455.92498779296875,418.5797119140625,7446376
2017-11-08,456.29998779296875,458.3999938964844,454.75,456.48748779296875,419.09619140625,3283144
2017-11-09,456.75,458.75,455.2749938964844,456.9624938964844,419.5322265625,3113308
2017-11-10,455.42498779296875,458.70001220703125,453.0874938964844,455.5,418.1895446777344,7744360
2017-11-13,455.5,455.7875061035156,448.75,453.38751220703125,416.2501220703125,3335872
2017-11-14,453.9750061035156,454.75,450.0,450.5874938964844,413.679443359375,4712468
2017-11-15,449.5,450.9125061035156,447.0,450.0625,413.19744873046875,6148368
2017-11-16,451.0,454.0,448.79998779296875,451.92498779296875,414.9073791503906,4012972
2017-11-17,457.17498779296875,459.57501220703125,453.2875061035156,456.38751220703125,419.00439453125,6358772
2017-11-20,457.25,459.92498779296875,457.25,459.5375061035156,421.8963317871094,2392424
2017-11-21,459.36248779296875,462.5,459.0249938964844,461.5625,423.7554626464844,2275532
2017-11-22,462.42498779296875,465.0,461.13751220703125,463.8125,425.8211364746094,5660796
2017-11-23,464.75,465.0,459.5,460.7124938964844,422.97509765625,3232580
2017-11-24,460.75,464.45001220703125,460.25,462.8500061035156,424.9375305175781,5203684
2017-11-27,462.25,465.5,461.3999938964844,464.38751220703125,426.3490905761719,3870472
2017-11-28,464.0,467.75,463.9624938964844,466.3374938964844,428.13934326171875,5090540
2017-11-29,466.25,468.875,463.95001220703125,468.32501220703125,429.96405029296875,3274584
2017-11-30,467.17498779296875,468.48748779296875,460.0,463.42498779296875,425.4654235839844,5796312
2017-12-01,463.7250061035156,465.0,461.0249938964844,462.04998779296875,424.2030029296875,3858148
2017-12-04,463.7250061035156,463.7250061035156,457.5249938964844,458.5249938964844,420.966796875,3641932
2017-12-05,456.5,457.13751220703125,451.75,455.11248779296875,417.833740234375,3893360
2017-12-06,454.98748779296875,455.3374938964844,449.75,450.82501220703125,413.8974914550781,6395120
2017-12-07,451.6625061035156,454.1499938964844,450.7749938964844,452.4125061035156,415.35498046875,4231304
2017-12-08,453.5,463.25,453.5,460.1000061035156,422.4127502441406,8956400
2017-12-11,462.0,462.9375,460.0,461.6000061035156,423.7899169921875,3198232
2017-12-12,462.2749938964844,462.4750061035156,453.98748779296875,454.9750061035156,417.70758056640625,2410588
2017-12-13,455.01251220703125,461.25,453.7749938964844,455.3374938964844,418.04034423828125,2907460
2017-12-14,456.0,460.0,453.0,459.51251220703125,421.8734436035156,3683092
2017-12-15,464.0,472.0,463.875,468.36248779296875,429.9984130859375,12450124
2017-12-18,463.75,474.75,452.32501220703125,469.73748779296875,431.26080322265625,12297988
2017-12-19,469.95001220703125,473.4125061035156,469.0375061035156,471.125,432.53472900390625,4952112
2017-12-20,474.7250061035156,475.7749938964844,465.9125061035156,467.0375061035156,428.7820739746094,9343504
2017-12-21,469.9750061035156,471.25,466.29998779296875,467.07501220703125,428.8164978027344,6854544
2017-12-22,469.75,470.0,465.4375,469.1625061035156,430.7330017089844,4470904
2017-12-26,470.25,470.70001220703125,464.17498779296875,467.0874938964844,428.827880859375,6785696
2017-12-27,467.5249938964844,467.57501220703125,462.7875061035156,464.1875,426.1654357910156,3489384
2017-12-28,464.7250061035156,470.2250061035156,464.5,469.51251220703125,431.05426025390625,8700520
2017-12-29,469.20001220703125,469.79998779296875,467.0375061035156,468.1000061035156,429.7574462890625,6345872
2018-01-01,468.17498779296875,470.1875,462.625,463.625,425.6490173339844,6580516
2018-01-02,464.63751220703125,468.75,464.63751220703125,468.0874938964844,429.7459411621094,4776316
2018-01-03,468.75,469.5625,462.79998779296875,463.1625061035156,425.22442626953125,4531288
2018-01-04,463.25,466.375,463.25,464.9750061035156,426.888427734375,2373776
2018-01-05,465.75,467.01251220703125,463.88751220703125,465.8999938964844,427.7376708984375,2870868
2018-01-08,466.25,467.67498779296875,464.4375,465.1499938964844,427.049072265625,4570308
2018-01-09,465.5,467.4624938964844,463.75,465.92498779296875,427.76068115234375,5305528
2018-01-10,466.29998779296875,466.9750061035156,464.32501220703125,466.04998779296875,427.8753967285156,4615888
2018-01-11,466.04998779296875,469.0,464.0625,468.13751220703125,429.7919006347656,4059096
2018-01-12,468.25,469.5375061035156,465.0,466.32501220703125,428.1278381347656,4336708
2018-01-15,467.48748779296875,476.1000061035156,464.9624938964844,474.4375,435.5758361816406,12576444
2018-01-16,475.86248779296875,477.5,471.3125,475.0375061035156,436.126708984375,6445384
2018-01-17,474.25,475.63751220703125,471.75,472.625,433.911865234375,2905496
2018-01-18,481.0,488.5,479.51251220703125,483.57501220703125,443.96490478515625,16649540
2018-01-19,483.7875061035156,489.9750061035156,479.8125,488.04998779296875,448.07330322265625,11455988
2018-01-22,490.0,497.0,488.2875061035156,490.8374938964844,450.632568359375,8849768
2018-01-23,491.25,491.67498779296875,485.82501220703125,487.82501220703125,447.8668212890625,5047796
2018-01-24,488.13751220703125,492.25,487.6499938964844,489.4125061035156,449.32421875,4790568
2018-01-25,488.4750061035156,495.0,487.625,493.73748779296875,453.29498291015625,8723668
2018-01-29,494.5,501.73748779296875,494.5,499.9125061035156,458.9641418457031,8235892
2018-01-30,499.45001220703125,500.4750061035156,496.0375061035156,498.875,458.01165771484375,6397560
2018-01-31,497.3500061035156,503.375,496.75,501.42498779296875,460.352783203125,6943348
2018-02-01,501.5,503.75,496.32501220703125,497.7875061035156,457.0132141113281,6521420
2018-02-02,496.5,497.4750061035156,485.375,487.0,447.109375,7346124
2018-02-05,479.5,483.8125,476.4624938964844,478.4624938964844,439.27117919921875,7926784
2018-02-06,465.0,478.0,459.07501220703125,474.20001220703125,435.3578186035156,10749804
2018-02-07,476.75,476.75,465.6000061035156,468.20001220703125,429.84930419921875,8364972
2018-02-08,471.0,474.6499938964844,466.625,470.23748779296875,431.71990966796875,5171444
2018-02-09,461.9750061035156,466.17498779296875,461.0249938964844,462.375,424.5014343261719,6408952
2018-02-12,465.0,471.5,463.7875061035156,469.1625061035156,430.7330017089844,4381108
2018-02-14,472.45001220703125,474.4750061035156,468.6625061035156,470.7875061035156,432.22479248046875,3577188
2018-02-15,472.42498779296875,473.6875,468.75,470.4750061035156,431.93792724609375,4915224
2018-02-16,470.9750061035156,473.7124938964844,468.9125061035156,469.6499938964844,431.1805419921875,3583520
2018-02-19,470.6499938964844,471.8999938964844,464.76251220703125,469.54998779296875,431.08868408203125,3654552
2018-02-20,471.1875,471.4624938964844,464.70001220703125,465.79998779296875,427.6458435058594,4084068
2018-02-21,466.98748779296875,467.13751220703125,463.04998779296875,464.3500061035156,426.31463623046875,2753072
2018-02-22,462.5,465.0,460.38751220703125,463.29998779296875,425.3506164550781,13253596
2018-02-23,464.2250061035156,471.2124938964844,462.6000061035156,470.13751220703125,431.6281433105469,4076748
2018-02-26,472.0249938964844,478.70001220703125,470.88751220703125,477.88751220703125,438.7432861328125,4788884
2018-02-27,478.6875,480.4375,475.0,475.63751220703125,436.6776123046875,4787328
2018-02-28,472.38751220703125,473.86248779296875,469.5,471.04998779296875,432.4657897949219,4066364
2018-03-01,469.82501220703125,473.32501220703125,467.0,468.5874938964844,430.2050476074219,3909840
2018-03-05,468.5375061035156,469.5,464.5625,467.48748779296875,429.19512939453125,3781464
2018-03-06,467.5,469.9750061035156,459.875,461.5625,423.7554626464844,4576828
2018-03-07,460.0,463.3500061035156,457.125,458.1499938964844,420.6224670410156,5628164
2018-03-08,459.95001220703125,464.625,458.0,463.2124938964844,425.2703552246094,5518724
2018-03-09,463.73748779296875,466.3125,461.0,462.76251220703125,424.8572082519531,4108108
2018-03-12,465.04998779296875,467.36248779296875,463.3500061035156,466.8125,428.57550048828125,6557116
2018-03-13,466.86248779296875,471.1875,463.75,465.0625,426.96881103515625,5124200
2018-03-14,464.0,466.9750061035156,462.0,466.125,427.9442138671875,3680392
2018-03-15,466.29998779296875,471.875,466.29998779296875,470.20001220703125,431.6855163574219,5870924
2018-03-16,470.0,470.2749938964844,461.63751220703125,463.25,425.30474853515625,7896336
2018-03-19,463.25,465.0,460.7875061035156,461.8125,423.9849548339844,7838740
2018-03-20,461.2749938964844,463.9750061035156,458.8125,459.875,422.2061767578125,3657372
2018-03-21,462.0,465.79998779296875,460.82501220703125,464.7250061035156,426.6589050292969,5921140
2018-03-22,464.7250061035156,470.0,463.7749938964844,466.9375,428.6902160644531,6673224
2018-03-23,461.6625061035156,463.2749938964844,459.3125,460.38751220703125,422.6767272949219,7190152
2018-03-26,459.9750061035156,475.0,458.375,473.36248779296875,434.5888977050781,10501768
2018-03-27,473.45001220703125,474.75,469.0,473.1499938964844,434.3938293457031,6136836
2018-03-28,470.73748779296875,474.92498779296875,469.01251220703125,471.5249938964844,432.9018859863281,8837508
2018-04-02,472.625,483.9375,472.625,482.79998779296875,443.25341796875,4596368
2018-04-03,480.98748779296875,481.42498779296875,477.75,478.9750061035156,439.7416687011719,4079884
2018-04-04,478.23748779296875,481.23748779296875,469.61248779296875,470.8125,432.2477722167969,3714108
2018-04-05,475.32501220703125,478.5,472.54998779296875,477.2250061035156,438.135009765625,4858892
2018-04-06,478.04998779296875,481.61248779296875,476.45001220703125,480.8500061035156,441.463134765625,3720008
2018-04-09,479.70001220703125,485.5,479.1000061035156,484.76251220703125,445.05517578125,4003536
2018-04-10,485.75,485.75,478.375,480.2124938964844,440.8778076171875,6067236
2018-04-11,478.9750061035156,480.0,476.3500061035156,479.7124938964844,440.4187927246094,2870812
2018-04-12,479.0,483.2250061035156,476.4750061035156,482.20001220703125,442.7025451660156,4712516
2018-04-13,482.0,485.0,479.7749938964844,481.25,441.8303527832031,3297172
2018-04-16,480.0,487.5,479.9624938964844,485.5249938964844,445.75518798828125,2847744
2018-04-17,485.875,487.75,483.5249938964844,487.125,447.2240905761719,2667832
2018-04-18,487.75,488.375,482.51251220703125,483.1499938964844,443.57464599609375,2712720
2018-04-19,485.0,486.20001220703125,483.25,484.75,445.0436706542969,3169032
2018-04-20,485.25,490.25,483.0375061035156,488.9750061035156,448.9225769042969,9361380
2018-04-23,494.75,494.75,465.07501220703125,483.9375,444.2976989746094,15304620
2018-04-24,483.75,487.01251220703125,481.5,483.75,444.12554931640625,5037416
2018-04-25,481.9750061035156,484.5,478.0,480.1875,440.8548583984375,4020592
2018-04-26,479.20001220703125,484.79998779296875,477.8125,482.5625,443.0353698730469,7847480
2018-04-27,483.25,483.875,478.125,480.8500061035156,441.463134765625,5777008
2018-04-30,482.5,488.70001220703125,482.20001220703125,486.07501220703125,446.2601623535156,4609552
2018-05-02,487.5,494.5,486.5,492.375,452.0440979003906,7100048
2018-05-03,492.01251220703125,493.7250061035156,486.5,491.9750061035156,451.6768493652344,4152772
2018-05-04,492.5,497.5,491.57501220703125,497.125,456.4049987792969,6881436
2018-05-07,495.4125061035156,496.82501220703125,493.75,494.3500061035156,453.8572998046875,5264128
2018-05-08,494.8125,494.9750061035156,488.6499938964844,491.76251220703125,451.4818115234375,7100564
2018-05-09,489.0375061035156,495.125,489.0375061035156,494.6000061035156,454.0868835449219,4327332
2018-05-10,497.1499938964844,499.75,495.5,498.17498779296875,457.3689880371094,7171672
2018-05-11,498.17498779296875,504.25,496.5,502.9375,461.74139404296875,6057068
2018-05-14,504.29998779296875,506.8500061035156,503.1000061035156,505.4375,464.0366516113281,4742916
2018-05-15,506.76251220703125,516.25,506.67498779296875,509.45001220703125,467.7204895019531,9826684
2018-05-16,507.63751220703125,512.25,504.2875061035156,505.8374938964844,464.40386962890625,6841604
2018-05-17,505.9624938964844,511.11248779296875,503.125,506.9375,465.41375732421875,6615476
2018-05-18,506.17498779296875,506.17498779296875,500.875,503.0375061035156,461.8332214355469,5217460
2018-05-21,504.0249938964844,505.25,496.51251220703125,498.26251220703125,457.4493103027344,4848108
2018-05-22,499.67498779296875,503.48748779296875,496.375,497.4750061035156,456.72637939453125,3960372
2018-05-23,496.95001220703125,498.5,490.8500061035156,491.875,451.5850524902344,5726292
2018-05-24,491.7749938964844,497.5625,489.0874938964844,496.5,455.83123779296875,4520744
2018-05-25,497.5,504.0,497.4750061035156,502.17498779296875,461.04132080078125,4759588
2018-05-28,501.95001220703125,513.0,501.5,510.54998779296875,468.7303161621094,5103940
2018-05-29,509.5,513.1749877929688,507.20001220703125,508.1499938964844,466.5269775390625,3351244
2018-05-30,504.92498779296875,513.25,504.07501220703125,512.0875244140625,470.1419372558594,4866996
2018-05-31,525.0,540.0,520.0,534.8624877929688,494.18780517578125,39639192
2018-06-01,529.0,534.5,525.25,527.6500244140625,487.5237731933594,21151356
2018-06-04,537.5,539.25,509.48748779296875,511.54998779296875,472.6481018066406,88796324
2018-06-05,512.5,516.7374877929688,505.75,515.9000244140625,476.6673889160156,17105460
2018-06-06,515.0499877929688,516.2000122070312,511.25,514.3375244140625,475.22369384765625,9782000
2018-06-07,518.2999877929688,519.9500122070312,513.2999877929688,515.5499877929688,476.3439025878906,10563896
2018-06-08,514.75,515.3125,508.75,512.3375244140625,473.37579345703125,6180888
2018-06-11,512.9749755859375,515.7374877929688,509.70001220703125,510.57501220703125,471.747314453125,7091188
2018-06-12,512.9749755859375,513.1749877929688,509.6000061035156,510.9624938964844,472.1053161621094,5234256
2018-06-13,513.0,513.7000122070312,506.0249938964844,507.86248779296875,469.2410583496094,7897960
2018-06-14,507.5,511.25,506.25,509.3500061035156,470.615478515625,16927576
2018-06-15,506.5,509.7250061035156,505.57501220703125,507.3999938964844,468.8136901855469,10880816
2018-06-18,507.5249938964844,509.70001220703125,502.2749938964844,504.7875061035156,466.39990234375,7487404
2018-06-19,506.23748779296875,510.17498779296875,504.82501220703125,505.875,467.4047546386719,10981152
2018-06-20,506.5,514.5,506.25,514.0374755859375,474.9464416503906,9051712
2018-06-21,515.0,517.7000122070312,511.76251220703125,514.4000244140625,475.2814025878906,13510704
2018-06-22,514.2374877929688,522.2000122070312,512.4625244140625,520.8375244140625,481.22943115234375,7848980
2018-06-25,520.7625122070312,524.4500122070312,518.2625122070312,523.7374877929688,483.9088134765625,6992336
2018-06-26,521.5125122070312,525.75,519.9625244140625,523.4249877929688,483.6200866699219,9161932
2018-06-27,523.25,529.875,522.5,528.1500244140625,487.9858093261719,19126804
2018-06-28,528.75,535.0,527.7999877929688,532.7125244140625,492.2012634277344,37533540
2018-06-29,530.4249877929688,535.0,526.2750244140625,527.1124877929688,487.0271301269531,19458120
2018-07-02,527.0875244140625,527.0999755859375,515.8125,518.3125,478.89642333984375,9864876
2018-07-03,518.3125,521.25,516.4000244140625,517.5499877929688,478.19189453125,6863100
2018-07-04,519.0625,527.0125122070312,517.25,525.8875122070312,485.89532470703125,6097992
2018-07-05,526.25,532.25,523.1375122070312,530.9375,490.5613098144531,9735968
2018-07-06,528.3250122070312,533.8875122070312,527.8375244140625,528.7874755859375,488.5747985839844,8121344
2018-07-09,530.4625244140625,532.5,526.9375,531.4124755859375,491.00018310546875,6182296
2018-07-10,532.4749755859375,537.4000244140625,531.25,536.5999755859375,495.793212890625,10950736
2018-07-11,536.2625122070312,538.9249877929688,533.7000122070312,537.0625,496.2205505371094,5857920
2018-07-12,538.2249755859375,544.9625244140625,538.0,541.4874877929688,500.3089904785156,8020668
2018-07-13,542.0999755859375,547.7000122070312,540.7750244140625,545.2249755859375,503.76226806640625,7161188
2018-07-16,544.8499755859375,547.5125122070312,540.9375,542.2125244140625,500.9789123535156,9017336
2018-07-17,540.8125,545.25,540.8125,544.1875,502.80364990234375,6361924
2018-07-18,546.75,555.0,543.4124755859375,544.0499877929688,502.6766357421875,17460272
2018-07-19,545.75,548.375,542.75,546.5250244140625,504.9633483886719,5304776
2018-07-20,546.5250244140625,550.7125244140625,542.7750244140625,547.2625122070312,505.6447448730469,10006964
2018-07-23,537.5,544.5,534.5125122070312,539.1124877929688,498.1145935058594,16880132
2018-07-24,536.75,542.25,536.75,539.9375,498.8768615722656,5208792
2018-07-25,541.1624755859375,544.2000122070312,540.0,542.5875244140625,501.325439453125,7038616
2018-07-26,541.25,550.8624877929688,541.25,548.1500244140625,506.46484375,21281092
2018-07-27,550.4874877929688,552.9874877929688,546.1749877929688,550.5374755859375,508.6706848144531,10554596
2018-07-30,549.75,549.75,539.8499755859375,542.4749755859375,501.2213439941406,7169120
2018-07-31,540.0,546.4749755859375,537.5125122070312,544.875,503.4388427734375,8860944
2018-08-01,540.7000122070312,543.75,537.9249877929688,539.6749877929688,498.63433837890625,6071560
2018-08-02,538.375,538.4249877929688,530.3375244140625,532.5499877929688,492.05108642578125,8905704
2018-08-03,533.3875122070312,536.7625122070312,528.5,530.4124755859375,490.07623291015625,13604008
2018-08-06,530.25,534.3499755859375,526.5250244140625,528.5750122070312,488.3783874511719,5744632
2018-08-07,531.25,533.625,527.0,532.7249755859375,492.212890625,7428456
2018-08-08,533.9625244140625,537.9500122070312,533.2625122070312,534.0875244140625,493.47174072265625,9945380
2018-08-09,535.5,535.5,523.6624755859375,529.625,489.3486022949219,8944408
2018-08-10,530.875,530.9500122070312,524.5,528.6124877929688,488.4130554199219,5442940
2018-08-13,521.0,525.9874877929688,520.0,522.9124755859375,483.14654541015625,10054252
2018-08-14,524.5,526.25,521.7999877929688,522.2750244140625,482.55755615234375,4935964
2018-08-16,520.75,521.6749877929688,516.5999755859375,518.9249877929688,479.4623107910156,10625160
2018-08-17,520.7249755859375,523.2625122070312,517.9124755859375,519.3375244140625,479.84344482421875,6065328
2018-08-20,518.75,526.9000244140625,518.75,524.0499877929688,484.197509765625,7811136
2018-08-21,524.5,528.0,523.1624755859375,524.0125122070312,484.1629333496094,7776320
2018-08-23,526.25,526.75,519.2125244140625,519.9749755859375,480.4324645996094,12574552
2018-08-24,517.75,523.4000244140625,516.5125122070312,517.4625244140625,478.1110534667969,9714628
2018-08-27,519.25,522.125,517.5625,520.1124877929688,480.5594787597656,12574788
2018-08-28,522.0,524.5625,519.7000122070312,523.7125244140625,483.8857421875,9973532
2018-08-29,523.0374755859375,523.5125122070312,518.1875,519.625,480.1091003417969,9873692
2018-08-30,520.9000244140625,521.9749755859375,515.4625244140625,516.5250244140625,477.24481201171875,21827460
2018-08-31,517.2999877929688,519.6875,514.5625,515.2999877929688,476.1130065917969,15771500
2018-09-03,517.3499755859375,519.7374877929688,515.875,518.7625122070312,479.3121643066406,7661608
2018-09-04,519.2249755859375,519.4874877929688,512.25,512.9500122070312,473.9416809082031,7130536
2018-09-05,513.4500122070312,515.0499877929688,508.88751220703125,511.4624938964844,472.56732177734375,5641508
2018-09-06,512.25,514.75,508.1499938964844,513.0499877929688,474.0340270996094,10402412
2018-09-07,512.75,515.0,510.1875,514.2374877929688,475.1312561035156,5919300
2018-09-10,513.75,513.75,506.2749938964844,510.2875061035156,471.48162841796875,8598592
2018-09-11,511.57501220703125,512.0,498.5375061035156,500.1000061035156,462.0688781738281,18186536
2018-09-12,500.4750061035156,505.3374938964844,497.38751220703125,502.9624938964844,464.7136535644531,12246008
2018-09-14,504.9624938964844,509.3500061035156,504.73748779296875,507.3999938964844,468.8136901855469,10334672
2018-09-17,505.32501220703125,505.73748779296875,497.0,498.04998779296875,460.1747741699219,9338220
2018-09-18,498.7250061035156,502.4624938964844,495.23748779296875,497.29998779296875,459.4818115234375,9325736
2018-09-19,498.7124938964844,499.5,489.125,490.3374938964844,453.04876708984375,16712264
2018-09-21,493.4750061035156,499.9624938964844,477.54998779296875,492.5625,455.1045837402344,22610148
2018-09-24,491.8125,493.04998779296875,478.75,481.42498779296875,444.8140869140625,13390792
2018-09-25,481.42498779296875,490.5,478.75,488.1000061035156,450.9814453125,16682552
2018-09-26,490.73748779296875,494.5,488.82501220703125,492.04998779296875,454.6310119628906,14726724
2018-09-27,492.3500061035156,496.5,488.7875061035156,494.0375061035156,456.4674377441406,18352208
2018-09-28,495.1625061035156,503.86248779296875,494.2875061035156,501.51251220703125,463.37396240234375,14460716
2018-10-01,502.45001220703125,510.5,499.45001220703125,508.86248779296875,470.16497802734375,12449588
2018-10-03,507.61248779296875,513.0499877929688,501.75,507.7875061035156,469.1717834472656,15332148
2018-10-04,502.0,504.45001220703125,485.75,489.4375,452.2172546386719,17970584
2018-10-05,488.48748779296875,497.5,485.0375061035156,491.32501220703125,453.9612121582031,15729180
2018-10-08,491.25,492.25,482.5,486.25,449.2721252441406,20128020
2018-10-09,486.1000061035156,491.25,482.5,485.1499938964844,448.2557678222656,12459364
2018-10-10,486.25,495.5625,483.875,491.7875061035156,454.38848876953125,15939932
2018-10-11,481.25,487.07501220703125,479.3999938964844,484.38751220703125,447.5513000488281,14359904
2018-10-12,486.25,499.2749938964844,485.5,495.4624938964844,457.7840576171875,9600320
2018-10-15,497.5,502.70001220703125,492.57501220703125,502.01251220703125,463.8359680175781,12585968
2018-10-16,500.75,504.54998779296875,496.875,498.1875,460.30181884765625,9406004
2018-10-17,501.5249938964844,503.25,490.875,493.6499938964844,456.109375,7940796
2018-10-19,489.7250061035156,495.2124938964844,489.5,491.9375,454.5271301269531,9867348
2018-10-22,503.5,505.0,497.1499938964844,499.7250061035156,461.7223815917969,20331160
2018-10-23,493.25,499.7250061035156,493.25,496.2124938964844,458.47698974609375,19428564
2018-10-24,501.0,502.20001220703125,493.1499938964844,498.0625,460.18634033203125,18072336
2018-10-25,493.3999938964844,500.8999938964844,490.61248779296875,492.20001220703125,454.7696838378906,29847056
2018-10-26,492.20001220703125,494.29998779296875,487.25,490.29998779296875,453.01409912109375,15155712
2018-10-29,491.0249938964844,491.23748779296875,473.79998779296875,481.57501220703125,444.95269775390625,17044280
2018-10-30,481.25,483.0,474.82501220703125,478.1875,441.82275390625,13828704
2018-10-31,475.51251220703125,479.4750061035156,471.25,477.9375,441.59173583984375,23449404
2018-11-01,482.5,482.5,474.0,478.04998779296875,441.6956787109375,19629052
2018-11-02,481.5,490.0,478.0,487.36248779296875,450.3000183105469,30092868
2018-11-05,487.4750061035156,489.9125061035156,484.5,489.0,451.81298828125,5705296
2018-11-06,488.75,494.0,485.73748779296875,486.63751220703125,449.63018798828125,8485588
2018-11-07,490.25,491.23748779296875,487.5,489.48748779296875,452.263427734375,958760
2018-11-09,489.54998779296875,489.9750061035156,484.07501220703125,486.3500061035156,449.364501953125,10101620
2018-11-12,487.875,490.5,479.2875061035156,480.26251220703125,443.7399597167969,7907764
2018-11-13,479.75,484.42498779296875,477.04998779296875,481.9375,445.2876281738281,13350420
2018-11-14,484.63751220703125,490.0,484.1499938964844,489.4375,452.2172546386719,26110636
2018-11-15,490.4750061035156,494.32501220703125,482.79998779296875,493.7875061035156,456.2364807128906,10392524
2018-11-16,495.25,503.25,495.0,501.07501220703125,462.9697570800781,15813216
2018-11-19,502.75,505.25,500.4750061035156,503.4750061035156,465.187255859375,12286428
2018-11-20,503.25,504.8999938964844,499.76251220703125,503.11248779296875,464.85223388671875,5705168
2018-11-21,503.1875,505.98748779296875,501.0,504.6875,466.3075256347656,6545604
2018-11-22,503.3125,508.75,500.0375061035156,501.375,463.2469482421875,12974552
2018-11-26,503.4750061035156,513.0,503.01251220703125,512.4500122070312,473.47967529296875,18184436
2018-11-27,510.26251220703125,516.9749755859375,510.1875,516.0,476.7597351074219,12895440
2018-11-28,516.25,524.6500244140625,515.0250244140625,522.3125,482.5921630859375,13021108
2018-11-29,525.25,534.3499755859375,523.5,532.7625122070312,492.24749755859375,31908636
2018-11-30,532.5,534.3875122070312,527.5,532.1124877929688,491.6469421386719,13040924
2018-12-03,532.75,535.5,526.7249755859375,528.3250122070312,488.1474609375,10799856
2018-12-04,526.3499755859375,527.75,519.6500244140625,521.3875122070312,481.7375183105469,8157420
2018-12-05,519.5,526.3250122070312,518.9874877929688,524.7999877929688,484.89044189453125,11798844
2018-12-06,522.4249877929688,525.4124755859375,521.25,524.2625122070312,484.3939514160156,11730252
2018-12-07,526.6749877929688,529.5,520.0750122070312,526.9000244140625,486.83087158203125,9903920
2018-12-10,516.4749755859375,526.2000122070312,516.4749755859375,522.1875,482.47674560546875,10915056
2018-12-11,514.0,517.8250122070312,508.0,514.8875122070312,475.7318420410156,18905780
2018-12-12,516.7374877929688,522.4500122070312,515.0250244140625,521.3250122070312,481.6798095703125,11370488
2018-12-13,523.75,531.25,522.8250122070312,525.3250122070312,485.3756103515625,7064236
2018-12-14,526.2249755859375,529.5,522.0125122070312,523.9249877929688,484.08209228515625,6158284
2018-12-17,526.0,533.1500244140625,524.75,532.5499877929688,492.05108642578125,8437324
2018-12-18,531.0,534.75,525.6500244140625,533.8624877929688,493.26385498046875,7413968
2018-12-19,533.2750244140625,539.8499755859375,528.3875122070312,530.8624877929688,490.4919128417969,9009896
2018-12-20,528.1375122070312,535.1124877929688,525.6624755859375,534.3624877929688,493.7257995605469,7980476
2018-12-21,533.5,537.2750244140625,527.2625122070312,527.7874755859375,487.65087890625,10220308
2018-12-24,526.0,526.0,519.3375244140625,520.1624755859375,480.6056213378906,5601488
2018-12-26,519.25,531.75,517.25,530.5875244140625,490.2378845214844,7601916
2018-12-27,533.25,534.5499877929688,524.6124877929688,526.2625122070312,486.24176025390625,11639868
2018-12-28,529.3375244140625,534.4375,528.875,530.7249755859375,490.3649597167969,9415612
2018-12-31,534.25,534.25,529.1749877929688,530.4249877929688,490.08770751953125,5866528
2019-01-01,531.9124755859375,537.75,526.4000244140625,537.0250244140625,496.1858215332031,6373440
2019-01-02,535.7000122070312,536.875,529.9249877929688,532.125,491.6584777832031,8134232
2019-01-03,531.0499877929688,532.0625,525.75,527.9500122070312,487.8010559082031,12771664
2019-01-04,528.8125,532.125,527.5875244140625,529.3624877929688,489.1060485839844,7287120
2019-01-07,531.9249877929688,533.8375244140625,529.5,530.1624755859375,489.8452453613281,5387012
2019-01-08,530.5,530.875,524.1624755859375,525.75,485.76824951171875,8343460
2019-01-09,529.5,530.3375244140625,525.6500244140625,529.2000122070312,488.9559326171875,8568628
2019-01-10,529.25,530.9500122070312,523.1624755859375,527.125,487.0387268066406,7691540
2019-01-11,528.4500122070312,531.0,527.0,527.9749755859375,487.8240661621094,6408040
2019-01-14,527.4749755859375,527.4749755859375,524.6124877929688,525.4124755859375,485.4563903808594,4855160
2019-01-15,526.2625122070312,531.625,525.5,530.4749755859375,490.13397216796875,5087556
2019-01-16,530.0125122070312,531.25,527.0625,530.0499877929688,489.7413635253906,5252452
2019-01-17,531.3125,533.9749755859375,528.3375244140625,533.0750122070312,492.5361633300781,8240228
2019-01-18,533.75,534.75,528.6375122070312,532.5625,492.06268310546875,5207976
2019-01-21,534.9874877929688,541.625,531.625,537.0374755859375,496.1973571777344,17561512
2019-01-22,536.5,536.7000122070312,532.2625122070312,533.9625244140625,493.35626220703125,8796976
2019-01-23,533.5,533.9625244140625,525.3624877929688,526.3499755859375,486.3226013183594,7624288
2019-01-24,527.5,530.4124755859375,524.4749755859375,525.5625,485.59503173828125,10111572
2019-01-25,523.25,527.5,522.5,524.0,484.1513977050781,11262236
2019-01-28,522.5,525.5125122070312,519.1875,521.0374755859375,481.4140930175781,15360436
2019-01-29,519.5625,520.75,513.25,514.4000244140625,475.2814025878906,14762788
2019-01-30,514.3125,514.3125,507.0,508.67498779296875,469.9918212890625,18514160
2019-01-31,507.75,522.4375,505.5,519.9874877929688,480.4439697265625,16579404
2019-02-01,519.9874877929688,529.25,519.1500244140625,522.6124877929688,482.8693542480469,15654188
2019-02-04,523.75,528.25,520.6624755859375,526.2249755859375,486.2071228027344,7938288
2019-02-05,527.0,529.75,524.25,528.5125122070312,488.3207702636719,8690288
2019-02-06,529.0625,531.75,528.4000244140625,530.6624755859375,490.30718994140625,10875684
2019-02-07,531.2625122070312,532.5,526.4625244140625,529.3125,489.0598449707031,7217308
2019-02-08,528.0,536.2374877929688,526.6624755859375,530.6624755859375,490.30718994140625,12235644
2019-02-11,528.3250122070312,535.7249755859375,528.3250122070312,534.9124755859375,494.2340087890625,7036364
2019-02-12,534.5,537.0,531.2000122070312,532.4249877929688,491.93572998046875,9772388
2019-02-14,535.0,535.0,526.4000244140625,527.5499877929688,487.4313659667969,7441388
2019-02-15,526.8375244140625,527.0250244140625,519.5499877929688,525.1624755859375,485.22540283203125,8416524
2019-02-18,526.7000122070312,529.5,521.5,522.4749755859375,482.7423095703125,7138744
2019-02-19,522.4249877929688,527.0374755859375,519.5499877929688,521.0125122070312,481.39105224609375,5268636
2019-02-20,522.125,527.75,520.4749755859375,527.0875244140625,487.0041198730469,4892500
2019-02-21,525.4249877929688,529.9874877929688,523.4000244140625,528.9749755859375,488.7479553222656,5261544
2019-02-22,529.8499755859375,532.0250244140625,522.2750244140625,522.8624877929688,483.10040283203125,8890708
2019-02-25,523.7874755859375,532.4874877929688,523.7874755859375,531.3499755859375,490.9423522949219,8140596
2019-02-26,527.8125,531.25,525.2750244140625,527.6624755859375,487.5352783203125,9607428
2019-02-27,529.0250244140625,531.1124877929688,522.0374755859375,523.0625,483.2851867675781,7030092
2019-02-28,523.2750244140625,526.4625244140625,518.2999877929688,519.3875122070312,479.8896484375,11645376
2019-03-01,521.5625,525.2249755859375,519.25,520.8375244140625,481.22943115234375,9352928
2019-03-05,522.2249755859375,527.7750244140625,517.5,526.7750244140625,486.71539306640625,11837276
2019-03-06,527.5,527.5750122070312,522.6375122070312,526.0625,486.0570373535156,8458044
2019-03-07,527.4000244140625,532.5,523.75,531.625,491.19647216796875,10204852
2019-03-08,528.7625122070312,532.5,527.3624877929688,532.0499877929688,491.58917236328125,7053460
2019-03-11,533.0,535.9249877929688,530.5499877929688,532.1124877929688,491.6469421386719,9224108
2019-03-12,536.75,543.75,534.25,542.75,501.4754943847656,15097292
2019-03-13,543.75,558.5,543.0250244140625,556.6375122070312,514.3068237304688,57166348
2019-03-14,561.2125244140625,561.875,552.6500244140625,556.1875,513.89111328125,15379864
2019-03-15,557.75,564.9749755859375,557.0125122070312,563.25,520.4165649414062,12763088
2019-03-18,565.4749755859375,572.9124755859375,561.75,565.3624877929688,522.3682861328125,14358720
2019-03-19,567.375,568.9749755859375,562.75,566.9375,523.8236694335938,11957992
2019-03-20,567.25,575.0,565.2625122070312,574.75,531.0420532226562,11711992
2019-03-22,575.0,576.75,567.7000122070312,569.0374755859375,525.7638549804688,30403880
2019-03-25,565.0,571.9625244140625,563.25,570.3250122070312,526.9534912109375,9199260
2019-03-26,568.9749755859375,578.75,568.1500244140625,577.8375244140625,533.8947143554688,11786848
2019-03-27,579.6375122070312,582.0125122070312,569.7625122070312,574.8624877929688,531.1458740234375,13885300
2019-03-28,574.7000122070312,581.25,571.9625244140625,575.7000122070312,531.9197387695312,19554328
2019-04-01,581.3125,583.0,576.1500244140625,577.9500122070312,533.9985961914062,9647076
2019-04-02,580.0,580.0,571.3624877929688,573.7125244140625,530.0833740234375,10910496
2019-04-03,573.0250244140625,579.0,572.0625,573.1875,529.5983276367188,7659452
2019-04-04,573.1875,578.25,570.0,570.9874877929688,527.5654907226562,9211552
2019-04-05,571.9500122070312,578.4375,570.5,576.4000244140625,532.5665283203125,8351180
2019-04-08,579.75,580.7374877929688,570.0250244140625,572.3499755859375,528.8245239257812,6398132
2019-04-09,574.1500244140625,575.75,566.75,571.8125,528.327880859375,10777600
2019-04-10,562.5,571.0,557.75,559.3375244140625,516.8015747070312,108128700
2019-04-11,561.2249755859375,565.75,559.2374877929688,564.375,521.4559326171875,8793300
2019-04-12,563.0250244140625,568.0499877929688,563.0250244140625,566.3125,523.2461547851562,9170444
2019-04-15,567.5,573.2249755859375,566.0875244140625,572.2000122070312,528.6858520507812,10219780
2019-04-16,572.7374877929688,577.4749755859375,570.0750122070312,576.2625122070312,532.4395141601562,8273776
2019-04-18,578.25,578.7625122070312,572.0,573.4124755859375,529.8062744140625,10614856
2019-04-22,581.25,581.25,565.25,567.1749877929688,524.0430297851562,20980420
2019-04-23,569.3875122070312,572.5,560.4000244140625,561.3250122070312,518.6380004882812,15282400
2019-04-24,562.5,570.9749755859375,561.7625122070312,569.9375,526.5953979492188,12354128
2019-04-25,571.7249755859375,574.7000122070312,564.4874877929688,565.8624877929688,522.830322265625,18086636
2019-04-26,566.4749755859375,571.25,564.2249755859375,570.2374877929688,526.8726196289062,11707568
2019-04-30,571.25,580.0,569.5999755859375,579.3624877929688,535.3037719726562,12536836
2019-05-02,580.875,589.9124755859375,579.375,588.9500122070312,544.1621704101562,17169300
2019-05-03,591.0499877929688,594.5,589.125,591.9874877929688,546.9685668945312,12351520
2019-05-06,587.0,587.9749755859375,579.2625122070312,582.1124877929688,537.8445434570312,13748092
2019-05-07,587.9749755859375,589.5,579.5,580.5875244140625,536.4356689453125,9924204
2019-05-08,580.6375122070312,580.9500122070312,572.0,576.8125,532.9475708007812,12064208
2019-05-09,575.0,575.0,567.9000244140625,572.7249755859375,529.1709594726562,9027724
2019-05-10,572.8375244140625,581.2249755859375,572.8375244140625,574.125,530.4645385742188,10594200
2019-05-13,574.0125122070312,578.3375244140625,570.0,571.7999877929688,528.3162231445312,11071632
2019-05-14,574.1749877929688,577.75,568.8875122070312,571.9749755859375,528.4779663085938,10494744
2019-05-15,574.0,576.7999877929688,570.5499877929688,571.6749877929688,528.2008056640625,8956348
2019-05-16,570.1375122070312,579.75,570.0,577.6624755859375,533.7329711914062,8050136
2019-05-17,578.25,592.3250122070312,577.9000244140625,590.5250244140625,545.6173706054688,14758780
2019-05-20,602.0,609.6749877929688,595.0,608.0875244140625,561.8443603515625,17699632
2019-05-21,609.5,612.3499755859375,599.8624877929688,600.9249877929688,555.2264404296875,10325176
2019-05-22,602.9625244140625,606.5,598.5625,601.4375,555.7000732421875,11386660
2019-05-23,602.25,609.9749755859375,579.7750244140625,583.0250244140625,538.6878051757812,33081996
2019-05-24,589.9249877929688,596.5374755859375,585.0374755859375,593.3375244140625,548.2159423828125,13692800
2019-05-27,594.7249755859375,605.4749755859375,593.0625,602.0875244140625,556.3006591796875,12049024
2019-05-28,604.125,605.0,596.7625122070312,604.0499877929688,558.11376953125,7364840
2019-05-29,602.5499877929688,607.7000122070312,602.5499877929688,604.2249755859375,558.2755737304688,7475216
2019-05-30,604.0,611.9749755859375,603.2625122070312,609.8875122070312,563.5073852539062,9359200
2019-05-31,614.2000122070312,616.25,589.2000122070312,606.3375244140625,560.2273559570312,19785080
2019-06-03,606.75,614.9500122070312,606.2374877929688,614.2750244140625,567.5612182617188,8480860
2019-06-04,613.75,616.4375,610.2625122070312,613.0750122070312,566.4524536132812,6442988
2019-06-06,613.2999877929688,617.5,603.3375244140625,605.8375244140625,559.765380859375,15634924
2019-06-07,606.4124755859375,613.5625,602.25,611.9124755859375,565.3783569335938,7970932
2019-06-10,617.4874877929688,617.4874877929688,608.0250244140625,610.0499877929688,563.657470703125,7077140
2019-06-11,612.875,614.9749755859375,610.0875244140625,612.0999755859375,565.5516357421875,7103292
2019-06-12,611.25,612.0999755859375,605.9124755859375,606.7625122070312,560.6199951171875,7308620
2019-06-13,608.9874877929688,613.0,603.9874877929688,611.1749877929688,564.697021484375,11107948
2019-06-14,610.7374877929688,614.7374877929688,606.25,608.7750244140625,562.4794921875,11956920
2019-06-17,608.75,609.9749755859375,604.3250122070312,605.5,559.4534912109375,12810020
2019-06-18,604.5,608.0,601.0,604.3125,558.3563232421875,12419652
2019-06-19,606.75,611.2249755859375,604.1749877929688,607.0875244140625,560.92041015625,10744276
2019-06-20,607.0875244140625,609.25,603.6500244140625,606.5875244140625,563.9418334960938,11171492
2019-06-21,606.5,607.4249877929688,601.4124755859375,603.5499877929688,561.117919921875,13250260
2019-06-24,602.9874877929688,607.6500244140625,602.5,604.4874877929688,561.9894409179688,6915000
2019-06-25,604.9625244140625,610.375,600.75,607.1749877929688,564.4879150390625,8899800
2019-06-26,606.1749877929688,617.5,605.5,616.9749755859375,573.5989990234375,10533636
2019-06-27,617.1875,623.625,614.0374755859375,615.5750122070312,572.2974243164062,19879236
2019-06-28,616.0,618.75,609.2625122070312,610.9375,567.9860229492188,12756844
2019-07-01,614.0,622.25,612.5125122070312,621.3875122070312,577.7012939453125,8524160
2019-07-02,622.0,624.375,616.7999877929688,623.75,579.8976440429688,7246828
2019-07-03,624.75,625.8250122070312,620.75,622.4124755859375,578.6542358398438,7463256
2019-07-04,623.7000122070312,624.4749755859375,618.0,620.9500122070312,577.2944946289062,7993964
2019-07-05,621.2750244140625,623.7374877929688,615.0,618.0999755859375,574.6448974609375,7583060
2019-07-08,618.6375122070312,618.6500244140625,599.2625122070312,602.4000244140625,560.0487060546875,14607140
2019-07-09,600.9625244140625,602.7000122070312,593.25,594.7874755859375,552.9713134765625,16482688
2019-07-10,594.6875,599.5,591.5625,597.1875,555.20263671875,11569148
2019-07-11,600.75,603.5,598.9124755859375,601.7874755859375,559.4791870117188,9097596
2019-07-12,604.5,604.5,596.2625122070312,598.4749755859375,556.399658203125,8976272
2019-07-15,599.0,600.75,594.3375244140625,598.6875,556.59716796875,8233184
2019-07-16,604.5,604.5,595.5,597.7999877929688,555.7721557617188,12770568
2019-07-17,598.2374877929688,602.9000244140625,597.8250122070312,599.3624877929688,557.2247314453125,7759736
2019-07-18,600.75,607.25,600.4749755859375,602.9749755859375,560.5833129882812,10802584
2019-07-19,603.75,605.1749877929688,591.75,593.9124755859375,552.157958984375,8939228
2019-07-22,586.25,587.4625244140625,570.3125,574.3125,533.9358520507812,22171296
2019-07-23,573.625,573.625,560.5125122070312,565.875,526.091552734375,27802864
2019-07-24,564.1875,573.25,562.75,570.2249755859375,530.1356811523438,17363740
2019-07-25,571.25,578.8624877929688,570.0625,571.5125122070312,531.332763671875,19462008
2019-07-26,569.5499877929688,573.4124755859375,568.2125244140625,569.3250122070312,529.299072265625,12829828
2019-07-29,568.3875122070312,568.3875122070312,555.7625122070312,561.0750122070312,521.6290893554688,9976492
2019-07-30,563.75,567.7999877929688,559.9749755859375,563.0625,523.476806640625,10394136
2019-07-31,560.0,566.75,558.5625,562.9124755859375,523.3372802734375,13891840
2019-08-01,557.2750244140625,560.0,549.25,555.4500122070312,517.5487060546875,18241676
2019-08-02,552.75,556.0,545.5,553.5875244140625,515.8133544921875,27825536
2019-08-05,549.2625122070312,550.0,540.625,544.8125,507.63714599609375,19822440
2019-08-06,541.75,552.5625,541.75,547.2750244140625,509.9315490722656,24890940
2019-08-07,547.5,550.5,541.25,546.0,508.7435607910156,18750136
2019-08-08,549.5,560.75,545.75,558.2874755859375,520.1925659179688,19711600
2019-08-09,561.75,572.25,559.9500122070312,570.5,531.57177734375,30436112
2019-08-13,568.3250122070312,568.3250122070312,550.6500244140625,555.0875244140625,517.2109985351562,15440068
2019-08-14,558.8499755859375,558.8499755859375,550.7625122070312,557.3624877929688,519.3306884765625,14254052
2019-08-16,553.5,558.25,551.0250244140625,556.9249877929688,518.9230346679688,15247560
2019-08-19,559.625,560.5,550.4249877929688,551.7125244140625,514.0662841796875,8498200
2019-08-20,552.3125,556.9500122070312,551.7125244140625,555.1500244140625,517.269287109375,10270592
2019-08-21,556.2249755859375,560.2999877929688,553.5499877929688,556.4625244140625,518.4920654296875,10472712
2019-08-22,555.2125244140625,555.2125244140625,541.7625122070312,543.5250244140625,506.4374694824219,13992044
2019-08-23,540.25,544.25,534.9000244140625,540.6749877929688,503.78192138671875,20099616
2019-08-26,548.7249755859375,566.5374755859375,541.75,564.0374755859375,525.55029296875,25280244
2019-08-27,564.0,568.2249755859375,560.0250244140625,564.9874877929688,526.4354248046875,20660832
2019-08-28,562.5,564.3375244140625,556.5875244140625,561.875,523.5353393554688,13662588
2019-08-29,561.5,563.4249877929688,555.0750122070312,556.7374877929688,518.7484741210938,14783716
2019-08-30,558.375,565.0,555.5,556.9874877929688,518.9813232421875,19233320
2019-09-03,555.0,555.25,549.0374755859375,552.7374877929688,515.0213012695312,11428676
2019-09-04,551.75,568.5,549.75,561.9375,523.593505859375,15060704
2019-09-05,562.25,568.0999755859375,556.25,558.7874755859375,520.6585083007812,17296252
2019-09-06,557.0,564.1500244140625,555.3250122070312,561.4749755859375,523.16259765625,12870004
2019-09-09,561.5,565.2249755859375,554.0250244140625,562.4000244140625,524.0245361328125,10643404
2019-09-11,568.5,568.5,560.2874755859375,562.8250122070312,524.4204711914062,15209116
2019-09-12,562.6749877929688,572.2000122070312,562.0374755859375,567.7125244140625,528.9744873046875,18132300
2019-09-13,562.75,566.8624877929688,559.5,564.3624877929688,525.85302734375,15371340
2019-09-16,562.9749755859375,565.6624755859375,560.25,561.0374755859375,522.7549438476562,11030184
2019-09-17,561.9749755859375,562.125,549.5250244140625,552.8375244140625,515.114501953125,10656556
2019-09-18,554.3250122070312,556.0374755859375,545.0,546.9375,509.6170654296875,12959884
2019-09-19,549.9500122070312,553.5250244140625,542.0,550.5250244140625,512.9598999023438,10623310
2019-09-20,554.0,604.9500122070312,552.7000122070312,599.7999877929688,558.8724365234375,46150034
2019-09-23,629.7750244140625,641.3499755859375,614.5,628.625,585.7305908203125,41920410
2019-09-24,625.0,630.9749755859375,613.7750244140625,626.9000244140625,584.1233520507812,23379048
2019-09-25,624.9500122070312,624.9500122070312,615.0499877929688,619.8499755859375,577.5543823242188,15608976
2019-09-26,619.9000244140625,637.5,618.1749877929688,621.25,578.8588256835938,30671560
2019-09-27,624.125,626.75,618.7999877929688,622.0999755859375,579.6508178710938,14873170
2019-09-30,614.4000244140625,620.0,608.25,613.7249755859375,571.8472290039062,18218458
2019-10-01,615.75,627.5,610.5499877929688,624.4000244140625,581.7940063476562,18768352
2019-10-03,619.9749755859375,621.9000244140625,608.1749877929688,611.7750244140625,570.0303344726562,16298876
2019-10-04,618.3250122070312,619.7999877929688,592.6500244140625,594.8499755859375,554.26025390625,18403632
2019-10-07,600.5999755859375,609.9249877929688,590.5750122070312,593.4500122070312,552.955810546875,22513220
2019-10-09,598.5499877929688,614.9500122070312,595.0,614.0750122070312,572.1734619140625,17427270
2019-10-10,610.9000244140625,612.9749755859375,598.5999755859375,600.2750244140625,559.3151245117188,11556858
2019-10-11,606.7000122070312,612.0,594.4749755859375,599.4000244140625,558.4998779296875,17186318
2019-10-14,604.5,609.9500122070312,598.7000122070312,602.2000122070312,561.1087646484375,12267802
2019-10-15,603.5,612.5,603.4249877929688,611.5250244140625,569.7975463867188,8400374
2019-10-16,615.8250122070312,617.5,605.0499877929688,610.5499877929688,568.888916015625,10586816
2019-10-17,613.75,614.9249877929688,606.5499877929688,610.0,568.3765258789062,12243614
2019-10-18,612.7249755859375,616.9249877929688,610.1749877929688,614.5,572.5694580078125,11233806
2019-10-22,628.5,628.5,616.2999877929688,619.6500244140625,577.3680419921875,20006228
2019-10-23,623.4249877929688,624.875,616.5,620.7999877929688,578.4395751953125,10190214
2019-10-24,624.0,627.0750122070312,613.1749877929688,618.0499877929688,575.877197265625,13107494
2019-10-25,620.0,623.4249877929688,610.0,614.5,572.5694580078125,12993542
2019-10-27,619.9749755859375,620.9500122070312,617.5,618.8499755859375,576.6226806640625,1750082
2019-10-29,619.0,628.6749877929688,618.8499755859375,621.25,578.8588256835938,14232568
2019-10-30,623.4500122070312,631.3499755859375,621.5,624.1749877929688,581.5842895507812,12011366
2019-10-31,628.8499755859375,631.9500122070312,613.5499877929688,615.1749877929688,573.1983642578125,13217706
2019-11-01,619.5,621.875,613.7999877929688,620.0250244140625,577.717529296875,11512260
2019-11-04,623.2249755859375,625.0,614.5250244140625,618.4249877929688,576.2265625,9935176
2019-11-05,620.5,622.4000244140625,614.5250244140625,619.75,577.461181640625,12367810
2019-11-06,621.2249755859375,629.5,614.0250244140625,628.3250122070312,585.4511108398438,12130336
2019-11-07,630.5,634.8499755859375,625.0,631.8499755859375,588.735595703125,16963034
2019-11-08,629.5,633.5,625.7249755859375,627.7999877929688,584.9618530273438,13251496
2019-11-11,626.2750244140625,634.25,625.25,632.375,589.2246704101562,14286610
2019-11-13,630.9749755859375,635.0,626.7999877929688,628.7750244140625,585.8704223632812,9293496
2019-11-14,631.9000244140625,638.5,628.5999755859375,636.9500122070312,593.4876098632812,11055218
2019-11-15,641.9249877929688,642.5,635.5499877929688,638.9500122070312,595.3511352539062,9279012
2019-11-18,638.5,639.7249755859375,629.3499755859375,631.0250244140625,587.9669799804688,9130292
2019-11-19,632.6500244140625,637.5,630.5499877929688,635.9500122070312,592.5557250976562,10570578
2019-11-20,636.5,641.4749755859375,633.5,636.6749877929688,593.2313232421875,11054258
2019-11-21,635.125,643.5,634.1749877929688,641.6749877929688,597.8902587890625,12019526
2019-11-22,641.8250122070312,641.8250122070312,631.0,632.375,589.2246704101562,7688010
2019-11-25,632.0750122070312,639.75,632.0750122070312,635.5499877929688,592.18310546875,7893556
2019-11-26,639.2249755859375,639.875,633.4749755859375,637.5250244140625,594.0233154296875,8716002
2019-11-27,638.0,642.875,635.5999755859375,639.2000122070312,595.5840454101562,9580666
2019-11-28,640.0999755859375,641.5250244140625,631.0,632.6500244140625,589.4810180664062,12366040
2019-11-29,633.8499755859375,639.9500122070312,626.0,637.4749755859375,593.9767456054688,15567626
2019-12-02,636.9749755859375,636.9749755859375,629.2999877929688,632.875,589.6906127929688,8946204
2019-12-03,634.0999755859375,634.5,626.9000244140625,627.7000122070312,584.8687133789062,6991906
2019-12-04,626.25,628.4500122070312,617.0999755859375,625.8250122070312,583.1217651367188,11395614
2019-12-05,627.7999877929688,629.375,620.375,622.7999877929688,580.3030395507812,12772494
2019-12-06,624.4749755859375,630.0,619.0999755859375,623.0250244140625,580.5126953125,13774650
2019-12-09,624.75,624.9249877929688,618.7750244140625,621.4749755859375,579.0685424804688,8265350
2019-12-10,625.5,626.8250122070312,622.5499877929688,624.75,582.1200561523438,9788900
2019-12-11,625.0499877929688,627.0,621.25,624.375,581.7705688476562,11054642
2019-12-12,626.5,634.7249755859375,626.5,631.7999877929688,588.68896484375,12913148
2019-12-13,632.5,636.1749877929688,629.625,631.9249877929688,588.8054809570312,11775186
2019-12-16,634.625,635.0,624.0999755859375,628.6749877929688,585.7771606445312,11327576
2019-12-17,630.0,637.4000244140625,627.6749877929688,635.5499877929688,592.18310546875,12427354
2019-12-18,641.5,649.5,636.8250122070312,646.1749877929688,602.0830688476562,17447172
2019-12-19,652.5,652.75,643.0499877929688,644.4000244140625,600.42919921875,13018376
2019-12-20,644.375,649.7999877929688,640.0250244140625,648.3499755859375,604.1096801757812,15026044
2019-12-23,649.5,652.0,644.4000244140625,651.2000122070312,606.7651977539062,10195782
2019-12-24,649.2999877929688,650.5499877929688,643.4749755859375,644.5750122070312,600.59228515625,7179208
2019-12-26,644.8499755859375,645.9249877929688,632.3250122070312,635.2249755859375,591.8802490234375,14949758
2019-12-27,636.0,639.5,635.0,637.5,594.0001220703125,7092992
2019-12-30,641.0,644.375,637.0250244140625,641.0750122070312,597.3311767578125,9334190
2019-12-31,640.9749755859375,640.9749755859375,634.3250122070312,636.0499877929688,592.6489868164062,8357056
2020-01-01,638.0499877929688,640.0,635.2999877929688,639.2999877929688,595.67724609375,3673698
2020-01-02,639.5,644.0,639.5,643.375,599.47412109375,6137166
2020-01-03,641.0999755859375,642.5,631.7999877929688,634.2000122070312,590.9252319335938,10855550
2020-01-06,630.0,630.9000244140625,618.0,620.4749755859375,578.13671875,10890186
2020-01-07,629.4500122070312,635.7249755859375,626.125,630.2999877929688,587.2913818359375,14724494
2020-01-08,623.4749755859375,631.0750122070312,620.0250244140625,628.6500244140625,585.75390625,11332110
2020-01-09,632.5,637.9000244140625,631.5499877929688,635.7000122070312,592.3228759765625,9546316
2020-01-10,642.0499877929688,643.4500122070312,637.5499877929688,641.3499755859375,597.5872802734375,9214580
2020-01-13,641.3499755859375,648.25,638.0,643.0,599.1246948242188,7451568
2020-01-14,644.5,646.2750244140625,638.75,644.75,600.75537109375,7886290
2020-01-15,643.2000122070312,643.9749755859375,637.0499877929688,642.125,598.3095092773438,11787448
2020-01-16,641.0250244140625,645.5,639.6749877929688,643.8250122070312,599.8934326171875,7150400
2020-01-17,640.875,642.4500122070312,635.9500122070312,639.0750122070312,595.4675903320312,16918814
2020-01-20,652.4249877929688,652.4249877929688,626.25,627.4500122070312,584.6359252929688,22178450
2020-01-21,625.0,625.0,619.2000122070312,622.1749877929688,579.7207641601562,14984804
2020-01-22,624.0250244140625,627.5,617.2000122070312,620.4249877929688,578.090087890625,18368310
2020-01-23,620.0,623.4249877929688,615.5,622.4249877929688,579.9537353515625,11508920
2020-01-24,623.0,627.0,619.5499877929688,622.2750244140625,579.8139038085938,11831756
2020-01-27,617.5,617.5,605.875,606.5999755859375,565.20849609375,18888552
2020-01-28,609.4000244140625,613.9000244140625,606.625,611.5999755859375,569.8673095703125,13412158
2020-01-29,612.6500244140625,621.0,611.125,617.9249877929688,575.7606811523438,13788350
2020-01-30,619.4749755859375,619.4749755859375,608.5999755859375,613.0250244140625,571.1951293945312,12111984
2020-01-31,615.7249755859375,618.9000244140625,610.125,613.1500244140625,571.3116455078125,11178268
2020-02-03,598.5,598.9749755859375,588.8499755859375,596.4000244140625,555.7045288085938,13077010
2020-02-04,599.0,617.0,599.0,614.9000244140625,572.9421997070312,20897704
2020-02-05,617.4500122070312,624.0,613.6500244140625,622.3250122070312,579.8604736328125,18020682
2020-02-06,622.3250122070312,624.3499755859375,618.5999755859375,619.9000244140625,577.6009521484375,11827550
2020-02-07,623.0,623.5,615.7999877929688,621.0999755859375,578.7190551757812,6815448
2020-02-10,621.4749755859375,621.4749755859375,613.0250244140625,620.1500244140625,577.8339233398438,9219834
2020-02-11,621.6500244140625,627.5,619.0250244140625,620.2999877929688,577.9736328125,11613520
2020-02-12,622.5999755859375,626.4500122070312,622.0250244140625,624.5,581.8870239257812,6297930
2020-02-13,629.9500122070312,629.9500122070312,616.7999877929688,620.7000122070312,578.3463745117188,9112140
2020-02-14,621.5999755859375,624.2000122070312,607.5,609.6749877929688,568.0736083984375,14688858
2020-02-17,612.5,616.5,607.2249755859375,608.5750122070312,567.0487670898438,10152690
2020-02-18,608.4500122070312,609.25,601.75,606.625,565.2317504882812,10529116
2020-02-19,611.25,615.0,606.9500122070312,613.5999755859375,571.7308349609375,10012268
2020-02-20,615.0,615.0,607.0499877929688,608.5499877929688,567.025390625,11123414
2020-02-24,604.4749755859375,607.375,600.0,604.9749755859375,563.6943359375,16568084
2020-02-25,602.0,604.5,599.0,600.1500244140625,559.1986694335938,13886680
2020-02-26,598.75,602.3499755859375,592.8250122070312,599.625,558.7094116210938,13814786
2020-02-27,597.5,601.25,590.5,599.7249755859375,558.8025512695312,20655098
2020-02-28,587.75,592.5,585.0499877929688,588.8250122070312,548.6464233398438,24313056
2020-03-02,600.0999755859375,600.5750122070312,583.0750122070312,589.7999877929688,549.5548706054688,14664898
2020-03-03,587.5,592.6749877929688,584.0,590.9000244140625,550.5797729492188,22369550
2020-03-04,589.1749877929688,590.0,566.5499877929688,574.4249877929688,535.22900390625,34288870
2020-03-05,576.5,582.5,571.375,575.6749877929688,536.3936767578125,19549708
2020-03-06,562.5,570.4500122070312,550.5,567.4500122070312,528.7299194335938,23053566
2020-03-09,555.0,559.2000122070312,532.5,553.6500244140625,515.8716430664062,34420590
2020-03-11,552.5,560.0,546.0,556.9000244140625,518.8998413085938,35538240
2020-03-12,537.5,540.0,501.7250061035156,510.6499938964844,475.8056640625,59000770
2020-03-13,490.0249938964844,540.7249755859375,459.6000061035156,534.9000244140625,498.4010314941406,66342364
2020-03-16,517.5,518.5,497.5,499.75,465.6494445800781,31986322
2020-03-17,504.0,505.0,477.3500061035156,487.54998779296875,454.2818908691406,42676838
2020-03-18,492.5,496.5,432.5,438.45001220703125,408.53228759765625,61181406
2020-03-19,423.5,459.9750061035156,397.5,447.7749938964844,417.220947265625,67220048
2020-03-20,437.5,457.29998779296875,412.2749938964844,441.42498779296875,411.3042907714844,88637464
2020-03-23,397.29998779296875,419.375,382.5,385.7749938964844,359.4515380859375,50276954
2020-03-24,397.625,405.0,369.375,383.8500061035156,357.6579284667969,61057272
2020-03-25,385.2250061035156,433.7250061035156,377.625,428.375,399.14471435546875,47228042
2020-03-26,435.04998779296875,468.8500061035156,420.5,450.54998779296875,419.806640625,57043156
2020-03-27,472.4750061035156,494.32501220703125,436.04998779296875,452.2250061035156,421.3673095703125,55235936
2020-03-30,440.0,443.5,414.0,415.82501220703125,387.4510803222656,39268444
2020-03-31,426.8999938964844,436.79998779296875,419.0,430.95001220703125,401.5440368652344,35211092
2020-04-01,431.92498779296875,431.92498779296875,410.0,414.82501220703125,386.5193176269531,29103504
2020-04-03,421.5,422.0,405.0,406.92498779296875,379.1583557128906,34996280
2020-04-07,437.0,453.6499938964844,422.67498779296875,448.04998779296875,417.4772033691406,60412638
2020-04-08,439.9750061035156,472.5,433.04998779296875,444.45001220703125,414.12286376953125,56219352
2020-04-09,456.5,465.45001220703125,445.0,462.5249938964844,430.9644775390625,44457146
2020-04-13,467.0,473.3500061035156,443.1000061035156,447.67498779296875,417.1277770996094,34158056
2020-04-15,465.25,465.25,421.5,431.6499938964844,402.1962585449219,57978752
2020-04-16,432.5,445.3500061035156,428.125,439.875,409.8600158691406,53854396
2020-04-17,457.5,460.0,443.625,455.1499938964844,424.09271240234375,55883462
2020-04-20,475.5,480.4750061035156,467.5,472.42498779296875,440.1889343261719,66232986
2020-04-21,462.5,467.0,454.0,460.82501220703125,429.3804931640625,33178006
2020-04-22,459.57501220703125,466.5,453.6499938964844,464.29998779296875,432.6183776855469,38289354
2020-04-23,467.5,479.25,456.2749938964844,477.4750061035156,444.8943786621094,40901222
2020-04-24,466.5,479.20001220703125,463.0,469.0249938964844,437.0209655761719,33284568
2020-04-27,472.57501220703125,478.70001220703125,463.1499938964844,464.8500061035156,433.1308898925781,27421072
2020-04-28,471.8999938964844,471.8999938964844,461.0,465.70001220703125,433.9228515625,29441436
2020-04-29,467.5,496.3500061035156,467.04998779296875,488.54998779296875,455.213623046875,55877778
2020-04-30,500.70001220703125,509.5,496.04998779296875,500.8999938964844,466.720947265625,43793134
2020-05-04,478.75,480.0,458.75,461.5,430.0094299316406,26722324
2020-05-05,469.0,472.0,454.0249938964844,455.7250061035156,424.6285095214844,29672858
2020-05-06,459.5,475.0,452.82501220703125,473.20001220703125,440.91107177734375,33785846
2020-05-07,470.25,471.6499938964844,460.67498779296875,462.5,430.941162109375,21831730
2020-05-08,471.0,471.9750061035156,462.6000061035156,464.5249938964844,432.8280029296875,20807484
2020-05-11,468.5,477.0,457.0,457.8999938964844,426.65509033203125,28550784
2020-05-12,450.5,454.70001220703125,435.54998779296875,450.7749938964844,420.0162353515625,49568418
2020-05-13,475.5,480.0,461.04998779296875,463.82501220703125,432.1758117675781,44346966
2020-05-14,449.0,455.5,445.0,446.8500061035156,416.3591003417969,39554890
2020-05-15,445.25,446.20001220703125,437.5,444.07501220703125,413.7734375,24349628
2020-05-18,444.0,444.0,415.6499938964844,418.32501220703125,389.780517578125,46649964
2020-05-19,430.42498779296875,433.6499938964844,413.04998779296875,415.32501220703125,386.9851989746094,47460692
2020-05-20,418.2250061035156,432.0,416.1000061035156,428.54998779296875,399.30780029296875,40014306
2020-05-21,430.7250061035156,442.0,426.1499938964844,429.7749938964844,400.44921875,48478908
2020-05-22,425.0,435.1499938964844,416.5249938964844,419.42498779296875,390.805419921875,42047432
2020-05-26,428.5,435.875,424.375,426.20001220703125,397.1181640625,38005152
2020-05-27,429.95001220703125,454.8999938964844,428.57501220703125,451.82501220703125,420.99462890625,56025754
2020-05-28,460.0,475.0,456.9750061035156,472.625,440.3753662109375,75488806
2020-05-29,472.0,477.5,461.7250061035156,475.82501220703125,443.35699462890625,53025166
2020-06-01,487.5,497.5,483.04998779296875,493.82501220703125,460.1287536621094,39190230
2020-06-02,493.3500061035156,502.5,487.6000061035156,500.5,466.3482971191406,41623594
2020-06-03,510.0,523.125,507.7250061035156,511.125,476.248291015625,50546088
2020-06-04,514.0250244140625,519.4749755859375,495.54998779296875,500.8500061035156,466.67437744140625,54275882
2020-06-05,501.54998779296875,521.2000122070312,501.3999938964844,516.6749877929688,481.4195251464844,35195984
2020-06-08,530.0,533.3250122070312,503.20001220703125,507.95001220703125,473.2899475097656,49812664
2020-06-09,510.0,513.375,489.7749938964844,493.6499938964844,459.9656677246094,61844146
2020-06-10,495.0,499.92498779296875,489.1000061035156,495.92498779296875,462.0854187011719,36497730
2020-06-11,492.5,494.20001220703125,482.5,484.29998779296875,451.253662109375,30897714
2020-06-12,464.0,493.32501220703125,464.0,491.375,457.8459167480469,42644876
2020-06-15,484.0,487.0,471.5,474.92498779296875,442.518310546875,32009936
2020-06-16,487.5,496.9750061035156,476.0,495.20001220703125,461.4099426269531,45399970
2020-06-17,494.5,499.45001220703125,486.625,489.625,456.2153015136719,36957838
2020-06-18,490.0,512.4500122070312,486.0,509.9750061035156,475.1767578125,40870126
2020-06-19,508.9750061035156,521.5,506.07501220703125,516.6749877929688,481.4195251464844,47877752
2020-06-22,519.7249755859375,522.9749755859375,511.8999938964844,514.375,479.2764892578125,29694474
2020-06-23,519.5,522.5,508.2749938964844,521.1500244140625,485.5892028808594,28830512
2020-06-24,524.25,528.75,515.0250244140625,516.25,481.0235900878906,39429246
2020-06-25,510.95001220703125,524.5,503.5,514.375,479.2764892578125,70646790
2020-06-26,520.5,531.5,514.0,528.2249755859375,492.1814270019531,39969138
2020-06-29,518.5,541.2999877929688,518.5,538.0250244140625,501.31280517578125,46005956
2020-06-30,537.0,539.2750244140625,528.1500244140625,532.9249877929688,496.5606994628906,35746130
2020-07-01,532.9249877929688,548.0,530.6500244140625,542.2999877929688,505.2959899902344,34846718
2020-07-02,545.1500244140625,555.625,542.5999755859375,544.7000122070312,507.5323181152344,36954496
2020-07-03,546.5,547.9000244140625,535.0,536.9749755859375,500.33441162109375,27597254
2020-07-06,553.9749755859375,559.9500122070312,550.0,551.5,513.8682250976562,35558216
2020-07-07,554.7000122070312,555.8499755859375,546.5250244140625,552.5750122070312,514.869873046875,24349850
2020-07-08,553.5,562.4500122070312,552.5,555.1749877929688,517.29248046875,30056350
2020-07-09,559.0,564.8499755859375,553.625,562.4749755859375,524.0943603515625,20114484
2020-07-10,558.9500122070312,560.0,549.7750244140625,552.5499877929688,514.8466186523438,17562978
2020-07-13,554.9500122070312,556.5,535.6500244140625,540.125,503.2694396972656,29922114
2020-07-14,531.2999877929688,534.4500122070312,525.0,529.4249877929688,493.29949951171875,26612674
2020-07-15,535.0999755859375,539.5,525.0499877929688,526.5750122070312,490.6440124511719,20974394
2020-07-16,526.8250122070312,532.75,517.0499877929688,531.2750244140625,495.0233459472656,23662456
2020-07-17,529.5250244140625,552.0,529.1500244140625,549.2249755859375,511.7484130859375,28405738
2020-07-20,567.5,576.4500122070312,562.0750122070312,566.5250244140625,527.8681030273438,65124096
2020-07-21,576.0250244140625,578.9749755859375,567.0,569.2750244140625,530.4303588867188,47512422
2020-07-22,569.25,572.25,558.7750244140625,563.1749877929688,524.7466430664062,24718012
2020-07-23,562.5,571.9500122070312,558.125,565.2000122070312,526.6334838867188,20149122
2020-07-24,561.4500122070312,561.4500122070312,550.625,559.5499877929688,521.3689575195312,19598440
2020-07-27,549.9249877929688,551.5,537.6749877929688,539.75,502.9200439453125,37970094
2020-07-28,539.5,547.2000122070312,529.75,543.3250122070312,506.2510986328125,35596450
2020-07-29,540.5,544.25,527.7750244140625,532.2999877929688,495.9784240722656,33592086
2020-07-30,537.0,541.8250122070312,523.3499755859375,525.3250122070312,489.4793395996094,26956266
2020-07-31,528.8499755859375,528.8499755859375,510.0249938964844,516.4000244140625,481.163330078125,37726696
2020-08-03,512.9749755859375,513.4749755859375,496.5,501.0,466.8141784667969,31783542
2020-08-04,504.0,530.5250244140625,501.5,520.8250122070312,485.286376953125,60306168
2020-08-05,523.9749755859375,527.9000244140625,510.0,513.7750244140625,478.71746826171875,33221360
2020-08-06,518.5,527.5,513.125,520.3499755859375,484.8437805175781,33646888
2020-08-07,517.4249877929688,523.5999755859375,510.29998779296875,521.9249877929688,486.3113098144531,24836784
2020-08-10,522.0,532.0,521.9000244140625,525.3250122070312,489.4793395996094,22172854
2020-08-11,524.25,535.5,524.25,533.3250122070312,496.9334716796875,20136148
2020-08-12,532.5,533.0,524.0,531.8499755859375,495.5590515136719,20666432
2020-08-13,533.9749755859375,535.6749877929688,528.25,529.5250244140625,493.3927917480469,19892740
2020-08-14,532.9500122070312,532.9500122070312,513.6500244140625,517.2249755859375,481.9320373535156,20924512
2020-08-17,523.5,523.5,510.1000061035156,516.375,481.1399841308594,19561012
2020-08-18,514.0,530.8250122070312,511.0,528.25,492.2047424316406,24040824
2020-08-19,532.5,534.9000244140625,528.125,533.2999877929688,496.91009521484375,17715624
2020-08-20,527.4749755859375,534.4749755859375,526.0,529.5,493.369384765625,19216734
2020-08-21,532.7000122070312,544.4000244140625,532.2999877929688,542.8250122070312,505.7852478027344,28924302
2020-08-24,543.0,561.4749755859375,542.8250122070312,558.5250244140625,520.4139404296875,36779740
2020-08-25,559.5,563.5,553.0999755859375,559.8499755859375,521.6484375,27601738
2020-08-26,560.5,565.875,554.75,559.2249755859375,521.066162109375,25190062
2020-08-27,562.9000244140625,564.9500122070312,553.125,556.0499877929688,518.1077270507812,20645996
2020-08-28,555.9749755859375,562.5,547.5,557.25,519.2258911132812,38696610
2020-08-31,564.75,574.4000244140625,550.3499755859375,557.9249877929688,519.8547973632812,38501166
2020-09-01,564.0,571.7999877929688,554.0,563.6500244140625,525.189208984375,28877884
2020-09-02,562.0499877929688,569.5,560.3499755859375,567.0750122070312,528.3805541992188,19761682
2020-09-03,568.625,572.9749755859375,564.0,565.4500122070312,526.8663940429688,19833362
2020-09-04,555.0,562.7000122070312,552.2000122070312,559.6500244140625,521.462158203125,23661370
2020-09-07,558.1500244140625,559.75,549.5,555.25,517.3623657226562,17615466
2020-09-08,557.0,559.4000244140625,551.5,556.2249755859375,518.2708740234375,14624918
2020-09-09,550.5,555.0,545.625,548.25,510.8399963378906,15728872
2020-09-10,551.5,552.4249877929688,542.0,545.2750244140625,508.0680236816406,15188088
2020-09-11,548.2249755859375,552.4249877929688,535.5,539.3250122070312,502.5240173339844,20794730
2020-09-14,544.0,547.0,526.1749877929688,528.9749755859375,492.8802490234375,21650590
2020-09-15,534.0,538.0750122070312,529.0499877929688,535.25,498.7270812988281,16505110
2020-09-16,535.0999755859375,548.0,534.1749877929688,546.8250122070312,509.5122375488281,18710112
2020-09-17,542.0,547.0,539.0,541.7999877929688,504.83013916015625,18318686
2020-09-18,546.0,546.0999755859375,523.5999755859375,528.6500244140625,492.5774841308594,23481778
2020-09-21,527.5,535.6749877929688,520.75,524.6500244140625,488.85040283203125,19842878
2020-09-22,527.0250244140625,529.0750122070312,514.75,517.7000122070312,482.3746643066406,18620678
2020-09-23,523.0,527.5,517.1749877929688,523.625,487.8953857421875,16079828
2020-09-24,519.0,523.5,512.5,515.2000122070312,480.04522705078125,19809510
2020-09-25,525.0,525.9749755859375,512.8250122070312,522.0,486.3812255859375,20321544
2020-09-28,524.4749755859375,529.5,521.3250122070312,527.0999755859375,491.1331787109375,16152422
2020-09-29,529.0,534.9500122070312,525.5,531.2750244140625,495.0233459472656,12644446
2020-09-30,530.0,543.4500122070312,526.0,539.2999877929688,502.5007019042969,18813842
2020-10-01,545.0499877929688,555.0,545.0499877929688,553.4749755859375,515.7083740234375,21203080
2020-10-05,556.0,566.0,555.5,557.1749877929688,519.1560668945312,16940126
2020-10-06,567.5250244140625,574.0,563.0999755859375,572.0499877929688,533.0159912109375,19371990
2020-10-07,572.4500122070312,582.4249877929688,568.7999877929688,581.125,541.4718627929688,21248778
2020-10-08,590.0,601.5,581.6749877929688,595.9000244140625,555.2385864257812,35060674
2020-10-09,600.5,618.5,595.8250122070312,616.7750244140625,574.689208984375,44972388
2020-10-12,615.7750244140625,621.375,602.7999877929688,606.8250122070312,565.4181518554688,19220546
2020-10-13,606.7000122070312,611.2249755859375,597.5,599.2249755859375,558.3367309570312,18353952
2020-10-14,597.7750244140625,607.1500244140625,587.75,605.75,564.41650390625,22582918
2020-10-15,607.0999755859375,608.5,582.0,584.625,544.7329711914062,28246896
2020-10-16,590.0,601.75,586.5,599.6749877929688,558.7560424804688,25822848
2020-10-19,617.5,617.5,596.2999877929688,601.7750244140625,560.7127075195312,42359556
2020-10-20,603.75,613.7000122070312,602.9500122070312,611.9749755859375,570.216796875,27411978
2020-10-21,615.2999877929688,625.5,610.8499755859375,623.3499755859375,580.8156127929688,35640752
2020-10-22,619.9749755859375,625.0,611.5,616.6500244140625,574.57275390625,21913060
2020-10-23,621.75,624.2249755859375,615.5999755859375,617.9000244140625,575.7374267578125,15866230
2020-10-26,614.9000244140625,621.0,602.2999877929688,605.4500122070312,564.136962890625,19571976
2020-10-27,613.0,618.0,598.9249877929688,616.5499877929688,574.4794921875,24317780
2020-10-28,614.0,616.0,600.75,604.7999877929688,563.5314331054688,16571186
2020-10-29,600.2999877929688,602.2249755859375,589.25,593.5999755859375,553.0955200195312,23060024
2020-10-30,591.2750244140625,599.6500244140625,588.1749877929688,591.7750244140625,551.3950805664062,11522716
2020-11-02,597.1749877929688,612.5,588.75,607.625,566.16357421875,21926080
2020-11-03,613.2249755859375,625.375,612.75,623.9749755859375,581.3978881835938,28164230
2020-11-04,626.0,632.4000244140625,615.0,628.7000122070312,585.8004760742188,23404822
2020-11-05,633.0,638.0,626.1749877929688,634.5999755859375,591.2978515625,21433928
2020-11-06,633.125,655.0,632.75,653.8250122070312,609.2111206054688,35705724
2020-11-09,657.5999755859375,672.9749755859375,657.5999755859375,670.2750244140625,624.5386962890625,26288440
2020-11-10,678.5,697.5,675.7750244140625,696.8250122070312,649.2769775390625,41517356
2020-11-11,699.9500122070312,707.4000244140625,685.25,694.9749755859375,647.5531005859375,36116194
2020-11-12,688.7000122070312,694.2750244140625,680.0,685.8499755859375,639.0509033203125,27053948
2020-11-13,684.4000244140625,684.4000244140625,673.5,679.4000244140625,633.041015625,22472480
2020-11-14,683.9000244140625,687.4749755859375,682.5999755859375,684.8499755859375,638.1190795898438,1835066
2020-11-17,692.9000244140625,706.2999877929688,690.2999877929688,704.2249755859375,656.1719970703125,31059900
2020-11-18,701.5,709.5,699.5250244140625,704.3499755859375,656.2884521484375,18862776
2020-11-19,694.8499755859375,699.7249755859375,684.0,687.1749877929688,640.2854614257812,20266882
2020-11-20,686.3250122070312,704.2000122070312,682.5250244140625,701.8250122070312,653.935791015625,20405362
2020-11-23,707.5,711.8250122070312,687.6749877929688,697.2999877929688,649.7195434570312,25246636
2020-11-24,704.0,722.5,701.0250244140625,719.0999755859375,670.031982421875,40154400
2020-11-25,725.6500244140625,732.2000122070312,698.5,701.4000244140625,653.5399169921875,24152602
2020-11-26,707.5,716.0,693.5,713.3250122070312,664.651123046875,27943126
2020-11-27,715.9000244140625,723.0,707.7750244140625,720.4249877929688,671.2666015625,17994580
2020-12-01,720.4249877929688,724.5,712.75,716.6500244140625,667.749267578125,17147574
2020-12-02,715.5,715.9000244140625,697.4000244140625,703.4749755859375,655.4732055664062,17892150
2020-12-03,714.5,716.0,687.0250244140625,688.5999755859375,641.6132202148438,37933222
2020-12-04,690.5,700.7249755859375,686.6500244140625,692.7999877929688,645.5266723632812,26912322
2020-12-07,687.5,689.9749755859375,679.0499877929688,686.125,639.3070678710938,24316318
2020-12-08,687.5,694.4000244140625,682.5750122070312,688.1500244140625,641.1939086914062,19457896
2020-12-09,688.5,705.0250244140625,687.5250244140625,703.5999755859375,655.5895385742188,22069074
2020-12-10,699.0,701.0,687.875,692.9249877929688,645.6431274414062,19727966
2020-12-11,695.0250244140625,697.5,686.5,691.4000244140625,644.22216796875,21356384
2020-12-14,691.5,694.0,684.0,686.0750122070312,639.260498046875,17222050
2020-12-15,690.4000244140625,697.4749755859375,683.0,695.6500244140625,648.18212890625,21561436
2020-12-16,702.0,708.4000244140625,697.25,705.3499755859375,657.2202758789062,16832092
2020-12-17,709.2999877929688,722.5,702.25,720.9000244140625,671.709228515625,21924478
2020-12-18,717.5,719.8499755859375,703.1500244140625,705.6749877929688,657.5230102539062,22995918
2020-12-21,708.75,711.9249877929688,683.3499755859375,686.3250122070312,639.4934692382812,23761824
2020-12-22,692.4000244140625,692.4000244140625,672.5,686.5499877929688,639.703125,22851558
2020-12-23,683.75,690.4749755859375,680.5250244140625,687.8250122070312,640.8911743164062,15467394
2020-12-24,694.7000122070312,702.0,688.5,698.5499877929688,650.88427734375,14952188
2020-12-28,702.5,710.5,702.0,706.4249877929688,658.2218627929688,11699194
2020-12-29,710.5250244140625,717.375,710.0,713.5999755859375,664.9072875976562,14495346
2020-12-30,719.9500122070312,719.9500122070312,706.5,716.25,667.37646484375,16216726
2020-12-31,717.5,722.0,712.5250244140625,718.1500244140625,669.1468505859375,22145750
2021-01-01,720.0,721.5,710.2999877929688,712.5250244140625,663.90576171875,8810938
2021-01-04,719.0,719.0,699.5,708.0,659.6893920898438,15740192
2021-01-05,709.5999755859375,715.375,704.5,713.3499755859375,664.6743774414062,14386824
2021-01-06,717.5,720.0,706.5499877929688,710.2750244140625,661.8092651367188,22134050
2021-01-07,716.25,716.2999877929688,706.2750244140625,708.125,659.805908203125,19894842
2021-01-08,716.0,721.0,711.5499877929688,715.8250122070312,666.9805297851562,13768764
2021-01-11,725.0,732.4500122070312,718.1500244140625,725.7249755859375,676.2048950195312,17331392
2021-01-12,726.2249755859375,743.8499755859375,724.5499877929688,740.5,689.9718017578125,20388156
2021-01-13,746.4500122070312,748.4500122070312,731.0499877929688,735.3250122070312,685.1500244140625,16934650
2021-01-14,735.5750122070312,744.0,728.0,734.375,684.2647705078125,12297166
2021-01-15,734.5499877929688,735.8250122070312,722.5,733.3250122070312,683.2864379882812,14165236
2021-01-18,734.9500122070312,751.4249877929688,733.5,741.5499877929688,690.9501342773438,42825632
2021-01-19,745.9000244140625,755.8250122070312,733.5,751.9249877929688,700.6171264648438,17360254
2021-01-20,750.5,750.5,743.0,746.0,695.0964965820312,13346052
2021-01-21,746.0,747.1749877929688,734.0750122070312,737.4000244140625,687.0833129882812,26333054
2021-01-22,733.9500122070312,733.9500122070312,720.0750122070312,721.7750244140625,672.5245361328125,15392364
2021-01-25,732.5499877929688,740.5,727.5750122070312,731.4249877929688,681.5160522460938,20344718
2021-01-27,734.0,735.9500122070312,703.0750122070312,704.7999877929688,656.707763671875,23556276
2021-01-28,694.9500122070312,700.6500244140625,671.0,685.7249755859375,638.9343872070312,42704446
2021-01-29,695.6749877929688,704.375,682.25,695.25,647.8094482421875,28704502
2021-02-01,705.125,741.25,700.5,738.375,687.9918212890625,26370544
2021-02-02,750.5,789.25,748.7000122070312,780.2750244140625,727.0327758789062,42420206
2021-02-03,789.5,790.8499755859375,771.0,787.4000244140625,733.6715087890625,20237254
2021-02-04,783.0,794.0,771.7249755859375,789.5499877929688,735.6748657226562,24484684
2021-02-05,774.0,809.125,774.0,798.7999877929688,744.2936401367188,27054716
2021-02-08,810.0,815.8250122070312,797.8499755859375,802.625,747.8577270507812,17447580
2021-02-09,805.0,814.0,793.3499755859375,805.9249877929688,750.9324951171875,18421366
2021-02-10,804.1749877929688,807.4249877929688,783.5,790.875,736.909423828125,19788006
2021-02-11,791.0,798.9000244140625,782.0999755859375,786.1749877929688,732.5301513671875,13648618
2021-02-12,786.9500122070312,796.25,786.5,790.9749755859375,737.002685546875,9910106
2021-02-15,800.0499877929688,812.5,798.3499755859375,808.2999877929688,753.1453857421875,10355244
2021-02-16,810.5999755859375,820.5,804.2249755859375,813.3250122070312,757.82763671875,13897358
2021-02-17,810.0,810.9000244140625,791.5,793.25,739.1224365234375,12794426
2021-02-18,802.9749755859375,802.9749755859375,774.0,777.1500244140625,724.1210327148438,14720560
2021-02-19,772.5,782.0999755859375,766.5,769.5499877929688,717.0396728515625,17139508
2021-02-22,772.5250244140625,786.9500122070312,769.7249755859375,774.0,721.1858520507812,29451838
2021-02-23,776.875,778.8499755859375,761.3250122070312,764.5750122070312,712.4039916992188,18239906
2021-02-24,763.25,806.9749755859375,758.125,803.2249755859375,748.4168090820312,14314332
2021-02-25,804.875,818.125,801.0,803.2000122070312,748.3933715820312,20109570
2021-02-26,793.5250244140625,794.4500122070312,760.5,767.2000122070312,714.8499145507812,27912846
2021-03-01,782.0,786.2750244140625,770.3499755859375,779.4500122070312,726.2640380859375,13536018
2021-03-02,787.8499755859375,793.75,775.5,784.0999755859375,730.5966186523438,16110038
2021-03-03,792.0,798.0,782.5,793.4249877929688,739.285400390625,11222410
2021-03-04,774.2750244140625,785.5,769.5499877929688,776.0250244140625,723.0726928710938,16291438
2021-03-05,765.5,772.7999877929688,760.5499877929688,765.0,712.8001098632812,17445822
2021-03-08,771.0,777.5,756.25,759.75,707.9082641601562,15117050
2021-03-09,772.5,782.8499755859375,769.125,781.25,727.941162109375,15066696
2021-03-10,786.0,787.5,776.0750122070312,777.875,724.7965087890625,11055016
2021-03-12,800.0,800.0,767.5250244140625,775.9749755859375,723.026123046875,15631204
2021-03-15,774.2000122070312,774.2000122070312,757.6500244140625,764.3250122070312,712.1710815429688,12230386
2021-03-16,765.4500122070312,770.2000122070312,755.0,756.0750122070312,704.4840698242188,13722366
2021-03-17,762.125,769.5,745.0999755859375,747.6749877929688,696.6571655273438,21064428
2021-03-18,755.875,761.0250244140625,740.5750122070312,745.5,694.6306762695312,18065540
2021-03-19,742.5,755.5999755859375,737.0250244140625,748.75,697.6588745117188,21235020
2021-03-22,747.4500122070312,747.4500122070312,730.2000122070312,734.5750122070312,684.4511108398438,14015632
2021-03-23,735.0,753.7249755859375,734.5499877929688,750.0750122070312,698.8934326171875,19761428
2021-03-24,745.4500122070312,753.2249755859375,735.5,739.4000244140625,688.9469604492188,16368900
2021-03-25,745.0999755859375,747.7750244140625,725.125,731.6749877929688,681.7490234375,23964356
2021-03-26,747.0,749.5,737.0,745.6500244140625,694.7704467773438,12021258
2021-03-30,753.3250122070312,781.2750244140625,750.7750244140625,776.8499755859375,723.8413696289062,25607644
2021-03-31,774.0,774.0,744.0,746.8250122070312,695.8652954101562,30774506
2021-04-01,749.7000122070312,749.7000122070312,732.5,743.375,692.650634765625,35763762
2021-04-05,740.0,742.5,715.5,724.7999877929688,675.3431396484375,16006586
2021-04-06,730.0,731.3250122070312,716.3250122070312,720.125,670.9871215820312,15075734
2021-04-07,719.6500244140625,728.3499755859375,710.7750244140625,723.5999755859375,674.2249755859375,25088180
2021-04-08,726.5,730.4500122070312,715.25,716.4000244140625,667.5162353515625,17613592
2021-04-09,713.0,716.4000244140625,707.5499877929688,710.875,662.3682861328125,28157816
2021-04-12,696.5,699.5,676.5,683.5250244140625,636.884521484375,22549128
2021-04-13,684.0,703.2249755859375,680.5,700.1749877929688,652.3983764648438,18600682
2021-04-15,702.5,718.3499755859375,695.5,715.0499877929688,666.2583618164062,34444984
2021-04-16,717.4749755859375,722.5,711.75,714.3250122070312,665.5828857421875,15606526
2021-04-19,695.0,708.8499755859375,686.1500244140625,706.2000122070312,658.0122680664062,24069242
2021-04-20,712.5,713.2000122070312,691.9749755859375,695.7000122070312,648.228759765625,23186270
2021-04-22,690.0,713.4000244140625,685.5250244140625,711.25,662.7177124023438,38485312
2021-04-23,704.5,717.2999877929688,700.0999755859375,707.0750122070312,658.8275756835938,22713528
2021-04-26,706.5,714.5,701.375,702.4000244140625,654.4716186523438,30170952
2021-04-27,703.625,721.0,702.4000244140625,719.3499755859375,670.2650146484375,20592906
2021-04-28,718.125,739.5,715.5,738.4000244140625,688.0150756835938,24103940
2021-04-29,743.0999755859375,751.8250122070312,730.5,736.25,686.0117797851562,24078552
2021-04-30,722.5,726.9000244140625,703.75,706.1500244140625,657.9656982421875,35232902
2021-05-03,696.5,710.9500122070312,688.6500244140625,707.2249755859375,658.9674072265625,22473700
2021-05-04,704.9749755859375,711.5,691.6500244140625,694.1749877929688,646.8077392578125,21486328
2021-05-05,700.5,704.7999877929688,690.8499755859375,701.2999877929688,653.4466552734375,14421612
2021-05-06,703.7999877929688,705.4000244140625,697.5,700.4500122070312,652.6546630859375,11477044
2021-05-07,706.4749755859375,712.4749755859375,705.125,707.375,659.1071166992188,12048334
2021-05-10,713.5,715.0,706.4000244140625,709.9249877929688,661.483154296875,11060050
2021-05-11,698.0,712.0999755859375,697.5250244140625,701.7750244140625,653.8892822265625,14519034
2021-05-12,699.875,704.2999877929688,694.4249877929688,699.75,652.0023803710938,13774926
2021-05-14,697.1749877929688,699.4500122070312,691.1749877929688,693.4249877929688,646.1089477539062,10604142
2021-05-17,697.5750122070312,721.2999877929688,690.6500244140625,720.125,670.9871215820312,15120692
2021-05-18,729.4749755859375,741.375,727.5,738.3499755859375,687.9684448242188,22165280
2021-05-19,735.0999755859375,739.4249877929688,726.2750244140625,729.0999755859375,679.3496704101562,10130916
2021-05-20,729.1749877929688,732.9500122070312,714.25,716.4000244140625,667.5162353515625,10684184
2021-05-21,721.5,750.9500122070312,721.5,748.6500244140625,697.565673828125,19341646
2021-05-24,751.625,760.2249755859375,749.25,754.9749755859375,703.4591674804688,22146102
2021-05-25,755.25,756.875,735.25,739.4749755859375,689.0167846679688,19236974
2021-05-26,740.0,743.5,735.0,738.5250244140625,688.1315307617188,12283990
2021-05-27,736.5499877929688,744.5,731.2249755859375,741.3250122070312,690.740478515625,20439496
2021-05-28,745.4500122070312,756.5,739.375,751.7249755859375,700.4308471679688,17750020
2021-05-31,750.0,759.75,743.75,757.9249877929688,706.207763671875,15661054
2021-06-01,760.1500244140625,763.5,753.625,755.8499755859375,704.2743530273438,11030162
2021-06-02,755.0,755.0999755859375,746.5,752.0,700.6870727539062,10624016
2021-06-03,754.0,762.4749755859375,743.875,760.2750244140625,708.3975219726562,10287260
2021-06-04,758.0,760.3250122070312,749.5999755859375,750.4749755859375,699.26611328125,9424476
2021-06-07,755.0,757.0,748.0,749.9249877929688,698.7536010742188,8091668
2021-06-08,748.2750244140625,750.6500244140625,740.75,741.5250244140625,690.9268798828125,9872540
2021-06-09,741.9500122070312,751.0,736.0250244140625,740.1500244140625,689.645751953125,10223442
2021-06-10,741.0499877929688,744.5,736.8250122070312,740.5250244140625,689.9951171875,11483540
2021-06-11,745.5,748.2750244140625,740.5250244140625,743.1749877929688,692.4641723632812,7205974
2021-06-14,739.125,743.0,731.2750244140625,739.7249755859375,689.2496948242188,8881964
2021-06-15,743.0,748.0,737.4000244140625,745.125,694.2811889648438,7569602
2021-06-16,744.0,747.0,739.0499877929688,742.2999877929688,691.6490478515625,7702098
2021-06-17,733.0,739.375,730.0,733.0499877929688,683.0300903320312,9283802
2021-06-18,734.75,745.0,727.5,739.9000244140625,689.4127197265625,11938060
2021-06-21,730.6749877929688,745.9000244140625,729.5,744.3499755859375,693.55908203125,7260472
2021-06-22,748.5,754.0,740.0,741.9000244140625,691.2762451171875,14366824
2021-06-23,745.0,748.9000244140625,739.2999877929688,742.75,692.068359375,7844868
2021-06-24,745.0,756.7249755859375,744.0,753.125,701.7352905273438,14785024
2021-06-25,755.5499877929688,761.0,753.5,757.5499877929688,705.8584594726562,10383176
2021-06-28,760.0,761.5,752.5,754.1749877929688,702.7136840820312,9356786
2021-06-29,753.5,754.0999755859375,746.0750122070312,751.0250244140625,702.8072509765625,10971692
2021-06-30,749.0,754.5,747.0499877929688,748.9500122070312,700.8655395507812,9679022
2021-07-01,751.0,751.0,741.5,743.375,695.6484375,16911442
2021-07-02,742.5,744.625,738.5,740.2000122070312,692.67724609375,14827036
2021-07-05,744.9749755859375,752.25,742.2750244140625,747.7249755859375,699.7191162109375,7373882
2021-07-06,748.5,770.0,748.0,767.3499755859375,718.0840454101562,17669032
2021-07-07,767.0,772.6749877929688,763.8499755859375,769.75,720.3301391601562,9629190
2021-07-08,762.5,768.8499755859375,756.7249755859375,760.2249755859375,711.41650390625,8420922
2021-07-09,756.2750244140625,758.0,748.75,751.0,702.783935546875,10695842
2021-07-12,751.0,751.0,742.0,743.5,695.7654418945312,14458978
2021-07-13,748.0499877929688,753.0499877929688,742.0499877929688,750.9249877929688,702.7136840820312,18178142
2021-07-14,748.75,753.6749877929688,745.5499877929688,749.5750122070312,701.4503784179688,9788494
2021-07-15,752.5,763.375,749.8250122070312,760.3499755859375,711.5335693359375,10438802
2021-07-16,763.9749755859375,764.9749755859375,759.4000244140625,761.1749877929688,712.3056030273438,5170628
2021-07-19,743.5,744.4249877929688,733.0,735.5,688.2789916992188,25111600
2021-07-20,721.0,727.0,718.0750122070312,721.5750122070312,675.248046875,24174250
2021-07-22,728.0499877929688,734.25,722.5,724.3499755859375,677.8448486328125,13207114
2021-07-23,725.75,728.7249755859375,717.6500244140625,721.375,675.0609130859375,13126684
2021-07-26,715.0,722.0,714.0499877929688,717.2750244140625,671.22412109375,13167166
2021-07-27,718.0499877929688,724.9500122070312,718.0499877929688,719.875,673.6572875976562,22401430
2021-07-28,717.5250244140625,719.3499755859375,702.0,708.6500244140625,663.1528930664062,20670342
2021-07-29,714.125,714.9749755859375,706.6500244140625,709.125,663.5973510742188,13702230
2021-07-30,709.5,715.875,703.9749755859375,713.2249755859375,667.4341430664062,11655488
2021-08-02,717.5,717.5,708.125,711.3250122070312,665.6560668945312,13258786
2021-08-03,705.0,719.9500122070312,705.0,717.3499755859375,671.2942504882812,12033120
2021-08-04,720.5,737.25,720.0,732.6500244140625,685.6119384765625,22053948
2021-08-05,733.5499877929688,753.5250244140625,728.7000122070312,742.4249877929688,694.7593383789062,18822408
2021-08-06,741.7750244140625,750.0,737.0,746.3250122070312,698.4090576171875,13339270
2021-08-09,746.0,753.6749877929688,738.0,751.9500122070312,703.6729125976562,10998048
2021-08-10,744.5,759.875,744.5,753.8250122070312,705.427490234375,14838346
2021-08-11,757.4500122070312,759.4249877929688,745.5250244140625,747.4749755859375,699.4851684570312,12585786
2021-08-12,748.5,753.7999877929688,744.6500244140625,750.7000122070312,702.5030517578125,8597674
2021-08-13,750.5999755859375,765.5,750.5,763.0999755859375,714.1069946289062,16658428
2021-08-16,763.0750122070312,767.5,760.7249755859375,765.2999877929688,716.1658935546875,6252778
2021-08-17,758.5999755859375,762.0,752.6500244140625,757.3250122070312,708.7027587890625,8282666
2021-08-18,778.3499755859375,782.6749877929688,754.1749877929688,756.5,707.9307250976562,22985932
2021-08-20,743.0250244140625,759.9000244140625,743.0250244140625,757.375,708.7496337890625,13150406
2021-08-23,764.9249877929688,766.5750122070312,754.3250122070312,762.2999877929688,713.3584594726562,10843054
2021-08-24,765.0,782.25,763.7249755859375,779.4249877929688,729.3838500976562,18381314
2021-08-25,776.0499877929688,782.4000244140625,774.0,778.7000122070312,728.7054443359375,7727974
2021-08-26,775.0,785.5,771.7249755859375,777.4000244140625,727.4889526367188,11119002
2021-08-27,776.0,779.3250122070312,772.625,774.2249755859375,724.5177612304688,6382138
2021-08-30,777.7999877929688,785.0,775.7999877929688,784.125,733.7821655273438,9049166
2021-08-31,781.75,791.6749877929688,781.0999755859375,790.7000122070312,739.93505859375,12062576
2021-09-01,787.5,799.0,787.25,789.5499877929688,738.8589477539062,12422558
2021-09-02,787.0499877929688,796.0,785.625,794.5,743.4910278320312,9618524
2021-09-03,793.0499877929688,799.0,784.1500244140625,788.0250244140625,737.4318237304688,10735334
2021-09-06,789.9749755859375,790.4749755859375,780.9749755859375,782.8499755859375,732.5889892578125,7876896
2021-09-07,781.25,791.0,777.5999755859375,784.625,734.2500610351562,7245496
2021-09-08,785.9749755859375,790.25,782.7999877929688,788.2000122070312,737.5955810546875,6724080
2021-09-09,787.0,789.7249755859375,780.5,784.2999877929688,733.9459838867188,8250948
2021-09-13,781.0,792.0,776.8250122070312,777.7750244140625,727.8399047851562,8959164
2021-09-14,780.0,782.25,773.2999877929688,774.2750244140625,724.5646362304688,9758506
2021-09-15,767.5,777.4000244140625,767.5,773.4000244140625,723.7456665039062,14822998
2021-09-16,768.875,782.1500244140625,768.1500244140625,779.9749755859375,729.8986206054688,10260550
2021-09-17,784.5,794.5,779.5999755859375,791.0750122070312,740.2859497070312,20498102
2021-09-20,782.0,790.8499755859375,779.0,779.9249877929688,729.8518676757812,8781610
2021-09-21,781.0,784.3250122070312,764.4749755859375,775.9749755859375,726.1553955078125,14774996
2021-09-22,774.5,775.0750122070312,765.0,766.8499755859375,717.6162719726562,10582202
2021-09-23,771.0,786.0,771.0,785.0,734.6010131835938,13664304
2021-09-24,789.5,803.9749755859375,787.5,800.7750244140625,749.3632202148438,20806702
2021-09-27,807.8499755859375,817.75,804.0,812.5499877929688,760.3821411132812,16415462
2021-09-28,816.0,816.0,791.0,807.5250244140625,755.6798095703125,12773790
2021-09-29,798.5,803.2999877929688,792.5750122070312,796.9249877929688,745.7603759765625,16263036
2021-09-30,793.0,803.1749877929688,791.5499877929688,797.4749755859375,746.2750854492188,15975348
2021-10-01,791.5,794.5,782.625,791.3499755859375,740.543212890625,11128596
2021-10-04,794.5,800.6749877929688,791.7999877929688,792.875,741.9703979492188,7051028
2021-10-05,796.0,798.75,788.125,797.7249755859375,746.5089721679688,10257178
2021-10-06,798.0,813.4249877929688,793.5,807.4500122070312,755.6096801757812,18600830
2021-10-07,813.2999877929688,813.8499755859375,803.5,805.25,753.5509033203125,11265724
2021-10-08,806.0,811.0,800.0750122070312,801.3250122070312,749.8778686523438,7245562
2021-10-11,799.9500122070312,822.5,799.5,816.9000244140625,764.452880859375,13080848
2021-10-12,812.5,820.7750244140625,812.5,814.7999877929688,762.4876708984375,8176946
2021-10-13,818.5,824.0,815.0,819.7000122070312,767.0732421875,6225644
2021-10-14,819.0,845.0,819.0,843.7000122070312,789.5323486328125,14757288
2021-10-18,852.5,862.5,833.5250244140625,835.1500244140625,781.5311889648438,28856456
2021-10-19,837.7249755859375,846.2249755859375,835.5,844.3499755859375,790.1405029296875,8987540
2021-10-20,844.5499877929688,849.375,832.2249755859375,836.9249877929688,783.1922607421875,10908568
2021-10-21,835.9000244140625,840.9749755859375,830.4249877929688,838.1500244140625,784.338623046875,9738190
2021-10-22,840.0499877929688,854.0,835.375,840.375,786.4207763671875,12175554
2021-10-25,845.0,845.0,806.9000244140625,828.5,775.3082275390625,16426766
2021-10-26,825.0,836.9249877929688,823.1749877929688,826.375,773.3196411132812,12090656
2021-10-27,826.375,832.5250244140625,818.6500244140625,821.4000244140625,768.6640625,13249642
2021-10-28,825.0,825.0,793.5750122070312,796.7999877929688,745.6434326171875,17797750
2021-10-29,795.0,801.0,780.0,791.4249877929688,740.6134033203125,12406874
2021-11-01,792.5,805.5,791.7750244140625,802.6500244140625,751.1177978515625,8122320
2021-11-02,803.0,811.0,800.0250244140625,803.375,751.7963256835938,13237722
2021-11-03,802.5499877929688,804.9500122070312,787.7750244140625,790.7249755859375,739.9584350585938,10207338
2021-11-04,797.5,798.9249877929688,795.0499877929688,796.9749755859375,745.80712890625,1096808
2021-11-08,796.0499877929688,802.3499755859375,785.2249755859375,800.125,748.7548828125,18943580
2021-11-09,797.2999877929688,797.2999877929688,784.5250244140625,786.125,735.6537475585938,12695476
2021-11-10,784.0,784.5,775.0,777.625,727.6995239257812,13714126
2021-11-11,775.0250244140625,777.4500122070312,767.7999877929688,774.1500244140625,724.4475708007812,7999404
2021-11-12,775.0,779.5250244140625,772.5250244140625,776.5,726.6467895507812,14914092
2021-11-15,781.0499877929688,785.9249877929688,777.2000122070312,778.625,728.6353149414062,9533594
2021-11-16,777.5,778.5999755859375,770.7999877929688,774.0,724.30712890625,8245406
2021-11-17,768.4500122070312,772.0,764.25,765.4000244140625,716.2593994140625,7598878
2021-11-18,763.0250244140625,771.75,762.625,769.7000122070312,720.2833862304688,9152874
2021-11-22,773.0,776.3499755859375,749.5250244140625,757.6749877929688,709.0303344726562,15261272
2021-11-23,751.0,763.9000244140625,748.1749877929688,757.7750244140625,709.1239013671875,11235214
2021-11-24,762.0,768.1749877929688,757.0250244140625,759.0250244140625,710.2935791015625,30802286
2021-11-25,757.4000244140625,766.6500244140625,753.5,762.9749755859375,713.9900512695312,10251652
2021-11-26,750.0,753.3499755859375,742.5,744.9500122070312,697.1223754882812,18624936
2021-11-29,747.4000244140625,753.8250122070312,731.0,750.625,702.4329223632812,12990996
2021-11-30,747.5,764.5,743.2750244140625,746.7750244140625,698.8302001953125,25221542
2021-12-01,747.5,753.5250244140625,744.5499877929688,752.3250122070312,704.0237426757812,8677634
2021-12-02,752.25,764.4000244140625,750.0,762.875,713.8964233398438,11203110
2021-12-03,762.9000244140625,767.9749755859375,753.5250244140625,756.7750244140625,708.1881713867188,8124694
2021-12-06,756.5,759.4000244140625,748.6749877929688,751.9000244140625,703.6261596679688,7029532
2021-12-07,756.9749755859375,766.0,754.9500122070312,762.8499755859375,713.873046875,12427534
2021-12-08,768.0,777.5250244140625,767.0,776.9000244140625,727.0210571289062,15295534
2021-12-09,772.5999755859375,777.3499755859375,761.0,763.4249877929688,714.4111328125,11747744
2021-12-10,762.4500122070312,764.0,754.2249755859375,761.2750244140625,712.399169921875,7779384
2021-12-13,763.0,768.8250122070312,753.5999755859375,755.5750122070312,707.065185546875,10322142
2021-12-14,751.25,758.0,748.5250244140625,751.2249755859375,702.9944458007812,9191100
2021-12-15,751.5,761.6749877929688,747.8250122070312,750.0,701.8480224609375,10115148
2021-12-16,756.4000244140625,758.5,747.0,750.0499877929688,701.8948364257812,13210432
2021-12-17,748.5,753.0,733.8499755859375,736.5250244140625,689.2382202148438,14994768
2021-12-20,726.0,729.0,707.0499877929688,712.8250122070312,667.059814453125,21156668
2021-12-21,719.75,725.375,715.0,720.9000244140625,674.616455078125,9118750
2021-12-22,726.1500244140625,728.0,717.8499755859375,722.5999755859375,676.2072143554688,8577484
2021-12-23,726.625,728.9000244140625,718.4249877929688,722.0499877929688,675.6925659179688,9779166
2021-12-24,722.75,726.0,714.0,719.4500122070312,673.2594604492188,5561024
2021-12-27,714.4500122070312,727.0,711.0750122070312,725.4000244140625,678.8275146484375,4705098
2021-12-28,730.3499755859375,733.4500122070312,726.7000122070312,730.4000244140625,683.5064697265625,5450678
2021-12-29,728.0250244140625,730.5,723.7000122070312,726.9249877929688,680.2545166015625,7668702
2021-12-30,729.25,733.4249877929688,722.5,730.75,683.833984375,7215918
2021-12-31,730.75,742.4000244140625,730.75,739.7000122070312,692.2094116210938,6325736
2022-01-03,742.5,761.5,740.25,759.8250122070312,711.0422973632812,9069184
2022-01-04,760.0,766.4500122070312,753.9000244140625,764.2750244140625,715.2066040039062,8857352
2022-01-05,768.4000244140625,786.0,764.0499877929688,782.4249877929688,732.1912841796875,14332638
2022-01-06,771.5,777.375,765.0250244140625,769.875,720.447021484375,9628930
2022-01-07,772.0,783.375,767.9500122070312,775.2750244140625,725.5003051757812,11179384
2022-01-10,779.0,786.0,772.75,779.5750122070312,729.5243530273438,8856496
2022-01-11,780.7750244140625,784.3499755859375,773.9000244140625,782.9500122070312,732.6825561523438,8389198
2022-01-12,784.0,788.3250122070312,776.0,778.3250122070312,728.3545532226562,21085530
2022-01-13,777.5,777.5,760.2000122070312,764.0,714.9492797851562,41963896
2022-01-14,765.0,774.3499755859375,759.5,772.5750122070312,722.9736938476562,11208968
2022-01-17,765.0,778.0,759.5750122070312,760.75,711.9078979492188,22989372
2022-01-18,766.5,775.4500122070312,761.5,764.625,715.5341186523438,12341152
2022-01-19,767.0,769.875,756.6749877929688,759.2249755859375,710.4808349609375,14317626
2022-01-20,764.2249755859375,764.25,750.0499877929688,754.5,706.0591430664062,15197846
2022-01-21,750.0,764.9000244140625,742.7999877929688,760.7999877929688,711.9547729492188,11537694
2022-01-24,754.9749755859375,760.625,733.7750244140625,743.3250122070312,695.6016235351562,11868508
2022-01-25,729.3250122070312,747.5,722.0,744.0250244140625,696.2567138671875,13594248
2022-01-27,725.0,742.5,717.5,737.4749755859375,690.1271362304688,28617838
2022-01-28,738.75,743.3499755859375,730.0,731.625,684.6527709960938,24925208
2022-01-31,736.375,745.7750244140625,733.4000244140625,742.8499755859375,695.1571655273438,12842546
2022-02-01,754.25,758.5,736.7249755859375,748.5,700.4443359375,14739484
2022-02-02,755.9749755859375,767.5,752.7999877929688,765.5999755859375,716.446533203125,13969290
2022-02-03,764.375,769.9749755859375,754.5,757.6749877929688,709.0303344726562,10564762
2022-02-04,764.2000122070312,766.4249877929688,757.0499877929688,762.0,713.07763671875,11579958
2022-02-07,756.0499877929688,759.5,730.0,734.0750122070312,686.9454956054688,12268042
2022-02-08,738.2000122070312,739.2249755859375,722.2750244140625,730.9249877929688,683.997802734375,13981130
2022-02-09,737.0,749.8499755859375,733.5,748.7999877929688,700.72509765625,11308342
2022-02-10,757.0,767.75,750.8250122070312,762.5499877929688,713.59228515625,14314530
2022-02-11,750.125,762.5,749.75,759.4249877929688,710.66796875,10711104
2022-02-14,745.0,749.7249755859375,734.6500244140625,736.8499755859375,689.5423583984375,14656620
2022-02-15,738.0,762.4500122070312,736.5250244140625,758.9000244140625,710.1766967773438,13135066
2022-02-16,767.1749877929688,767.375,753.5,757.875,709.2174682617188,10032264
2022-02-17,756.5499877929688,761.0,751.0,753.25,704.8895263671875,7351208
2022-02-18,749.1500244140625,758.5,745.2249755859375,756.1749877929688,707.6266479492188,7796128
2022-02-21,752.0,765.3499755859375,747.7750244140625,761.0499877929688,712.1885375976562,7468066
2022-02-22,744.9000244140625,761.0499877929688,743.9749755859375,755.3499755859375,706.8545532226562,9536196
2022-02-23,762.5499877929688,762.8499755859375,747.8250122070312,750.4500122070312,702.2692260742188,9029562
2022-02-24,724.9500122070312,737.4749755859375,703.5750122070312,709.7000122070312,664.1354370117188,23630766
2022-02-25,719.9749755859375,732.9500122070312,716.4249877929688,728.0499877929688,681.3072509765625,18318654
2022-02-28,713.0,719.2750244140625,707.0250244140625,713.125,667.340576171875,24880832
2022-03-02,693.25,699.2000122070312,677.2000122070312,687.125,643.009765625,38505560
2022-03-03,690.5,696.0,681.4500122070312,685.5,641.4891357421875,17527922
2022-03-04,680.0,693.0,668.4500122070312,683.25,639.3836059570312,21219364
2022-03-07,659.25,666.1749877929688,648.5250244140625,662.4000244140625,619.8722534179688,27054458
2022-03-08,651.0999755859375,667.0,646.0,663.9000244140625,621.2759399414062,39212492
2022-03-09,665.0,687.3499755859375,659.4249877929688,685.5750122070312,641.5592651367188,23134694
2022-03-10,713.5,713.5,690.125,696.3499755859375,651.6425170898438,22273206
2022-03-11,694.0,704.4749755859375,686.3499755859375,698.4000244140625,653.5609741210938,15150780
2022-03-14,707.5,725.0,707.5,721.2750244140625,674.96728515625,25018126
2022-03-15,721.75,724.75,705.875,712.0,666.2877807617188,18867928
2022-03-16,723.5,727.5,718.0999755859375,724.0750122070312,677.5875854492188,13364108
2022-03-17,736.0,744.9000244140625,735.2750244140625,740.0250244140625,692.5134887695312,14823954
2022-03-21,743.5,746.8250122070312,736.4000244140625,743.25,695.5313720703125,12257876
2022-03-22,740.6500244140625,749.0,728.5999755859375,747.0750122070312,699.1109008789062,10461814
2022-03-23,753.5,759.4000244140625,736.7999877929688,739.625,692.1392211914062,31188256
2022-03-24,733.0,734.8250122070312,717.2750244140625,721.3250122070312,675.0140991210938,20160044
2022-03-25,725.5,726.0,709.5,715.4500122070312,669.5162963867188,16366462
2022-03-28,715.4500122070312,719.0,700.7999877929688,716.4000244140625,670.4053344726562,15754886
2022-03-29,720.5,730.125,715.0,725.9000244140625,679.2953491210938,12377448
2022-03-30,736.0,741.375,727.0250244140625,738.4749755859375,691.06298828125,20109742
2022-03-31,735.5,742.3499755859375,732.9500122070312,735.1749877929688,687.974853515625,14295714
2022-04-01,738.2000122070312,755.0,735.1500244140625,753.0,704.6553955078125,14568556
2022-04-04,790.0,861.0499877929688,781.2750244140625,828.4000244140625,775.214599609375,97450970
2022-04-05,833.3499755859375,833.3499755859375,801.0,804.125,752.4981689453125,30922582
2022-04-06,793.8499755859375,794.9000244140625,773.6749877929688,775.4249877929688,725.6406860351562,27027860
2022-04-07,770.6500244140625,770.6749877929688,756.8499755859375,758.375,709.6854858398438,40781732
2022-04-08,756.0499877929688,762.875,748.6500244140625,757.3250122070312,708.7027587890625,41256322
2022-04-11,753.0,755.0,746.625,748.0750122070312,700.0466918945312,20799066
2022-04-12,742.0,753.4249877929688,740.0750122070312,746.75,698.8067016601562,27435402
2022-04-13,745.0,751.1500244140625,731.3250122070312,732.4749755859375,685.4482421875,28892520
2022-04-18,709.4249877929688,715.8250122070312,695.0250244140625,697.7249755859375,652.9292602539062,45620376
2022-04-19,690.4500122070312,694.7750244140625,663.5,671.0999755859375,628.013671875,74096022
2022-04-20,677.2249755859375,679.9500122070312,667.6749877929688,677.1500244140625,633.67529296875,49325736
2022-04-21,682.5,689.9000244140625,676.6500244140625,687.1749877929688,643.0565795898438,52446270
2022-04-22,680.0,687.6749877929688,674.5750122070312,677.7999877929688,634.2835083007812,20659148
2022-04-25,675.0,685.3250122070312,661.125,682.875,639.03271484375,20935488
2022-04-26,686.0,690.9749755859375,678.5750122070312,686.0250244140625,641.98046875,17016842
2022-04-27,680.0,689.5,678.0499877929688,686.2750244140625,642.2144165039062,18054334
2022-04-28,686.0,689.5,681.0499877929688,685.6749877929688,641.6528930664062,20773722
2022-04-29,690.1749877929688,702.375,685.7750244140625,692.2999877929688,647.8525390625,28401476
2022-05-02,681.0250244140625,703.2249755859375,681.0250244140625,701.8499755859375,656.7894897460938,19494316
2022-05-04,700.0,701.7999877929688,675.0,678.0,634.4706420898438,29055916
2022-05-05,687.5,687.5,673.25,676.4749755859375,633.0435791015625,17862912
2022-05-06,665.0,667.5,656.5,658.7999877929688,616.5033569335938,26731268
2022-05-09,650.0,663.25,647.75,659.9249877929688,617.55615234375,32762434
2022-05-10,657.5250244140625,676.5,657.5250244140625,670.5250244140625,627.4755249023438,20113812
2022-05-11,676.5,677.5,664.3250122070312,674.2999877929688,631.0082397460938,17102924
2022-05-12,660.5499877929688,663.4000244140625,646.5,651.5250244140625,616.784423828125,22382290
2022-05-13,655.0250244140625,659.0,643.5,645.6749877929688,611.2462768554688,16768238
2022-05-16,649.5,656.0,642.6500244140625,652.5499877929688,617.7546997070312,9804356
2022-05-17,656.2999877929688,658.5,649.0999755859375,657.0,621.9674682617188,16641444
2022-05-18,662.0250244140625,666.6500244140625,655.0,656.9500122070312,621.9201049804688,15732384
2022-05-19,643.0999755859375,648.2000122070312,639.1500244140625,643.5250244140625,609.2109985351562,20537506
2022-05-20,651.5,662.0999755859375,646.1749877929688,660.4749755859375,625.2571411132812,13919350
2022-05-23,657.0,664.9749755859375,649.5499877929688,652.0,617.2340698242188,19486320
2022-05-24,650.0,662.5,648.4500122070312,659.4749755859375,624.310546875,12870796
2022-05-25,665.0,667.9749755859375,661.5999755859375,664.4000244140625,628.9728393554688,12887112
2022-05-26,671.0750122070312,685.5,670.0,683.3499755859375,646.912353515625,26992428
2022-05-27,685.9000244140625,697.3499755859375,685.375,696.0250244140625,658.9114990234375,24031718
2022-05-30,705.125,710.25,699.2249755859375,700.7750244140625,663.4082641601562,12624674
2022-05-31,697.9500122070312,702.4000244140625,690.0,694.4749755859375,657.4441528320312,13485388
2022-06-01,690.0,700.2249755859375,689.5750122070312,697.4249877929688,660.2368774414062,12091896
2022-06-02,693.625,694.0,689.2999877929688,692.5499877929688,655.621826171875,11475020
2022-06-03,699.1500244140625,700.375,688.1500244140625,690.1500244140625,653.349853515625,6957244
2022-06-06,688.1500244140625,693.5,680.3250122070312,689.2249755859375,652.4740600585938,6173266
2022-06-07,681.0,687.1500244140625,677.0499877929688,681.2999877929688,644.9717407226562,10253966
2022-06-08,686.6500244140625,690.5,678.5,683.7000122070312,647.2437744140625,5986588
2022-06-09,681.125,691.0250244140625,678.5750122070312,688.8499755859375,652.119140625,7311816
2022-06-10,680.0499877929688,683.9749755859375,671.7999877929688,675.5499877929688,639.5282592773438,9155430
2022-06-13,661.7999877929688,665.0,654.1500244140625,663.2999877929688,627.9314575195312,10892572
2022-06-14,655.625,663.0,652.5,656.0,621.0208129882812,11870356
2022-06-15,650.8250122070312,657.9000244140625,649.2000122070312,653.7249755859375,618.8670043945312,11810470
2022-06-16,655.0,660.2750244140625,639.0,640.6500244140625,606.4892578125,12169192
2022-06-17,637.5,649.5,635.7999877929688,644.875,610.489013671875,14723922
2022-06-20,652.3499755859375,662.5,647.0750122070312,661.0750122070312,625.8251342773438,15936840
2022-06-21,668.4500122070312,677.0,662.0250244140625,668.2750244140625,632.6412963867188,13220684
2022-06-22,666.125,668.4749755859375,661.5999755859375,665.125,629.6591796875,8159698
2022-06-23,665.25,674.0,659.25,667.5750122070312,631.9785766601562,15372244
2022-06-24,669.2750244140625,680.8250122070312,669.2750244140625,676.9000244140625,640.806396484375,8013432
2022-06-27,685.0,688.0,676.0,678.125,641.9660034179688,9804164
2022-06-28,672.0,675.5,669.2000122070312,672.9500122070312,637.0670166015625,9770574
2022-06-29,665.625,675.375,665.625,671.9749755859375,636.1438598632812,9994046
2022-06-30,668.0,677.0,668.0,674.0,638.0609741210938,12475822
2022-07-01,671.9749755859375,680.0,665.0250244140625,676.875,640.7826538085938,11472452
2022-07-04,676.8499755859375,680.0999755859375,671.125,677.8250122070312,641.6820068359375,8487480
2022-07-05,682.0,689.6749877929688,674.1500244140625,676.2999877929688,640.2383422851562,14325718
2022-07-06,674.0,686.7000122070312,673.5499877929688,685.625,649.0661010742188,15049078
2022-07-07,690.0,699.0,687.2249755859375,697.9000244140625,660.6866455078125,17743142
2022-07-08,705.0,705.0,697.375,698.5499877929688,661.3018798828125,12474030
2022-07-11,697.0,704.9500122070312,696.625,703.0750122070312,665.5856323242188,7462880
2022-07-12,702.625,702.625,694.7000122070312,695.9000244140625,658.7932739257812,9876974
2022-07-13,695.0,697.0999755859375,677.125,678.9249877929688,642.7233276367188,15945610
2022-07-14,681.0,686.3250122070312,674.625,675.5250244140625,639.5046997070312,10372410
2022-07-15,676.5,682.4500122070312,673.4000244140625,681.0250244140625,644.7113647460938,13595646
2022-07-18,674.0,683.0499877929688,671.0250244140625,673.7750244140625,637.8480224609375,20332220
2022-07-19,668.5,679.2750244140625,668.5,674.0250244140625,638.084716796875,15792538
2022-07-20,679.9500122070312,685.5499877929688,677.625,682.5250244140625,646.1314086914062,20347862
2022-07-21,680.2750244140625,684.75,679.0499877929688,680.375,644.0960083007812,12640278
2022-07-22,683.0,698.5,681.2000122070312,696.25,659.1245727539062,12729592
2022-07-25,697.5,702.2999877929688,691.6500244140625,698.2999877929688,661.065185546875,10143126
2022-07-26,698.0,701.0,693.1500244140625,696.875,659.7162475585938,8527964
2022-07-27,694.4500122070312,703.0,692.125,702.2000122070312,664.7572021484375,9212778
2022-07-28,707.5250244140625,712.0,705.5,708.4249877929688,670.650390625,17420406
2022-07-29,719.0,719.2999877929688,707.6500244140625,717.0999755859375,678.8627319335938,20019736
2022-08-01,719.5,724.2249755859375,715.0250244140625,723.0750122070312,684.5192260742188,13193036
2022-08-02,721.0,722.2999877929688,711.5250244140625,715.125,676.9931640625,15036510
2022-08-03,712.4749755859375,717.875,708.5,716.7999877929688,678.5787353515625,10975498
2022-08-04,720.0,723.3499755859375,706.4749755859375,715.9500122070312,677.7741088867188,12012206
2022-08-05,716.5,718.4749755859375,710.5750122070312,713.5250244140625,675.4783935546875,9268982
2022-08-08,714.0,732.25,713.5499877929688,731.0250244140625,692.0452880859375,15357736
2022-08-10,730.6749877929688,735.75,724.5250244140625,733.1500244140625,694.0569458007812,17353102
2022-08-11,743.25,745.5,737.2750244140625,742.8499755859375,703.23974609375,18301766
2022-08-12,742.5,744.6500244140625,737.9749755859375,742.5750122070312,702.9794311523438,8850370
2022-08-16,747.4000244140625,754.25,744.0250244140625,751.0750122070312,711.0261840820312,12563756
2022-08-17,750.0,756.375,742.875,754.9500122070312,714.694580078125,12384350
2022-08-18,750.0,756.9500122070312,749.8250122070312,755.8499755859375,715.5465087890625,8342138
2022-08-19,755.0,756.0,745.0,746.5250244140625,706.71875,8063702
2022-08-22,742.4000244140625,744.1749877929688,733.8499755859375,735.1749877929688,695.9739379882812,8234066
2022-08-23,726.6500244140625,737.9749755859375,725.2000122070312,732.9000244140625,693.8202514648438,14966884
2022-08-24,730.9500122070312,737.75,729.5999755859375,736.4249877929688,697.1572875976562,13455520
2022-08-25,739.9500122070312,743.4000244140625,728.5,732.4249877929688,693.3706665039062,11823040
2022-08-26,736.0250244140625,740.9000244140625,730.5999755859375,732.5499877929688,693.4889526367188,7706176
2022-08-29,718.5,723.0,714.2999877929688,719.7000122070312,681.3241577148438,8653178
2022-08-30,723.2249755859375,744.9749755859375,721.5499877929688,743.0499877929688,703.4290161132812,10135400
2022-09-01,732.375,744.7249755859375,729.5,736.0750122070312,696.8259887695312,22403136
2022-09-02,736.0750122070312,745.25,732.5999755859375,742.75,703.1451416015625,12038086
2022-09-05,743.0499877929688,749.5,742.0499877929688,747.5250244140625,707.6654663085938,12131932
2022-09-06,749.4500122070312,753.3250122070312,743.2249755859375,744.6749877929688,704.9674072265625,12238696
2022-09-07,735.6500244140625,745.0,735.6500244140625,741.1500244140625,701.63037109375,9776206
2022-09-08,745.0499877929688,750.0,741.0750122070312,748.7999877929688,708.8724365234375,11164690
2022-09-09,748.0999755859375,754.5,747.0250244140625,749.2999877929688,709.3458251953125,15128888
2022-09-12,750.0,752.0,745.0,746.7750244140625,706.9554443359375,11080492
2022-09-13,749.4500122070312,757.9500122070312,749.2750244140625,756.5499877929688,716.209228515625,13001966
2022-09-14,747.0250244140625,769.4500122070312,746.1749877929688,764.3250122070312,723.5696411132812,20219760
2022-09-15,765.0,770.4749755859375,756.0,760.3499755859375,719.8065795898438,13539372
2022-09-16,751.5499877929688,757.3499755859375,741.5,746.375,706.5767822265625,20560046
2022-09-19,744.5,757.0,740.0,751.2999877929688,711.2391357421875,12076038
2022-09-20,757.0,762.0,754.9500122070312,760.3499755859375,719.8065795898438,10781668
2022-09-21,754.0,760.75,752.5,759.1749877929688,718.6942138671875,9072304
2022-09-22,751.0,755.0750122070312,741.375,743.0,703.3817749023438,12048144
2022-09-23,736.1749877929688,737.5,718.5,723.0750122070312,684.5192260742188,15806252
2022-09-26,712.6749877929688,718.2249755859375,709.0,713.3250122070312,675.2890625,8923486
2022-09-27,716.2000122070312,720.0,703.5,706.9249877929688,669.2303466796875,12639700
2022-09-28,703.0,705.2999877929688,692.9500122070312,694.7750244140625,657.728271484375,11816132
2022-09-29,698.1500244140625,701.0999755859375,689.4000244140625,691.1749877929688,654.3201293945312,14410388
2022-09-30,689.4000244140625,715.7249755859375,682.5,710.6749877929688,672.7803344726562,15781756
2022-10-03,704.9749755859375,708.9249877929688,700.5499877929688,706.5999755859375,668.922607421875,11541112
2022-10-04,714.75,729.0,713.0750122070312,726.5,687.7616577148438,11538526
2022-10-06,729.9749755859375,731.2999877929688,717.0999755859375,718.5,680.1881713867188,12549198
2022-10-07,715.125,717.4749755859375,710.1749877929688,715.4000244140625,677.25341796875,13297994
2022-10-10,704.0,713.0,699.0999755859375,707.5,669.774658203125,13109302
2022-10-11,700.5499877929688,708.5,699.7249755859375,700.3250122070312,662.9822387695312,14521620
2022-10-12,701.5999755859375,707.4249877929688,698.6500244140625,704.9000244140625,667.3133544921875,9225050
2022-10-13,701.0250244140625,703.125,692.0,696.7999877929688,659.6452026367188,14714234
2022-10-14,708.5,723.5,707.625,719.5,681.134765625,12849920
2022-10-17,717.5,728.7999877929688,713.5,723.2750244140625,684.7085571289062,18410500
2022-10-18,729.0250244140625,731.4500122070312,720.0,721.9249877929688,683.4305419921875,10561108
2022-10-19,732.0,738.7000122070312,726.7000122070312,729.3250122070312,690.4358520507812,12967040
2022-10-20,722.0,726.4500122070312,721.25,724.4000244140625,685.7734985351562,7898078
2022-10-21,726.0,728.8250122070312,717.0,719.2999877929688,680.9454345703125,10492606
2022-10-24,727.1500244140625,731.5,727.1500244140625,730.5250244140625,691.5719604492188,2167794
2022-10-25,730.5499877929688,733.9000244140625,722.5,725.4500122070312,686.767578125,13773394
2022-10-27,732.25,733.6749877929688,725.625,727.2000122070312,688.4241943359375,15937276
2022-10-28,725.0,733.5,723.7000122070312,729.3499755859375,690.4595947265625,10474278
2022-10-31,736.0,749.0,733.625,748.3499755859375,708.446533203125,12830528
2022-11-01,751.75,764.5,749.4500122070312,756.625,716.2802124023438,19073756
2022-11-02,758.5,764.125,755.7999877929688,757.0999755859375,716.7297973632812,12720406
2022-11-03,748.8499755859375,760.125,748.5,753.7750244140625,713.5822143554688,10332352
2022-11-04,751.5999755859375,758.0499877929688,744.7999877929688,748.5750122070312,708.6594848632812,10818060
2022-11-07,755.0,756.0,746.0499877929688,754.4000244140625,714.1738891601562,9835834
2022-11-09,757.5250244140625,758.9749755859375,752.0,754.1749877929688,713.9608764648438,9269790
2022-11-10,748.5499877929688,763.5,747.5250244140625,762.375,721.7236328125,12774182
2022-11-11,772.5,818.5,769.0,805.5750122070312,762.6201171875,56722338
2022-11-14,806.0,814.0,799.0,807.5250244140625,764.4661254882812,19195390
2022-11-15,811.5750122070312,811.5750122070312,802.625,809.5,766.3358154296875,11030202
2022-11-16,809.3250122070312,821.0,806.0,816.4500122070312,772.9152221679688,13578150
2022-11-17,809.0499877929688,815.7750244140625,806.9500122070312,809.0750122070312,765.9335327148438,12100930
2022-11-18,810.5,811.5,802.625,806.9500122070312,763.9218139648438,10459232
2022-11-21,803.8250122070312,806.0,795.0999755859375,798.6749877929688,756.0880737304688,8344816
2022-11-22,800.0,802.1749877929688,795.5,797.5,754.9757690429688,8546314
2022-11-23,802.5,802.5,797.0,799.5750122070312,756.9401245117188,10185738
2022-11-24,802.9749755859375,816.0,799.5750122070312,812.5750122070312,769.2468872070312,17197960
2022-11-25,814.8499755859375,815.8499755859375,807.0499877929688,808.8250122070312,765.6968994140625,8410496
2022-11-28,801.4500122070312,803.7249755859375,797.0250244140625,800.125,757.460693359375,16105980
2022-11-29,798.625,806.1749877929688,796.4249877929688,798.9249877929688,756.32470703125,12638236
2022-11-30,798.5499877929688,806.4500122070312,798.5499877929688,804.2249755859375,761.342041015625,15184806
2022-12-01,811.0,818.5,807.5,809.75,766.5724487304688,20446366
2022-12-02,805.0,809.2999877929688,802.5750122070312,803.5499877929688,760.7030639648438,7811078
2022-12-05,804.9749755859375,807.2999877929688,798.0999755859375,806.4749755859375,763.4721069335938,11592622
2022-12-06,800.5,806.8499755859375,800.0,805.5750122070312,762.6201171875,12353092
2022-12-07,807.0750122070312,809.2999877929688,802.2249755859375,805.2249755859375,762.2887573242188,11674720
2022-12-08,805.0,813.0,802.5,809.75,766.5724487304688,14803634
2022-12-09,813.0,817.4249877929688,810.0,815.5250244140625,772.0396118164062,11963384
2022-12-12,812.5,826.7999877929688,810.7000122070312,821.875,778.0509643554688,14434808
2022-12-13,825.0,828.5,822.5,824.1500244140625,780.2047119140625,17031702
2022-12-14,826.5,832.75,825.0,831.125,786.8077392578125,14227640
2022-12-15,828.5250244140625,834.7000122070312,813.5250244140625,815.9000244140625,772.3946533203125,18182648
2022-12-16,810.0250244140625,822.5499877929688,804.5,819.8250122070312,776.1102294921875,14647958
2022-12-19,822.0,823.3250122070312,813.0999755859375,822.375,778.5242919921875,9604542
2022-12-20,810.0999755859375,818.2000122070312,810.0999755859375,816.7000122070312,773.1519165039062,7174698
2022-12-21,820.5,822.4000244140625,803.2750244140625,808.7999877929688,765.6731567382812,9269198
2022-12-22,811.0999755859375,813.75,804.5,806.0250244140625,763.046142578125,9747096
2022-12-23,793.5,802.0750122070312,792.7249755859375,798.8250122070312,756.2300415039062,10693152
2022-12-26,799.75,819.5,795.0,814.7249755859375,771.2821655273438,9907322
2022-12-27,816.5,817.9749755859375,806.75,815.5499877929688,772.063232421875,7926772
2022-12-28,811.5499877929688,816.5,811.5499877929688,814.9000244140625,771.4478759765625,8691870
2022-12-29,810.0499877929688,821.75,805.5,820.6500244140625,776.8912963867188,11012896
2022-12-30,822.5,822.5,810.0,814.0750122070312,770.6668701171875,7122640
2023-01-02,813.5,819.875,809.2750244140625,814.3499755859375,770.9271850585938,4381378
2023-01-03,811.0999755859375,821.5,811.0999755859375,819.6749877929688,775.9683227539062,8378030
2023-01-04,817.5,822.875,803.5,805.0250244140625,762.0994873046875,10351600
2023-01-05,807.5,809.0250244140625,794.7000122070312,799.8499755859375,757.2003784179688,10941436
2023-01-06,801.0,804.5499877929688,789.0999755859375,797.2000122070312,754.691650390625,9092462
2023-01-09,798.0,805.7750244140625,795.0,798.75,756.1591186523438,10729340
2023-01-10,800.0,800.0,782.5,784.1500244140625,742.3375854492188,16371766
2023-01-11,783.9749755859375,799.0,780.0,795.4500122070312,753.0349731445312,15195798
2023-01-12,793.9000244140625,801.9500122070312,792.0750122070312,799.7000122070312,757.0584106445312,9250070
2023-01-13,799.375,804.9500122070312,793.0,800.3250122070312,757.6500244140625,9244546
2023-01-16,807.5,810.6500244140625,790.1500244140625,792.6500244140625,750.38427734375,14748094
2023-01-17,794.9000244140625,805.5,788.75,804.4500122070312,761.5551147460938,10786354
2023-01-18,802.5,820.7999877929688,799.8499755859375,818.6500244140625,774.9979248046875,19090642
2023-01-19,818.5,825.0,816.5,822.0499877929688,778.216552734375,11172162
2023-01-20,822.0499877929688,834.5,821.7000122070312,830.4749755859375,786.1925048828125,18843404
2023-01-23,833.125,841.2999877929688,830.7000122070312,836.5499877929688,791.9434204101562,15444400
2023-01-24,837.5250244140625,851.2000122070312,837.5,847.75,802.5463256835938,24983940
2023-01-25,845.7000122070312,846.4749755859375,822.6500244140625,824.3250122070312,780.3703002929688,14704142
2023-01-27,816.0,818.5,794.9749755859375,807.9000244140625,764.8211669921875,35179948
2023-01-30,797.5,812.6500244140625,791.0,807.0750122070312,764.0401611328125,18512822
2023-01-31,809.8499755859375,811.3499755859375,797.5,801.75,758.9990844726562,18596244
2023-02-01,812.0,832.5,803.0,813.7750244140625,770.3828735351562,17302790
2023-02-02,804.0499877929688,812.25,794.375,801.6749877929688,758.9280395507812,17497106
2023-02-03,805.5,830.25,803.5,829.4000244140625,785.1747436523438,14411100
2023-02-06,830.0,834.7000122070312,823.0999755859375,825.875,781.8377075195312,11167672
2023-02-07,829.7000122070312,832.4500122070312,816.2999877929688,827.0999755859375,782.9973754882812,10264588
2023-02-08,827.125,834.0999755859375,825.0,827.0,782.9027709960938,8444826
2023-02-09,830.0,830.8250122070312,817.7750244140625,825.2750244140625,781.2697143554688,11777336
2023-02-10,824.4000244140625,829.25,821.0999755859375,828.5499877929688,784.3699951171875,8172116
2023-02-13,827.5,830.875,822.2750244140625,829.1749877929688,784.961669921875,5736944
2023-02-14,832.5,838.75,828.9749755859375,836.8499755859375,792.2274169921875,10908592
2023-02-15,839.0,839.0,828.375,835.1500244140625,790.6181640625,11438712
2023-02-16,836.5999755859375,840.9500122070312,830.5,832.125,787.75439453125,8062500
2023-02-17,830.5,834.0750122070312,821.4749755859375,827.9500122070312,783.802001953125,8956270
2023-02-20,830.0,834.7249755859375,817.4000244140625,820.1749877929688,776.4415893554688,8086706
2023-02-21,820.0,831.1749877929688,817.0,823.25,779.3526611328125,12389296
2023-02-22,819.5,820.9749755859375,804.5250244140625,807.0999755859375,764.0637817382812,10359102
2023-02-23,806.5,809.4249877929688,796.0499877929688,801.625,758.8806762695312,27882010
2023-02-24,808.9500122070312,808.9500122070312,792.5999755859375,794.4749755859375,752.1118774414062,17061740
2023-02-27,792.9500122070312,799.5,788.6500244140625,796.4500122070312,753.981689453125,14312972
2023-02-28,796.0,802.6500244140625,794.3499755859375,799.7999877929688,757.153076171875,18993992
2023-03-01,806.0,806.5,797.875,799.0250244140625,756.4193725585938,14137256
2023-03-02,797.0,802.9749755859375,791.0,792.2249755859375,749.98193359375,17391814
2023-03-03,798.0,810.0,794.0,807.9500122070312,764.8684692382812,14986234
2023-03-06,810.0,819.7249755859375,809.0250244140625,813.6500244140625,770.2645874023438,27004710
2023-03-08,810.0,819.75,810.0,815.2750244140625,771.8028564453125,20099774
2023-03-09,814.9749755859375,822.9749755859375,813.5,815.3499755859375,771.8738403320312,20700166
2023-03-10,805.2249755859375,806.875,792.5,794.3250122070312,751.9700317382812,27387000
2023-03-13,793.9500122070312,801.9000244140625,782.4749755859375,784.2750244140625,742.4558715820312,26443550
2023-03-14,785.125,791.7999877929688,779.6500244140625,782.1749877929688,740.4678344726562,33185612
2023-03-15,789.0,791.4500122070312,768.2999877929688,770.9500122070312,729.8413696289062,37264754
2023-03-16,769.5,779.5499877929688,766.0250244140625,775.9500122070312,734.5747680664062,21753342
2023-03-17,778.75,789.5999755859375,770.0,786.3250122070312,744.3966674804688,22950876
2023-03-20,783.9749755859375,784.0499877929688,772.7000122070312,780.875,739.2371826171875,26503114
2023-03-21,785.9749755859375,791.25,778.0999755859375,789.7249755859375,747.6151733398438,33050494
2023-03-22,792.0,793.0250244140625,782.6500244140625,787.9000244140625,745.8875732421875,14177324
2023-03-23,783.875,795.1749877929688,779.2750244140625,781.5750122070312,739.89990234375,28364178
2023-03-24,780.0,786.9500122070312,777.4749755859375,780.3250122070312,738.7164916992188,31477748
2023-03-27,781.0999755859375,789.7249755859375,779.4500122070312,783.7249755859375,741.9352416992188,31872006
2023-03-28,782.8499755859375,791.4500122070312,782.0499877929688,790.0999755859375,747.97021484375,39276302
2023-03-29,792.0,801.0,790.9500122070312,793.9000244140625,751.567626953125,39763612
2023-03-31,797.7999877929688,806.4749755859375,796.2000122070312,804.7750244140625,761.8628540039062,34711228
2023-04-03,803.7750244140625,807.8499755859375,801.375,805.2750244140625,762.3361206054688,40025398
2023-04-05,809.2999877929688,828.0,808.0,826.875,782.7843017578125,43365392
2023-04-06,824.2750244140625,834.5999755859375,823.5499877929688,833.1749877929688,788.7484130859375,44637344
2023-04-10,831.625,835.5,827.0,829.2249755859375,785.0089721679688,31813286
2023-04-11,829.5,834.7000122070312,825.5499877929688,831.6500244140625,787.3048095703125,42361542
2023-04-12,834.0,844.0999755859375,833.9000244140625,842.4500122070312,797.52880859375,26955504
2023-04-13,844.1500244140625,848.5250244140625,839.0750122070312,846.2249755859375,801.1025390625,35330086
2023-04-17,860.0,860.0,826.6500244140625,833.3250122070312,788.8904418945312,32405148
2023-04-18,835.0,838.625,828.2000122070312,829.7999877929688,785.553466796875,29637226
2023-04-19,832.5,835.1500244140625,828.5750122070312,832.8499755859375,788.4407348632812,24741168
2023-04-20,835.8499755859375,838.7249755859375,833.2000122070312,835.9500122070312,791.3754272460938,32922716
2023-04-21,834.5,838.4749755859375,831.625,837.2999877929688,792.6535034179688,20128618
2023-04-24,843.5,845.7249755859375,837.0499877929688,844.0750122070312,799.067138671875,35675852
2023-04-25,843.8499755859375,843.8499755859375,830.9500122070312,832.0750122070312,787.7070922851562,50353068
2023-04-26,830.0,837.5,827.5,835.9000244140625,791.328125,27392750
2023-04-27,835.25,842.625,832.9249877929688,840.5,795.6828002929688,47790392
2023-04-28,842.3499755859375,845.5,835.0,843.7999877929688,798.806884765625,27916272
2023-05-02,844.3499755859375,849.5,841.0,843.625,798.6411743164062,32221184
2023-05-03,842.4749755859375,848.0,839.8250122070312,846.5750122070312,801.4339599609375,29407270
2023-05-04,843.5499877929688,867.2249755859375,843.5499877929688,863.9000244140625,817.8351440429688,56854638
2023-05-05,819.5,830.4749755859375,811.0499877929688,812.8250122070312,769.4835815429688,62770416
2023-05-08,817.5,825.1749877929688,815.0,822.2249755859375,778.38232421875,37244524
2023-05-09,824.9500122070312,828.0,819.9749755859375,822.25,778.4059448242188,43688938
2023-05-10,822.25,827.3250122070312,816.5499877929688,826.0499877929688,782.0033569335938,46340550
2023-05-11,832.5750122070312,844.0,824.625,826.5999755859375,782.5239868164062,35734618
2023-05-12,823.5,836.4000244140625,822.125,833.9000244140625,789.434814453125,22478760
2023-05-15,836.0,840.375,832.5499877929688,837.9000244140625,793.221435546875,18512260
2023-05-16,835.9000244140625,835.9000244140625,822.0,823.6500244140625,788.6732788085938,32722086
2023-05-17,825.0,825.0,812.6749877929688,819.2249755859375,784.4360961914062,30466868
2023-05-18,824.0,826.9749755859375,820.0,822.5,787.5720825195312,49646942
2023-05-19,824.0,825.0,815.7750244140625,823.4500122070312,788.481689453125,30460332
2023-05-22,822.5,826.4500122070312,816.3499755859375,820.5250244140625,785.6809692382812,28334032
2023-05-23,824.5,824.7999877929688,816.7249755859375,818.5999755859375,783.8375854492188,22470074
2023-05-24,813.7750244140625,817.375,806.7999877929688,807.9000244140625,773.592041015625,33588112
2023-05-25,807.8499755859375,810.0250244140625,798.6749877929688,804.7999877929688,770.6237182617188,29776930
2023-05-26,809.5,809.5,801.125,807.9000244140625,773.592041015625,26635066
2023-05-29,814.25,820.5,812.4249877929688,817.75,783.0237426757812,21816292
2023-05-30,816.7999877929688,821.3250122070312,814.2750244140625,818.375,783.6222534179688,37125928
2023-05-31,814.9500122070312,817.4749755859375,802.3250122070312,805.4249877929688,771.2221069335938,43334270
2023-06-01,809.9500122070312,809.9500122070312,800.0,802.0,767.942626953125,50366938
2023-06-02,806.2249755859375,807.4000244140625,800.5,803.25,769.1394653320312,17859710
2023-06-05,807.25,808.25,801.2249755859375,802.2000122070312,768.1340942382812,18697242
2023-06-06,803.8250122070312,804.9249877929688,796.125,799.7000122070312,765.740234375,32182852
2023-06-07,801.7249755859375,806.2750244140625,798.0,803.8499755859375,769.7139892578125,24949026
2023-06-08,801.625,813.0,801.625,804.3499755859375,770.1927490234375,37395522
2023-06-09,807.9500122070312,809.25,803.5,805.2999877929688,771.1024780273438,18212578
2023-06-12,806.2750244140625,807.9000244140625,799.7249755859375,800.4000244140625,766.4105224609375,13408292
2023-06-13,795.0499877929688,804.5,795.0499877929688,801.75,767.7031860351562,27926108
2023-06-14,805.2249755859375,806.0,800.0999755859375,800.875,766.8653564453125,20113968
2023-06-15,802.0,802.9749755859375,789.5,791.0250244140625,757.4336547851562,35377476
2023-06-16,793.5750122070312,804.5999755859375,792.0,801.375,767.3441162109375,15779272
2023-06-19,805.5,807.125,799.1749877929688,802.0750122070312,768.014404296875,24829146
2023-06-20,802.0750122070312,805.5,795.3250122070312,803.75,769.6183471679688,20005626
2023-06-21,808.0,818.625,805.5,817.7999877929688,783.0716552734375,24308946
2023-06-22,820.0,828.7750244140625,819.5250244140625,821.7999877929688,786.9017333984375,56596140
2023-06-23,818.7750244140625,829.9500122070312,817.0250244140625,821.75,786.8538818359375,21339218
2023-06-26,822.5,825.375,814.3499755859375,817.7750244140625,783.0477294921875,16130314
2023-06-27,821.4749755859375,836.4500122070312,819.2750244140625,829.2999877929688,794.083251953125,33831864
2023-06-28,835.0,839.9500122070312,830.25,838.0750122070312,802.4856567382812,59562950
2023-06-30,852.0,854.4000244140625,841.625,850.7000122070312,814.5745849609375,40699016
2023-07-03,856.25,878.75,855.0,859.9000244140625,823.3838500976562,44104116
2023-07-04,861.7249755859375,873.5,856.9000244140625,864.0999755859375,827.4053955078125,38795188
2023-07-05,858.125,860.0,834.2750244140625,836.6500244140625,801.1212158203125,37165754
2023-07-06,836.5,843.9249877929688,830.2000122070312,837.5,801.93505859375,52156544
2023-07-07,832.5,837.5,828.1500244140625,830.2000122070312,794.945068359375,19926336
2023-07-10,830.5,838.375,824.8499755859375,828.2249755859375,793.0538330078125,38398442
2023-07-11,831.5,838.0,822.75,824.2000122070312,789.1998291015625,50670426
2023-07-12,827.6749877929688,833.1500244140625,813.5750122070312,816.4749755859375,781.8029174804688,70958358
2023-07-13,828.3499755859375,828.7249755859375,819.0250244140625,820.5499877929688,785.704833984375,41913546
2023-07-14,826.7999877929688,826.7999877929688,817.5,822.25,787.3325805664062,24727214
2023-07-17,825.0,841.0,816.5,839.4500122070312,803.8023071289062,49252928
2023-07-18,849.0,852.0,835.0,838.75,803.1319580078125,81076818
2023-07-19,840.5499877929688,844.375,837.5,842.5499877929688,806.7706298828125,32935134
2023-07-20,840.5750122070312,846.0,840.0,844.375,808.5181274414062,56210948
2023-07-21,840.0,844.9000244140625,836.625,837.875,802.2941284179688,42154248
2023-07-24,839.25,842.3250122070312,835.0499877929688,839.2000122070312,803.5628662109375,32179444
2023-07-25,842.3250122070312,849.5,839.2000122070312,848.2999877929688,812.2764282226562,55992596
2023-07-26,849.7999877929688,849.7999877929688,844.0,845.3499755859375,809.45166015625,24794358
2023-07-27,849.9500122070312,851.5,833.7249755859375,836.5750122070312,801.0493774414062,59741302
2023-07-28,830.75,834.4500122070312,820.5499877929688,821.75,786.8538818359375,41015684
2023-07-31,825.0250244140625,828.4000244140625,819.3499755859375,825.5999755859375,790.5404052734375,34565006
2023-08-01,827.2249755859375,833.7249755859375,825.0,831.125,795.8307495117188,35394188
2023-08-02,821.0,825.75,816.5750122070312,820.25,785.4176025390625,28116322
2023-08-03,820.0,825.6749877929688,811.5,814.3250122070312,779.7442016601562,57673946
2023-08-04,817.5750122070312,828.25,814.625,826.0999755859375,791.0191650390625,37388304
2023-08-07,831.5499877929688,831.5499877929688,823.7750244140625,825.625,790.5642700195312,28300918
2023-08-08,825.8499755859375,827.7999877929688,821.0250244140625,824.9500122070312,789.9180297851562,43773828
2023-08-09,826.5,827.25,815.5499877929688,825.25,790.2052612304688,33361236
2023-08-10,823.5250244140625,827.125,815.5,817.9249877929688,783.1913452148438,50781118
2023-08-11,819.2000122070312,819.2000122070312,808.0999755859375,809.4000244140625,775.0283813476562,28225822
2023-08-14,805.5,807.5,800.125,805.4500122070312,771.2461547851562,31304410
2023-08-16,791.5499877929688,804.8250122070312,790.6500244140625,803.0999755859375,768.995849609375,34137542
2023-08-17,798.7999877929688,804.9500122070312,797.0,798.6500244140625,764.7348022460938,52884040
2023-08-18,793.7750244140625,798.1500244140625,792.75,795.375,761.598876953125,25633366
2023-08-21,800.25,800.25,793.5,794.75,761.00048828125,21837270
2023-08-22,798.1749877929688,799.0,790.0,791.3499755859375,757.7447509765625,32273570
2023-08-23,790.0,795.2750244140625,786.625,793.2999877929688,759.6119384765625,36498588
2023-08-24,796.6500244140625,798.0999755859375,788.0750122070312,789.6500244140625,756.1170654296875,43145792
2023-08-25,787.2750244140625,788.75,779.2000122070312,780.75,747.594970703125,30069756
2023-08-28,780.75,791.3250122070312,780.75,788.875,755.3748779296875,28867238
2023-08-29,794.8499755859375,796.3250122070312,790.7249755859375,795.1500244140625,761.3834838867188,35538932
2023-08-30,801.9749755859375,801.9749755859375,786.8499755859375,789.3499755859375,755.8297119140625,28084204
2023-08-31,789.5,791.5750122070312,781.5499877929688,785.7249755859375,752.3587036132812,100075772
2023-09-01,785.5,789.5,779.6749877929688,787.3499755859375,753.9147338867188,43226776
2023-09-04,795.0,795.7249755859375,787.4500122070312,792.2750244140625,758.630615234375,25073638
2023-09-05,794.2000122070312,794.2000122070312,785.2999877929688,787.4500122070312,754.010498046875,38712082
2023-09-06,788.4000244140625,800.0,787.4500122070312,797.75,763.873046875,56320910
2023-09-07,797.75,807.0,793.5750122070312,805.4249877929688,771.2221069335938,34208342
2023-09-08,804.1500244140625,816.4500122070312,803.7999877929688,811.7000122070312,777.2306518554688,34502210
2023-09-11,814.4500122070312,818.25,812.0,815.9000244140625,781.2523803710938,31573022
2023-09-12,820.0,821.4500122070312,812.5250244140625,818.4500122070312,783.694091796875,39033340
2023-09-13,815.6500244140625,825.7999877929688,814.2999877929688,821.9500122070312,787.04541015625,46420094
2023-09-14,822.125,825.0,817.5499877929688,821.4500122070312,786.5665893554688,23538848
2023-09-15,825.0,835.0,825.0,830.875,795.5913696289062,173411202
2023-09-18,826.875,827.5,813.0499877929688,814.5250244140625,779.9356689453125,37056288
2023-09-20,799.5,799.5,780.2000122070312,781.8499755859375,748.648193359375,115474648
2023-09-21,776.5,784.4749755859375,768.5250244140625,776.6749877929688,743.6929931640625,72841442
2023-09-22,779.5,782.2000122070312,761.875,764.8250122070312,732.3462524414062,61704250
2023-09-25,762.5,770.3499755859375,762.5,765.5,732.9925537109375,40208754
2023-09-26,762.5,770.0,762.5,768.8250122070312,736.1764526367188,27575308
2023-09-27,761.5,766.25,757.5,763.4249877929688,731.0056762695312,39338538
2023-09-28,767.0,768.7999877929688,759.1749877929688,761.8499755859375,729.49755859375,55354188
2023-09-29,761.8499755859375,767.7249755859375,761.1500244140625,763.1500244140625,730.7423706054688,32053782
2023-10-03,763.5,763.5,753.0,754.0250244140625,722.0048217773438,38971694
2023-10-04,747.5,767.5,744.625,764.7750244140625,732.29833984375,54649430
2023-10-05,767.5250244140625,775.7750244140625,766.2999877929688,767.875,735.2666625976562,48512674
2023-10-06,772.0,772.5,764.9249877929688,767.0250244140625,734.4528198242188,17759356
2023-10-09,764.0,765.0,756.0,758.125,725.9307250976562,16454972
2023-10-10,760.2750244140625,764.5,757.5999755859375,762.4249877929688,730.0481567382812,33266292
2023-10-11,765.0499877929688,771.0750122070312,764.25,769.7999877929688,737.1099853515625,31333360
2023-10-12,768.0499877929688,776.0,765.7999877929688,774.9249877929688,742.017333984375,22025336
2023-10-13,770.0,774.4000244140625,764.9749755859375,767.875,735.2666625976562,39745300
2023-10-16,765.75,767.2249755859375,760.25,764.7999877929688,732.3223266601562,17856084
2023-10-17,777.875,777.875,767.5,770.5999755859375,737.8759155273438,32902558
2023-10-18,770.5999755859375,770.5999755859375,759.0499877929688,759.875,727.6064453125,31216200
2023-10-19,752.7000122070312,763.125,751.5999755859375,757.4749755859375,725.3082885742188,30252364
2023-10-20,752.5,763.5,752.5,761.4000244140625,729.066650390625,21094010
2023-10-23,761.75,764.375,750.0499877929688,753.0250244140625,721.0474243164062,22376136
2023-10-25,760.5,761.4000244140625,745.7249755859375,748.25,716.47509765625,28311996
2023-10-26,745.625,746.0,730.125,731.7000122070312,700.6279296875,55561798
2023-10-27,734.75,739.0,733.4500122070312,734.5750122070312,703.380859375,31940532
2023-10-30,731.625,744.9749755859375,730.9500122070312,742.5499877929688,711.0171508789062,23310982
2023-10-31,752.0,752.0,737.0,738.25,706.8997802734375,32634824
2023-11-01,731.125,738.7249755859375,731.125,737.25,705.9421997070312,33877466
2023-11-02,742.5,745.25,733.5750122070312,738.375,707.0194702148438,45225154
2023-11-03,744.0,745.7000122070312,740.8250122070312,741.875,710.3707885742188,18095340
2023-11-06,749.0,749.0,741.5,747.25,715.517578125,25593730
2023-11-07,747.0,747.0,738.5999755859375,743.625,712.0464477539062,41952848
2023-11-08,741.9749755859375,746.7249755859375,740.5,745.7750244140625,714.105224609375,31399546
2023-11-09,743.0,746.2999877929688,741.75,742.8250122070312,711.2805786132812,22116740
2023-11-10,740.0499877929688,748.0,740.0250244140625,745.75,714.081298828125,14015186
2023-11-13,746.0499877929688,747.9749755859375,742.9500122070312,744.4000244140625,712.78857421875,20605914
2023-11-15,752.0499877929688,755.4749755859375,750.2750244140625,752.2000122070312,720.2573852539062,41245460
2023-11-16,754.8499755859375,759.5,751.875,754.1749877929688,722.1484375,29713838
2023-11-17,745.0,753.75,744.5,752.5499877929688,720.5924682617188,23701874
2023-11-20,756.5,756.5,750.7750244140625,752.5999755859375,720.640380859375,19331452
2023-11-21,759.5,761.0,756.0499877929688,758.9749755859375,726.74462890625,24959972
2023-11-22,760.0,760.0,751.7750244140625,756.2750244140625,724.1593017578125,29123650
2023-11-23,754.25,761.9249877929688,754.25,760.6500244140625,728.3485717773438,13046220
2023-11-24,760.5999755859375,766.5750122070312,759.9249877929688,766.0499877929688,733.5191650390625,16469192
2023-11-28,767.5999755859375,768.625,762.9000244140625,764.3250122070312,731.8674926757812,28489338
2023-11-29,766.9500122070312,781.5,766.5,779.5750122070312,746.4698486328125,34042488
2023-11-30,784.5750122070312,786.2249755859375,771.0750122070312,779.4000244140625,746.3023071289062,69491440
2023-12-01,778.9500122070312,782.875,776.0499877929688,777.7000122070312,744.6744384765625,22153536
2023-12-04,794.0,806.0,786.8250122070312,804.7000122070312,770.5279541015625,50662456
2023-12-05,818.25,819.5,808.25,811.8499755859375,777.374267578125,52230820
2023-12-06,819.2249755859375,819.2249755859375,808.3250122070312,813.9000244140625,779.3372802734375,38613060
2023-12-07,812.5,817.0,808.0999755859375,815.2249755859375,780.6058959960938,20450386
2023-12-08,815.2249755859375,827.5,815.2249755859375,826.5999755859375,791.4979248046875,33728038
2023-12-11,825.0250244140625,831.8499755859375,823.5,825.5,790.4446411132812,23187620
2023-12-12,827.0999755859375,828.125,815.9249877929688,817.2999877929688,782.5928344726562,36581476
2023-12-13,816.2249755859375,818.0,807.5499877929688,815.4500122070312,780.8214721679688,29346914
2023-12-14,823.0,829.4749755859375,822.5,825.0750122070312,790.0377197265625,35172366
2023-12-15,825.0,834.0,823.2999877929688,828.2750244140625,793.101806640625,138837130
2023-12-18,830.3499755859375,832.3499755859375,825.4749755859375,827.8499755859375,792.69482421875,18014754
2023-12-19,825.0,829.3250122070312,822.0250244140625,826.4500122070312,791.3543701171875,24008446
2023-12-20,829.0,834.4749755859375,822.2249755859375,828.5,793.3172607421875,34232520
2023-12-21,828.5,844.875,825.125,843.3499755859375,807.5365600585938,36589240
2023-12-22,841.7999877929688,842.9500122070312,833.5499877929688,835.4249877929688,799.9481811523438,48578850
2023-12-26,836.625,842.9749755859375,834.2750244140625,841.2249755859375,805.5018310546875,18045856
2023-12-27,840.75,853.25,839.2999877929688,851.6500244140625,815.4841918945312,27009078
2023-12-28,854.6500244140625,860.7000122070312,851.0,852.625,816.417724609375,44076470
2023-12-29,848.5,857.4500122070312,848.0,854.625,818.3328247070312,25011426
2024-01-01,853.0,854.5750122070312,846.0,849.0499877929688,812.9945678710938,14239686
2024-01-02,849.4000244140625,851.4000244140625,844.3499755859375,849.5499877929688,813.4733276367188,29242092
2024-01-03,851.0,852.3499755859375,834.4749755859375,836.4500122070312,800.9296264648438,28389762
2024-01-04,839.0,847.4749755859375,835.3499755859375,845.4249877929688,809.5234985351562,26734056
2024-01-05,843.5750122070312,852.4500122070312,834.0499877929688,841.0999755859375,805.382080078125,31889470
2024-01-08,839.25,841.1749877929688,830.0,831.7249755859375,796.4052124023438,17998470
2024-01-09,833.5750122070312,838.9000244140625,823.375,825.25,790.2052612304688,25326888
2024-01-10,821.5,829.9749755859375,820.7000122070312,827.9749755859375,792.8145141601562,16115824
2024-01-11,830.0,831.4500122070312,821.5,824.5,789.487060546875,18314010
2024-01-12,826.0,828.0,816.7999877929688,820.5999755859375,785.7527465820312,19773552
2024-01-15,823.8499755859375,840.4500122070312,821.7999877929688,836.4000244140625,800.8817749023438,28320356
2024-01-16,836.5,841.8250122070312,829.0499877929688,839.5750122070312,803.9219970703125,25322500
2024-01-17,785.0,798.4000244140625,764.2000122070312,768.75,736.1046142578125,170145236
2024-01-18,747.0,757.5,740.0250244140625,743.0750122070312,711.5198974609375,161070930
2024-01-19,752.9749755859375,755.125,734.2000122070312,735.3250122070312,704.0989379882812,109600538
2024-01-23,732.5,737.3499755859375,712.5,713.6749877929688,683.3682861328125,115469402
2024-01-24,690.125,729.2249755859375,690.125,727.9500122070312,697.037109375,86004404
2024-01-25,726.25,728.6749877929688,709.7000122070312,717.4500122070312,686.9830932617188,98941852
2024-01-29,724.0250244140625,731.4000244140625,722.9000244140625,727.3250122070312,696.438720703125,65645498
2024-01-30,727.2750244140625,731.5999755859375,720.4500122070312,722.1500244140625,691.4835205078125,41728768
2024-01-31,719.75,737.4749755859375,718.4000244140625,731.2750244140625,700.2210083007812,65761040
2024-02-01,732.5250244140625,736.7999877929688,728.0250244140625,733.1749877929688,702.0402221679688,32690740
2024-02-02,737.5,740.4249877929688,721.0250244140625,723.0750122070312,692.3692016601562,44867754
2024-02-05,723.0,725.9500122070312,717.0250244140625,722.4249877929688,691.7467651367188,38605046
2024-02-06,722.7750244140625,724.8499755859375,716.2999877929688,722.0499877929688,691.3876953125,41075740
2024-02-07,726.5,726.9000244140625,713.3250122070312,714.9749755859375,684.6131591796875,54837086
2024-02-08,714.9249877929688,719.4749755859375,700.25,701.5250244140625,671.7343139648438,69106124
2024-02-09,696.0750122070312,707.0999755859375,693.5,701.7999877929688,671.9976196289062,56642124
2024-02-12,699.8250122070312,706.8250122070312,691.6749877929688,695.0,665.4863891601562,34447812
2024-02-13,695.9749755859375,702.1749877929688,692.1749877929688,697.2249755859375,667.6168823242188,57580994
2024-02-14,688.0,695.75,681.7750244140625,692.0250244140625,662.6378173828125,91320810
2024-02-15,692.5,707.75,692.1749877929688,707.0250244140625,677.000732421875,41584944
2024-02-16,711.9500122070312,713.8499755859375,704.2249755859375,709.9500122070312,679.801513671875,32175742
2024-02-19,714.5,714.5,707.5999755859375,708.5499877929688,678.4609985351562,34451756
2024-02-20,707.5,728.625,705.9000244140625,727.1500244140625,696.2711791992188,56133508
2024-02-21,732.0,732.0,717.5,719.5750122070312,689.017822265625,45893136
2024-02-22,708.875,714.4000244140625,706.0999755859375,709.7750244140625,679.6339721679688,50560882
2024-02-23,711.2750244140625,716.9500122070312,709.0,710.2999877929688,680.1366577148438,29833452
2024-02-26,706.7750244140625,717.4249877929688,706.7750244140625,711.1500244140625,680.9505615234375,23506870
2024-02-27,706.7750244140625,713.3499755859375,706.5250244140625,710.0750122070312,679.9212646484375,32087150
2024-02-28,710.0750122070312,712.0999755859375,702.0,704.7000122070312,674.7744750976562,25321986
2024-02-29,701.0499877929688,705.2000122070312,698.6500244140625,701.7000122070312,671.9019165039062,53295700
2024-03-01,700.0,716.375,700.0,715.375,684.9961547851562,34738898
2024-03-04,715.4749755859375,718.5,712.1500244140625,716.3499755859375,685.9296875,35616474
2024-03-05,711.0,721.5,710.8250122070312,720.4249877929688,689.8316650390625,37991672
2024-03-06,716.7750244140625,726.4249877929688,716.7750244140625,721.2999877929688,690.6695556640625,42409530
2024-03-07,722.75,725.5250244140625,720.7000122070312,723.0499877929688,692.34521484375,49348046
2024-03-11,715.0,722.9749755859375,711.5,713.9000244140625,683.5838012695312,50531094
2024-03-12,717.0,732.0,714.625,729.7750244140625,698.78466796875,65418454
2024-03-13,732.75,735.7999877929688,725.0499877929688,730.2000122070312,699.1915893554688,63067454
2024-03-14,731.0499877929688,733.0,722.1500244140625,727.7249755859375,696.8217163085938,52432158
2024-03-15,725.0,729.6500244140625,721.125,726.3250122070312,695.4811401367188,143613804
2024-03-18,723.5,728.0,717.9000244140625,723.0250244140625,692.3212890625,21437856
2024-03-19,717.75,726.2000122070312,717.75,724.6749877929688,693.9012451171875,36183594
2024-03-20,724.5250244140625,725.8250122070312,712.3250122070312,715.5250244140625,685.1398315429688,43606094
2024-03-21,721.2999877929688,725.625,719.1500244140625,722.875,692.1776733398438,28922860
2024-03-22,720.5,725.375,718.875,721.4249877929688,690.7891845703125,45980326
2024-03-26,713.5999755859375,718.9749755859375,711.0750122070312,712.7000122070312,682.4347534179688,56844290
2024-03-27,711.7750244140625,723.9749755859375,710.625,720.3499755859375,689.7598266601562,62168668
2024-03-28,720.3499755859375,730.25,720.3499755859375,723.9500122070312,693.20703125,55592142
2024-04-01,729.0,736.9000244140625,727.7999877929688,735.25,704.027099609375,25199570
2024-04-02,732.5750122070312,747.4249877929688,731.625,740.0750122070312,708.6472778320312,41225446
2024-04-03,736.0499877929688,747.8250122070312,735.7000122070312,741.1500244140625,709.6765747070312,45584386
2024-04-04,752.0,765.0,752.0,763.7999877929688,731.36474609375,88935066
2024-04-05,769.5,777.25,765.0750122070312,774.7750244140625,741.8737182617188,59055902
2024-04-08,777.4749755859375,778.625,770.7750244140625,773.2999877929688,740.4613647460938,20482940
2024-04-09,777.4249877929688,777.4249877929688,770.1500244140625,774.2750244140625,741.3949584960938,21884494
2024-04-10,774.9500122070312,774.9500122070312,766.4749755859375,768.1749877929688,735.553955078125,27807400
2024-04-12,760.5,764.9249877929688,756.7249755859375,759.4749755859375,727.2234497070312,41084208
2024-04-15,748.7750244140625,755.0,746.0250244140625,747.3499755859375,715.61328125,23415248
2024-04-16,743.5,756.4500122070312,741.125,754.625,722.5794067382812,20744886
2024-04-18,754.9000244140625,759.4249877929688,745.5250244140625,747.3499755859375,715.61328125,34234884
2024-04-19,743.2750244140625,767.4749755859375,740.125,765.6500244140625,733.13623046875,34576434
2024-04-22,778.7000122070312,778.7000122070312,754.1500244140625,756.0999755859375,723.99169921875,42298438
2024-04-23,763.1500244140625,763.25,751.625,753.7999877929688,721.7893676757812,26827060
2024-04-24,757.5,760.875,754.5250244140625,755.8499755859375,723.7523193359375,22441580
2024-04-25,753.125,759.8499755859375,753.125,755.375,723.2975463867188,35445204
2024-04-26,759.9000244140625,764.0,752.7750244140625,754.9000244140625,722.8427734375,24854694
2024-04-29,757.5,767.2249755859375,753.2750244140625,764.75,732.2744140625,36093350
2024-04-30,764.5999755859375,769.75,757.4500122070312,760.0499877929688,727.7740478515625,52307382
2024-05-02,761.0,768.5,760.1749877929688,766.125,733.591064453125,33475006
2024-05-03,766.625,770.2999877929688,753.5999755859375,759.7999877929688,727.53466796875,31865242
2024-05-06,761.0,767.25,758.5750122070312,761.3250122070312,728.9948120117188,28793396
2024-05-07,760.9749755859375,762.0250244140625,752.0750122070312,753.0750122070312,721.09521484375,28480602
2024-05-08,747.9749755859375,748.4749755859375,740.1749877929688,741.3250122070312,709.84423828125,41687862
2024-05-09,737.4749755859375,743.375,722.6500244140625,723.75,693.0155029296875,46281278
2024-05-10,719.5,725.9749755859375,713.4000244140625,718.9500122070312,697.8200073242188,27276608
2024-05-13,716.0,729.9000244140625,715.1500244140625,727.625,706.2400512695312,27047202
2024-05-14,726.125,732.75,725.1500244140625,730.4749755859375,709.0062866210938,25665142
2024-05-15,729.8499755859375,729.8499755859375,717.9000244140625,719.25,698.1112060546875,38931996
2024-05-16,723.0250244140625,731.2750244140625,717.75,730.125,708.6665649414062,34945236
2024-05-17,723.0999755859375,734.0,723.0999755859375,732.0499877929688,710.5349731445312,20920190
2024-05-21,725.0499877929688,734.8499755859375,725.0499877929688,729.4000244140625,707.962890625,43769978
2024-05-22,728.9249877929688,732.7999877929688,724.0750122070312,729.5999755859375,708.156982421875,39996278
2024-05-23,729.3250122070312,747.8250122070312,728.5250244140625,746.2999877929688,724.3661499023438,40861920
2024-05-24,743.75,759.9500122070312,743.0,758.5999755859375,736.3046875,31060206
2024-05-27,761.6749877929688,772.5,759.5250244140625,763.8499755859375,741.400390625,29385440
2024-05-28,765.0499877929688,768.0250244140625,762.4000244140625,765.25,742.75927734375,27908904
2024-05-29,759.0,761.9249877929688,750.625,754.1500244140625,731.9854736328125,35147706
2024-05-30,749.5999755859375,761.7999877929688,748.8250122070312,757.4249877929688,735.1642456054688,33755350
2024-05-31,759.5,768.0,757.0,765.7750244140625,743.2688598632812,74079588
2024-06-03,799.5,799.5,775.0,786.0999755859375,762.9964599609375,72637256
2024-06-04,778.5,779.5,727.0,741.5750122070312,719.7800903320312,89531240
2024-06-05,747.0250244140625,779.7999877929688,741.1749877929688,775.9000244140625,753.0963134765625,81631650
2024-06-06,782.4500122070312,782.7249755859375,773.2999877929688,779.8499755859375,756.9301147460938,46422870
2024-06-07,780.5250244140625,792.1749877929688,776.0250244140625,786.6749877929688,763.5545043945312,36712216
2024-06-10,787.0,790.3250122070312,778.7999877929688,780.6500244140625,757.7067260742188,22454058
2024-06-11,778.0,785.5,776.0999755859375,782.4000244140625,759.4052124023438,29545326
2024-06-12,787.5,794.1500244140625,783.2000122070312,787.0750122070312,763.9428100585938,39280436
2024-06-13,790.875,792.8499755859375,787.0,790.375,767.1458129882812,24120192
2024-06-14,792.0,799.5,788.8499755859375,798.4500122070312,774.9835205078125,25540554
2024-06-18,798.4500122070312,805.25,794.7249755859375,803.9000244140625,780.2733764648438,32415714
2024-06-19,806.7000122070312,834.9500122070312,802.0,828.9249877929688,804.5628051757812,90131196
2024-06-20,834.9000244140625,840.7249755859375,826.0,834.6749877929688,810.1438598632812,41408742
2024-06-21,836.4249877929688,836.4249877929688,821.5750122070312,832.875,808.3967895507812,51630776
2024-06-24,823.5,837.5499877929688,822.875,836.2000122070312,811.6240234375,28544994
2024-06-25,835.5499877929688,858.4749755859375,835.5499877929688,855.6749877929688,830.5266723632812,74521548
2024-06-26,853.9749755859375,855.4500122070312,845.5499877929688,850.75,825.7464599609375,47596666
2024-06-27,848.0499877929688,856.5,843.2999877929688,848.0750122070312,823.1500244140625,55074650
2024-06-28,848.7999877929688,853.2999877929688,839.5,841.9000244140625,817.1565551757812,26476046
2024-07-01,840.0,853.6500244140625,840.0,852.5999755859375,827.5419921875,21187024
2024-07-02,857.5,867.4500122070312,851.375,865.2999877929688,839.8687744140625,45921690
2024-07-03,895.5,897.0,882.3250122070312,884.3250122070312,858.3346557617188,123217802
2024-07-04,879.875,879.875,862.4249877929688,863.5750122070312,838.1945190429688,45848658
2024-07-05,842.5,842.5,821.0999755859375,824.0499877929688,799.8310546875,82242548
2024-07-08,822.6500244140625,827.4749755859375,813.5750122070312,817.6749877929688,793.6434326171875,39087800
2024-07-09,812.5,823.3499755859375,810.1749877929688,818.25,794.2015991210938,48550878
2024-07-10,814.9749755859375,820.0,810.375,813.0499877929688,789.1544799804688,45507182
2024-07-11,811.9749755859375,812.9249877929688,800.5,810.9500122070312,787.1161499023438,44177074
2024-07-12,811.0,819.2000122070312,805.5750122070312,811.3499755859375,787.50439453125,56049960
2024-07-15,811.75,814.9000244140625,807.5999755859375,811.0499877929688,787.2131958007812,33375694
2024-07-16,810.375,813.5,808.4000244140625,809.875,786.0726928710938,28950324
2024-07-18,804.0,811.9749755859375,799.5750122070312,807.4000244140625,783.6705322265625,33717064
2024-07-19,808.0,811.5,801.75,803.6500244140625,780.0307006835938,26002152
2024-07-22,808.5,825.5,806.3250122070312,821.2750244140625,797.1376953125,53744822
2024-07-23,823.7750244140625,823.9000244140625,802.5,809.2000122070312,785.4176025390625,52002152
2024-07-24,804.0750122070312,810.5,794.0250244140625,802.0250244140625,778.4534912109375,61728206
2024-07-25,796.5,812.5,796.5,808.2999877929688,784.5440063476562,25535732
2024-07-26,802.5,810.875,798.2249755859375,809.0750122070312,785.2962646484375,43810540
2024-07-29,807.5,815.9249877929688,799.1500244140625,802.5250244140625,778.938720703125,51001148
2024-07-30,801.0,817.375,799.5,807.7750244140625,784.0344848632812,54595834
2024-07-31,807.0,813.9500122070312,804.5999755859375,807.875,784.1314697265625,37820484
2024-08-01,811.4500122070312,825.0250244140625,808.9749755859375,819.4000244140625,795.3178100585938,26215174
2024-08-02,815.5,835.25,815.5,829.5750122070312,805.1937255859375,44119238
2024-08-05,820.0499877929688,823.0,800.5,807.875,784.1314697265625,41333634
2024-08-06,815.0,816.4749755859375,796.6500244140625,800.5999755859375,777.0702514648438,45116050
2024-08-07,808.5,815.0,801.0999755859375,811.75,787.8926391601562,42346264
2024-08-08,812.0,826.6500244140625,809.625,821.3499755859375,797.21044921875,33976950
2024-08-09,826.0,831.2750244140625,822.9000244140625,825.0999755859375,800.8502197265625,26644618
2024-08-12,826.0,837.9749755859375,823.6749877929688,830.0499877929688,805.65478515625,39316196
2024-08-13,814.0,816.2000122070312,800.5750122070312,801.5999755859375,778.0409545898438,54055042
2024-08-14,803.25,806.8499755859375,801.5999755859375,803.9000244140625,780.2733764648438,32334428
2024-08-16,814.25,817.0750122070312,805.5,816.0499877929688,792.0662231445312,27849246
2024-08-19,818.8250122070312,818.8250122070312,811.8499755859375,815.7750244140625,791.7993774414062,19502164
2024-08-20,813.7249755859375,823.0,813.7249755859375,818.8499755859375,794.783935546875,31134494
2024-08-21,814.0499877929688,817.2750244140625,808.9000244140625,812.9000244140625,789.0088500976562,47630904
2024-08-22,816.0,819.1500244140625,814.0,815.6500244140625,791.6781005859375,21300638
2024-08-23,817.0,817.0,811.5,812.5250244140625,788.6448974609375,20333422
2024-08-26,816.0999755859375,823.9749755859375,816.0999755859375,819.9749755859375,795.8758544921875,22364266
2024-08-27,821.7000122070312,823.7000122070312,816.0999755859375,818.875,794.8082275390625,35773244
2024-08-28,818.875,819.875,815.0999755859375,818.5499877929688,794.4927368164062,26921188
2024-08-29,821.0,822.2000122070312,815.5750122070312,819.2750244140625,795.1964721679688,49052604
2024-08-30,828.0,831.0,810.5750122070312,818.4500122070312,794.395751953125,445342100
2024-09-02,823.4000244140625,823.4000244140625,811.5999755859375,813.4749755859375,789.56689453125,34049680
2024-09-03,817.0,819.9749755859375,812.2999877929688,818.6749877929688,794.6140747070312,37282860
2024-09-04,819.5,822.4000244140625,816.0,820.9000244140625,796.7737426757812,24682744
2024-09-05,823.0,824.9500122070312,821.0,822.7249755859375,798.5451049804688,22876318
2024-09-06,819.1500244140625,823.875,817.0499877929688,818.4749755859375,794.419921875,26029602
2024-09-09,819.0,824.25,815.0499877929688,823.25,799.0546875,23792914
2024-09-10,827.0,827.0,819.0,825.1749877929688,800.9230346679688,26606646
2024-09-11,825.2000122070312,826.25,819.5999755859375,821.9500122070312,797.7928466796875,22226684
2024-09-12,827.0,835.0,823.5250244140625,833.2999877929688,808.8092651367188,32424046
2024-09-13,837.0,837.0,828.5250244140625,832.9749755859375,808.4937744140625,23860532
2024-09-16,833.5,838.9000244140625,832.0250244140625,835.4749755859375,810.9203491210938,15172820
2024-09-17,839.0,839.0,832.0750122070312,834.4000244140625,809.876953125,20127122
2024-09-18,835.9249877929688,849.4500122070312,835.5499877929688,847.4000244140625,822.494873046875,40917342
2024-09-19,849.5999755859375,859.5,849.5750122070312,854.25,829.1435546875,30651776
2024-09-20,858.25,872.4749755859375,853.7750244140625,870.5999755859375,845.0130004882812,60623386
2024-09-23,874.5,883.1749877929688,870.125,879.9000244140625,854.0396728515625,26965350
2024-09-24,882.5,890.8250122070312,877.125,884.0250244140625,858.0435180664062,33039036
2024-09-25,880.0750122070312,894.0,880.0750122070312,889.5499877929688,863.4060668945312,31965312
2024-09-26,886.5250244140625,894.0,884.0250244140625,891.7249755859375,865.5171508789062,31899644
2024-09-27,888.5,889.0999755859375,875.0,876.3250122070312,850.5697021484375,35613502
2024-09-30,874.4000244140625,875.7249755859375,862.2000122070312,866.0250244140625,840.572509765625,26383534
2024-10-01,862.0,871.0,860.0499877929688,863.0999755859375,837.7334594726562,24572284
2024-10-03,857.8250122070312,863.0750122070312,836.6749877929688,841.0,816.282958984375,48473398
2024-10-04,837.25,845.3250122070312,826.5,828.8250122070312,804.4657592773438,48683232
2024-10-07,826.0999755859375,829.5,806.5,808.9000244140625,785.1264038085938,94458296
2024-10-08,815.0,828.4000244140625,811.0,825.5250244140625,801.2628173828125,29734406
2024-10-09,824.75,828.375,814.3499755859375,816.5750122070312,792.5758056640625,41125642
2024-10-10,819.5,832.7249755859375,816.25,831.2000122070312,806.7709350585938,21754766
2024-10-11,832.2249755859375,832.2249755859375,821.625,825.5,801.238525390625,23672594
2024-10-14,828.0250244140625,846.0250244140625,827.0,844.0499877929688,819.2433471679688,18527508
2024-10-15,847.0,849.0,837.75,842.0499877929688,817.3021240234375,19651130
2024-10-16,840.0499877929688,853.9749755859375,840.0499877929688,849.9000244140625,824.92138671875,20470682
2024-10-17,847.4749755859375,848.8250122070312,832.5999755859375,836.5750122070312,811.988037109375,14695732
2024-10-18,831.5499877929688,845.5,827.0499877929688,840.9249877929688,816.2101440429688,24809724
2024-10-21,857.5,874.0750122070312,855.5250244140625,864.3499755859375,838.9466552734375,46548354
2024-10-22,865.0250244140625,870.0,855.3499755859375,857.2750244140625,832.07958984375,38875280
2024-10-23,852.5250244140625,873.25,852.5250244140625,867.9000244140625,842.3923950195312,38036090
2024-10-24,869.0499877929688,884.3250122070312,869.0499877929688,874.8250122070312,849.1138916015625,30832258
2024-10-25,877.5,878.9249877929688,864.3499755859375,871.7000122070312,846.0807495117188,26130478
2024-10-28,871.0,875.5,864.4500122070312,867.0999755859375,841.6158447265625,22012142
2024-10-29,863.0750122070312,882.0,862.5499877929688,875.9249877929688,850.1815185546875,35794926
2024-10-30,871.0,877.375,862.0999755859375,867.2999877929688,841.8099975585938,32715724
2024-10-31,864.0,869.4500122070312,859.7000122070312,867.8499755859375,842.3438110351562,22895912
2024-11-01,866.5,872.0499877929688,863.0499877929688,868.6500244140625,843.120361328125,1759692
2024-11-04,872.5,872.5,855.4500122070312,857.0499877929688,831.8612060546875,28089248
2024-11-05,851.5,881.3499755859375,848.9500122070312,878.9249877929688,853.0933227539062,44232406
2024-11-06,885.75,885.75,872.6749877929688,877.625,851.83154296875,27787910
2024-11-07,872.1500244140625,880.4749755859375,869.0,873.2750244140625,847.609375,18895456
2024-11-08,876.0,880.9000244140625,872.9249877929688,877.2249755859375,851.4432983398438,19902986
2024-11-11,877.2750244140625,891.4000244140625,875.5999755859375,883.1500244140625,857.1942138671875,24565362
2024-11-12,886.0,887.5,854.3250122070312,859.0999755859375,833.8509521484375,31395406
2024-11-13,858.375,864.7000122070312,836.5,840.6749877929688,815.967529296875,35728500
2024-11-14,836.5499877929688,852.4249877929688,836.0499877929688,846.375,821.5,27146470
2024-11-18,850.0,859.4500122070312,847.5,852.5499877929688,827.4934692382812,27081968
2024-11-19,857.0,876.875,851.3499755859375,871.125,845.5225219726562,50981272
2024-11-21,874.7000122070312,879.5,867.0999755859375,870.5999755859375,845.0130004882812,35716512
2024-11-22,871.7750244140625,877.1500244140625,864.7750244140625,872.7999877929688,847.1483764648438,24773612
2024-11-25,892.5250244140625,901.7750244140625,882.4500122070312,892.7999877929688,866.5604858398438,427737274
2024-11-26,905.0,905.0,884.9000244140625,892.7750244140625,866.5362548828125,30935566
2024-11-27,894.9500122070312,908.6749877929688,892.5750122070312,906.1500244140625,879.5182495117188,32714976
2024-11-28,909.5,918.0499877929688,894.0,896.5750122070312,870.224609375,35722392
2024-11-29,900.6500244140625,902.2999877929688,891.4500122070312,898.0250244140625,871.632080078125,27669536
2024-12-02,901.75,904.0750122070312,887.5,902.3499755859375,875.8298950195312,15110876
2024-12-03,911.3499755859375,918.7000122070312,908.0499877929688,913.1500244140625,886.3125,43410242
2024-12-04,919.0,932.5,915.5750122070312,930.0499877929688,902.7157592773438,44669084
2024-12-05,930.0,939.9749755859375,917.5999755859375,932.875,905.457763671875,39682714
2024-12-06,928.5,932.0999755859375,922.0,927.9249877929688,900.6531982421875,17783156
2024-12-09,926.8250122070312,940.0,924.5,935.0,907.520263671875,26947912
2024-12-10,938.8499755859375,938.8499755859375,929.2750244140625,934.0499877929688,906.5982055664062,13325480
2024-12-11,930.8499755859375,935.9500122070312,928.375,931.5499877929688,904.1716918945312,14045426
2024-12-12,925.5,934.3250122070312,924.3499755859375,929.625,902.3032836914062,17293790
2024-12-13,931.25,937.5,914.625,935.875,908.36962890625,19009002
2024-12-16,932.5499877929688,934.9749755859375,927.625,932.5999755859375,905.1907958984375,13107082
2024-12-17,928.1749877929688,931.1749877929688,913.25,916.625,889.6853637695312,21079532
2024-12-18,914.9249877929688,918.0,903.5750122070312,905.3499755859375,878.74169921875,23422312
2024-12-19,899.7999877929688,900.5499877929688,889.5,896.75,870.3944091796875,25380770
2024-12-20,891.0999755859375,898.7750244140625,883.5250244140625,885.75,859.7177734375,25692348
2024-12-23,891.0,903.0,890.6500244140625,900.5,874.0343017578125,11044592
2024-12-24,901.0250244140625,904.3499755859375,894.7750244140625,899.0499877929688,872.6268310546875,14485834
2024-12-26,899.2750244140625,906.0,890.375,895.375,869.0598754882812,10481678
2024-12-27,897.4000244140625,902.9749755859375,894.5499877929688,899.125,872.6996459960938,7259330
2024-12-30,896.0999755859375,907.5,885.5,888.9500122070312,862.82373046875,22222218
2024-12-31,885.1500244140625,890.9000244140625,882.7999877929688,886.4249877929688,860.3729248046875,14117236
2025-01-01,886.7249755859375,897.0,880.5499877929688,891.375,865.1774291992188,7313806
2025-01-02,888.5499877929688,901.7249755859375,886.5,896.875,870.5157470703125,18558576
2025-01-03,895.5,897.625,873.1500244140625,874.5999755859375,848.8954467773438,24426194
2025-01-06,870.0499877929688,878.5999755859375,852.9000244140625,855.25,830.1141357421875,18816348
2025-01-07,857.5,860.5,850.0,856.7000122070312,831.5215454101562,13527906
2025-01-08,854.125,855.8250122070312,841.6749877929688,847.1500244140625,822.252197265625,19738190
2025-01-09,842.0750122070312,844.5,829.0499877929688,833.9000244140625,809.3916625976562,40420222
2025-01-10,835.5,837.4500122070312,827.0,828.375,804.0289916992188,17453280
2025-01-13,820.0,823.375,812.1500244140625,815.4249877929688,791.4596557617188,21669066
2025-01-14,819.9500122070312,828.0999755859375,818.5,823.2999877929688,799.1031494140625,26661432
2025-01-15,828.25,831.3499755859375,818.1500244140625,821.5250244140625,797.3803100585938,14022892
2025-01-16,826.4249877929688,830.2750244140625,821.4249877929688,826.0250244140625,801.7481079101562,21212454
2025-01-17,821.75,825.25,814.25,818.375,794.3229370117188,23112076
2025-01-20,813.0,830.4749755859375,813.0,825.625,801.3598022460938,17557618
2025-01-21,829.125,830.5250244140625,816.5250244140625,821.2000122070312,797.0648803710938,31158144
2025-01-22,821.2000122070312,835.9500122070312,812.7249755859375,833.0250244140625,808.5423583984375,30619306
2025-01-23,843.5,843.5,825.625,832.4500122070312,807.9842529296875,34909158
2025-01-24,830.0,835.1500244140625,822.25,824.9000244140625,800.6561889648438,24236200
2025-01-27,820.5499877929688,821.7999877929688,813.0,814.9000244140625,790.9500122070312,22804166
2025-01-28,823.5,842.1500244140625,823.5,835.2000122070312,810.6534423828125,30179312
2025-01-29,837.5,840.5750122070312,834.4249877929688,838.6500244140625,814.0020141601562,12619890
2025-01-30,840.5,848.9500122070312,836.2750244140625,845.75,820.8933715820312,25744846
2025-01-31,843.625,852.3499755859375,841.9749755859375,849.375,824.4118041992188,15821686
2025-02-01,848.75,856.5,838.0250244140625,845.4749755859375,820.6264038085938,5587528
2025-02-03,835.0,843.4000244140625,831.7249755859375,839.0,814.341796875,20276540
2025-02-04,844.3499755859375,862.9000244140625,840.0250244140625,860.4500122070312,835.161376953125,28616502
2025-02-05,866.5,872.0999755859375,859.4500122070312,868.9000244140625,843.363037109375,23675506
2025-02-06,867.75,874.5,862.0,871.9249877929688,846.299072265625,26760716
2025-02-07,875.0,883.5,862.5,866.375,840.9122314453125,23509600
2025-02-10,858.6500244140625,861.7249755859375,854.25,857.875,832.6619873046875,17195950
2025-02-11,851.5,855.5,844.3499755859375,850.7000122070312,825.6979370117188,22724704
2025-02-12,846.5,856.0,840.5999755859375,853.4000244140625,828.3185424804688,22809570
2025-02-13,849.5,857.125,846.7750244140625,848.8499755859375,823.9022216796875,12602434
2025-02-14,850.9500122070312,850.9500122070312,840.0,847.4249877929688,822.5191040039062,19959892
2025-02-17,842.5999755859375,860.0,840.625,858.6749877929688,833.4384765625,12938946
2025-02-18,856.5250244140625,865.7750244140625,853.0750122070312,861.5250244140625,836.2047119140625,16350910
2025-02-19,858.5,868.9500122070312,856.2249755859375,863.5999755859375,838.2186889648438,11884112
2025-02-20,855.5,857.3499755859375,842.6500244140625,843.5499877929688,818.758056640625,26390510
2025-02-21,840.4500122070312,847.4749755859375,838.625,846.25,821.378662109375,15680940
2025-02-24,840.5499877929688,842.0999755859375,830.5499877929688,838.5499877929688,813.9049072265625,20693646
2025-02-25,835.5499877929688,844.0,835.5499877929688,841.1749877929688,816.4527587890625,24138708
2025-02-27,841.2750244140625,855.375,841.2750244140625,850.3499755859375,825.3580932617188,35786800
2025-02-28,842.5,868.625,842.5,866.2000122070312,840.7423095703125,54516728
2025-03-03,869.9000244140625,871.5250244140625,847.0499877929688,850.7750244140625,825.7706909179688,21205364
2025-03-04,849.0,857.1500244140625,846.625,855.0,829.8714599609375,19920958
2025-03-05,850.9749755859375,855.4000244140625,844.125,845.0,820.1654052734375,21583872
2025-03-06,843.5,849.9500122070312,836.125,845.5999755859375,820.7477416992188,32966088
2025-03-07,841.0,850.5750122070312,838.7999877929688,844.625,819.8014526367188,13372914
2025-03-10,844.5,849.9500122070312,841.5250244140625,843.75,818.9521484375,15604050
2025-03-11,841.2000122070312,847.0,835.0250244140625,842.75,817.9815063476562,19898430
2025-03-12,845.7750244140625,859.25,845.7750244140625,855.5750122070312,830.4296875,18784106
2025-03-13,858.0250244140625,860.4000244140625,850.0250244140625,853.2999877929688,828.2214965820312,15736264
2025-03-17,852.5,862.0,852.5,855.2000122070312,830.0656127929688,18950652
2025-03-18,855.2000122070312,855.2000122070312,855.2000122070312,855.2000122070312,830.0656127929688,0
2025-03-19,867.5,875.5,866.0999755859375,872.0499877929688,846.42041015625,15221406
2025-03-20,877.0,887.0,874.6500244140625,884.375,858.3831787109375,17833978
2025-03-21,877.7750244140625,887.0499877929688,877.7750244140625,885.1749877929688,859.1596069335938,33508264
2025-03-24,889.5,902.2000122070312,886.8250122070312,900.0,873.5489501953125,17393736
2025-03-25,902.4500122070312,921.8499755859375,900.75,910.7249755859375,883.9586791992188,39101416
2025-03-26,912.5,913.75,901.0,903.2750244140625,876.7277221679688,24478442
2025-03-27,900.0,920.5,899.0499877929688,912.6749877929688,885.8513793945312,41658100
2025-03-28,914.5,918.0,902.9249877929688,914.0999755859375,887.2345581054688,28773648
2025-04-01,901.0,904.9500122070312,882.6749877929688,883.9249877929688,857.9464111328125,28511006
2025-04-02,885.3499755859375,899.5999755859375,885.3499755859375,898.4500122070312,872.0444946289062,11573564
2025-04-03,890.5499877929688,902.0,888.5,897.4249877929688,871.0496215820312,11250038
2025-04-04,906.5,920.9749755859375,905.5499877929688,908.6500244140625,881.9447021484375,33540454
2025-04-07,881.4000244140625,889.9249877929688,869.0999755859375,878.8499755859375,853.0205688476562,37995450
2025-04-08,882.5,891.0,875.1500244140625,884.5750122070312,858.5773315429688,35563872
2025-04-09,882.5,887.5,876.75,882.5,856.5632934570312,22454608
2025-04-11,887.375,909.7000122070312,887.375,903.375,876.82470703125,32775766
2025-04-15,932.5,938.4000244140625,927.5,932.4500122070312,905.0452270507812,49298344
2025-04-16,941.9000244140625,941.9000244140625,930.25,939.0,911.4027709960938,19136820
2025-04-17,941.0,959.8499755859375,938.3499755859375,953.3499755859375,925.3309326171875,35703084
2025-04-21,962.0,975.3499755859375,955.0,963.5499877929688,935.231201171875,34247298
2025-04-22,967.5,985.2999877929688,967.5,980.8499755859375,952.0227661132812,45961750
2025-04-23,989.4500122070312,989.4500122070312,960.25,961.9500122070312,933.6782836914062,30570642
2025-04-24,955.0,961.9500122070312,952.5499877929688,958.4000244140625,930.2325439453125,25931754
2025-04-25,962.4000244140625,966.5,945.9000244140625,955.5999755859375,927.5148315429688,18500878
2025-04-28,955.5999755859375,964.8499755859375,954.2000122070312,960.0999755859375,931.882568359375,13920492
2025-04-29,959.4000244140625,964.4000244140625,950.0999755859375,954.4000244140625,926.3501586914062,18918308
2025-04-30,956.5,968.4500122070312,955.1500244140625,962.5,934.2120361328125,31936870
2025-05-02,964.9000244140625,970.9500122070312,960.0,960.9500122070312,932.7076416015625,17840404
2025-05-05,969.5,976.0,966.1500244140625,968.4000244140625,939.9386596679688,15068024
2025-05-06,965.0,970.0499877929688,962.1500244140625,965.8499755859375,937.463623046875,17490156
2025-05-07,967.0,974.3499755859375,961.2000122070312,972.7999877929688,944.2094116210938,21420778
2025-05-08,977.4000244140625,977.4000244140625,959.5499877929688,964.25,935.91064453125,34803430
2025-05-09,955.0499877929688,959.5,943.4000244140625,944.8499755859375,917.080810546875,17188796
2025-05-12,958.7999877929688,979.9500122070312,956.1500244140625,978.5999755859375,949.8388671875,18618972
2025-05-13,975.0,980.8499755859375,960.0,961.2999877929688,933.04736328125,24242102
2025-05-14,961.0499877929688,965.0999755859375,951.5,955.2999877929688,927.2236938476562,15445308
2025-05-15,956.75,972.4000244140625,948.5,966.9000244140625,938.4827270507812,32241458
2025-05-16,966.9000244140625,971.9000244140625,964.2000122070312,967.3499755859375,938.9194946289062,15868010
2025-05-19,968.5,972.5,965.5,969.3499755859375,940.8607177734375,10202964
2025-05-20,964.0499877929688,967.2999877929688,956.5,957.4500122070312,929.3104858398438,23879090
2025-05-21,963.5,973.4500122070312,960.5499877929688,963.4000244140625,935.0856323242188,15132040
2025-05-22,957.5999755859375,962.0999755859375,952.5999755859375,959.9500122070312,931.7369995117188,21306670
2025-05-23,960.0499877929688,968.5,957.25,966.7999877929688,938.3856811523438,9566072
2025-05-26,967.5,974.9500122070312,963.4500122070312,970.0999755859375,941.588623046875,10802860
2025-05-27,965.7999877929688,974.0,958.1500244140625,963.1500244140625,934.8429565429688,26162148
2025-05-28,960.0999755859375,967.25,958.8499755859375,961.75,933.484130859375,18157594
2025-05-29,964.0,970.4000244140625,953.6500244140625,963.75,935.4253540039062,28917794
2025-05-30,965.9500122070312,974.4000244140625,962.7000122070312,972.4500122070312,943.86962890625,28748078
2025-06-02,965.0499877929688,968.0,954.0,966.0499877929688,937.6577758789062,14668822
2025-06-03,969.0,976.0,960.0,962.2999877929688,934.0179443359375,24377584
2025-06-04,960.5,971.6500244140625,960.4500122070312,970.5999755859375,942.0740356445312,12961542
2025-06-05,974.0,979.4500122070312,970.0999755859375,974.7999877929688,946.1505126953125,22255418
2025-06-06,972.0,998.1500244140625,971.3499755859375,989.3499755859375,960.27294921875,30127008
2025-06-09,997.5,997.5,987.9500122070312,989.4500122070312,960.3700561523438,13202588
2025-06-10,991.4000244140625,991.4000244140625,980.5499877929688,982.6500244140625,953.7698974609375,15533126
2025-06-11,983.7999877929688,983.7999877929688,973.5,975.2000122070312,946.5388793945312,11096394
2025-06-12,975.0,980.5,967.6500244140625,971.7000122070312,943.1417236328125,16349130
2025-06-13,960.0,966.5,956.5,958.7999877929688,930.620849609375,12117762
2025-06-16,962.0,969.4500122070312,960.0499877929688,967.7000122070312,939.2592163085938,16513746
2025-06-17,968.5,970.7999877929688,959.5499877929688,964.7999877929688,936.4444580078125,16978736
2025-06-18,958.5,968.1500244140625,958.5,966.9500122070312,938.5313110351562,18433816
2025-06-19,966.9500122070312,973.4000244140625,962.7999877929688,967.6500244140625,939.210693359375,16876220
2025-06-20,965.7999877929688,984.9500122070312,965.7999877929688,982.3499755859375,953.4786987304688,32900408
2025-06-23,974.2000122070312,978.9500122070312,970.9000244140625,974.2000122070312,945.5681762695312,11739518
2025-06-24,982.5,989.5,977.7999877929688,980.4500122070312,951.634521484375,22625322
2025-06-25,983.0,991.0,981.9500122070312,990.0999755859375,961.0009155273438,18405932
2025-06-26,990.7000122070312,1013.5499877929688,990.0,1010.9000244140625,981.1896362304688,50084830
2025-06-27,1006.5,1009.9000244140625,996.7000122070312,1007.4500122070312,988.5983276367188,28213384
2025-06-30,1005.75,1006.9000244140625,997.75,1000.75,982.023681640625,13649020
2025-07-01,1002.5,1008.0,1002.0,1006.0499877929688,987.2244873046875,14389386
2025-07-02,1009.9500122070312,1009.9500122070312,988.9500122070312,993.0,974.418701171875,18878250
2025-07-03,997.4500122070312,1004.0,992.1500244140625,993.5499877929688,974.9583740234375,16860506
2025-07-04,993.5499877929688,1001.75,990.0,994.6500244140625,976.037841796875,7863944
2025-07-07,994.5,999.2000122070312,991.9000244140625,993.7000122070312,975.1055908203125,11349426
2025-07-08,988.5,1002.5,988.5,1000.7000122070312,981.974609375,15224316
2025-07-09,1003.5,1006.9000244140625,999.0499877929688,1005.5999755859375,986.7828979492188,13861428
2025-07-10,1008.0,1008.5,1000.0,1003.0999755859375,984.3296508789062,17030310
2025-07-11,999.0,1002.4000244140625,990.4500122070312,991.8499755859375,973.2901611328125,12516922
2025-07-14,991.5,994.3499755859375,985.2999877929688,991.5,972.94677734375,13088850
2025-07-15,986.5,1001.7999877929688,986.5,997.75,979.079833984375,14498168
2025-07-16,1009.0,1011.3499755859375,996.2999877929688,998.1500244140625,979.4723510742188,17994612
2025-07-17,1002.0,1002.4000244140625,991.3499755859375,993.4500122070312,974.8602905273438,22529158
2025-07-18,993.4500122070312,998.5,976.5,978.7000122070312,960.3862915039062,16129446
2025-07-21,989.0999755859375,1001.0,988.25,1000.25,981.5330200195312,22309078
2025-07-22,1006.5499877929688,1009.0,1001.5,1003.5499877929688,984.771240234375,14836814
2025-07-23,1005.5,1014.9000244140625,1001.5,1012.1500244140625,993.2103881835938,13634916
2025-07-24,1018.8499755859375,1018.8499755859375,1004.2000122070312,1007.0999755859375,988.2548217773438,19107176
2025-07-25,1007.5,1007.5,999.5,1002.2999877929688,985.9922485351562,9306598
2025-07-28,1001.5,1010.7000122070312,1000.25,1004.25,987.9105224609375,12059580
2025-07-29,999.9500122070312,1013.25,998.1500244140625,1010.7999877929688,994.3539428710938,19895696
2025-07-30,1014.0,1016.2999877929688,1008.5,1012.9000244140625,996.4197998046875,15154036
2025-07-31,1007.2999877929688,1015.7000122070312,1004.0,1009.0999755859375,992.6815795898438,22183032
2025-08-01,1007.0,1014.1500244140625,1004.6500244140625,1006.0999755859375,989.7304077148438,11317258
2025-08-04,1005.0499877929688,1009.25,994.0499877929688,996.0,979.7947387695312,13933946
2025-08-05,993.25,997.2000122070312,982.75,988.7999877929688,972.7118530273438,23978058
2025-08-06,985.5499877929688,994.0,985.0,992.6500244140625,976.499267578125,14080204
2025-08-07,990.0499877929688,1000.7999877929688,988.4000244140625,997.7000122070312,981.4671020507812,13081186
2025-08-08,993.5499877929688,996.4000244140625,985.0,986.9500122070312,970.8920288085938,13895264
2025-08-11,987.9500122070312,998.7999877929688,986.5499877929688,997.7999877929688,981.5654296875,9105854
2025-08-12,995.9500122070312,998.0,983.75,984.9500122070312,968.924560546875,12937802
2025-08-13,997.0,997.0,984.5499877929688,990.1500244140625,974.0399169921875,13577396
2025-08-14,989.0,998.0,985.5999755859375,995.5499877929688,979.35205078125,17511716
2025-08-18,1005.0,1013.2999877929688,997.7999877929688,1001.7999877929688,985.5003662109375,19284796
2025-08-19,999.1500244140625,1003.0499877929688,993.3499755859375,995.5499877929688,979.35205078125,12352438
2025-08-20,993.5,996.0,989.5,994.0999755859375,977.9256591796875,9950228
2025-08-21,998.75,998.75,991.5999755859375,995.5999755859375,979.4012451171875,12439850
2025-08-22,994.9500122070312,998.0,978.5499877929688,982.2999877929688,966.317626953125,19833502
2025-08-25,980.0999755859375,988.7000122070312,978.5,982.0499877929688,966.0717163085938,17518044
2025-08-26,979.5,985.7000122070312,968.0,973.4000244140625,957.5625,16917731
2025-08-28,967.0,972.2000122070312,955.0,957.7999877929688,942.2162475585938,25438255
2025-08-29,954.0,963.2999877929688,950.0999755859375,951.5999755859375,936.1171264648438,14823813
2025-09-01,949.5999755859375,957.4500122070312,946.3499755859375,950.5999755859375,935.1333618164062,20178344
2025-09-02,951.0,954.7999877929688,944.0,944.5,929.1326904296875,14196320
2025-09-03,945.0,956.2999877929688,940.0,954.4500122070312,938.9207763671875,16083481
2025-09-04,960.2000122070312,965.7000122070312,956.25,961.25,945.610107421875,17597657
2025-09-05,967.5,967.5,954.0499877929688,963.4000244140625,947.7251586914062,11602111
2025-09-08,969.0,973.1500244140625,960.4500122070312,966.0,950.2828369140625,11711307
2025-09-09,974.0,974.4000244140625,962.7000122070312,965.1500244140625,949.4467163085938,13985539
2025-09-10,973.9000244140625,973.9000244140625,961.7000122070312,965.9000244140625,950.1845092773438,18091100
2025-09-11,960.2999877929688,969.25,959.9000244140625,967.7999877929688,952.0535278320312,15113633
2025-09-12,969.9000244140625,970.75,962.25,967.2999877929688,951.5617065429688,14363519
2025-09-15,969.5999755859375,972.3499755859375,965.0,967.0499877929688,951.3157348632812,14486377
2025-09-16,961.2000122070312,969.3499755859375,961.2000122070312,966.8499755859375,951.1190185546875,18661794
2025-09-17,965.1500244140625,974.4000244140625,964.3499755859375,966.5,950.7747192382812,17361476
2025-09-18,973.2999877929688,979.6500244140625,969.25,976.9000244140625,961.0055541992188,17791598
2025-09-19,974.9000244140625,976.7000122070312,962.0999755859375,966.9000244140625,951.168212890625,31243267
2025-09-22,964.0,971.2000122070312,961.9500122070312,964.2000122070312,948.5121459960938,10854415
2025-09-23,967.0,968.2000122070312,955.5,957.2000122070312,941.6260375976562,21022298
2025-09-24,952.2000122070312,956.4500122070312,943.0,951.0499877929688,935.5761108398438,15117220
2025-09-25,952.5,958.0,947.4000244140625,949.8499755859375,934.3955688476562,31413279
2025-09-26,945.0999755859375,951.4500122070312,941.2999877929688,945.0499877929688,929.6737060546875,14874656
2025-09-29,946.0499877929688,956.7999877929688,939.0999755859375,950.2999877929688,934.8382568359375,32398179
2025-09-30,958.0499877929688,960.0,946.2999877929688,951.0,935.5269165039062,28296687
2025-10-01,952.7000122070312,969.5999755859375,946.0,965.25,949.5450439453125,25350832
2025-10-03,952.0,966.75,952.0,965.1500244140625,949.4467163085938,26658296
2025-10-06,971.9000244140625,977.4000244140625,962.0,973.4500122070312,957.6116333007812,18542683
2025-10-07,974.0,989.8499755859375,971.0,982.5,966.514404296875,25535736
2025-10-08,976.0,985.9000244140625,974.5499877929688,978.7000122070312,962.7762451171875,15939710
2025-10-09,974.5,979.0,970.1500244140625,977.0999755859375,961.2022094726562,15370950
2025-10-10,979.0,986.2000122070312,978.0999755859375,980.9000244140625,964.9404296875,13757080
2025-10-13,974.2999877929688,981.0,972.0,977.0,961.1038818359375,18634254
2025-10-14,970.0,980.4500122070312,967.0,977.1500244140625,961.25146484375,22934382
2025-10-15,975.0,984.9000244140625,973.3499755859375,978.25,962.3335571289062,23310447
2025-10-16,982.6500244140625,996.5999755859375,981.5,994.3499755859375,978.1715698242188,22936566
2025-10-17,993.9500122070312,1009.0,986.0,1002.5499877929688,986.2381591796875,25210511
2025-10-20,997.0,1020.0,997.0,1002.9500122070312,986.6316528320312,22195202
2025-10-21,1006.0,1010.0,1004.0,1007.7000122070312,991.3043823242188,3471600
2025-10-23,1016.0,1020.5,1006.0,1008.7999877929688,992.386474609375,43526526
2025-10-24,1011.0,1011.9500122070312,991.2999877929688,994.75,978.5650634765625,17707768
2025-10-27,996.5,1009.0499877929688,996.2000122070312,1002.9500122070312,986.6316528320312,15700796
2025-10-28,997.6500244140625,1008.0,995.0,1003.5499877929688,987.2218627929688,33904289
2025-10-29,1004.9000244140625,1012.5,1000.0,1007.8499755859375,991.451904296875,17769445
2025-10-30,1000.0,1009.5,997.0999755859375,998.1500244140625,981.9097900390625,19962917
2025-10-31,994.0,1004.4500122070312,981.1500244140625,987.2999877929688,971.2362670898438,23221330
2025-11-03,985.0,994.5499877929688,983.2999877929688,992.6500244140625,976.499267578125,16607180
2025-11-04,987.0,997.0,983.7000122070312,985.25,969.2196655273438,20024544
2025-11-06,981.0,991.0499877929688,974.0,984.6500244140625,968.6294555664062,22279516
2025-11-07,980.0,984.9000244140625,974.75,982.2999877929688,966.317626953125,15004568
2025-11-10,982.2999877929688,990.9500122070312,980.2000122070312,984.5,968.4818725585938,15988262
2025-11-11,983.5,993.5,978.0,991.7000122070312,975.564697265625,10200530
2025-11-12,998.7999877929688,999.0,987.7000122070312,989.5,973.4005126953125,13137263
2025-11-13,984.0,990.0999755859375,982.5999755859375,986.6500244140625,970.596923828125,14124839
2025-11-14,976.0499877929688,991.6500244140625,976.0499877929688,989.5999755859375,973.4988403320312,21386965
2025-11-17,991.25,997.9500122070312,985.5999755859375,996.5499877929688,980.3357543945312,18396408
2025-11-18,997.6500244140625,999.0,990.0,992.4500122070312,976.302490234375,20002640
2025-11-19,990.0,996.5499877929688,984.0,994.5999755859375,978.41748046875,19813847
2025-11-20,995.2999877929688,1011.5999755859375,992.4500122070312,1008.8499755859375,992.4356689453125,19850865
2025-11-21,1003.0999755859375,1008.2999877929688,996.5499877929688,998.0499877929688,981.8114013671875,17499897
2025-11-24,1000.0,1011.4500122070312,993.5999755859375,999.1500244140625,982.8934936523438,32204053
2025-11-25,1004.0,1006.0999755859375,988.4000244140625,989.7999877929688,973.6956176757812,24989383
2025-11-26,981.2999877929688,1006.9500122070312,981.2999877929688,1003.9000244140625,987.5662231445312,19494356
2025-11-27,1002.0999755859375,1016.7999877929688,1001.0,1009.5,993.0750732421875,25536848
2025-11-28,1007.0,1012.0499877929688,1004.2000122070312,1007.5999755859375,991.2059936523438,15988807
2025-12-01,1017.5,1017.5,999.2999877929688,1002.0999755859375,985.7954711914062,16746566
2025-12-02,988.0,994.4000244140625,985.0,989.7999877929688,973.6956176757812,27316662
2025-12-03,986.0,1002.2999877929688,986.0,1000.5,984.2214965820312,15448777
2025-12-04,1000.0,1004.7000122070312,993.0,997.2000122070312,980.9752197265625,14528169
2025-12-05,992.0,1008.0,990.2000122070312,1003.2999877929688,986.9759521484375,12843366
2025-12-08,1000.0,1006.5,997.5,1003.0999755859375,986.7791748046875,12901022
2025-12-09,994.9000244140625,1002.7999877929688,994.0,997.0999755859375,980.8768310546875,15294322
2025-12-10,997.5,998.5,985.2999877929688,989.7999877929688,973.6956176757812,15322830
2025-12-11,990.0,1002.7000122070312,988.5,1000.2999877929688,984.0247802734375,11844809
2025-12-12,1003.0,1004.7000122070312,998.2000122070312,1001.5,985.2052612304688,11988618
2025-12-15,992.0,1001.7999877929688,992.0,996.0999755859375,979.89306640625,9790060
2025-12-16,990.0999755859375,998.7000122070312,990.0999755859375,994.2999877929688,978.1223754882812,20049088
2025-12-17,996.0,996.0,980.7999877929688,984.0,967.989990234375,19080922
2025-12-18,973.2999877929688,987.4000244140625,973.2999877929688,979.7000122070312,963.7599487304688,14912404
2025-12-19,987.0,988.0,978.7000122070312,985.5,969.465576171875,25952384
2025-12-22,988.0,992.9000244140625,983.9000244140625,987.7000122070312,971.6298217773438,13540411
2025-12-23,990.5,998.9000244140625,987.7000122070312,996.5999755859375,980.3849487304688,17927849
2025-12-24,993.0,999.4000244140625,993.0,997.2000122070312,980.9752197265625,13699996
2025-12-26,996.0,997.2000122070312,987.7000122070312,992.0999755859375,975.9581909179688,9360853
2025-12-29,993.0999755859375,997.4000244140625,987.2000122070312,991.7000122070312,975.564697265625,13545749
2025-12-30,990.2000122070312,995.0,982.2000122070312,990.9000244140625,974.7777709960938,33155849
2025-12-31,991.0,997.5999755859375,987.5999755859375,991.2000122070312,975.0728759765625,10963454
2026-01-01,993.5,997.5499877929688,989.5,991.1500244140625,975.023681640625,7132074
2026-01-02,991.1500244140625,1003.2000122070312,988.7999877929688,1001.5999755859375,985.3035888671875,11751459
2026-01-05,1005.75,1006.4000244140625,976.2999877929688,977.5,961.5957641601562,27647379
2026-01-06,962.7000122070312,966.7000122070312,956.0,962.2000122070312,946.544677734375,31988783
2026-01-07,956.0,956.4500122070312,946.0,949.0499877929688,933.608642578125,52884712
2026-01-08,944.7000122070312,953.0,941.4000244140625,946.7000122070312,931.296875,21928849
2026-01-09,945.0,950.5999755859375,933.2999877929688,939.0,923.72216796875,38183839
2026-01-12,937.5,942.0,929.5999755859375,936.9500122070312,921.7055053710938,21071666
2026-01-13,947.7000122070312,947.7000122070312,932.5999755859375,937.3499755859375,922.0989990234375,32042827
2026-01-14,930.0,940.0499877929688,920.2000122070312,925.4500122070312,910.3926391601562,36688248
2026-01-15,925.4500122070312,925.4500122070312,925.4500122070312,925.4500122070312,910.3926391601562,0
2026-01-16,922.0,935.9500122070312,919.2000122070312,931.0999755859375,915.95068359375,37780235
2026-01-19,935.9000244140625,936.1500244140625,919.5,927.9000244140625,912.8027954101562,38191942
2026-01-20,929.2999877929688,934.5,919.5999755859375,931.2000122070312,916.049072265625,36022727
2026-01-21,925.0,932.1500244140625,915.5,920.3499755859375,905.3755493164062,32766854
2026-01-22,928.0,928.2999877929688,913.2000122070312,918.7000122070312,903.75244140625,44444755
2026-01-23,920.0,926.0999755859375,909.25,916.0999755859375,901.1947021484375,30985247
2026-01-27,906.0,931.2000122070312,905.0,926.4000244140625,911.3272094726562,44753093
2026-01-28,932.5,941.4500122070312,928.4000244140625,932.7000122070312,917.524658203125,35347138
2026-01-29,930.0999755859375,939.2999877929688,924.3499755859375,935.5,920.2791137695312,37175628
2026-01-30,930.0,938.9000244140625,927.75,929.25,914.1307983398438,29691233
2026-02-02,915.0,929.7999877929688,909.2999877929688,928.0999755859375,912.9994506835938,28032106
2026-02-03,983.75,994.0,945.0,948.7000122070312,933.2643432617188,50336968
2026-02-04,952.5,957.2000122070312,947.9500122070312,953.0999755859375,937.5927124023438,24366770
2026-02-05,956.0,956.0499877929688,946.7000122070312,949.7000122070312,934.248046875,28103169
2026-02-06,945.0,948.0999755859375,937.5999755859375,941.0999755859375,925.7879638671875,18120272
2026-02-09,945.0,950.0,935.3499755859375,937.25,922.0006103515625,23947829
2026-02-10,930.0,940.9000244140625,929.9500122070312,932.4000244140625,917.2295532226562,31525385
2026-02-11,931.25,936.0,925.2999877929688,927.0999755859375,912.0157470703125,24869804
2026-02-12,927.0,928.5999755859375,918.5,920.5999755859375,905.6215209960938,33872203
2026-02-13,913.0,928.2000122070312,901.0,903.9000244140625,889.1932373046875,50188359
2026-02-16,903.9000244140625,929.5,902.0999755859375,925.7999877929688,910.7368774414062,18806989
2026-02-17,923.0,928.0999755859375,918.5999755859375,925.7000122070312,910.6385498046875,22599629
2026-02-18,923.2000122070312,925.5,919.5499877929688,924.7000122070312,909.6548461914062,12738702
2026-02-19,929.0,929.2000122070312,912.4500122070312,915.5999755859375,900.702880859375,21209234
2026-02-20,911.0,917.8499755859375,908.4000244140625,911.8499755859375,897.0138549804688,22654907
2026-02-23,916.5,925.6500244140625,915.25,923.5999755859375,908.5726928710938,23270122
2026-02-24,927.9500122070312,927.9500122070312,909.1500244140625,910.5,895.6858520507812,31313985
2026-02-25,910.5499877929688,916.0,903.0999755859375,907.5999755859375,892.8330078125,27884303
2026-02-26,912.0,912.0,895.0,898.5999755859375,883.9794311523438,41165937
2026-02-27,898.5999755859375,898.9500122070312,885.0,887.75,873.3060302734375,34620755
2026-03-02,876.2000122070312,887.75,871.5499877929688,879.4000244140625,865.0918579101562,38378924
2026-03-04,848.0,879.2999877929688,848.0,868.6500244140625,854.5167846679688,39862322
2026-03-05,873.8499755859375,881.4000244140625,863.5,877.75,863.4686889648438,31324582
2026-03-06,868.0499877929688,871.7000122070312,855.0999755859375,857.0499877929688,843.10546875,34439647
2026-03-09,825.0,842.4500122070312,821.5,840.7000122070312,827.0215454101562,35592613
2026-03-10,850.0499877929688,856.7999877929688,840.5999755859375,849.4500122070312,835.629150390625,52866024
2026-03-11,845.0,848.8499755859375,827.5999755859375,833.9500122070312,820.38134765625,42261076
2026-03-12,820.0999755859375,836.4000244140625,820.0999755859375,832.75,819.2008666992188,46107561
2026-03-13,820.0,823.7999877929688,812.0,817.0,803.7071533203125,41700464
2026-03-16,817.0,844.5,815.6500244140625,840.5999755859375,826.9231567382812,52182605
2026-03-17,847.7000122070312,848.9000244140625,835.0999755859375,845.3499755859375,831.5958251953125,38826979
2026-03-18,845.3499755859375,846.7999877929688,831.5999755859375,843.0499877929688,829.333251953125,23507063
2026-03-19,770.0,815.6500244140625,770.0,798.2000122070312,785.2130126953125,171637393
2026-03-20,785.0,793.75,778.2000122070312,780.4500122070312,767.7518310546875,103129469
2026-03-23,763.1500244140625,768.7000122070312,741.0499877929688,744.1500244140625,732.04248046875,72341738
2026-03-24,755.0,772.75,747.7000122070312,764.9000244140625,752.454833984375,61269986
2026-03-25,768.2000122070312,794.7999877929688,768.2000122070312,782.2999877929688,769.5717163085938,59230640
2026-03-27,773.2000122070312,774.9000244140625,754.5499877929688,756.2000122070312,743.8963623046875,65485199
2026-03-30,745.2000122070312,751.0,726.6500244140625,731.5499877929688,719.6473999023438,103500135
2026-04-01,743.0,755.9000244140625,739.0999755859375,742.25,730.17333984375,78862761
2026-04-02,730.0,755.0,726.6500244140625,750.9000244140625,738.6826171875,49310300
2026-04-06,759.0,772.75,745.0,771.0,758.45556640625,42976659
2026-04-07,766.0,774.0,761.0,772.0,759.4392700195312,51309793
2026-04-08,800.0,817.7999877929688,796.0,816.0999755859375,802.82177734375,70269512
2026-04-09,815.0,819.0,793.0999755859375,797.7000122070312,784.72119140625,48879392
2026-04-10,804.0,812.25,801.0,810.2999877929688,797.1161499023438,38156026
2026-04-13,791.5,798.5,787.3499755859375,794.7000122070312,781.7699584960938,47549328
2026-04-15,804.9500122070312,814.7999877929688,804.0,809.9000244140625,796.72265625,39769515
2026-04-16,818.0,820.0499877929688,792.2000122070312,795.4500122070312,782.5077514648438,62861293
2026-04-17,790.0999755859375,803.9500122070312,788.2000122070312,799.9000244140625,786.8853759765625,37282544
2026-04-20,797.0999755859375,809.9500122070312,790.0,795.4500122070312,782.5077514648438,52148044
2026-04-21,795.2000122070312,814.9000244140625,795.2000122070312,811.75,798.5425415039062,49135752
2026-04-22,810.0,813.0499877929688,798.0,799.9000244140625,786.8853759765625,23876412
2026-04-23,792.0,796.6500244140625,782.5,784.3499755859375,771.5883178710938,37677616
2026-04-24,777.2999877929688,787.5999755859375,777.0,784.8499755859375,772.0802001953125,27720358
2026-04-27,787.5,793.0,785.0,789.7999877929688,776.9496459960938,18115375
2026-04-28,785.0,794.5,778.2999877929688,782.5499877929688,769.817626953125,35366803
2026-04-29,785.5,790.0,777.3499755859375,779.0,766.3253784179688,25799963
2026-04-30,770.0,778.7999877929688,762.25,771.7000122070312,759.1441650390625,47998755
2026-05-01,771.7000122070312,771.7000122070312,771.7000122070312,771.7000122070312,759.1441650390625,0
2026-05-04,772.5999755859375,786.5999755859375,772.5999755859375,779.4000244140625,766.7189331054688,29028060
2026-05-05,774.4000244140625,776.9000244140625,763.7000122070312,772.2999877929688,759.734375,38887657
2026-05-06,775.1500244140625,798.9500122070312,773.5,796.5499877929688,783.58984375,35530831
2026-05-07,794.0,801.5499877929688,788.5499877929688,796.0499877929688,783.0979614257812,46137553
2026-05-08,784.0,788.75,777.2000122070312,780.8499755859375,768.145263671875,38016841
2026-05-11,771.9500122070312,774.8499755859375,761.9000244140625,763.6500244140625,751.2251586914062,41123422
2026-05-12,756.5999755859375,759.7000122070312,747.7999877929688,750.4500122070312,738.2399291992188,43937132
2026-05-13,752.0,759.9500122070312,747.3499755859375,749.5999755859375,737.4037475585938,28960919
2026-05-14,751.0,778.2999877929688,747.0,769.5499877929688,757.0291748046875,50992358
2026-05-15,773.0,781.9000244140625,765.4000244140625,767.5,755.0125122070312,24347873
2026-05-18,759.0,774.0999755859375,751.3499755859375,768.6500244140625,756.143798828125,29812079
2026-05-19,766.7000122070312,770.7999877929688,760.25,762.4500122070312,750.044677734375,40307830
2026-05-20,759.5999755859375,762.25,755.1500244140625,759.5,747.1427001953125,24013451
2026-05-21,767.0,768.25,755.1500244140625,759.1500244140625,746.7984008789062,34664725
2026-05-22,759.1500244140625,775.0,759.1500244140625,766.7999877929688,754.3239135742188,25604071
2026-05-25,776.0,787.8499755859375,775.2000122070312,786.8499755859375,774.0476684570312,26043952
2026-05-26,784.0499877929688,790.8499755859375,776.75,778.9000244140625,766.22705078125,31528062
2026-05-27,769.5,773.9000244140625,756.9000244140625,758.6500244140625,746.3065185546875,63680153
2026-05-28,758.6500244140625,758.6500244140625,758.6500244140625,758.6500244140625,746.3065185546875,0
2026-05-29,746.0499877929688,760.5,737.75,744.5499877929688,732.4359130859375,101299431
2026-06-01,749.0,752.3499755859375,739.2000122070312,742.7000122070312,730.6160278320312,47996441
2026-06-02,737.0,753.5999755859375,733.1500244140625,748.25,736.0757446289062,47314447
2026-06-03,744.4500122070312,756.9000244140625,742.5999755859375,753.6500244140625,741.3878784179688,36109480
2026-06-04,749.1500244140625,757.2999877929688,745.0,754.2000122070312,741.9288940429688,42673538
2026-06-05,753.9500122070312,758.7000122070312,744.6500244140625,747.0499877929688,734.8952026367188,22116568
2026-06-08,738.0,741.5,734.5,738.6500244140625,726.6319580078125,21550700
2026-06-09,739.4500122070312,743.9500122070312,732.2999877929688,738.3499755859375,726.3367919921875,38539563
2026-06-10,736.5,755.9500122070312,736.4000244140625,746.8499755859375,734.698486328125,44458159
2026-06-11,743.0,756.0,740.0999755859375,744.5999755859375,732.485107421875,32632007
2026-06-12,754.7000122070312,774.4500122070312,753.0999755859375,772.4500122070312,759.8819580078125,36088159
2026-06-15,790.0,793.5,775.5999755859375,777.3499755859375,764.7022094726562,39990334
2026-06-16,780.5,787.7000122070312,779.4500122070312,784.9000244140625,772.1294555664062,27820970
2026-06-17,787.6500244140625,794.2999877929688,783.0999755859375,787.0999755859375,774.2935791015625,32405604
2026-06-18,786.5,802.9500122070312,786.2000122070312,799.0,786.0,41492071
2026-06-19,788.7000122070312,789.0499877929688,776.2000122070312,779.7999877929688,779.7999877929688,33798761
2026-06-22,789.9000244140625,789.9000244140625,783.0999755859375,786.4000244140625,786.4000244140625,25194765
2026-06-23,783.0499877929688,790.9000244140625,772.5499877929688,774.6500244140625,774.6500244140625,28289062
2026-06-24,773.0,794.9000244140625,772.6500244140625,793.2000122070312,793.2000122070312,34701292
2026-06-25,798.5,804.4500122070312,794.75,796.2999877929688,796.2999877929688,46707966
2026-06-26,796.2999877929688,796.2999877929688,796.2999877929688,796.2999877929688,796.2999877929688,0
2026-06-29,800.0,805.9000244140625,793.2999877929688,798.9000244140625,798.9000244140625,46695977
2026-06-30,806.0999755859375,806.0999755859375,792.75,797.9500122070312,797.9500122070312,45778356
2026-07-01,793.5,802.25,793.5,796.1500244140625,796.1500244140625,26094378
2026-07-02,795.0,805.4500122070312,794.0,795.9000244140625,795.9000244140625,34143823
2026-07-03,803.0,807.0,798.5499877929688,801.0499877929688,801.0499877929688,25871958
2026-07-06,805.0,831.5,805.0,829.8499755859375,829.8499755859375,63203327
2026-07-07,843.0,843.0,826.0999755859375,829.2999877929688,829.2999877929688,57611729
2026-07-08,825.9000244140625,834.3499755859375,806.9500122070312,810.2999877929688,810.2999877929688,38754632
2026-07-09,813.0,822.8499755859375,812.2999877929688,817.5499877929688,817.5499877929688,39891798
2026-07-10,824.0,827.7000122070312,820.2999877929688,824.9500122070312,824.9500122070312,23595785
2026-07-13,817.0,821.9500122070312,811.0,817.9500122070312,817.9500122070312,21741736
2026-07-14,811.4000244140625,818.4000244140625,807.0,809.4000244140625,809.4000244140625,25605395
2026-07-15,811.0,819.7000122070312,809.7000122070312,815.4500122070312,815.4500122070312,21488739
2026-07-16,814.5,818.0,806.5,808.2999877929688,808.2999877929688,18698186
2026-07-17,810.0,823.7000122070312,808.5,819.5999755859375,819.5999755859375,17415322
2026-07-20,790.0,790.0,774.5499877929688,777.5999755859375,777.5999755859375,56061789
2026-07-21,769.1500244140625,772.5,760.0999755859375,761.4500122070312,761.4500122070312,42246009
2026-07-22,760.25,761.3499755859375,750.3499755859375,753.1500244140625,753.1500244140625,23385446
2026-07-23,749.4000244140625,751.0,743.25,747.25,747.25,32532090
2026-07-24,738.5,748.25,737.25,742.7999877929688,742.7999877929688,23837859
2026-07-27,746.0999755859375,747.9500122070312,738.0999755859375,739.5499877929688,739.5499877929688,29678752
2026-07-28,732.0,740.25,732.0,735.4000244140625,735.4000244140625,33886037
2026-07-29,743.0,751.25,740.7999877929688,748.2000122070312,748.2000122070312,20460659
2026-07-30,752.7999877929688,757.9000244140625,745.5,753.9500122070312,753.9500122070312,35844392
2026-07-31,753.9500122070312,757.5499877929688,747.2000122070312,748.1500244140625,748.1500244140625,25522483
2026-08-03,753.0499877929688,756.8499755859375,750.0499877929688,753.0,753.0,14827841
2026-08-04,753.2000122070312,753.2000122070312,738.0,742.0,742.0,31559802
2026-08-05,733.7999877929688,741.9500122070312,732.5999755859375,735.0,735.0,60050538
2026-08-06,739.0,740.5,733.5499877929688,734.2999877929688,734.2999877929688,44772122
2026-08-07,733.0,736.0,728.2000122070312,731.0,731.0,19382042
2026-08-10,731.5,737.5499877929688,728.5,731.0,731.0,23660590
2026-08-11,730.5,730.8499755859375,726.5499877929688,729.0,729.0,29154365
2026-08-12,729.0,730.6500244140625,722.0,729.0,729.0,26993177
2026-08-13,726.9000244140625,729.0,724.5,725.0,725.0,22129893
2026-08-14,725.0,729.5999755859375,723.5,727.0,727.0,20364131
2026-08-17,727.0499877929688,732.0999755859375,724.5,729.0,729.0,14823722
2026-08-18,726.2999877929688,729.0,723.0,723.0,723.0,17916507
2026-08-19,724.0,725.4000244140625,715.0999755859375,720.0,720.0,21342651
2026-08-20,725.5,728.2999877929688,724.2999877929688,725.0499877929688,725.0499877929688,17603805
2026-08-21,728.2999877929688,732.7999877929688,726.5999755859375,726.9500122070312,726.9500122070312,26029811
2026-08-24,732.5,734.4000244140625,724.0999755859375,729.0,729.0,11408345
2026-08-25,726.5999755859375,728.7000122070312,722.0,727.5,727.5,17511874
2026-08-26,728.0,731.0,724.1500244140625,727.2000122070312,727.2000122070312,21156463
2026-08-27,728.1500244140625,728.1500244140625,710.0,711.0,711.0,46515020
2026-08-28,710.8499755859375,720.2999877929688,707.0,720.2999877929688,720.2999877929688,16494301
2026-08-31,723.0499877929688,739.75,704.1500244140625,709.0,709.0,78157067
2026-09-01,705.0499877929688,715.4500122070312,698.5,711.9000244140625,711.9000244140625,44417092
2026-09-02,702.2999877929688,705.6500244140625,700.0,700.7999877929688,700.7999877929688,36950338
2026-09-03,705.0,712.5999755859375,705.0,706.6500244140625,706.6500244140625,27770641
2026-09-04,708.3499755859375,716.5,708.3499755859375,712.0999755859375,712.0999755859375,14488024
2026-09-07,712.0999755859375,713.0,707.0499877929688,710.5,710.5,12180390
2026-09-08,707.0999755859375,708.9000244140625,703.0,703.0,703.0,19883515
2026-09-09,698.0,700.0,687.0999755859375,687.0999755859375,687.0999755859375,39173990
2026-09-10,687.0999755859375,694.5,686.2000122070312,693.7999877929688,693.7999877929688,27108053
2026-09-11,683.9000244140625,709.0,681.9000244140625,708.25,708.25,31411934
2026-09-14,708.25,708.25,708.25,708.25,708.25,0
2026-09-15,722.4000244140625,730.75,715.0499877929688,716.5499877929688,716.5499877929688,50387632
2026-09-16,714.9000244140625,725.4000244140625,710.8499755859375,721.5,721.5,27476943
2026-09-17,717.5,719.4000244140625,713.0,713.0,713.0,21543303
2026-09-18,715.25,733.7999877929688,715.25,731.0,731.0,39400710
2026-09-21,731.0,742.6500244140625,729.0499877929688,739.5,739.5,35482683
2026-09-22,738.8499755859375,749.2999877929688,738.5999755859375,738.5999755859375,738.5999755859375,35483669
2026-09-23,735.6500244140625,742.7999877929688,734.0,737.25,737.25,23197231
2026-09-24,725.0,734.8499755859375,722.7000122070312,728.9000244140625,728.9000244140625,29575194
2026-09-25,723.0,739.6500244140625,723.0,735.5999755859375,735.5999755859375,19853034
2026-09-28,731.5999755859375,733.0,718.0999755859375,719.0499877929688,719.0499877929688,21675579
2026-09-29,713.7000122070312,722.7000122070312,706.25,722.7000122070312,722.7000122070312,42755901
2026-09-30,711.5,720.2999877929688,708.7000122070312,708.7000122070312,708.7000122070312,39365496
2026-10-01,708.4000244140625,721.2999877929688,707.0999755859375,721.2000122070312,721.2000122070312,37147457
