Date,Open,High,Low,Close,Adj Close,Volume
2014-10-01,237.5190887451172,237.5190887451172,233.2501678466797,233.73162841796875,155.6442413330078,4091374
2014-10-07,232.83290100097656,235.20809936523438,229.8799591064453,232.86500549316406,155.06712341308594,10091137
2014-10-08,233.02548217773438,236.20310974121094,232.54403686523438,234.7587432861328,156.32821655273438,8661042
2014-10-09,234.98341369628906,236.42779541015625,233.57113647460938,234.63034057617188,156.24270629882812,6208759
2014-10-10,234.05259704589844,234.501953125,226.1887969970703,226.6702423095703,150.94198608398438,5365779
2014-10-13,226.54185485839844,226.54185485839844,222.88278198242188,225.03329467773438,149.85191345214844,5717478
2014-10-14,225.03329467773438,225.964111328125,220.50758361816406,222.75439453125,148.3343963623047,8105627
2014-10-15,222.75439453125,222.75439453125,222.75439453125,222.75439453125,148.3343963623047,0
2014-10-16,221.4705047607422,226.92703247070312,220.47549438476562,226.25299072265625,150.66415405273438,13245841
2014-10-17,225.89991760253906,231.03546142578125,225.54684448242188,227.2158966064453,151.3053436279297,11709385
2014-10-20,227.8899383544922,229.719482421875,225.1937713623047,225.964111328125,150.47178649902344,8346354
2014-10-21,226.02830505371094,226.54185485839844,223.39633178710938,225.54684448242188,150.1938934326172,6726352
2014-10-22,226.25299072265625,226.60604858398438,223.71730041503906,224.0382843017578,149.18934631347656,8451846
2014-10-27,225.48265075683594,225.57894897460938,223.39633178710938,224.39134216308594,149.42445373535156,5825822
2014-10-28,225.48265075683594,225.83572387695312,223.94198608398438,224.77651977539062,149.6809539794922,5101908
2014-10-29,226.54185485839844,227.8899383544922,224.872802734375,227.536865234375,151.5190887451172,7158670
2014-10-30,226.6702423095703,229.65528869628906,225.6431427001953,227.82574462890625,151.71145629882812,15426750
2014-10-31,229.07752990722656,231.0996551513672,226.12460327148438,228.01832580566406,151.83969116210938,15343260
2014-11-03,229.10963439941406,229.59109497070312,226.73443603515625,228.17881774902344,151.94656372070312,7727962
2014-11-05,228.33929443359375,230.9712677001953,228.21090698242188,230.5540008544922,153.52822875976562,7884245
2014-11-07,230.0404510498047,231.42062377929688,226.60604858398438,228.3072052001953,152.0320587158203,9694742
2014-11-10,228.53189086914062,239.1239471435547,228.33929443359375,238.6103973388672,158.89305114746094,24492668
2014-11-11,237.711669921875,238.93136596679688,232.7366180419922,233.73162841796875,155.6442413330078,7493377
2014-11-12,233.82791137695312,237.5190887451172,233.7637176513672,237.1981201171875,157.95260620117188,6902166
2014-11-13,238.0647430419922,238.0647430419922,235.17599487304688,236.4598846435547,157.4610137939453,5038832
2014-11-14,236.29940795898438,237.9363555908203,235.8179473876953,237.0055389404297,157.82437133789062,7768029
2014-11-17,236.8771514892578,238.4499053955078,234.05259704589844,237.64747619628906,158.25186157226562,6218698
2014-11-18,237.0376434326172,238.6103973388672,235.9142303466797,237.67958068847656,158.27322387695312,9904004
2014-11-19,237.67958068847656,242.17318725585938,235.33648681640625,236.138916015625,157.24728393554688,13208757
2014-11-20,236.8771514892578,238.41781616210938,236.29940795898438,237.5511932373047,158.18772888183594,5258120
2014-11-21,237.61538696289062,241.8201141357422,237.230224609375,241.467041015625,160.7953338623047,6902462
2014-11-24,238.802978515625,241.33865356445312,238.802978515625,240.69671630859375,160.2823486328125,8904624
2014-11-25,240.2152557373047,243.16819763183594,223.8135986328125,228.14671325683594,151.92520141601562,26184187
2014-11-26,230.13674926757812,235.14390563964844,229.8799591064453,233.2822723388672,155.34500122070312,22267406
2014-11-27,232.47984313964844,233.31436157226562,228.05043029785156,231.4848175048828,154.14805603027344,16590815
2014-11-28,231.4848175048828,234.95132446289062,231.0996551513672,233.1217803955078,155.23814392089844,10866476
2014-12-01,232.47984313964844,235.56117248535156,232.47984313964844,234.05259704589844,155.8579559326172,8533342
2014-12-02,233.92420959472656,235.52906799316406,233.41065979003906,234.82293701171875,156.37095642089844,8924397
2014-12-03,234.95132446289062,234.95132446289062,229.23802185058594,233.18597412109375,155.28086853027344,8164612
2014-12-04,239.47702026367188,246.5063018798828,239.47702026367188,245.9606475830078,163.7876739501953,27702699
2014-12-05,245.86436462402344,251.641845703125,245.63967895507812,251.22459411621094,167.29295349121094,16908709
2014-12-08,252.4121856689453,256.5848083496094,251.8344268798828,255.36512756347656,170.05023193359375,15662453
2014-12-09,255.81448364257812,256.77740478515625,251.51345825195312,253.15042114257812,168.57540893554688,14415357
2014-12-10,254.04913330078125,254.5305938720703,248.01486206054688,253.56768798828125,168.85330200195312,9649673
2014-12-11,253.56768798828125,256.1033630371094,250.67893981933594,254.59478759765625,169.53720092773438,11225006
2014-12-12,254.20962524414062,256.969970703125,252.28379821777344,254.0170440673828,169.15248107910156,9041914
2014-12-15,253.56768798828125,256.5848083496094,251.28878784179688,251.9949188232422,167.8059844970703,8901903
2014-12-16,249.7160186767578,250.3579559326172,242.5904541015625,244.32369995117188,162.6976318359375,14072416
2014-12-17,242.3657684326172,246.95565795898438,235.33648681640625,238.67459106445312,158.93582153320312,16246094
2014-12-18,242.97561645507812,242.97561645507812,234.3093719482422,240.6325225830078,160.23960876464844,6500408
2014-12-19,241.33865356445312,241.33865356445312,235.9142303466797,236.74876403808594,157.6533660888672,9788570
2014-12-22,237.26231384277344,242.7830352783203,236.8771514892578,240.15106201171875,159.9189910888672,17438456
2014-12-23,240.0547637939453,242.3336639404297,239.3165283203125,240.50413513183594,160.15414428710938,5262474
2014-12-24,240.4078369140625,242.94351196289062,235.75375366210938,238.41781616210938,158.76480102539062,21419026
2014-12-26,239.38072204589844,239.38072204589844,235.20809936523438,236.20310974121094,157.29002380371094,3026088
2014-12-29,235.65745544433594,238.4499053955078,235.59326171875,237.4228057861328,158.10223388671875,3433537
2014-12-30,237.67958068847656,238.4499053955078,235.7858428955078,236.42779541015625,157.43963623046875,3283195
2014-12-31,236.8450469970703,237.90426635742188,235.9142303466797,236.6845703125,157.61062622070312,3824375
2015-01-01,235.97842407226562,236.81295776367188,234.95132446289062,235.68955993652344,156.9480743408203,2636761
2015-01-02,235.75375366210938,237.61538696289062,235.75375366210938,236.42779541015625,157.43963623046875,6853849
2015-01-05,236.6845703125,238.67459106445312,235.9463348388672,237.35861206054688,158.05946350097656,8556295
2015-01-06,236.6524658203125,237.13392639160156,230.4577178955078,231.26014709472656,153.99842834472656,13597291
2015-01-07,229.173828125,233.6674346923828,226.60604858398438,226.95912170410156,151.1343994140625,12421217
2015-01-08,228.17881774902344,233.2501678466797,228.17881774902344,232.64031982421875,154.9175262451172,8774566
2015-01-09,233.0896759033203,234.8550262451172,226.6702423095703,229.10963439941406,152.5664520263672,11224780
2015-01-12,229.46270751953125,231.96627807617188,228.59608459472656,229.719482421875,152.97251892089844,10249032
2015-01-13,230.0725555419922,232.1909637451172,229.3664093017578,231.16384887695312,153.934326171875,12071158
2015-01-14,230.90707397460938,230.90707397460938,222.17665100097656,223.2679443359375,148.67636108398438,16849719
2015-01-15,226.6702423095703,231.03546142578125,225.2579803466797,229.75157165527344,152.99386596679688,16665762
2015-01-16,230.10464477539062,232.3514404296875,227.47267150878906,231.16384887695312,153.934326171875,11230052
2015-01-19,231.0996551513672,232.22305297851562,228.53189086914062,230.32933044433594,153.37863159179688,7117173
2015-01-20,230.52191162109375,238.70669555664062,229.8799591064453,238.22523498535156,158.63656616210938,12477394
2015-01-21,239.41282653808594,239.41282653808594,224.1666717529297,226.41346740722656,150.77101135253906,33697892
2015-01-22,226.60604858398438,230.9712677001953,223.94198608398438,225.0974884033203,149.89466857910156,30768622
2015-01-23,226.89492797851562,228.49978637695312,223.90989685058594,224.3271484375,149.3817138671875,17392494
2015-01-27,224.6802215576172,231.74160766601562,224.26295471191406,231.19595336914062,153.95571899414062,26228540
2015-01-28,231.0996551513672,233.31436157226562,229.5269012451172,232.5761260986328,154.874755859375,12792194
2015-01-29,233.02548217773438,238.802978515625,231.0996551513672,237.64747619628906,158.25186157226562,21906152
2015-01-30,237.5190887451172,238.802978515625,233.4427490234375,236.58827209472656,157.54652404785156,14453148
2015-02-02,235.59326171875,237.0055389404297,230.71449279785156,231.5169219970703,154.16944885253906,8820985
2015-02-03,232.0304718017578,235.59326171875,232.0304718017578,234.98341369628906,156.47779846191406,6541497
2015-02-04,235.9142303466797,237.84005737304688,234.5340576171875,235.97842407226562,157.14039611816406,6030862
2015-02-05,234.8871307373047,238.86717224121094,233.474853515625,236.81295776367188,157.6961212158203,9843219
2015-02-06,235.01551818847656,240.34364318847656,235.01551818847656,239.76589965820312,159.66253662109375,7606977
2015-02-09,238.25732421875,239.99057006835938,235.4006805419922,236.17100524902344,157.26866149902344,7464839
2015-02-10,236.29940795898438,238.802978515625,235.52906799316406,237.45489501953125,158.12356567382812,8320305
2015-02-11,238.19313049316406,239.38072204589844,236.138916015625,238.25732421875,158.65794372558594,4720532
2015-02-12,238.802978515625,238.802978515625,234.08470153808594,237.77586364746094,158.33737182617188,5498120
2015-02-13,238.2894287109375,243.4570770263672,237.5511932373047,242.68673706054688,161.60755920410156,9373648
2015-02-16,242.9114227294922,250.99990844726562,242.65464782714844,250.10118103027344,166.5448760986328,12053473
2015-02-18,247.1482391357422,258.061279296875,247.1482391357422,252.44427490234375,168.1051788330078,14195768
2015-02-19,252.25169372558594,252.733154296875,246.24952697753906,249.8765106201172,166.39529418945312,7249013
2015-02-20,248.7530975341797,255.4293212890625,246.73098754882812,254.24171447753906,169.3021240234375,9275383
2015-02-23,253.56768798828125,256.007080078125,249.8765106201172,250.51844787597656,166.82273864746094,6077614
2015-02-24,251.641845703125,255.49351501464844,249.4913330078125,254.0170440673828,169.15248107910156,8556081
2015-02-25,255.2367401123047,256.77740478515625,252.57266235351562,256.5848083496094,170.86239624023438,16358450
2015-02-26,255.4293212890625,257.6761169433594,251.60975646972656,253.9849395751953,169.13113403320312,12153247
2015-02-27,253.4392852783203,254.62689208984375,246.5384063720703,252.733154296875,168.2975311279297,35742645
2015-03-02,229.81576538085938,229.81576538085938,219.544677734375,220.34710693359375,146.73135375976562,52676159
2015-03-03,220.50758361816406,221.79147338867188,217.6188507080078,219.25579833984375,146.00466918945312,46726874
2015-03-04,221.4705047607422,225.1937713623047,220.12242126464844,220.98904418945312,147.15884399414062,33411001
2015-03-05,222.75439453125,224.10247802734375,219.3520965576172,222.27293395996094,148.01377868652344,21288890
2015-03-09,220.635986328125,221.40631103515625,216.4954376220703,217.2015838623047,144.63673400878906,16929751
2015-03-10,218.2607879638672,219.99403381347656,215.11526489257812,217.32997131347656,144.72222900390625,13538973
2015-03-11,218.4854736328125,218.71014404296875,216.6880340576172,217.10528564453125,144.57257080078125,13191922
2015-03-12,217.65093994140625,223.55682373046875,217.49046325683594,222.5297088623047,148.18478393554688,28375424
2015-03-13,223.5889129638672,224.6802215576172,216.1423797607422,217.87562561035156,145.0855712890625,16254309
2015-03-16,218.90272521972656,219.28790283203125,215.0510711669922,215.30784606933594,143.37567138671875,8926276
2015-03-17,217.9398193359375,218.6780548095703,215.85350036621094,218.2607879638672,145.34205627441406,11361862
2015-03-18,219.06321716308594,219.06321716308594,215.69300842285156,216.1102752685547,143.91001892089844,9094350
2015-03-19,217.29786682128906,218.8064422607422,212.8042755126953,213.9918670654297,142.4993438720703,10865286
2015-03-20,214.21653747558594,214.21653747558594,209.5303497314453,210.2043914794922,139.97723388671875,10980106
2015-03-23,209.49826049804688,211.7129669189453,208.6316375732422,210.17230224609375,139.9558563232422,11832346
2015-03-24,209.97972106933594,211.7129669189453,209.27357482910156,209.62664794921875,139.5924835205078,11128170
2015-03-25,210.9747314453125,210.9747314453125,209.27357482910156,209.75503540039062,139.67796325683594,7528966
2015-03-26,209.27357482910156,211.1673126220703,205.8070831298828,206.96258544921875,137.81846618652344,25124845
2015-03-27,207.98968505859375,208.79212951660156,202.27639770507812,203.8170623779297,135.7238311767578,22227555
2015-03-30,205.19723510742188,211.5203857421875,205.19723510742188,210.26858520507812,140.01995849609375,17152877
2015-03-31,211.07101440429688,211.07101440429688,207.98968505859375,209.1772918701172,139.2932891845703,12752488
2015-04-01,209.1772918701172,213.76718139648438,208.0859832763672,213.4141082763672,142.11459350585938,11257250
2015-04-06,211.42408752441406,219.3199920654297,211.26361083984375,218.90272521972656,145.76953125,20059841
2015-04-07,218.9669189453125,220.18661499023438,216.3349609375,218.6459503173828,145.59854125976562,10955870
2015-04-08,219.544677734375,222.7222900390625,219.2237091064453,222.27293395996094,148.01377868652344,12858493
2015-04-09,222.69020080566406,224.0061798095703,220.8285675048828,222.85067749023438,148.3985137939453,7962836
2015-04-10,222.75439453125,223.13955688476562,219.7051544189453,222.5297088623047,148.18478393554688,5808788
2015-04-13,222.75439453125,226.22088623046875,221.37420654296875,225.6431427001953,150.25802612304688,11311123
2015-04-15,227.2480010986328,230.20094299316406,225.57894897460938,227.85784912109375,151.73281860351562,18165922
2015-04-16,226.509765625,228.78866577148438,222.5297088623047,224.74441528320312,149.65956115722656,8168670
2015-04-17,225.00119018554688,226.76654052734375,223.20375061035156,225.86781311035156,150.4076690673828,9146535
2015-04-20,226.02830505371094,226.02830505371094,218.6459503173828,219.48048400878906,146.15426635742188,11709786
2015-04-21,219.44837951660156,223.845703125,218.90272521972656,219.5125732421875,146.17562866210938,11309747
2015-04-22,218.2607879638672,221.4705047607422,217.32997131347656,220.44338989257812,146.79547119140625,11183242
2015-04-23,220.44338989257812,222.4334259033203,217.1694793701172,219.60887145996094,146.23976135253906,9268343
2015-04-24,219.544677734375,224.64813232421875,218.9990234375,223.36424255371094,148.740478515625,17985818
2015-04-27,223.97409057617188,225.83572387695312,220.9569549560547,221.37420654296875,147.415283203125,9732828
2015-04-28,221.40631103515625,221.4705047607422,214.15234375,216.6880340576172,144.2947540283203,11098180
2015-04-29,215.08316040039062,215.69300842285156,210.1081085205078,210.6537628173828,140.2764434814453,10479677
2015-04-30,210.4290771484375,210.81423950195312,206.19224548339844,206.93048095703125,137.7970733642578,20809376
2015-05-04,207.60452270507812,212.41909790039062,205.48611450195312,211.96974182128906,141.15280151367188,7487026
2015-05-05,210.942626953125,211.1994171142578,207.73291015625,209.43406677246094,139.46426391601562,13976353
2015-05-06,209.27357482910156,210.461181640625,202.98252868652344,204.3627166748047,136.0872344970703,20990280
2015-05-07,204.45899963378906,207.79710388183594,202.5973663330078,207.05886840820312,137.8826141357422,11010190
2015-05-08,208.98471069335938,211.39199829101562,207.12306213378906,210.55746459960938,140.21238708496094,12625098
2015-05-11,211.8413543701172,212.32281494140625,208.24647521972656,209.5624542236328,139.54974365234375,9134733
2015-05-12,210.2364959716797,210.55746459960938,207.4119415283203,208.15017700195312,138.6092987060547,14846868
2015-05-13,209.81922912597656,211.7129669189453,206.06385803222656,210.461181640625,140.14825439453125,11037270
2015-05-14,209.91552734375,209.91552734375,206.96258544921875,208.43905639648438,138.8016357421875,8347876
2015-05-15,208.69583129882812,210.49327087402344,208.53533935546875,209.5303497314453,139.5283660888672,5659055
2015-05-18,210.1081085205078,214.34494018554688,209.43406677246094,213.76718139648438,142.34971618652344,7175678
2015-05-19,212.96475219726562,215.62881469726562,212.32281494140625,213.47830200195312,142.1573486328125,8901031
2015-05-20,213.4462127685547,214.5375213623047,212.16232299804688,213.0931396484375,141.90086364746094,5360856
2015-05-21,213.76718139648438,214.02395629882812,209.27357482910156,210.17230224609375,139.9558563232422,7458421
2015-05-22,211.1994171142578,213.92767333984375,208.92051696777344,211.2957000732422,140.70391845703125,12962351
2015-05-25,206.3527374267578,208.3106689453125,203.1109161376953,203.36770629882812,135.42462158203125,24332194
2015-05-26,203.8170623779297,203.8170623779297,200.767822265625,201.57025146484375,134.22764587402344,11448185
2015-05-27,202.2122039794922,204.61949157714844,201.57025146484375,203.94544982910156,135.80929565429688,9485450
2015-05-28,204.2022247314453,206.9946746826172,203.17510986328125,206.3527374267578,137.41236877441406,20765291
2015-05-29,206.705810546875,211.8092498779297,204.5552978515625,209.97972106933594,139.82757568359375,20563442
2015-06-01,208.95260620117188,214.24864196777344,208.95260620117188,213.15733337402344,141.943603515625,10448028
2015-06-02,211.13522338867188,211.39199829101562,203.88125610351562,204.5552978515625,136.21543884277344,11266482
2015-06-03,201.44186401367188,201.47396850585938,192.9682159423828,195.4075927734375,132.82957458496094,21470134
2015-06-04,195.7927703857422,196.8519744873047,191.42755126953125,193.6101531982422,131.6077423095703,11429057
2015-06-05,193.5138702392578,197.65440368652344,189.3733367919922,195.34339904785156,132.78590393066406,17605227
2015-06-08,197.07666015625,197.87908935546875,194.0274200439453,195.37550354003906,132.80770874023438,10689359
2015-06-09,193.802734375,194.50888061523438,192.39047241210938,192.9682159423828,131.17135620117188,10292547
2015-06-10,192.9682159423828,194.76565551757812,191.684326171875,193.2891845703125,131.38954162597656,9861385
2015-06-11,193.866943359375,193.866943359375,189.50172424316406,190.68931579589844,129.62225341796875,11520780
2015-06-12,190.52882385253906,192.67933654785156,189.3733367919922,191.01028442382812,129.8404541015625,8653038
2015-06-15,190.65721130371094,194.348388671875,188.73138427734375,191.62013244628906,130.25498962402344,8680427
2015-06-16,191.29916381835938,192.67933654785156,189.5338134765625,191.9090118408203,130.45138549804688,8231138
2015-06-17,191.62013244628906,194.5730743408203,190.8177032470703,193.2891845703125,131.38954162597656,10881861
2015-06-18,193.35337829589844,195.4075927734375,192.71144104003906,193.802734375,131.73861694335938,11296145
2015-06-19,194.3804931640625,196.08163452148438,194.12371826171875,195.7927703857422,133.0913543701172,8757082
2015-06-22,196.56309509277344,200.38265991210938,195.60018920898438,199.25926208496094,135.44775390625,7197508
2015-06-23,199.25926208496094,202.2122039794922,197.46182250976562,201.92332458496094,137.25863647460938,7586161
2015-06-24,202.34059143066406,204.2022247314453,199.67652893066406,201.3455810546875,136.8659210205078,7368751
2015-06-25,199.3876495361328,202.50108337402344,198.8419952392578,200.51104736328125,136.2986602783203,10885448
2015-06-26,200.51104736328125,200.51104736328125,197.10874938964844,197.68649291992188,134.37867736816406,5507615
2015-06-29,195.92115783691406,199.61233520507812,194.99034118652344,198.9703826904297,135.25137329101562,9719271
2015-06-30,199.13087463378906,203.39979553222656,197.7506866455078,202.30848693847656,137.5204620361328,11639874
2015-07-01,202.3726806640625,203.1109161376953,200.6073455810547,201.3134765625,136.84410095214844,8850821
2015-07-02,201.6344451904297,203.6886749267578,201.24928283691406,202.24429321289062,137.476806640625,6562181
2015-07-03,201.76284790039062,203.43190002441406,200.51104736328125,202.5973663330078,137.71682739257812,5122200
2015-07-06,200.86412048339844,204.5552978515625,200.286376953125,204.39480590820312,138.93865966796875,4419337
2015-07-07,204.5552978515625,204.97256469726562,202.9183349609375,203.72076416015625,138.48046875,7595780
2015-07-08,202.30848693847656,202.85414123535156,198.6173095703125,200.89620971679688,136.5604705810547,11611813
2015-07-09,200.7999267578125,202.14801025390625,198.90618896484375,199.3876495361328,135.53501892089844,6711914
2015-07-10,198.36053466796875,200.09378051757812,196.78778076171875,198.93829345703125,135.2295684814453,7493999
2015-07-13,200.92831420898438,203.1109161376953,198.3284454345703,201.95542907714844,137.28045654296875,6623752
2015-07-14,201.5381622314453,203.17510986328125,199.4197540283203,200.4789581298828,136.27684020996094,5465329
2015-07-15,199.86911010742188,202.34059143066406,199.86911010742188,201.57025146484375,137.01864624023438,5687830
2015-07-16,202.0838165283203,205.35772705078125,200.4789581298828,204.10592651367188,138.74227905273438,5838516
2015-07-17,204.49110412597656,207.9254913330078,203.91334533691406,206.8983917236328,140.64048767089844,6133622
2015-07-20,206.57742309570312,207.63662719726562,204.9083709716797,205.74288940429688,139.8550262451172,4946419
2015-07-21,205.74288940429688,206.9946746826172,200.6073455810547,201.18508911132812,136.75685119628906,7069753
2015-07-22,200.35057067871094,204.10592651367188,199.45184326171875,201.8912353515625,137.2368621826172,8060271
2015-07-23,202.27639770507812,203.7849578857422,200.286376953125,202.27639770507812,137.49868774414062,5631003
2015-07-24,202.2122039794922,202.5973663330078,200.6073455810547,201.92332458496094,137.25863647460938,4199466
2015-07-27,199.96539306640625,201.1529998779297,198.8740997314453,200.0616912841797,135.99314880371094,5315522
2015-07-28,200.2542724609375,201.5060577392578,198.71360778808594,199.77281188964844,135.79681396484375,6795594
2015-07-29,199.64442443847656,200.286376953125,192.9682159423828,195.15081787109375,132.65499877929688,9718356
2015-07-30,195.15081787109375,204.04173278808594,192.5830535888672,202.82205200195312,137.8695526123047,20744023
2015-07-31,204.10592651367188,210.17230224609375,202.40478515625,209.27357482910156,142.25502014160156,16948958
2015-08-03,209.27357482910156,214.08815002441406,208.69583129882812,212.83636474609375,144.67686462402344,14905871
2015-08-04,212.7721710205078,212.83636474609375,208.34275817871094,211.77716064453125,143.9568634033203,10317915
2015-08-05,211.77716064453125,213.79928588867188,209.65875244140625,212.99685668945312,144.78594970703125,5929897
2015-08-06,212.19442749023438,212.48329162597656,207.98968505859375,209.43406677246094,142.3641357421875,8786024
2015-08-07,207.98968505859375,209.0167999267578,206.705810546875,208.278564453125,141.5786590576172,4644064
2015-08-10,208.3106689453125,210.0760040283203,205.00465393066406,206.03176879882812,140.05140686035156,5799938
2015-08-11,205.48611450195312,206.64161682128906,203.07882690429688,205.48611450195312,139.68045043945312,5520369
2015-08-12,205.4219207763672,205.4219207763672,202.85414123535156,203.33560180664062,138.21864318847656,12386018
2015-08-13,203.75286865234375,205.22933959960938,194.50888061523438,203.07882690429688,138.04409790039062,6900635
2015-08-14,203.8170623779297,205.5823974609375,201.95542907714844,204.2343292236328,138.82955932617188,7890438
2015-08-17,204.97256469726562,205.2935333251953,202.53317260742188,203.43190002441406,138.28408813476562,4495638
2015-08-18,203.17510986328125,204.523193359375,200.67153930664062,202.11590576171875,137.38954162597656,9429541
2015-08-19,201.57025146484375,204.13803100585938,198.36053466796875,203.43190002441406,138.28408813476562,7657887
2015-08-20,204.2022247314453,212.0660400390625,203.07882690429688,211.42408752441406,143.71682739257812,18701959
2015-08-21,211.1673126220703,212.67587280273438,207.187255859375,212.32281494140625,144.3277587890625,18452566
2015-08-24,206.09596252441406,211.5203857421875,202.5973663330078,205.55030822753906,139.72409057617188,17120031
2015-08-25,206.73789978027344,209.369873046875,200.6073455810547,205.35772705078125,139.59320068359375,22094589
2015-08-26,203.88125610351562,205.9675750732422,201.3134765625,203.91334533691406,138.61138916015625,16777892
2015-08-27,207.66871643066406,210.26858520507812,203.07882690429688,209.08099365234375,142.12413024902344,20810590
2015-08-28,211.42408752441406,211.42408752441406,208.43905639648438,209.91552734375,142.69139099121094,10099873
2015-08-31,208.4711456298828,210.87843322753906,206.4490203857422,208.72792053222656,141.8841094970703,10005743
2015-09-01,207.0267791748047,207.9254913330078,201.76284790039062,202.50108337402344,137.65139770507812,9835616
2015-09-02,204.7157745361328,207.37985229492188,202.30848693847656,205.48611450195312,139.68045043945312,13515913
2015-09-03,205.00465393066406,208.43905639648438,204.8441619873047,205.4219207763672,139.63682556152344,10476984
2015-09-04,205.4219207763672,206.38482666015625,202.0517120361328,203.56028747558594,138.3713836669922,16321889
2015-09-07,203.04672241210938,205.1009521484375,199.74072265625,201.21719360351562,136.7786407470703,7386243
2015-09-08,200.9925079345703,202.5973663330078,199.195068359375,200.86412048339844,136.5386505126953,10634960
2015-09-09,202.3726806640625,203.1109161376953,200.83201599121094,201.82704162597656,137.1932373046875,6359030
2015-09-10,199.64442443847656,202.7257537841797,199.22715759277344,201.1529998779297,136.73500061035156,9313670
2015-09-11,202.01962280273438,202.950439453125,200.38265991210938,201.40977478027344,136.90953063964844,6970833
2015-09-14,201.40977478027344,202.34059143066406,200.0295867919922,201.3455810546875,136.8659210205078,7762278
2015-09-15,200.92831420898438,204.07383728027344,200.6073455810547,203.52818298339844,138.34959411621094,5374153
2015-09-16,204.5552978515625,207.25144958496094,203.62448120117188,206.80209350585938,140.57501220703125,5804856
2015-09-18,208.6316375732422,210.55746459960938,202.0517120361328,204.13803100585938,138.7641143798828,13322309
2015-09-21,203.1109161376953,203.6886749267578,201.18508911132812,201.73074340820312,137.1277313232422,7060328
2015-09-22,202.78994750976562,204.29852294921875,199.0024871826172,200.38265991210938,136.2113800048828,15513834
2015-09-23,197.07666015625,204.81207275390625,197.07666015625,202.9183349609375,137.9350128173828,12103872
2015-09-24,202.0838165283203,207.5724334716797,201.8912353515625,207.05886840820312,140.74960327148438,14665105
2015-09-28,207.4440460205078,208.6316375732422,204.39480590820312,204.94046020507812,139.30953979492188,6603226
2015-09-29,204.7478790283203,208.6316375732422,203.49609375,205.67869567871094,139.81141662597656,8618175
2015-09-30,206.705810546875,211.74505615234375,205.4219207763672,211.07101440429688,143.47686767578125,13981834
2015-10-01,209.94761657714844,214.31283569335938,209.94761657714844,211.03892517089844,143.45504760742188,6445786
2015-10-05,211.8413543701172,212.8042755126953,209.78713989257812,211.5203857421875,143.7823028564453,9680157
2015-10-06,213.125244140625,220.6038818359375,211.07101440429688,220.09033203125,149.60781860351562,11133386
2015-10-07,220.7964630126953,224.6802215576172,219.7372589111328,222.91488647460938,151.52781677246094,11119883
2015-10-08,222.59390258789062,222.59390258789062,215.30784606933594,217.68304443359375,147.97145080566406,9729114
2015-10-09,218.83853149414062,221.3421173095703,218.38917541503906,220.47549438476562,149.86959838867188,5747871
2015-10-12,220.21871948242188,223.65310668945312,217.52255249023438,218.74224853515625,148.69143676757812,6302130
2015-10-13,218.2607879638672,222.04824829101562,218.03610229492188,220.86065673828125,150.13140869140625,7275026
2015-10-14,220.9569549560547,221.8877716064453,219.8656463623047,220.89276123046875,150.15322875976562,9432417
2015-10-15,220.8285675048828,226.22088623046875,220.6038818359375,224.29505920410156,152.46595764160156,9861249
2015-10-16,223.42843627929688,224.6802215576172,220.50758361816406,223.94198608398438,152.2259979248047,10008030
2015-10-19,223.39633178710938,225.964111328125,221.59889221191406,225.32217407226562,153.16416931152344,11618584
2015-10-20,225.00119018554688,225.48265075683594,223.2679443359375,223.8135986328125,152.13870239257812,7671159
2015-10-21,224.10247802734375,224.6802215576172,223.17166137695312,223.74940490722656,152.09506225585938,5676290
2015-10-23,224.74441528320312,230.4256134033203,224.74441528320312,230.0404510498047,156.37142944335938,9060774
2015-10-26,230.36141967773438,230.9712677001953,227.8899383544922,228.8528594970703,155.5641632080078,8200648
2015-10-27,227.69735717773438,229.1417236328125,226.76654052734375,228.53189086914062,155.3459930419922,15515511
2015-10-28,227.47267150878906,230.4256134033203,227.2480010986328,228.01832580566406,154.99688720703125,10086513
2015-10-29,227.95413208007812,228.53189086914062,222.81858825683594,224.6802215576172,152.72776794433594,7932853
2015-10-30,225.6110382080078,225.6110382080078,212.41909790039062,214.82638549804688,146.02955627441406,28847862
2015-11-02,213.76718139648438,218.06820678710938,211.8092498779297,216.46334838867188,147.14231872558594,10723717
2015-11-03,216.20657348632812,217.55465698242188,213.6387939453125,214.95477294921875,146.1168670654297,4061707
2015-11-04,216.23866271972656,217.10528564453125,214.4091339111328,215.50042724609375,146.48779296875,5171885
2015-11-05,214.4091339111328,217.7472381591797,213.92767333984375,216.43124389648438,147.12049865722656,5595613
2015-11-06,215.4683380126953,217.90771484375,215.0510711669922,216.78431701660156,147.36048889160156,4635192
2015-11-09,212.8042755126953,220.8285675048828,212.0660400390625,220.21871948242188,149.695068359375,12462025
2015-11-10,218.7743377685547,221.5026092529297,215.14736938476562,216.17446899414062,146.94595336914062,7507146
2015-11-13,212.09812927246094,214.28074645996094,209.97972106933594,211.7129669189453,143.91322326660156,19348452
2015-11-16,211.8413543701172,217.6188507080078,211.58457946777344,217.1694793701172,147.622314453125,9111652
2015-11-17,219.67306518554688,224.84071350097656,217.68304443359375,224.10247802734375,152.33506774902344,12018593
2015-11-18,225.32217407226562,225.41845703125,220.89276123046875,223.300048828125,151.78958129882812,10350049
2015-11-19,224.6802215576172,226.60604858398438,223.90989685058594,225.99620056152344,153.62232971191406,17590094
2015-11-20,226.12460327148438,226.12460327148438,220.2508087158203,221.117431640625,150.3059844970703,10237807
2015-11-23,220.4113006591797,221.37420654296875,215.85350036621094,216.4954376220703,147.16412353515625,9335921
2015-11-24,217.7151336669922,218.00401306152344,213.3178253173828,215.62881469726562,146.57504272460938,13590345
2015-11-26,215.789306640625,221.4705047607422,214.95477294921875,220.0582275390625,149.58596801757812,9778092
2015-11-27,221.08534240722656,221.4705047607422,217.52255249023438,221.05323791503906,150.26234436035156,5895769
2015-11-30,220.31500244140625,222.62600708007812,218.61386108398438,222.208740234375,151.0477752685547,17919712
2015-12-01,221.59889221191406,222.75439453125,218.90272521972656,222.27293395996094,151.09141540527344,10516942
2015-12-02,222.11244201660156,224.5197296142578,219.80145263671875,224.29505920410156,152.46595764160156,4813524
2015-12-03,222.17665100097656,223.33213806152344,219.7372589111328,220.4113006591797,149.82595825195312,5809665
2015-12-04,219.09532165527344,219.38418579101562,215.0510711669922,215.66091918945312,146.5968475341797,14148517
2015-12-07,215.0510711669922,215.62881469726562,199.3555450439453,201.28138732910156,136.822265625,52829599
2015-12-08,199.64442443847656,204.26641845703125,199.3876495361328,202.0517120361328,137.3459014892578,19736148
2015-12-09,205.1009521484375,205.1009521484375,202.3726806640625,203.75286865234375,138.50225830078125,15655011
2015-12-10,203.8170623779297,206.54531860351562,203.49609375,206.22434997558594,140.18228149414062,8649047
2015-12-11,206.06385803222656,206.9946746826172,202.46897888183594,206.06385803222656,140.07325744628906,9358275
2015-12-14,205.4219207763672,206.96258544921875,203.59237670898438,205.48611450195312,139.68045043945312,7573029
2015-12-15,205.4219207763672,207.9254913330078,204.13803100585938,207.31565856933594,140.9241485595703,10478148
2015-12-16,207.34774780273438,208.40695190429688,204.2022247314453,204.94046020507812,139.30953979492188,8099047
2015-12-17,205.22933959960938,206.54531860351562,203.04672241210938,205.74288940429688,139.8550262451172,9018268
2015-12-18,205.99966430664062,207.34774780273438,203.1109161376953,203.56028747558594,138.3713836669922,14774200
2015-12-21,205.4219207763672,210.2043914794922,203.52818298339844,209.62664794921875,142.49502563476562,8352379
2015-12-22,208.66372680664062,208.95260620117188,205.1009521484375,205.5823974609375,139.74594116210938,6326849
2015-12-23,206.705810546875,207.98968505859375,205.4219207763672,206.38482666015625,140.29139709472656,5475581
2015-12-24,207.34774780273438,208.4711456298828,205.8070831298828,207.79710388183594,141.2513885498047,3799114
2015-12-28,207.15516662597656,209.94761657714844,206.9946746826172,209.40196228027344,142.34228515625,9432149
2015-12-29,209.5624542236328,210.55746459960938,207.5724334716797,208.53533935546875,141.7532196044922,4606143
2015-12-30,209.59454345703125,210.2364959716797,208.15017700195312,209.62664794921875,142.49502563476562,4984557
2015-12-31,208.95260620117188,211.8413543701172,207.5724334716797,210.4290771484375,143.04051208496094,8342404
2016-01-01,210.30068969726562,211.1994171142578,209.0489044189453,210.2364959716797,142.90956115722656,1536435
2016-01-04,208.95260620117188,209.3377685546875,206.41693115234375,208.69583129882812,141.86231994628906,6133919
2016-01-05,208.69583129882812,209.5303497314453,208.02178955078125,208.53533935546875,141.7532196044922,6040492
2016-01-06,209.91552734375,209.91552734375,201.92332458496094,202.27639770507812,137.49868774414062,15821205
2016-01-07,201.44186401367188,201.44186401367188,198.1358642578125,198.74571228027344,135.0986328125,12264018
2016-01-08,199.77281188964844,203.49609375,198.8419952392578,201.3455810546875,136.8659210205078,10219316
2016-01-11,199.0024871826172,203.36770629882812,198.8419952392578,202.88624572753906,137.9132080078125,7141566
2016-01-12,202.3726806640625,203.43190002441406,200.6073455810547,202.30848693847656,137.5204620361328,7222615
2016-01-13,203.72076416015625,205.67869567871094,201.98751831054688,202.69366455078125,137.7823028564453,7126884
2016-01-14,201.3455810546875,204.61949157714844,200.4468536376953,203.6565704345703,138.43685913085938,11933785
2016-01-15,202.27639770507812,203.75286865234375,200.4789581298828,201.5060577392578,136.97500610351562,8287068
2016-01-18,201.5060577392578,204.5552978515625,201.08880615234375,202.46897888183594,137.62957763671875,12285620
2016-01-19,202.3726806640625,203.8170623779297,200.2542724609375,201.60235595703125,137.04046630859375,7099389
2016-01-20,199.25926208496094,205.4219207763672,195.7927703857422,198.3284454345703,134.81500244140625,10015115
2016-01-21,200.0616912841797,200.0616912841797,194.9261474609375,196.6914825439453,133.70228576660156,13042954
2016-01-22,198.36053466796875,200.767822265625,194.25210571289062,198.20005798339844,134.72772216796875,15828472
2016-01-25,196.01744079589844,200.19007873535156,195.18292236328125,198.6173095703125,135.01136779785156,9688748
2016-01-27,198.6494140625,201.69863891601562,197.0445556640625,200.89620971679688,136.5604705810547,8839231
2016-01-28,200.73573303222656,206.60951232910156,200.0616912841797,204.49110412597656,139.00411987304688,14425495
2016-01-29,207.25144958496094,209.27357482910156,203.39979553222656,205.55030822753906,139.72409057617188,12977498
2016-02-01,204.5552978515625,208.6316375732422,202.11590576171875,208.4711456298828,141.70957946777344,7634682
2016-02-02,207.9254913330078,209.20938110351562,206.3527374267578,208.15017700195312,141.49139404296875,7338991
2016-02-03,206.54531860351562,208.15017700195312,205.16514587402344,206.6737060546875,140.48776245117188,5111345
2016-02-04,206.96258544921875,208.37486267089844,206.06385803222656,206.57742309570312,140.4222869873047,3309501
2016-02-05,207.34774780273438,209.24148559570312,206.705810546875,207.9575958251953,141.36048889160156,6754583
2016-02-08,208.5032501220703,208.56744384765625,201.73074340820312,202.3726806640625,137.56411743164062,6509280
2016-02-09,201.08880615234375,201.40977478027344,198.8419952392578,200.54315185546875,136.32044982910156,11915170
2016-02-10,200.35057067871094,200.89620971679688,197.07666015625,198.36053466796875,134.83682250976562,8168586
2016-02-11,199.45184326171875,199.45184326171875,190.9460906982422,191.65223693847656,130.2768096923828,14580660
2016-02-12,192.06948852539062,195.88905334472656,191.84481811523438,192.64724731445312,130.9532012939453,13703734
2016-02-15,194.50888061523438,196.43470764160156,191.55593872070312,194.95823669433594,132.52407836914062,12478912
2016-02-16,195.47178649902344,196.43470764160156,188.5067138671875,189.69430541992188,128.94589233398438,10988951
2016-02-17,190.33624267578125,193.73854064941406,185.55377197265625,192.48675537109375,130.8440704345703,13598699
2016-02-18,193.54595947265625,196.88406372070312,193.1287078857422,196.08163452148438,133.28775024414062,9751124
2016-02-19,195.7927703857422,196.4989013671875,193.22499084472656,195.50389099121094,132.89500427246094,7194078
2016-02-22,194.28419494628906,194.28419494628906,188.34622192382812,192.48675537109375,130.8440704345703,15270590
2016-02-23,191.26705932617188,191.26705932617188,187.86476135253906,188.60299682617188,128.20408630371094,9198036
2016-02-24,188.08944702148438,189.63011169433594,183.59584045410156,184.62295532226562,125.49861145019531,14353186
2016-02-25,182.69711303710938,186.356201171875,182.31195068359375,183.72422790527344,124.88771057128906,15129076
2016-02-26,185.52166748046875,187.44749450683594,183.05018615722656,186.77345275878906,126.96040344238281,12468580
2016-02-29,186.1636199951172,193.6422576904297,172.04086303710938,189.79058837890625,129.01133728027344,79431944
2016-03-01,195.7927703857422,209.91552734375,195.7927703857422,208.8563232421875,141.971435546875,67402048
2016-03-02,210.55746459960938,214.34494018554688,204.42691040039062,205.13304138183594,139.4404754638672,24680589
2016-03-03,207.34774780273438,208.6316375732422,203.33560180664062,204.2343292236328,138.82955932617188,10227569
2016-03-04,205.4219207763672,206.54531860351562,202.0517120361328,202.34059143066406,137.5423126220703,11818471
2016-03-08,202.85414123535156,207.98968505859375,202.85414123535156,205.5823974609375,139.74594116210938,13109801
2016-03-09,203.49609375,205.87127685546875,200.73573303222656,205.35772705078125,139.59320068359375,20903665
2016-03-10,205.2614288330078,206.57742309570312,200.83201599121094,202.9183349609375,137.9350128173828,13915900
2016-03-11,202.9183349609375,206.705810546875,202.2122039794922,206.25643920898438,140.20413208007812,12149994
2016-03-14,207.0267791748047,209.27357482910156,206.705810546875,208.66372680664062,141.8404998779297,7708725
2016-03-15,209.27357482910156,209.27357482910156,202.2122039794922,203.17510986328125,138.10955810546875,16209915
2016-03-16,203.20721435546875,207.60452270507812,202.85414123535156,206.73789978027344,140.5313720703125,9728463
2016-03-17,207.50823974609375,208.6316375732422,206.38482666015625,207.7650146484375,141.22958374023438,13035516
2016-03-18,208.88841247558594,209.78713989257812,206.705810546875,208.4711456298828,141.70957946777344,14383934
2016-03-21,209.75503540039062,215.82139587402344,209.43406677246094,212.7721710205078,144.63320922851562,16781906
2016-03-22,210.87843322753906,212.3549041748047,206.8662872314453,207.4440460205078,141.0113983154297,19781991
2016-03-23,208.6316375732422,208.69583129882812,205.6466064453125,208.15017700195312,141.49139404296875,16015333
2016-03-28,209.91552734375,211.7129669189453,205.614501953125,206.9946746826172,140.70594787597656,17073110
2016-03-29,206.16015625,209.94761657714844,204.77996826171875,205.4219207763672,139.63682556152344,18701607
2016-03-30,205.8070831298828,211.35989379882812,205.8070831298828,210.14019775390625,142.84410095214844,14435320
2016-03-31,209.1451873779297,213.4462127685547,208.56744384765625,210.71795654296875,143.2368621826172,28529105
2016-04-01,209.3377685546875,216.20657348632812,208.95260620117188,215.72511291503906,146.64048767089844,14850746
2016-04-04,209.91552734375,213.76718139648438,209.30567932128906,212.29071044921875,144.30593872070312,14209372
2016-04-05,210.6216583251953,212.0660400390625,208.1180877685547,209.5624542236328,142.45140075683594,8964083
2016-04-06,209.81922912597656,211.13522338867188,208.6316375732422,209.20938110351562,142.2113800048828,6892514
2016-04-07,209.91552734375,209.91552734375,204.77996826171875,205.06884765625,139.39683532714844,10412846
2016-04-08,205.1009521484375,206.9946746826172,204.77996826171875,206.19224548339844,140.16046142578125,4985755
2016-04-11,206.705810546875,210.7500457763672,203.49609375,210.0760040283203,142.80047607421875,14365804
2016-04-12,208.6316375732422,209.0489044189453,206.06385803222656,206.96258544921875,140.6841278076172,6187731
2016-04-13,208.6316375732422,213.57460021972656,208.3106689453125,212.64378356933594,144.5459747314453,12397612
2016-04-18,215.0510711669922,217.2015838623047,212.51539611816406,215.30784606933594,146.35687255859375,14746380
2016-04-20,215.2757568359375,217.1694793701172,213.51040649414062,215.37203979492188,146.4005126953125,9345601
2016-04-21,215.4362335205078,216.0139923095703,210.30068969726562,211.8092498779297,143.97866821289062,7212220
2016-04-22,209.24148559570312,212.57958984375,208.278564453125,209.1451873779297,142.16775512695312,6515084
2016-04-25,206.25643920898438,208.95260620117188,205.67869567871094,206.03176879882812,140.05140686035156,6324530
2016-04-26,201.05670166015625,210.7821502685547,200.6073455810547,210.17230224609375,142.86595153808594,15023308
2016-04-27,209.30567932128906,214.7301025390625,209.30567932128906,214.12025451660156,145.54957580566406,9677599
2016-04-28,211.8413543701172,213.125244140625,206.41693115234375,207.28355407714844,140.9022979736328,20225037
2016-04-29,207.4440460205078,209.3377685546875,205.48611450195312,208.5995330810547,141.79685974121094,10729330
2016-05-02,207.50823974609375,207.98968505859375,205.03675842285156,206.16015625,140.13865661621094,3388196
2016-05-03,206.4490203857422,207.63662719726562,201.57025146484375,202.88624572753906,137.9132080078125,11124246
2016-05-04,202.2122039794922,205.1009521484375,199.09877014160156,200.70362854003906,136.42955017089844,6402669
2016-05-05,200.286376953125,205.614501953125,200.0295867919922,203.91334533691406,138.61138916015625,6576427
2016-05-06,200.89620971679688,205.03675842285156,196.43470764160156,203.94544982910156,138.6331787109375,16183901
2016-05-09,205.4219207763672,209.20938110351562,205.1009521484375,208.5032501220703,141.73138427734375,8857475
2016-05-10,208.6316375732422,209.27357482910156,206.5132293701172,207.66871643066406,141.1641387939453,8564326
2016-05-11,205.4219207763672,206.54531860351562,202.9183349609375,204.13803100585938,138.7641143798828,11154663
2016-05-12,204.81207275390625,206.1280517578125,202.27639770507812,204.26641845703125,138.85140991210938,5782937
2016-05-13,204.13803100585938,206.5132293701172,202.30848693847656,205.00465393066406,139.3531951904297,9804509
2016-05-16,204.3306121826172,211.8413543701172,203.56028747558594,211.45619201660156,143.73867797851562,13469690
2016-05-17,211.8413543701172,214.05606079101562,211.00682067871094,212.16232299804688,144.21868896484375,12444300
2016-05-18,210.30068969726562,214.9226837158203,209.1451873779297,213.57460021972656,145.17869567871094,7908685
2016-05-19,214.4091339111328,214.4091339111328,207.0267791748047,208.53533935546875,141.7532196044922,8918517
2016-05-20,209.75503540039062,217.42626953125,208.5032501220703,212.0660400390625,144.1532440185547,21044560
2016-05-23,224.45553588867188,227.5689697265625,217.9398193359375,222.65809631347656,151.35325622558594,54852807
2016-05-24,223.39633178710938,225.83572387695312,222.5297088623047,223.42843627929688,151.87689208984375,16271995
2016-05-25,224.93699645996094,229.46270751953125,224.5839385986328,228.56398010253906,155.3677978515625,10338908
2016-05-26,228.53189086914062,233.6674346923828,226.99122619628906,232.67242431640625,158.16055297851562,13074273
2016-05-27,232.99339294433594,233.60324096679688,228.6602783203125,230.65029907226562,156.7859649658203,10925400
2016-05-30,226.86282348632812,230.13674926757812,226.4776611328125,228.8528594970703,159.48236083984375,7646107
2016-05-31,228.53189086914062,230.74658203125,224.19876098632812,225.35426330566406,157.04425048828125,15054842
2016-06-01,226.60604858398438,232.51193237304688,226.60604858398438,231.99838256835938,161.6744384765625,12409528
2016-06-02,231.0033721923828,231.42062377929688,226.73443603515625,229.81576538085938,160.1533966064453,13708259
2016-06-03,231.0033721923828,231.0033721923828,226.3171844482422,227.18380737304688,158.31924438476562,7381218
2016-06-06,227.055419921875,229.1417236328125,225.54684448242188,228.2751007080078,159.0797576904297,7694861
2016-06-07,229.173828125,233.50694274902344,229.173828125,232.86500549316406,162.2783203125,11008034
2016-06-08,233.6674346923828,234.3093719482422,231.5490264892578,232.8970947265625,162.30068969726562,7611794
2016-06-09,232.76870727539062,232.99339294433594,226.34927368164062,227.31219482421875,158.40872192382812,12065100
2016-06-10,226.63815307617188,230.2330322265625,224.7123260498047,225.12957763671875,156.88771057128906,11163385
2016-06-13,223.78150939941406,226.95912170410156,221.8877716064453,224.61602783203125,156.52980041503906,12184759
2016-06-14,225.2579803466797,227.2480010986328,223.2679443359375,226.7986297607422,158.05081176757812,7849407
2016-06-15,227.2480010986328,231.0996551513672,227.08750915527344,230.810791015625,160.84681701660156,9890057
2016-06-16,230.71449279785156,230.71449279785156,225.38636779785156,227.82574462890625,158.76658630371094,9057747
2016-06-17,228.1146240234375,231.5490264892578,228.1146240234375,231.0033721923828,160.98101806640625,9326214
2016-06-20,231.42062377929688,231.74160766601562,227.95413208007812,229.84786987304688,160.17579650878906,9020745
2016-06-21,229.4947967529297,230.90707397460938,228.21090698242188,230.13674926757812,160.3770751953125,6913784
2016-06-22,228.49978637695312,230.5540008544922,226.3171844482422,227.69735717773438,158.67710876464844,9255264
2016-06-23,227.8899383544922,232.0625762939453,227.8899383544922,231.26014709472656,161.15992736816406,8991200
2016-06-24,226.3171844482422,231.16384887695312,224.80860900878906,227.31219482421875,158.40872192382812,12511364
2016-06-27,227.31219482421875,231.99838256835938,227.31219482421875,230.4256134033203,160.57839965820312,10639592
2016-06-28,231.0996551513672,236.9734344482422,230.4256134033203,236.55618286132812,164.85061645507812,16301081
2016-06-29,237.48699951171875,237.48699951171875,233.6674346923828,235.14390563964844,163.866455078125,11999827
2016-06-30,236.23519897460938,238.6103973388672,235.047607421875,236.4919891357422,164.80587768554688,21706947
2016-07-01,234.27728271484375,250.1172332763672,233.60324096679688,242.99166870117188,169.33534240722656,29020448
2016-07-04,244.58047485351562,244.58047485351562,234.95132446289062,235.8179473876953,164.33616638183594,14535927
2016-07-05,236.7327117919922,237.84005737304688,233.21807861328125,234.51800537109375,163.43026733398438,9335877
2016-07-07,235.43276977539062,239.4288787841797,234.8550262451172,237.84005737304688,165.745361328125,9305981
2016-07-08,238.22523498535156,238.22523498535156,233.50694274902344,236.7327117919922,164.97364807128906,7165465
2016-07-11,239.09185791015625,242.26947021484375,237.59933471679688,239.91033935546875,167.18804931640625,7547920
2016-07-12,241.64358520507812,242.6064910888672,237.84005737304688,239.18814086914062,166.68478393554688,4302932
2016-07-13,239.23629760742188,239.95848083496094,236.8771514892578,237.9363555908203,165.81246948242188,4510416
2016-07-14,237.84005737304688,241.6917266845703,236.01052856445312,239.47702026367188,166.88612365722656,6326605
2016-07-15,239.76589965820312,243.1842498779297,238.3696746826172,239.6214599609375,166.9867401123047,9705885
2016-07-18,239.8140411376953,240.6806640625,238.41781616210938,239.6696014404297,167.0203094482422,7088259
2016-07-19,239.76589965820312,240.7288055419922,236.4919891357422,239.8140411376953,167.12095642089844,6980063
2016-07-20,239.8140411376953,242.65464782714844,238.7548370361328,240.96954345703125,167.92620849609375,9671252
2016-07-21,243.6175537109375,244.09901428222656,237.35861206054688,241.3065643310547,168.16104125976562,12168179
2016-07-22,243.76199340820312,246.69888305664062,237.9844970703125,240.58438110351562,167.65780639648438,16388121
2016-07-25,240.2473602294922,242.65464782714844,239.76589965820312,242.41390991210938,168.93272399902344,9212323
2016-07-26,242.317626953125,244.14715576171875,241.21026611328125,242.41390991210938,168.93272399902344,7080363
2016-07-27,241.6917266845703,244.29159545898438,237.16603088378906,238.22523498535156,166.01376342773438,9241105
2016-07-28,240.15106201171875,245.92855834960938,239.04371643066406,244.8693389892578,170.6438751220703,11787316
2016-07-29,244.77305603027344,246.98776245117188,242.07688903808594,243.08795166015625,169.40248107910156,12596909
2016-08-01,242.65464782714844,245.73597717285156,240.29550170898438,241.3065643310547,168.16104125976562,9926094
2016-08-02,241.6917266845703,252.28379821777344,241.6917266845703,251.1282958984375,175.00564575195312,17425566
2016-08-03,250.3579559326172,250.3579559326172,241.9324493408203,243.3286895751953,169.57022094726562,11408861
2016-08-04,244.58047485351562,245.39895629882812,240.92138671875,242.7509307861328,169.16763305664062,8995366
2016-08-05,242.799072265625,246.98776245117188,241.78802490234375,243.1842498779297,169.46957397460938,4533189
2016-08-08,243.6175537109375,245.3026580810547,240.2473602294922,240.6806640625,167.7248992919922,8739307
2016-08-09,240.7288055419922,240.7288055419922,236.9734344482422,238.46595764160156,166.1815185546875,9718838
2016-08-10,238.802978515625,239.18814086914062,236.6845703125,237.35861206054688,165.40982055664062,5457692
2016-08-11,237.84005737304688,243.4249725341797,237.40675354003906,242.317626953125,168.86566162109375,11158153
2016-08-12,241.25840759277344,246.02484130859375,241.01768493652344,244.6767578125,170.50967407226562,8603626
2016-08-16,244.82119750976562,248.43212890625,244.05087280273438,245.63967895507812,171.18072509765625,10689714
2016-08-17,245.11007690429688,247.22848510742188,242.84722900390625,244.29159545898438,170.24130249023438,8649054
2016-08-18,244.96563720703125,245.92855834960938,242.17318725585938,242.799072265625,169.201171875,6939437
2016-08-19,242.65464782714844,243.03981018066406,240.4880828857422,241.64358520507812,168.39590454101562,5531361
2016-08-22,242.317626953125,245.3026580810547,242.17318725585938,244.6767578125,170.50967407226562,4345966
2016-08-23,244.96563720703125,245.5433807373047,241.01768493652344,242.07688903808594,168.69790649414062,6694732
2016-08-24,241.88430786132812,242.65464782714844,239.8621826171875,240.96954345703125,167.92620849609375,5590189
2016-08-25,242.7509307861328,245.5433807373047,240.96954345703125,244.05087280273438,170.07351684570312,9884849
2016-08-26,243.95457458496094,245.4470977783203,242.70278930664062,244.3878936767578,170.3083953857422,4936367
2016-08-29,243.6175537109375,244.53233337402344,241.7398681640625,243.4249725341797,169.63734436035156,4437169
2016-08-30,244.29159545898438,248.33584594726562,243.6656951904297,247.75808715820312,172.65701293945312,7989072
2016-08-31,248.72100830078125,251.80233764648438,246.89146423339844,250.40611267089844,174.5023651123047,13265582
2016-09-01,251.3208770751953,253.2467041015625,249.4913330078125,251.3208770751953,175.1398162841797,8695602
2016-09-02,252.28379821777344,253.92074584960938,250.59869384765625,253.15042114257812,176.41477966308594,9506919
2016-09-06,253.2467041015625,256.0391540527344,251.41717529296875,252.86154174804688,176.2134552001953,9519864
2016-09-07,254.20962524414062,255.1243896484375,252.28379821777344,253.0541229248047,176.34767150878906,6656556
2016-09-08,253.72816467285156,255.7021484375,252.9578399658203,255.0762481689453,177.75685119628906,8645619
2016-09-09,253.2467041015625,254.64292907714844,247.51736450195312,248.72100830078125,173.32801818847656,10131678
2016-09-12,246.45816040039062,247.1803436279297,242.41390991210938,242.89537048339844,169.2682647705078,7627126
2016-09-14,241.6917266845703,243.71385192871094,240.29550170898438,242.5102081298828,168.99984741210938,13020551
2016-09-15,243.13609313964844,248.33584594726562,243.13609313964844,246.41000366210938,171.71751403808594,8077776
2016-09-16,246.5063018798828,252.47637939453125,245.92855834960938,250.69497680664062,174.70362854003906,14578809
2016-09-19,251.80233764648438,252.86154174804688,248.67286682128906,249.2506103515625,173.6970977783203,6724348
2016-09-20,249.58763122558594,249.63577270507812,245.78411865234375,247.4210662841797,172.422119140625,6944197
2016-09-21,247.1803436279297,249.2024688720703,243.6175537109375,244.2434539794922,170.2077178955078,9139238
2016-09-22,245.97669982910156,247.66180419921875,244.33973693847656,245.78411865234375,171.2813720703125,7988449
2016-09-23,245.5433807373047,247.46922302246094,242.46205139160156,244.05087280273438,170.07351684570312,5143011
2016-09-26,243.6175537109375,243.85829162597656,238.32151794433594,238.8511199951172,166.44993591308594,10060086
2016-09-27,239.4288787841797,240.00662231445312,235.9142303466797,236.7327117919922,164.97364807128906,6900812
2016-09-28,237.16603088378906,240.15106201171875,236.39569091796875,237.7919158935547,165.71180725097656,7646466
2016-09-29,238.89927673339844,240.0547637939453,232.0625762939453,236.58827209472656,164.87301635742188,18104875
2016-09-30,236.54013061523438,237.7919158935547,231.58111572265625,232.39959716796875,161.9540252685547,9912734
2016-10-03,235.14390563964844,235.14390563964844,232.59217834472656,233.31436157226562,162.59146118164062,6714964
2016-10-04,233.9884033203125,234.90316772460938,231.43667602539062,232.25515747070312,161.85333251953125,8002732
2016-10-05,232.83290100097656,234.2291259765625,230.32933044433594,231.292236328125,161.1822967529297,6470467
2016-10-06,233.02548217773438,233.02548217773438,226.91098022460938,228.59608459472656,159.303466796875,8986109
2016-10-07,229.07752990722656,231.34039306640625,227.97018432617188,230.08859252929688,160.34352111816406,4164582
2016-10-10,233.02548217773438,233.60324096679688,230.66635131835938,231.19595336914062,161.11520385742188,5241260
2016-10-13,231.19595336914062,232.49588012695312,228.1627655029297,230.08859252929688,160.34352111816406,11089281
2016-10-14,230.13674926757812,231.58111572265625,229.2219696044922,231.0033721923828,160.98101806640625,9579094
2016-10-17,231.0033721923828,232.78475952148438,229.65528869628906,231.6774139404297,161.4507293701172,6379993
2016-10-18,232.0625762939453,237.40675354003906,231.38853454589844,236.82901000976562,165.04074096679688,12234489
2016-10-19,236.54013061523438,236.54013061523438,229.55899047851562,230.57005310058594,160.67904663085938,8734555
2016-10-20,232.0625762939453,232.39959716796875,229.27012634277344,230.47377014160156,160.6119384765625,4572220
2016-10-21,230.13674926757812,232.20701599121094,229.89601135253906,231.2440948486328,161.14877319335938,10999941
2016-10-24,232.0625762939453,233.02548217773438,230.810791015625,232.39959716796875,161.9540252685547,9944640
2016-10-25,233.89212036132812,233.89212036132812,229.31826782226562,229.89601135253906,160.2093048095703,6177333
2016-10-26,230.95521545410156,233.50694274902344,224.84071350097656,229.89601135253906,160.2093048095703,24852951
2016-10-27,232.25515747070312,235.72164916992188,230.76263427734375,234.08470153808594,163.1282958984375,15943817
2016-10-28,235.2401885986328,235.2401885986328,230.61819458007812,234.08470153808594,163.1282958984375,9674418
2016-11-01,233.7958221435547,233.7958221435547,230.2811737060547,231.051513671875,161.01455688476562,5730426
2016-11-02,228.21090698242188,230.08859252929688,226.38137817382812,228.49978637695312,159.23631286621094,4867894
2016-11-03,228.25906372070312,233.31436157226562,227.2480010986328,231.38853454589844,161.2494354248047,9210542
2016-11-04,242.17318725585938,246.89146423339844,237.88821411132812,239.8140411376953,167.12095642089844,36621117
2016-11-07,244.3878936767578,250.0209503173828,237.84005737304688,246.98776245117188,172.12017822265625,25202734
2016-11-08,246.98776245117188,247.85438537597656,242.84722900390625,246.1211395263672,171.51626586914062,10317962
2016-11-09,230.2811737060547,245.5433807373047,229.70343017578125,238.94741821289062,166.5170440673828,23914156
2016-11-10,243.47311401367188,243.6175537109375,236.44383239746094,241.7398681640625,168.46304321289062,12012673
2016-11-11,238.802978515625,239.71774291992188,232.0625762939453,233.9402618408203,163.02764892578125,13232720
2016-11-15,232.9773406982422,237.7437744140625,227.055419921875,228.69236755371094,159.37054443359375,22012736
2016-11-16,229.1256866455078,230.2330322265625,219.5928192138672,222.33712768554688,154.94171142578125,31846924
2016-11-17,219.9779815673828,225.32217407226562,219.92984008789062,222.91488647460938,155.34432983398438,9640577
2016-11-18,221.4705047607422,222.81858825683594,218.6780548095703,219.40023803710938,152.89508056640625,8575440
2016-11-21,219.7372589111328,220.12242126464844,215.30784606933594,215.88558959960938,150.44580078125,7878052
2016-11-22,216.6559295654297,219.64096069335938,215.21156311035156,217.7151336669922,151.72076416015625,9570300
2016-11-23,218.82249450683594,219.3520965576172,215.21156311035156,216.31890869140625,150.7477264404297,10720504
2016-11-24,216.6559295654297,216.8966522216797,213.8634796142578,215.21156311035156,149.97605895996094,18697423
2016-11-25,216.17446899414062,221.90382385253906,214.7782440185547,220.31500244140625,153.53253173828125,7890103
2016-11-28,219.92984008789062,225.51475524902344,218.87063598632812,225.03329467773438,156.82057189941406,9472016
2016-11-29,224.4073944091797,226.91098022460938,221.7112274169922,222.4815673828125,155.04234313964844,8945347
2016-11-30,223.39633178710938,225.70733642578125,220.6520233154297,223.87779235839844,156.01536560058594,11507955
2016-12-01,224.1666717529297,226.2850799560547,222.4815673828125,224.84071350097656,156.68637084960938,5358757
2016-12-02,224.3592529296875,224.3592529296875,219.544677734375,220.02613830566406,153.33120727539062,8693600
2016-12-05,220.4113006591797,224.5518341064453,219.01507568359375,223.92593383789062,156.0489044189453,5320355
2016-12-06,224.3592529296875,224.3592529296875,220.6520233154297,221.6630859375,154.47198486328125,5100487
2016-12-07,222.91488647460938,222.91488647460938,218.1002960205078,218.7743377685547,152.45889282226562,8419775
2016-12-08,220.5557403564453,226.57395935058594,219.83355712890625,224.64813232421875,156.5521697998047,7648947
2016-12-09,225.3703155517578,230.71449279785156,223.92593383789062,227.39244079589844,158.46463012695312,8648965
2016-12-12,225.51475524902344,225.99620056152344,223.3481903076172,223.68521118164062,155.8811492919922,3155645
2016-12-13,226.09249877929688,228.1146240234375,223.5889129638672,226.91098022460938,158.1291046142578,7727181
2016-12-14,227.2480010986328,227.72946166992188,223.39633178710938,224.50369262695312,156.45152282714844,6556449
2016-12-15,223.39633178710938,225.70733642578125,220.02613830566406,221.18162536621094,154.13644409179688,5538310
2016-12-16,222.2408447265625,222.2408447265625,217.6188507080078,217.95587158203125,151.88848876953125,13422991
2016-12-19,216.99295043945312,220.50758361816406,216.99295043945312,218.58175659179688,152.3246612548828,5665425
2016-12-20,220.02613830566406,222.2408447265625,219.06321716308594,221.42236328125,154.30421447753906,6145411
2016-12-21,220.50758361816406,221.27792358398438,217.13739013671875,217.90771484375,151.85494995117188,13379223
2016-12-22,216.8966522216797,219.92984008789062,215.93374633789062,219.11135864257812,152.69369506835938,6668113
2016-12-23,219.06321716308594,219.06321716308594,215.50042724609375,216.36705017089844,150.7812957763672,11177602
2016-12-26,216.55963134765625,217.4744110107422,213.76718139648438,216.6559295654297,150.9825897216797,9071721
2016-12-27,217.6188507080078,226.1887969970703,216.030029296875,225.3703155517578,157.05543518066406,16206836
2016-12-28,224.07037353515625,227.63316345214844,224.07037353515625,226.71839904785156,157.99490356445312,14711711
2016-12-29,226.57395935058594,228.21090698242188,223.68521118164062,227.2480010986328,158.36395263671875,14593942
2016-12-30,228.64422607421875,233.41065979003906,227.536865234375,232.68846130371094,162.1553192138672,10821396
2017-01-02,233.02548217773438,233.26622009277344,229.75157165527344,232.01443481445312,161.68557739257812,5075736
2017-01-03,231.96627807617188,236.58827209472656,230.37747192382812,234.32542419433594,163.29611206054688,7798116
2017-01-04,233.84396362304688,237.84005737304688,231.19595336914062,236.34754943847656,164.7052459716797,9668664
2017-01-05,235.43276977539062,238.65853881835938,235.047607421875,237.59933471679688,165.5775909423828,9532162
2017-01-06,237.84005737304688,239.76589965820312,233.21807861328125,233.69952392578125,162.8599090576172,8404984
2017-01-09,233.84396362304688,237.45489501953125,233.1217803955078,236.7327117919922,164.97364807128906,5041639
2017-01-10,236.8771514892578,240.58438110351562,236.58827209472656,239.71774291992188,167.05384826660156,12438618
2017-01-11,240.53622436523438,241.21026611328125,237.45489501953125,238.3696746826172,166.11441040039062,7931415
2017-01-12,238.51409912109375,238.51409912109375,235.09576416015625,235.57720947265625,164.16842651367188,5816779
2017-01-13,236.8771514892578,241.6917266845703,233.50694274902344,240.39178466796875,167.52357482910156,4553691
2017-01-16,240.00662231445312,241.5472869873047,237.9363555908203,239.5733184814453,166.95321655273438,4813933
2017-01-17,239.5733184814453,242.94351196289062,239.5733184814453,242.6064910888672,169.06698608398438,4996927
2017-01-18,242.26947021484375,244.8693389892578,240.53622436523438,241.5472869873047,168.32882690429688,7534139
2017-01-19,240.4880828857422,245.3026580810547,240.29550170898438,244.72491455078125,170.54322814941406,9538148
2017-01-20,244.82119750976562,246.79518127441406,244.29159545898438,245.92855834960938,171.3820343017578,11261533
2017-01-23,245.63967895507812,250.5023956298828,245.59153747558594,250.0209503173828,174.2339324951172,11101905
2017-01-24,249.97279357910156,251.0801544189453,247.80624389648438,250.21353149414062,174.3681182861328,8341113
2017-01-25,250.309814453125,256.5206298828125,249.97279357910156,255.65399169921875,178.1594696044922,18123606
2017-01-27,253.72816467285156,257.05023193359375,246.60260009765625,247.85438537597656,172.72410583496094,25440485
2017-01-30,248.8173065185547,251.3208770751953,246.02484130859375,246.60260009765625,171.85174560546875,9253765
2017-01-31,246.69888305664062,250.309814453125,245.15821838378906,248.52842712402344,173.1938018798828,10380649
2017-02-01,250.3579559326172,260.0834045410156,248.91358947753906,259.6982421875,180.97781372070312,35144107
2017-02-02,260.9500427246094,269.5199890136719,259.5056457519531,264.1276550292969,184.06455993652344,30867395
2017-02-03,263.8387756347656,265.28314208984375,260.46856689453125,262.92401123046875,183.22576904296875,9356904
2017-02-06,264.7054138183594,268.6533508300781,263.93505859375,266.5349426269531,185.7421417236328,8538188
2017-02-07,268.2681884765625,281.315673828125,265.37945556640625,266.8238220214844,185.94345092773438,25251605
2017-02-08,265.28314208984375,268.6533508300781,261.9129333496094,264.6091003417969,184.40008544921875,11114871
2017-02-09,265.7646179199219,268.0755920410156,262.5388488769531,267.3534240722656,186.31253051757812,5070408
2017-02-10,268.3644714355469,268.7496337890625,261.4796447753906,263.212890625,183.42706298828125,7975779
2017-02-13,265.1868591308594,266.10162353515625,258.6390380859375,260.5648498535156,181.58175659179688,9312915
2017-02-14,259.98712158203125,263.3573303222656,259.16864013671875,260.7574462890625,181.71592712402344,6911954
2017-02-15,261.1426086425781,265.28314208984375,261.1426086425781,263.2610168457031,183.4606170654297,7827599
2017-02-16,260.0352478027344,261.4314880371094,255.84657287597656,256.7613525390625,178.93115234375,10982700
2017-02-17,257.4353942871094,258.92791748046875,254.20962524414062,258.2057189941406,179.93771362304688,9700816
2017-02-20,256.1354675292969,257.53167724609375,255.7021484375,256.18359375,178.52854919433594,5934404
2017-02-21,256.1354675292969,256.3761901855469,251.1282958984375,253.39114379882812,176.58253479003906,10251239
2017-02-22,254.59478759765625,256.3761901855469,251.94677734375,253.68002319335938,176.78384399414062,8815003
2017-02-23,254.20962524414062,258.2538757324219,251.89862060546875,255.79843139648438,178.2601318359375,12837302
2017-02-27,255.7021484375,256.1354675292969,248.28768920898438,254.78736877441406,177.55552673339844,5270544
2017-02-28,253.2467041015625,254.78736877441406,251.22459411621094,252.47637939453125,175.945068359375,8558167
2017-03-01,252.66896057128906,259.6982421875,252.66896057128906,258.5427551269531,180.17259216308594,15139871
2017-03-02,258.5427551269531,260.22784423828125,253.72816467285156,254.9318084716797,177.6562042236328,10453722
2017-03-03,252.28379821777344,253.6318817138672,248.57656860351562,251.85047912597656,175.50889587402344,10371862
2017-03-06,252.9578399658203,255.22068786621094,251.85047912597656,254.30592346191406,177.22006225585938,9927375
2017-03-07,254.49850463867188,255.17254638671875,251.46531677246094,254.45034790039062,177.3206787109375,7183529
2017-03-08,254.64292907714844,255.65399169921875,253.72816467285156,254.35406494140625,177.2535858154297,5993605
2017-03-09,256.23175048828125,256.42431640625,252.57266235351562,255.1243896484375,177.7904052734375,9847115
2017-03-10,255.1243896484375,255.22068786621094,252.90968322753906,253.68002319335938,176.78384399414062,5880374
2017-03-14,256.3280334472656,261.575927734375,255.36512756347656,257.1946716308594,179.23312377929688,18508020
2017-03-15,255.36512756347656,260.6611633300781,255.36512756347656,258.2538757324219,179.97125244140625,14475482
2017-03-16,260.22784423828125,261.1907653808594,257.579833984375,258.4945983886719,180.1389923095703,9020039
2017-03-17,266.5349426269531,278.18621826171875,266.5349426269531,270.8199157714844,188.72825622558594,54015422
2017-03-20,272.4087219238281,273.6605224609375,267.49786376953125,271.44580078125,189.16444396972656,16509511
2017-03-21,272.6976013183594,277.8973388671875,272.5050048828125,277.2232971191406,193.1906280517578,13734401
2017-03-22,274.43084716796875,277.1751403808594,268.2681884765625,269.4718322753906,187.78880310058594,12874461
2017-03-23,267.208984375,272.0235595703125,264.8979797363281,267.3052673339844,186.27894592285156,17547913
2017-03-24,268.5089111328125,272.5050048828125,268.4126281738281,270.5791931152344,188.56048583984375,7398317
2017-03-27,270.0495910644531,272.4087219238281,266.053466796875,271.15692138671875,188.96310424804688,12623097
2017-03-28,271.15692138671875,271.73468017578125,269.6644287109375,270.09771728515625,188.22500610351562,6532115
2017-03-29,269.808837890625,273.1790466308594,269.808837890625,272.6976013183594,190.03680419921875,8828112
2017-03-30,273.4679260253906,274.09381103515625,269.6644287109375,272.2642822265625,189.73480224609375,14948411
2017-03-31,270.5791931152344,272.5050048828125,268.4126281738281,269.9051513671875,188.09075927734375,9929324
2017-04-03,272.31243896484375,273.082763671875,268.31634521484375,271.1087951660156,188.9296112060547,7507187
2017-04-05,272.6976013183594,272.9864807128906,267.40155029296875,268.6051940917969,187.18487548828125,10685034
2017-04-06,267.8830261230469,268.79779052734375,263.0684509277344,263.93505859375,183.9303436279297,16243974
2017-04-07,262.8758544921875,263.98321533203125,260.8537292480469,262.5388488769531,182.9573516845703,9480161
2017-04-10,264.80169677734375,264.80169677734375,262.0092468261719,263.40545654296875,183.561279296875,5687364
2017-04-11,262.97216796875,272.1198425292969,261.7203674316406,271.5902404785156,189.2650604248047,11355730
2017-04-12,271.25323486328125,274.2382507324219,269.1829528808594,271.44580078125,189.16444396972656,7507416
2017-04-13,271.44580078125,271.5421142578125,267.208984375,268.79779052734375,187.31907653808594,4085766
2017-04-17,266.2942199707031,272.0235595703125,265.331298828125,268.7496337890625,187.28553771972656,5017073
2017-04-18,269.808837890625,273.4679260253906,267.7867431640625,268.7015075683594,187.2519989013672,4497780
2017-04-19,270.7236328125,271.0606384277344,267.5459899902344,268.3644714355469,187.01712036132812,5143709
2017-04-20,269.327392578125,271.0606384277344,268.0274658203125,269.1347961425781,187.55393981933594,4400814
2017-04-21,271.5421142578125,271.5421142578125,262.58697509765625,264.1758117675781,184.09814453125,9041742
2017-04-24,266.1497802734375,267.25714111328125,261.094482421875,266.4867858886719,185.70858764648438,7392939
2017-04-25,267.6904296875,271.5421142578125,263.74249267578125,270.8680725097656,188.76181030273438,13211107
2017-04-26,272.79388427734375,282.0378723144531,271.5421142578125,280.1120300292969,195.2037353515625,19671557
2017-04-27,280.593505859375,281.074951171875,273.94940185546875,275.201171875,191.7814483642578,14075606
2017-04-28,275.201171875,275.8752136230469,267.0645446777344,267.6904296875,186.5474090576172,12851433
2017-05-02,270.09771728515625,270.8680725097656,266.2460632324219,268.845947265625,187.3526153564453,7298698
2017-05-03,269.1347961425781,269.1347961425781,265.28314208984375,266.96826171875,186.0441131591797,6271881
2017-05-04,267.5941467285156,271.73468017578125,265.9090576171875,270.7717590332031,188.69471740722656,8070845
2017-05-05,270.5310363769531,270.5310363769531,266.1497802734375,266.8719482421875,185.9770050048828,4192254
2017-05-08,267.25714111328125,268.1719055175781,262.4425354003906,262.8277282714844,183.15870666503906,11038927
2017-05-09,263.3573303222656,266.3905029296875,260.9500427246094,261.4314880371094,182.1856689453125,7008749
2017-05-10,262.10552978515625,265.4757385253906,261.9129333496094,263.7906188964844,183.82969665527344,4754549
2017-05-11,265.28314208984375,268.79779052734375,263.8387756347656,266.3905029296875,185.64149475097656,9778012
2017-05-12,267.0163879394531,267.0163879394531,263.8869323730469,264.7535400390625,184.500732421875,4672675
2017-05-15,265.6683044433594,268.55706787109375,265.28314208984375,267.6423034667969,186.51385498046875,5673245
2017-05-16,268.1719055175781,273.7568054199219,267.6904296875,272.9383239746094,190.20452880859375,11635819
2017-05-17,273.564208984375,273.85308837890625,268.8940734863281,271.205078125,188.99664306640625,8617269
2017-05-18,267.6904296875,270.6273193359375,266.7756652832031,267.5941467285156,186.4803009033203,8229448
2017-05-19,271.7828369140625,284.6858825683594,271.49395751953125,275.5863342285156,192.04986572265625,37099971
2017-05-22,281.60455322265625,293.4965515136719,280.4972229003906,292.341064453125,203.72584533691406,37323445
2017-05-23,290.7041015625,292.62994384765625,287.1894836425781,289.0190124511719,201.41079711914062,20546707
2017-05-24,288.87457275390625,290.75225830078125,286.8524475097656,288.7782897949219,201.2430877685547,9822098
2017-05-25,288.87457275390625,293.4002685546875,284.3970031738281,288.9227294921875,201.3436737060547,23646915
2017-05-26,290.8004150390625,302.1628112792969,288.4412536621094,297.6371154785156,207.41653442382812,22579834
2017-05-29,292.7262268066406,307.9884338378906,292.2447814941406,304.13677978515625,211.946044921875,20422509
2017-05-30,301.2961730957031,303.5108947753906,298.5518798828125,299.89996337890625,208.9934539794922,8876322
2017-05-31,299.89996337890625,301.77764892578125,295.614990234375,300.2369689941406,209.2283172607422,12782086
2017-06-01,300.4295654296875,305.00341796875,299.2740478515625,302.5479736328125,210.83880615234375,8570891
2017-06-02,304.37750244140625,308.0365905761719,303.5108947753906,307.362548828125,214.1939697265625,11500232
2017-06-05,303.31829833984375,306.4477844238281,301.68133544921875,305.67742919921875,216.36334228515625,9847609
2017-06-06,305.7255859375,307.1699523925781,297.8296813964844,299.5148010253906,212.00135803222656,10220219
2017-06-07,299.7555236816406,303.07757568359375,298.84075927734375,300.6702880859375,212.81922912597656,11978598
2017-06-08,301.3924560546875,301.6332092285156,297.92596435546875,300.0444030761719,212.376220703125,8081100
2017-06-09,299.2259216308594,301.0072937011719,293.4002685546875,294.6520690917969,208.55941772460938,10453119
2017-06-12,295.614990234375,296.096435546875,291.2818603515625,293.11138916015625,207.4689483642578,6507632
2017-06-13,293.7373046875,294.6520690917969,290.99298095703125,293.92987060546875,208.0482177734375,5303687
2017-06-14,293.6409912109375,294.6520690917969,288.05609130859375,288.7301330566406,204.36778259277344,15135338
2017-06-15,291.7151794433594,291.7151794433594,288.39312744140625,290.7041015625,205.76499938964844,7713717
2017-06-16,291.2818603515625,298.1185607910156,291.2818603515625,295.4223937988281,209.1046905517578,12798297
2017-06-19,297.5408020019531,300.2851257324219,296.6741943359375,299.370361328125,211.8991241455078,7251573
2017-06-20,300.4295654296875,300.62213134765625,296.6741943359375,297.2519226074219,210.39962768554688,8579082
2017-06-21,297.92596435546875,299.4666442871094,295.80755615234375,297.49267578125,210.57008361816406,8598645
2017-06-22,297.20379638671875,302.5479736328125,296.7704772949219,299.7555236816406,212.17173767089844,9289243
2017-06-23,298.50372314453125,301.2961730957031,297.1556396484375,299.4666442871094,211.96726989746094,7453263
2017-06-27,300.1888122558594,304.7626647949219,299.4666442871094,300.7665710449219,212.88739013671875,10061814
2017-06-28,300.0444030761719,300.0444030761719,295.7112731933594,296.9149169921875,210.1610870361328,8224059
2017-06-29,297.6371154785156,301.6332092285156,297.1556396484375,300.0444030761719,212.376220703125,10311615
2017-06-30,298.74444580078125,312.6585693359375,298.74444580078125,311.64752197265625,220.5890655517578,24090343
2017-07-03,333.1686706542969,341.642333984375,327.6800537109375,329.7984619140625,233.43658447265625,48892799
2017-07-04,330.08734130859375,330.7132263183594,323.7802429199219,324.7431640625,229.85836791992188,11664585
2017-07-05,324.7431640625,325.3209228515625,318.00274658203125,318.7731018066406,225.63265991210938,12439637
2017-07-06,321.9025573730469,326.1875305175781,319.0138244628906,324.5987243652344,229.75613403320312,13946670
2017-07-07,325.4653625488281,325.6579284667969,320.69891357421875,321.9025573730469,227.84779357910156,10301830
2017-07-10,320.1211853027344,322.57659912109375,318.7249450683594,320.93963623046875,227.1661376953125,1316454
2017-07-11,322.57659912109375,322.624755859375,317.76202392578125,318.1471862792969,225.1896209716797,8657755
2017-07-12,316.22137451171875,321.228515625,315.2584533691406,316.6546630859375,224.13319396972656,10643992
2017-07-13,319.6878662109375,326.90972900390625,318.7249450683594,326.1875305175781,230.8807373046875,18165609
2017-07-14,327.3430480957031,327.3430480957031,322.384033203125,324.6468811035156,229.79026794433594,5801768
2017-07-17,322.57659912109375,322.57659912109375,308.8069152832031,313.0918884277344,221.61143493652344,21102802
2017-07-18,281.7971496582031,281.7971496582031,266.1497802734375,273.9975280761719,193.93980407714844,155236591
2017-07-19,277.12701416015625,282.0378723144531,275.5863342285156,280.64166259765625,198.64263916015625,40641441
2017-07-20,283.0970764160156,283.9637145996094,277.7047424316406,278.76397705078125,197.3135986328125,15896377
2017-07-21,280.6897888183594,280.9305114746094,275.9233703613281,278.18621826171875,196.90463256835938,13681787
2017-07-24,279.24542236328125,284.3970031738281,277.4158935546875,282.3749084472656,199.86947631835938,18479650
2017-07-25,284.05999755859375,284.2044372558594,280.06390380859375,280.593505859375,198.60855102539062,9927828
2017-07-26,281.1712646484375,283.3377990722656,280.6897888183594,282.76007080078125,200.14212036132812,9564282
2017-07-27,283.7711181640625,284.4451599121094,276.1159362792969,277.84918212890625,196.66607666015625,19620418
2017-07-28,283.3859558105469,283.81927490234375,276.5010986328125,280.7379455566406,198.7108154296875,19206912
2017-07-31,278.76397705078125,279.5343017578125,273.94940185546875,274.67156982421875,194.41688537597656,22065527
2017-08-01,274.7197265625,277.84918212890625,274.43084716796875,277.1751403808594,196.18898010253906,14063559
2017-08-02,279.0528259277344,279.1491394042969,273.7568054199219,274.8641662597656,194.55319213867188,10247374
2017-08-03,274.43084716796875,274.8160095214844,270.2421569824219,270.96435546875,191.79286193847656,10592033
2017-08-04,270.0014343261719,273.85308837890625,269.27923583984375,270.33843994140625,191.349853515625,11717562
2017-08-07,271.15692138671875,272.5050048828125,269.086669921875,269.4718322753906,190.7364501953125,8776750
2017-08-08,269.7125549316406,270.96435546875,263.3573303222656,263.98321533203125,186.85154724121094,13231816
2017-08-09,263.8387756347656,265.1868591308594,260.3722839355469,262.7314147949219,185.9654998779297,10291858
2017-08-10,262.5388488769531,264.46466064453125,260.70928955078125,262.97216796875,186.13587951660156,10380837
2017-08-11,260.9500427246094,264.2720947265625,260.0834045410156,261.4314880371094,185.04537963867188,14964550
2017-08-14,264.22393798828125,264.22393798828125,260.46856689453125,261.1907653808594,184.87498474121094,10066349
2017-08-16,261.9129333496094,271.3013610839844,261.28704833984375,268.845947265625,190.29342651367188,19412233
2017-08-17,271.3976745605469,272.4087219238281,267.5941467285156,269.61627197265625,190.83868408203125,14231781
2017-08-18,268.8940734863281,273.4679260253906,266.5349426269531,271.3976745605469,192.09959411621094,15442589
2017-08-21,271.8791198730469,274.43084716796875,270.5310363769531,271.15692138671875,191.92919921875,13592218
2017-08-22,271.5421142578125,274.43084716796875,269.9532775878906,272.4087219238281,192.8152618408203,12417415
2017-08-23,272.9864807128906,275.00860595703125,271.15692138671875,272.07171630859375,192.5767364501953,9084531
2017-08-24,271.5421142578125,272.9864807128906,270.67547607421875,271.0124816894531,191.8269805908203,11235986
2017-08-28,271.6383972167969,272.5050048828125,268.9422302246094,271.97540283203125,192.50851440429688,10358573
2017-08-29,271.8791198730469,272.4087219238281,269.03851318359375,269.85699462890625,191.0090789794922,6377756
2017-08-30,270.7236328125,272.4087219238281,270.19403076171875,271.5421142578125,192.20184326171875,6785885
2017-08-31,272.5050048828125,272.6494445800781,270.0014343261719,271.7828369140625,192.37220764160156,11654017
2017-09-01,271.73468017578125,273.8049621582031,270.2903137207031,273.082763671875,193.2923126220703,7526993
2017-09-04,272.9383239746094,273.323486328125,271.5421142578125,272.601318359375,192.95156860351562,8807199
2017-09-05,272.1679992675781,273.37164306640625,271.15692138671875,272.3605651855469,192.78114318847656,8121365
2017-09-06,270.09771728515625,270.5791931152344,265.04241943359375,265.4757385253906,187.90794372558594,14710804
2017-09-07,266.7275085449219,267.25714111328125,259.5538024902344,260.3722839355469,184.29563903808594,19958290
2017-09-08,261.094482421875,263.16473388671875,259.98712158203125,262.2499694824219,185.6247100830078,10090288
2017-09-11,262.2981262207031,264.22393798828125,261.4314880371094,263.45361328125,186.47666931152344,9672742
2017-09-12,265.28314208984375,267.93115234375,264.4165344238281,267.3534240722656,189.2370147705078,11906324
2017-09-13,267.1127014160156,267.208984375,260.9018859863281,261.4314880371094,185.04537963867188,12593161
2017-09-14,262.2018127441406,262.3944091796875,260.3722839355469,261.9129333496094,185.38613891601562,7312288
2017-09-15,261.9129333496094,262.6351318359375,258.2538757324219,259.3130798339844,183.54595947265625,13653947
2017-09-18,260.9500427246094,261.62408447265625,256.3761901855469,257.0983581542969,181.97833251953125,10543289
2017-09-19,258.061279296875,259.98712158203125,254.30592346191406,257.9168395996094,182.55764770507812,35187337
2017-09-20,259.40936279296875,261.9129333496094,257.820556640625,261.4796447753906,185.07948303222656,9974675
2017-09-21,261.9129333496094,262.2981262207031,257.1946716308594,259.5538024902344,183.71630859375,8058682
2017-09-22,259.5056457519531,260.9018859863281,257.1465148925781,258.4945983886719,182.96658325195312,7142399
2017-09-25,258.5427551269531,259.65008544921875,251.22459411621094,252.52452087402344,178.74087524414062,18260404
2017-09-26,253.53558349609375,253.96890258789062,251.3690185546875,252.71710205078125,178.87718200683594,9950366
2017-09-27,255.26882934570312,255.65399169921875,247.27662658691406,248.91358947753906,176.18499755859375,18208892
2017-09-28,250.74313354492188,253.6318817138672,249.4913330078125,251.85047912597656,178.26377868652344,22436773
2017-09-29,253.0541229248047,253.15042114257812,247.90252685546875,248.72100830078125,176.04869079589844,12640792
2017-10-03,252.76524353027344,253.0059814453125,248.91358947753906,251.70603942871094,178.1615447998047,11940746
2017-10-04,254.30592346191406,258.5427551269531,253.39114379882812,257.4835510253906,182.25094604492188,11194466
2017-10-05,257.4835510253906,259.40936279296875,254.59478759765625,255.41326904296875,180.78558349609375,7204474
2017-10-06,255.94287109375,257.579833984375,254.8355255126953,256.2799072265625,181.3990020751953,8158755
2017-10-09,258.061279296875,259.16864013671875,256.5206298828125,258.061279296875,182.6598663330078,6323114
2017-10-10,257.1946716308594,257.9649963378906,255.3169708251953,256.3280334472656,181.43307495117188,5683301
2017-10-11,256.6169128417969,257.820556640625,254.64292907714844,255.55770874023438,180.8878173828125,7959877
2017-10-12,255.7021484375,259.216796875,254.20962524414062,257.0983581542969,181.97833251953125,9518815
2017-10-13,256.3761901855469,257.6761169433594,254.40220642089844,256.0873107910156,181.26266479492188,12504487
2017-10-16,256.1354675292969,259.93896484375,255.65399169921875,257.579833984375,182.31912231445312,9504724
2017-10-17,258.061279296875,258.7353210449219,256.0873107910156,257.339111328125,182.1487274169922,11038203
2017-10-18,258.061279296875,260.70928955078125,257.1946716308594,260.3241271972656,184.26156616210938,7508323
2017-10-19,260.9500427246094,261.2388916015625,259.0242004394531,259.65008544921875,183.78448486328125,1283342
2017-10-23,259.98712158203125,262.6351318359375,255.94287109375,257.1465148925781,182.01242065429688,10144269
2017-10-24,258.4945983886719,258.4945983886719,256.23175048828125,257.0983581542969,181.97833251953125,8723712
2017-10-25,258.4464416503906,261.4314880371094,258.2538757324219,259.2649230957031,183.51185607910156,6169387
2017-10-26,260.7574462890625,260.7574462890625,257.2427978515625,258.4464416503906,182.93251037597656,9616793
2017-10-27,260.5648498535156,265.7646179199219,257.53167724609375,259.3612060546875,183.5800018310547,23852749
2017-10-30,259.0242004394531,260.5648498535156,253.68002319335938,255.3169708251953,180.71742248535156,18266520
2017-10-31,256.18359375,257.05023193359375,254.1133270263672,255.84657287597656,181.09228515625,8452918
2017-11-01,257.0983581542969,261.1426086425781,256.42431640625,259.8426818847656,183.92080688476562,7516426
2017-11-02,259.6982421875,259.93896484375,255.46141052246094,255.79843139648438,181.05821228027344,10056813
2017-11-03,257.0983581542969,257.9649963378906,255.0762481689453,255.55770874023438,180.8878173828125,6210456
2017-11-06,256.3761901855469,257.9649963378906,254.49850463867188,255.0762481689453,180.5470428466797,9368140
2017-11-07,255.84657287597656,257.77239990234375,253.8726043701172,255.46141052246094,180.81967163085938,9872847
2017-11-08,255.5095672607422,256.6169128417969,254.8836669921875,255.55770874023438,180.8878173828125,6186540
2017-11-09,256.5206298828125,256.6169128417969,249.68392944335938,250.40611267089844,177.241455078125,21026098
2017-11-10,250.8875732421875,255.36512756347656,249.78021240234375,251.9949188232422,178.3660430908203,17438746
2017-11-13,253.2467041015625,253.53558349609375,248.43212890625,248.72100830078125,176.04869079589844,7681031
2017-11-14,248.91358947753906,251.1764373779297,246.5063018798828,247.03590393066406,174.8559112548828,8656529
2017-11-15,247.46922302246094,247.80624389648438,241.11398315429688,243.90643310546875,172.640869140625,17666898
2017-11-16,245.2545166015625,246.1211395263672,243.03981018066406,245.63967895507812,173.86769104003906,10343428
2017-11-17,246.98776245117188,249.39505004882812,246.5063018798828,248.43212890625,175.84422302246094,10383570
2017-11-20,249.0098876953125,251.03199768066406,247.70994567871094,249.58763122558594,176.662109375,8221147
2017-11-21,249.8765106201172,249.8765106201172,245.73597717285156,246.313720703125,174.3447723388672,17266541
2017-11-22,246.5063018798828,249.0580291748047,246.1211395263672,248.57656860351562,175.94647216796875,8941555
2017-11-23,248.76914978027344,251.03199768066406,246.89146423339844,248.57656860351562,175.94647216796875,7814131
2017-11-24,248.91358947753906,251.7541961669922,248.48028564453125,251.0801544189453,177.71852111816406,7630740
2017-11-27,250.3579559326172,250.83941650390625,247.75808715820312,249.63577270507812,176.69619750976562,5022804
2017-11-28,249.4913330078125,249.58763122558594,246.5063018798828,247.46922302246094,175.16270446777344,18183221
2017-11-29,248.43212890625,249.10617065429688,247.46922302246094,248.48028564453125,175.87831115722656,9032800
2017-11-30,248.33584594726562,248.6247100830078,245.20635986328125,246.554443359375,174.51515197753906,22967997
2017-12-01,247.4210662841797,249.97279357910156,245.20635986328125,245.73597717285156,173.93585205078125,6847473
2017-12-04,246.5063018798828,246.79518127441406,244.14715576171875,245.63967895507812,173.86769104003906,6347174
2017-12-05,245.5433807373047,245.88040161132812,243.13609313964844,244.43603515625,173.01573181152344,9337698
2017-12-06,243.85829162597656,243.85829162597656,241.5472869873047,242.26947021484375,171.4822235107422,8562019
2017-12-07,240.7288055419922,244.6767578125,240.7288055419922,243.95457458496094,172.67495727539062,5635445
2017-12-08,244.33973693847656,253.4392852783203,244.00271606445312,252.47637939453125,178.70680236816406,13638732
2017-12-11,254.8355255126953,257.579833984375,253.53558349609375,256.3761901855469,181.46713256835938,17842707
2017-12-12,254.6910858154297,255.36512756347656,250.83941650390625,251.85047912597656,178.26377868652344,9599026
2017-12-13,249.97279357910156,252.66896057128906,248.04696655273438,249.39505004882812,176.5258026123047,8986735
2017-12-14,251.22459411621094,256.2799072265625,247.9988250732422,254.45034790039062,180.10403442382812,8353203
2017-12-15,256.1354675292969,257.1465148925781,253.68002319335938,254.78736877441406,180.34255981445312,12742052
2017-12-18,255.65399169921875,255.65399169921875,249.4431915283203,253.4392852783203,179.38836669921875,9650962
2017-12-19,253.6318817138672,255.55770874023438,253.34300231933594,254.45034790039062,180.10403442382812,6107682
2017-12-20,254.8836669921875,254.8836669921875,252.9578399658203,253.53558349609375,179.45652770996094,7728106
2017-12-21,256.0391540527344,256.0391540527344,251.89862060546875,253.29486083984375,179.2861328125,7032195
2017-12-22,253.72816467285156,254.40220642089844,252.42823791503906,253.34300231933594,179.3202362060547,6652053
2017-12-26,253.48744201660156,255.17254638671875,252.90968322753906,254.35406494140625,180.03587341308594,9917650
2017-12-27,254.40220642089844,254.49850463867188,251.94677734375,252.42823791503906,178.67274475097656,6325599
2017-12-28,253.6318817138672,254.2577667236328,251.3690185546875,252.1393585205078,178.46827697753906,16501935
2017-12-29,252.76524353027344,254.20962524414062,252.52452087402344,253.48744201660156,179.42245483398438,6818477
2018-01-01,253.48744201660156,256.42431640625,251.5615997314453,252.57266235351562,178.77496337890625,10863895
2018-01-02,252.86154174804688,254.40220642089844,250.79127502441406,251.0801544189453,177.71852111816406,5907460
2018-01-03,251.60975646972656,252.90968322753906,250.9357147216797,251.46531677246094,177.9911346435547,11443370
2018-01-04,251.27273559570312,253.0059814453125,250.9357147216797,251.85047912597656,178.26377868652344,9729737
2018-01-05,252.1875,253.72816467285156,252.1875,253.15042114257812,179.18389892578125,9566733
2018-01-08,254.20962524414062,256.9057922363281,253.48744201660156,255.7502899169922,181.02413940429688,14989106
2018-01-09,255.65399169921875,261.9129333496094,254.9318084716797,260.5167236328125,184.39788818359375,26728897
2018-01-10,263.3091735839844,263.8387756347656,259.0723571777344,259.40936279296875,183.61407470703125,17074502
2018-01-11,259.5056457519531,260.9500427246094,258.1575622558594,259.7945251464844,183.88668823242188,11722150
2018-01-12,260.22784423828125,261.28704833984375,256.2799072265625,257.6279602050781,182.35321044921875,8494789
2018-01-15,258.061279296875,261.04632568359375,257.0983581542969,257.6761169433594,182.38731384277344,10944192
2018-01-16,258.2538757324219,258.7353210449219,251.1282958984375,251.9949188232422,178.3660430908203,13433905
2018-01-17,252.28379821777344,257.0983581542969,249.92465209960938,256.18359375,181.33084106445312,17006334
2018-01-18,258.061279296875,265.04241943359375,256.7613525390625,263.2610168457031,186.34031677246094,27461089
2018-01-19,265.7646179199219,267.208984375,261.04632568359375,264.3683776855469,187.12416076660156,26700710
2018-01-22,264.80169677734375,265.28314208984375,261.62408447265625,263.50177001953125,186.51077270507812,8660321
2018-01-23,263.8387756347656,266.96826171875,263.40545654296875,266.34234619140625,188.5213623046875,18947034
2018-01-24,266.3905029296875,271.5421142578125,265.812744140625,271.0124816894531,191.8269805908203,17971710
2018-01-25,270.5791931152344,272.6976013183594,268.2681884765625,270.8199157714844,191.69064331054688,13629982
2018-01-29,270.7236328125,272.79388427734375,264.80169677734375,265.4275817871094,187.87387084960938,9938281
2018-01-30,264.80169677734375,266.1979064941406,261.86480712890625,264.9942626953125,187.567138671875,13560150
2018-01-31,263.74249267578125,265.7646179199219,259.8426818847656,261.335205078125,184.9772491455078,19675610
2018-02-01,261.9129333496094,279.5343017578125,257.4835510253906,265.090576171875,187.6353302001953,61648368
2018-02-02,264.22393798828125,275.0567321777344,260.7574462890625,265.1387023925781,187.66941833496094,36356576
2018-02-05,263.40545654296875,271.25323486328125,261.7685241699219,268.8940734863281,190.32752990722656,20465290
2018-02-06,259.93896484375,267.0163879394531,258.2057189941406,263.3573303222656,186.4085235595703,16432103
2018-02-07,267.6904296875,268.4126281738281,263.8387756347656,264.9461364746094,187.5330810546875,13455081
2018-02-08,265.4757385253906,266.6312255859375,262.5388488769531,263.93505859375,186.8174285888672,10156564
2018-02-09,260.9500427246094,262.3944091796875,257.86871337890625,261.28704833984375,184.943115234375,14751166
2018-02-12,262.34625244140625,263.6943359375,259.3130798339844,259.8426818847656,183.92080688476562,6972242
2018-02-14,259.98712158203125,260.9500427246094,255.26882934570312,256.6169128417969,181.63751220703125,11738542
2018-02-15,256.6169128417969,259.8908386230469,254.97994995117188,258.1575622558594,182.72804260253906,12188244
2018-02-16,259.8426818847656,260.70928955078125,255.7502899169922,256.5687561035156,181.6034393310547,6401588
2018-02-19,256.1354675292969,257.86871337890625,252.76524353027344,254.30592346191406,180.00181579589844,6303342
2018-02-20,254.20962524414062,255.94287109375,252.42823791503906,253.48744201660156,179.42245483398438,9659227
2018-02-21,254.20962524414062,258.9760437011719,253.68002319335938,258.2538757324219,182.79620361328125,10961665
2018-02-22,257.29095458984375,259.0242004394531,255.60585021972656,257.1946716308594,182.04647827148438,19855003
2018-02-23,257.53167724609375,259.98712158203125,256.23175048828125,259.0723571777344,183.3755340576172,6780714
2018-02-26,258.59088134765625,259.5056457519531,256.1354675292969,256.6650695800781,181.67164611816406,8701511
2018-02-27,258.061279296875,258.2538757324219,255.65399169921875,256.5206298828125,181.5693817138672,7716072
2018-02-28,255.17254638671875,256.42431640625,253.29486083984375,255.22068786621094,180.64926147460938,13969189
2018-03-01,254.40220642089844,256.23175048828125,253.10226440429688,254.20962524414062,179.93362426757812,8081243
2018-03-05,253.53558349609375,253.53558349609375,250.3579559326172,250.59869384765625,177.3777618408203,6878708
2018-03-06,251.3690185546875,252.66896057128906,246.02484130859375,246.98776245117188,174.82188415527344,8495423
2018-03-07,246.98776245117188,250.83941650390625,244.14715576171875,250.2616729736328,177.13922119140625,15736814
2018-03-08,250.64683532714844,252.1875,248.19140625,249.2506103515625,176.42355346679688,6259151
2018-03-09,249.39505004882812,251.22459411621094,248.67286682128906,249.63577270507812,176.69619750976562,6345666
2018-03-12,254.20962524414062,260.80560302734375,253.1985626220703,260.0834045410156,184.09117126464844,20666810
2018-03-13,259.65008544921875,261.9129333496094,257.29095458984375,259.45751953125,183.64817810058594,8647577
2018-03-14,258.10943603515625,259.0723571777344,255.46141052246094,258.10943603515625,182.69395446777344,8211627
2018-03-15,257.0983581542969,259.8908386230469,255.36512756347656,255.7021484375,180.9900360107422,5771710
2018-03-16,256.5206298828125,256.5206298828125,249.2506103515625,250.83941650390625,177.54812622070312,21477001
2018-03-19,250.8875732421875,252.47637939453125,248.72100830078125,249.53948974609375,176.62803649902344,13423983
2018-03-20,248.57656860351562,250.309814453125,247.95066833496094,249.58763122558594,176.662109375,7769207
2018-03-21,250.40611267089844,251.94677734375,249.10617065429688,249.4431915283203,176.55987548828125,13418488
2018-03-22,250.3579559326172,251.7541961669922,248.28768920898438,248.72100830078125,176.04869079589844,8319663
2018-03-23,246.5063018798828,249.2024688720703,245.3026580810547,246.5063018798828,174.48106384277344,11616470
2018-03-26,243.52127075195312,250.3579559326172,243.13609313964844,248.52842712402344,175.91236877441406,12981125
2018-03-27,249.2024688720703,250.83941650390625,247.3729248046875,249.2987518310547,176.45765686035156,9107151
2018-03-28,248.43212890625,249.34690856933594,244.91749572753906,246.02484130859375,174.1403045654297,12743051
2018-04-02,247.46922302246094,249.34690856933594,245.97669982910156,248.67286682128906,176.0146026611328,7299774
2018-04-03,248.43212890625,250.3579559326172,247.95066833496094,248.91358947753906,176.18499755859375,5294559
2018-04-04,249.8765106201172,250.16537475585938,247.5655059814453,249.0098876953125,176.25318908691406,8716184
2018-04-05,246.02484130859375,250.3579559326172,246.02484130859375,250.0209503173828,176.96881103515625,9464602
2018-04-06,250.83941650390625,252.28379821777344,250.40611267089844,251.1764373779297,177.78671264648438,6333848
2018-04-09,251.46531677246094,256.71319580078125,251.22459411621094,255.94287109375,181.16046142578125,9572467
2018-04-10,256.47247314453125,258.7353210449219,255.26882934570312,256.80950927734375,181.7738800048828,15248015
2018-04-11,257.0020751953125,257.6279602050781,253.6318817138672,255.3169708251953,180.71742248535156,5433736
2018-04-12,255.26882934570312,255.3169708251953,251.70603942871094,252.2356414794922,178.53639221191406,6360898
2018-04-13,253.2467041015625,253.72816467285156,250.3579559326172,251.0801544189453,177.71852111816406,5183544
2018-04-16,250.83941650390625,255.0762481689453,250.3579559326172,254.64292907714844,180.2403106689453,5412918
2018-04-17,255.55770874023438,258.4464416503906,252.9578399658203,257.6761169433594,182.38731384277344,13716437
2018-04-18,258.7353210449219,268.55706787109375,258.061279296875,265.1387023925781,187.66941833496094,24733011
2018-04-19,266.96826171875,269.61627197265625,265.04241943359375,267.0645446777344,189.03253173828125,13317329
2018-04-20,265.7646179199219,268.8940734863281,263.3573303222656,265.9571838378906,188.24874877929688,11206130
2018-04-23,265.7646179199219,266.92010498046875,264.80169677734375,265.28314208984375,187.77162170410156,12198602
2018-04-24,265.7646179199219,268.5089111328125,264.46466064453125,265.7646179199219,188.11244201660156,8774762
2018-04-25,265.28314208984375,266.053466796875,262.58697509765625,263.93505859375,186.8174285888672,5118640
2018-04-26,264.3683776855469,268.7496337890625,262.8758544921875,267.93115234375,189.6459503173828,21064135
2018-04-27,269.2311096191406,270.5310363769531,268.0755920410156,269.03851318359375,190.4297637939453,10107682
2018-04-30,269.2311096191406,273.323486328125,269.2311096191406,271.0124816894531,191.8269805908203,6146923
2018-05-02,271.6383972167969,277.9936218261719,269.85699462890625,276.597412109375,195.78004455566406,16690653
2018-05-03,276.838134765625,278.95654296875,272.55316162109375,274.43084716796875,194.24655151367188,9727173
2018-05-04,276.356689453125,276.356689453125,265.62017822265625,266.8719482421875,188.89622497558594,11324148
2018-05-07,267.97930908203125,272.8901672363281,266.6312255859375,271.7828369140625,192.37220764160156,6725168
2018-05-08,272.6494445800781,275.3456115722656,271.5421142578125,272.21612548828125,192.67889404296875,6842664
2018-05-09,271.0606384277344,273.4679260253906,271.0606384277344,271.8309631347656,192.40628051757812,4376684
2018-05-10,272.4568786621094,273.4197692871094,267.0163879394531,269.7607116699219,190.94093322753906,5890656
2018-05-11,271.44580078125,273.4679260253906,269.37554931640625,273.13092041015625,193.32640075683594,4042002
2018-05-14,272.5050048828125,276.6455383300781,271.5421142578125,274.2382507324219,194.11021423339844,6728839
2018-05-15,274.2864074707031,275.3937683105469,270.2903137207031,271.3976745605469,192.09959411621094,8077078
2018-05-16,269.568115234375,278.0899353027344,269.1829528808594,275.24932861328125,194.82586669921875,18758524
2018-05-17,277.319580078125,277.9936218261719,268.1237487792969,268.6051940917969,190.123046875,11169294
2018-05-18,268.22003173828125,274.96044921875,265.7646179199219,271.8309631347656,192.40628051757812,16016090
2018-05-21,271.8309631347656,273.4679260253906,268.1719055175781,271.8791198730469,192.44036865234375,8909610
2018-05-22,271.5421142578125,272.601318359375,267.73858642578125,268.4126281738281,189.9867401123047,4913188
2018-05-23,268.6533508300781,269.03851318359375,262.8277282714844,263.3091735839844,186.3743896484375,8195839
2018-05-24,263.8387756347656,266.5349426269531,261.6722106933594,264.6572570800781,187.32861328125,6524303
2018-05-25,262.2981262207031,264.80169677734375,258.7834777832031,262.2018127441406,189.27374267578125,9600297
2018-05-28,263.8387756347656,267.208984375,262.2981262207031,265.090576171875,191.35899353027344,7266559
2018-05-29,264.6091003417969,267.44970703125,262.34625244140625,263.8869323730469,190.49012756347656,9171106
2018-05-30,262.3944091796875,263.5498962402344,260.6130065917969,261.816650390625,188.9956817626953,8313920
2018-05-31,262.10552978515625,262.58697509765625,259.6019592285156,261.575927734375,188.8218994140625,13721531
2018-06-01,261.094482421875,261.62408447265625,259.1204833984375,259.93896484375,187.6402587890625,6862252
2018-06-04,260.22784423828125,261.86480712890625,257.579833984375,258.92791748046875,186.91041564941406,8291604
2018-06-05,259.0242004394531,259.8426818847656,256.95391845703125,257.579833984375,185.93728637695312,6011246
2018-06-06,258.061279296875,261.094482421875,257.86871337890625,260.3722839355469,187.95306396484375,7577818
2018-06-07,260.46856689453125,262.2018127441406,260.0834045410156,260.9981689453125,188.4048614501953,7059595
2018-06-08,261.04632568359375,261.4314880371094,257.0983581542969,257.9649963378906,186.21533203125,7030323
2018-06-11,258.5427551269531,261.816650390625,258.2057189941406,259.2649230957031,187.15370178222656,8903144
2018-06-12,259.3130798339844,264.4165344238281,259.2649230957031,260.22784423828125,187.8488006591797,8774931
2018-06-13,261.4314880371094,261.7203674316406,257.29095458984375,257.9168395996094,186.1805877685547,8118945
2018-06-14,256.6169128417969,258.92791748046875,256.1354675292969,257.339111328125,185.7634735107422,9522749
2018-06-15,257.579833984375,257.820556640625,253.824462890625,254.6910858154297,183.85198974609375,11231098
2018-06-18,254.64292907714844,255.65399169921875,253.72816467285156,254.73922729492188,183.8867645263672,6522996
2018-06-19,255.0762481689453,257.2427978515625,252.90968322753906,256.18359375,184.9293975830078,7618626
2018-06-20,256.5687561035156,257.0983581542969,253.29486083984375,253.96890258789062,183.33067321777344,9907628
2018-06-21,254.59478759765625,254.97994995117188,250.74313354492188,251.1764373779297,181.31491088867188,7412366
2018-06-22,250.8875732421875,256.9057922363281,250.3579559326172,255.3169708251953,184.3037872314453,17468481
2018-06-25,255.3169708251953,255.55770874023438,250.1172332763672,252.86154174804688,182.53135681152344,14142177
2018-06-26,252.71710205078125,256.2799072265625,252.42823791503906,254.97994995117188,184.06051635742188,10475574
2018-06-27,255.0762481689453,255.17254638671875,251.80233764648438,253.0059814453125,182.6355743408203,10423520
2018-06-28,252.28379821777344,254.20962524414062,249.39505004882812,250.83941650390625,181.07162475585938,15200725
2018-06-29,252.09121704101562,257.6279602050781,250.64683532714844,256.3280334472656,185.0336456298828,11327082
2018-07-02,257.0983581542969,257.1946716308594,250.40611267089844,253.29486083984375,182.84413146972656,18794988
2018-07-03,253.72816467285156,256.8576354980469,251.46531677246094,255.60585021972656,184.51234436035156,10784961
2018-07-04,256.42431640625,256.42431640625,252.47637939453125,254.59478759765625,183.78250122070312,8184810
2018-07-05,254.78736877441406,263.64617919921875,253.72816467285156,262.3944091796875,189.4127655029297,16069118
2018-07-06,262.6351318359375,264.56097412109375,260.1315612792969,262.5388488769531,189.51699829101562,13434995
2018-07-09,264.80169677734375,265.7646179199219,262.10552978515625,264.22393798828125,190.73342895507812,10158808
2018-07-10,265.28314208984375,267.208984375,262.97216796875,266.7756652832031,192.57540893554688,11928591
2018-07-11,266.5830993652344,269.9051513671875,263.5980529785156,265.52386474609375,191.6717987060547,11800272
2018-07-12,265.52386474609375,267.8348693847656,263.16473388671875,266.92010498046875,192.67970275878906,10284221
2018-07-13,267.6904296875,267.97930908203125,259.216796875,260.3722839355469,187.95306396484375,19306087
2018-07-16,260.2760009765625,263.16473388671875,259.6982421875,261.52777099609375,188.7871551513672,10676970
2018-07-17,260.9981689453125,262.8758544921875,259.3130798339844,259.8426818847656,187.5707550048828,10419746
2018-07-18,261.04632568359375,261.2388916015625,257.6761169433594,258.59088134765625,186.6671142578125,7321779
2018-07-19,258.92791748046875,264.4165344238281,256.3761901855469,263.16473388671875,189.9688262939453,9301711
2018-07-20,263.1165771484375,264.6091003417969,260.6130065917969,263.8387756347656,190.45538330078125,6825663
2018-07-23,269.1347961425781,276.0196533203125,266.8719482421875,273.61236572265625,197.5105438232422,27059765
2018-07-24,273.94940185546875,276.356689453125,273.03460693359375,275.0567321777344,198.55319213867188,12577993
2018-07-25,273.7086486816406,276.30853271484375,272.6976013183594,275.5382080078125,198.90077209472656,13814116
2018-07-26,276.356689453125,280.352783203125,273.6605224609375,276.54925537109375,199.630615234375,21495638
2018-07-27,288.87457275390625,295.7594299316406,284.05999755859375,291.33001708984375,210.30026245117188,78783846
2018-07-30,290.8004150390625,292.341064453125,288.87457275390625,289.8856201171875,209.25765991210938,17738557
2018-07-31,289.5967712402344,290.17449951171875,284.589599609375,286.6598815917969,206.9290771484375,15124149
2018-08-01,286.99688720703125,291.7151794433594,285.11920166015625,290.41522216796875,209.63990783691406,15187911
2018-08-02,289.35601806640625,292.2447814941406,286.2746887207031,288.104248046875,207.97169494628906,10226827
2018-08-03,288.87457275390625,294.0743103027344,287.0931701660156,292.6781005859375,211.27346801757812,12950643
2018-08-06,293.68914794921875,295.5186767578125,288.87457275390625,290.6078186035156,209.7789764404297,7979881
2018-08-07,291.7151794433594,292.9188232421875,288.63385009765625,289.93377685546875,209.29238891601562,7465742
2018-08-08,289.11529541015625,291.1855773925781,288.87457275390625,289.7893371582031,209.1881103515625,6690368
2018-08-09,290.5596618652344,293.3039855957031,288.9227294921875,291.2818603515625,210.26551818847656,9576528
2018-08-10,290.8004150390625,295.5186767578125,289.98193359375,293.4965515136719,211.86427307128906,15347074
2018-08-13,292.7262268066406,296.38531494140625,291.9077453613281,294.6039123535156,212.66355895996094,10341087
2018-08-14,295.614990234375,298.6963195800781,295.4705505371094,296.4815979003906,214.01901245117188,12790249
2018-08-16,296.4815979003906,297.0593566894531,293.7854309082031,296.04827880859375,213.7062225341797,19393491
2018-08-17,296.38531494140625,303.607177734375,296.38531494140625,302.1146545410156,218.0853271484375,26392504
2018-08-20,302.5479736328125,303.31829833984375,299.7555236816406,301.68133544921875,217.7725067138672,19958265
2018-08-21,302.83685302734375,305.244140625,300.4295654296875,301.2961730957031,217.49449157714844,14143291
2018-08-23,302.3553771972656,304.6663818359375,295.9519958496094,300.4295654296875,216.8689727783203,11745180
2018-08-24,299.4666442871094,300.4295654296875,295.614990234375,298.8888854980469,215.75674438476562,5655583
2018-08-27,299.6592102050781,303.1738586425781,298.98516845703125,301.77764892578125,217.84202575683594,5482067
2018-08-28,302.3553771972656,304.088623046875,299.4666442871094,300.092529296875,216.62564086914062,6864300
2018-08-29,300.14068603515625,303.7516174316406,298.50372314453125,301.19989013671875,217.4249725341797,10748094
2018-08-30,301.8739318847656,308.71063232421875,301.8739318847656,307.9884338378906,222.32540893554688,25934792
2018-08-31,310.0587158203125,310.6364440917969,305.43670654296875,307.9884338378906,222.32540893554688,18781195
2018-09-03,310.9734802246094,310.9734802246094,299.5148010253906,301.5850524902344,217.70298767089844,9463966
2018-09-04,300.4295654296875,300.62213134765625,295.614990234375,298.1185607910156,215.20069885253906,11615187
2018-09-05,298.8888854980469,302.7886962890625,297.7815246582031,298.74444580078125,215.6524658203125,10529696
2018-09-06,299.851806640625,300.1888122558594,296.62603759765625,299.2740478515625,216.0347900390625,7902786
2018-09-07,300.0444030761719,301.5850524902344,296.6741943359375,298.9370422363281,215.79153442382812,7465327
2018-09-10,298.6963195800781,299.2259216308594,294.21875,295.1816711425781,213.0806121826172,10006954
2018-09-11,295.2779541015625,295.3742370605469,284.589599609375,286.17840576171875,206.58151245117188,27008217
2018-09-12,286.7080078125,296.1927185058594,284.4451599121094,295.4223937988281,213.25442504882812,20171661
2018-09-14,295.614990234375,297.20379638671875,293.7373046875,295.7594299316406,213.49771118164062,13317349
2018-09-17,293.68914794921875,294.74835205078125,290.3189392089844,290.8004150390625,209.9180145263672,6049990
2018-09-18,290.99298095703125,293.5928649902344,288.2005310058594,292.0040588378906,210.78684997558594,8515415
2018-09-19,293.20770263671875,294.3150329589844,286.94873046875,288.5375671386719,208.28451538085938,6387203
2018-09-21,289.2597351074219,295.2298278808594,289.2597351074219,292.6781005859375,211.27346801757812,16966413
2018-09-24,293.68914794921875,294.98907470703125,281.6527099609375,286.9006042480469,207.1028594970703,15009283
2018-09-25,285.8895263671875,291.1374206542969,281.5082702636719,289.98193359375,209.3271484375,13785151
2018-09-26,291.7633056640625,291.7633056640625,279.00469970703125,282.2785949707031,203.76641845703125,20657879
2018-09-27,282.6156311035156,284.1562805175781,278.76397705078125,282.42303466796875,203.87069702148438,12550275
2018-09-28,284.05999755859375,288.87457275390625,280.9786682128906,286.7080078125,206.96380615234375,25554548
2018-10-01,289.69305419921875,291.7151794433594,282.5193176269531,286.0821228027344,206.51202392578125,9373133
2018-10-03,285.98583984375,288.87457275390625,283.72296142578125,284.2525939941406,205.19137573242188,7861709
2018-10-04,282.95263671875,284.7340393066406,274.5752868652344,276.4529724121094,199.5611114501953,8417940
2018-10-05,274.91229248046875,275.3937683105469,264.8979797363281,266.2460632324219,192.193115234375,18301682
2018-10-08,268.6533508300781,269.03851318359375,259.16864013671875,263.0684509277344,189.89930725097656,17063274
2018-10-09,265.28314208984375,265.28314208984375,257.820556640625,258.5427551269531,186.6324005126953,10946626
2018-10-10,259.8908386230469,261.094482421875,257.29095458984375,260.0834045410156,187.74452209472656,11921765
2018-10-11,255.17254638671875,259.3130798339844,253.8726043701172,255.36512756347656,184.33856201171875,11018554
2018-10-12,257.579833984375,267.3534240722656,257.3872375488281,264.9942626953125,191.28948974609375,13942941
2018-10-15,268.6051940917969,273.082763671875,265.7646179199219,272.0235595703125,196.36370849609375,18623988
2018-10-16,272.5050048828125,273.2272033691406,266.10162353515625,272.1679992675781,196.4679412841797,12325066
2018-10-17,273.37164306640625,280.834228515625,271.1087951660156,275.8270568847656,199.1092987060547,15896854
2018-10-19,274.43084716796875,280.7379455566406,274.19012451171875,278.7158203125,201.19459533691406,8341467
2018-10-22,281.1712646484375,282.23046875,276.6455383300781,277.8010559082031,200.53421020507812,12965700
2018-10-23,275.3937683105469,280.4009094238281,273.03460693359375,275.3937683105469,198.79647827148438,11261603
2018-10-24,277.9936218261719,278.90838623046875,275.73077392578125,277.078857421875,200.01290893554688,9024700
2018-10-25,275.3937683105469,278.76397705078125,273.94940185546875,276.88629150390625,199.87388610839844,9953333
2018-10-26,278.95654296875,279.0528259277344,265.7646179199219,270.4828796386719,195.2515411376953,22302628
2018-10-29,271.44580078125,274.67156982421875,268.6051940917969,272.9864807128906,197.05877685546875,11779416
2018-10-30,272.7457580566406,273.323486328125,267.6904296875,268.6051940917969,193.89610290527344,7110853
2018-10-31,269.1829528808594,270.5791931152344,262.7314147949219,269.7125549316406,194.69544982910156,14021856
2018-11-01,269.61627197265625,271.3495178222656,264.6091003417969,267.1127014160156,192.8187255859375,9816770
2018-11-02,267.97930908203125,275.3456115722656,267.97930908203125,272.7457580566406,196.88497924804688,12093152
2018-11-05,274.67156982421875,274.67156982421875,268.0755920410156,269.2311096191406,194.34793090820312,7665505
2018-11-06,270.67547607421875,271.3976745605469,265.86090087890625,267.0163879394531,192.74917602539062,10142476
2018-11-07,270.5791931152344,270.5791931152344,268.4607849121094,269.6644287109375,194.66070556640625,994001
2018-11-09,268.6533508300781,269.327392578125,265.6683044433594,266.96826171875,192.71441650390625,15613827
2018-11-12,267.49786376953125,267.8830261230469,263.1165771484375,263.6943359375,190.35110473632812,7318920
2018-11-13,263.7906188964844,267.5941467285156,263.0202941894531,266.5830993652344,192.43643188476562,6958821
2018-11-14,267.7867431640625,268.0755920410156,264.46466064453125,266.1979064941406,192.15835571289062,7182329
2018-11-15,266.5830993652344,268.8940734863281,263.3573303222656,264.3202209472656,190.8029327392578,12621945
2018-11-16,265.572021484375,267.97930908203125,265.04241943359375,266.2942199707031,192.22787475585938,13122152
2018-11-19,267.0645446777344,274.43084716796875,266.2460632324219,273.94940185546875,197.7538604736328,17364041
2018-11-20,274.43084716796875,276.0196533203125,271.3495178222656,273.323486328125,197.3020477294922,8096904
2018-11-21,273.94940185546875,274.2382507324219,269.61627197265625,271.3013610839844,195.84234619140625,5867663
2018-11-22,271.5421142578125,273.94940185546875,269.2311096191406,270.09771728515625,194.97349548339844,6937634
2018-11-26,270.8199157714844,275.73077392578125,270.2903137207031,275.0567321777344,198.55319213867188,9292657
2018-11-27,275.49005126953125,275.8270568847656,272.31243896484375,274.2864074707031,197.9971466064453,7146777
2018-11-28,274.8160095214844,277.2714538574219,270.3865966796875,271.73468017578125,196.15516662597656,9197861
2018-11-29,273.13092041015625,278.5713806152344,272.9383239746094,276.88629150390625,199.87388610839844,14183469
2018-11-30,278.76397705078125,279.24542236328125,274.2382507324219,275.201171875,198.657470703125,8972623
2018-12-03,276.597412109375,278.76397705078125,272.07171630859375,272.4568786621094,196.67645263671875,8895477
2018-12-04,270.5791931152344,272.79388427734375,270.5310363769531,271.3976745605469,195.91188049316406,6548740
2018-12-05,270.5791931152344,271.3495178222656,264.0313720703125,265.1387023925781,191.3937530517578,11894383
2018-12-06,264.3202209472656,264.7054138183594,261.4314880371094,262.92401123046875,189.7950439453125,10055005
2018-12-07,264.7535400390625,265.9571838378906,263.16473388671875,263.8869323730469,190.49012756347656,8415885
2018-12-10,261.9129333496094,262.2018127441406,259.16864013671875,260.4204406738281,187.98780822753906,6940479
2018-12-11,258.4464416503906,265.812744140625,258.2538757324219,264.5128173828125,190.94198608398438,10633126
2018-12-12,265.4757385253906,267.40155029296875,262.4906921386719,265.812744140625,191.88031005859375,10473073
2018-12-13,268.6533508300781,269.03851318359375,263.3573303222656,265.090576171875,191.35899353027344,16430755
2018-12-14,264.1758117675781,266.96826171875,263.74249267578125,265.52386474609375,191.6717987060547,8925774
2018-12-17,266.7275085449219,270.96435546875,265.6683044433594,269.4718322753906,194.52166748046875,12703296
2018-12-18,268.7015075683594,270.19403076171875,266.7275085449219,267.8348693847656,193.3400421142578,9172963
2018-12-19,268.6533508300781,273.4679260253906,268.1719055175781,272.9383239746094,197.02401733398438,13639278
2018-12-20,270.5791931152344,273.85308837890625,270.5791931152344,272.1679992675781,196.4679412841797,5155693
2018-12-21,272.5050048828125,273.4679260253906,265.812744140625,266.4867858886719,192.3668975830078,7079146
2018-12-24,268.5089111328125,270.2903137207031,265.04241943359375,265.7646179199219,191.8455810546875,8869498
2018-12-26,266.10162353515625,268.4607849121094,264.6091003417969,266.3905029296875,192.29737854003906,8821251
2018-12-27,268.6533508300781,271.205078125,267.0163879394531,270.33843994140625,195.1472625732422,11881735
2018-12-28,268.79779052734375,273.4679260253906,268.79779052734375,271.7828369140625,196.18988037109375,13702437
2018-12-31,272.31243896484375,273.323486328125,270.67547607421875,271.205078125,195.77284240722656,5662393
2019-01-01,271.73468017578125,273.03460693359375,269.4236755371094,272.21612548828125,196.50267028808594,2586466
2019-01-02,271.7828369140625,272.7457580566406,267.25714111328125,270.19403076171875,195.0430145263672,10316782
2019-01-03,270.19403076171875,271.97540283203125,267.44970703125,268.5089111328125,193.82656860351562,6350450
2019-01-04,268.79779052734375,272.4568786621094,268.79779052734375,270.5310363769531,195.28628540039062,8105747
2019-01-07,273.7568054199219,274.67156982421875,270.5791931152344,271.205078125,195.77284240722656,10133320
2019-01-08,271.5421142578125,274.91229248046875,270.91619873046875,273.7086486816406,197.58006286621094,7768619
2019-01-09,275.00860595703125,280.88238525390625,274.0456848144531,279.6305847167969,201.8549346923828,12651287
2019-01-10,279.9676208496094,282.8081970214844,278.18621826171875,278.8602600097656,201.298828125,10684824
2019-01-11,281.074951171875,285.0229187011719,280.6897888183594,284.3970031738281,205.29559326171875,17419014
2019-01-14,283.57855224609375,283.8674011230469,279.24542236328125,283.3859558105469,204.5657501220703,6646635
2019-01-15,284.30072021484375,286.3710021972656,283.0970764160156,285.5525207519531,206.12973022460938,7490965
2019-01-16,285.0229187011719,285.5525207519531,280.88238525390625,283.1452331542969,204.3920135498047,8083821
2019-01-17,283.193359375,284.63775634765625,279.3898620605469,283.0489501953125,204.322509765625,11009380
2019-01-18,282.3749084472656,284.1562805175781,279.8713073730469,280.64166259765625,202.58474731445312,11418250
2019-01-21,281.9897155761719,282.3267517089844,277.9936218261719,279.1491394042969,201.50738525390625,8519267
2019-01-22,279.1009826660156,280.2083435058594,274.5752868652344,279.00469970703125,201.4031219482422,10727385
2019-01-23,280.6897888183594,283.48223876953125,264.80169677734375,267.0163879394531,192.74917602539062,41735950
2019-01-24,268.9422302246094,272.842041015625,267.5459899902344,268.55706787109375,193.861328125,29105831
2019-01-25,269.61627197265625,272.21612548828125,268.1719055175781,268.845947265625,194.06985473632812,9240591
2019-01-28,268.55706787109375,269.086669921875,264.0313720703125,264.56097412109375,190.97671508789062,9338450
2019-01-29,265.090576171875,268.6533508300781,264.56097412109375,268.1237487792969,193.54855346679688,7267917
2019-01-30,269.7125549316406,269.808837890625,264.0313720703125,265.28314208984375,191.4980010986328,10852162
2019-01-31,266.2460632324219,269.2311096191406,263.45361328125,268.31634521484375,193.6875762939453,15937442
2019-02-01,270.2421569824219,274.6234130859375,268.7496337890625,270.43475341796875,195.21676635742188,19060690
2019-02-04,271.44580078125,271.44580078125,265.812744140625,266.8238220214844,192.6101837158203,6289877
2019-02-05,267.0645446777344,267.49786376953125,262.3944091796875,263.98321533203125,190.5596466064453,10205529
2019-02-06,264.80169677734375,268.0755920410156,264.3683776855469,267.40155029296875,193.0272216796875,8409442
2019-02-07,267.5941467285156,270.5791931152344,266.7275085449219,269.9051513671875,194.83447265625,6177040
2019-02-08,269.1347961425781,270.7717590332031,264.4165344238281,265.28314208984375,191.4980010986328,4575570
2019-02-11,265.572021484375,267.8830261230469,258.4945983886719,266.8238220214844,192.6101837158203,10335615
2019-02-12,266.7756652832031,270.09771728515625,264.4165344238281,265.090576171875,191.35899353027344,7624089
2019-02-14,266.7275085449219,269.808837890625,266.7275085449219,267.5941467285156,193.16627502441406,10378675
2019-02-15,268.6533508300781,270.5310363769531,265.1868591308594,269.7125549316406,194.69544982910156,38998388
2019-02-18,268.4607849121094,271.97540283203125,263.74249267578125,264.5128173828125,190.94198608398438,42232590
2019-02-19,263.8387756347656,268.845947265625,263.8387756347656,265.6683044433594,191.7760772705078,35777932
2019-02-20,266.96826171875,267.208984375,264.0794982910156,265.62017822265625,191.74130249023438,6208106
2019-02-21,265.6683044433594,266.4867858886719,264.0313720703125,264.8498229980469,191.1852264404297,7264425
2019-02-22,265.37945556640625,265.7164611816406,262.97216796875,264.1276550292969,190.66390991210938,9100951
2019-02-25,264.3202209472656,266.8719482421875,262.8758544921875,266.43865966796875,192.3321533203125,31204722
2019-02-26,264.7535400390625,266.7275085449219,263.8869323730469,265.28314208984375,191.4980010986328,12233273
2019-02-27,265.7646179199219,268.55706787109375,263.74249267578125,264.8979797363281,191.22000122070312,13634026
2019-02-28,267.0163879394531,267.0163879394531,264.0794982910156,265.812744140625,191.88031005859375,44873000
2019-03-01,266.1979064941406,268.6533508300781,266.0053405761719,267.8830261230469,193.37477111816406,9170950
2019-03-05,269.61627197265625,273.4679260253906,265.812744140625,272.07171630859375,196.39842224121094,14103324
2019-03-06,274.43084716796875,278.47509765625,274.19012451171875,275.1530456542969,198.62274169921875,20817638
2019-03-07,276.06781005859375,280.2083435058594,275.24932861328125,279.3417053222656,201.6463623046875,14837761
2019-03-08,279.5343017578125,282.1341552734375,277.7047424316406,281.1712646484375,202.96705627441406,13169854
2019-03-11,282.1341552734375,283.9637145996094,280.30462646484375,282.0860290527344,203.62741088867188,15287916
2019-03-12,283.0970764160156,284.6858825683594,282.2785949707031,283.57855224609375,204.70477294921875,14686757
2019-03-13,284.05999755859375,285.98583984375,283.24151611328125,283.9637145996094,204.98280334472656,11496644
2019-03-14,284.4451599121094,285.0229187011719,279.6787414550781,284.54144287109375,205.3998565673828,10503481
2019-03-15,284.9747619628906,285.5525207519531,278.6195373535156,280.0157470703125,202.13294982910156,22219476
2019-03-18,281.1712646484375,283.2896728515625,280.4972229003906,282.66375732421875,204.04444885253906,9519926
2019-03-19,283.6748352050781,288.87457275390625,282.47119140625,288.344970703125,208.14547729492188,16363247
2019-03-20,288.87457275390625,290.75225830078125,285.60064697265625,287.81536865234375,207.76319885253906,16221492
2019-03-22,288.87457275390625,288.87457275390625,285.5525207519531,287.1413269042969,207.27659606933594,8378083
2019-03-25,285.98583984375,285.98583984375,282.3267517089844,284.108154296875,205.08709716796875,8324586
2019-03-26,284.05999755859375,285.35992431640625,280.2564697265625,282.5193176269531,203.940185546875,11178168
2019-03-27,283.0970764160156,285.69696044921875,280.78607177734375,282.23046875,203.73167419433594,8757278
2019-03-28,283.193359375,290.8004150390625,282.1341552734375,288.87457275390625,208.5277862548828,18436077
2019-04-01,285.98583984375,288.104248046875,285.5525207519531,286.2265625,206.61627197265625,6442182
2019-04-02,286.3710021972656,288.87457275390625,283.72296142578125,286.8524475097656,207.06808471679688,10228747
2019-04-03,286.94873046875,287.9116516113281,284.2044372558594,285.1673583984375,205.85171508789062,9413878
2019-04-04,285.0229187011719,286.2746887207031,282.8563537597656,283.8674011230469,204.9132843017578,7233298
2019-04-05,284.108154296875,285.4080810546875,281.7971496582031,283.6266784667969,204.73953247070312,8107661
2019-04-08,283.72296142578125,284.05999755859375,280.88238525390625,281.8934326171875,203.4883575439453,5492542
2019-04-09,281.6527099609375,285.69696044921875,281.4119873046875,285.3117980957031,205.95596313476562,6413515
2019-04-10,285.071044921875,285.5525207519531,282.6156311035156,283.7711181640625,204.84378051757812,5540095
2019-04-11,283.6266784667969,286.41912841796875,282.1341552734375,285.4080810546875,206.02545166015625,11179559
2019-04-12,285.6488037109375,296.0001525878906,284.63775634765625,294.4113464355469,212.52456665039062,22658578
2019-04-15,296.4815979003906,298.50372314453125,293.0632629394531,294.17059326171875,212.35079956054688,13098155
2019-04-16,295.4223937988281,298.45556640625,294.7965087890625,295.80755615234375,213.532470703125,10121522
2019-04-18,296.8186340332031,296.8186340332031,292.29290771484375,293.11138916015625,211.586181640625,9178504
2019-04-22,292.581787109375,294.17059326171875,289.8856201171875,290.6078186035156,209.7789764404297,6929432
2019-04-23,290.9448547363281,293.4965515136719,290.3670959472656,292.14849853515625,210.89112854003906,7784732
2019-04-24,292.14849853515625,295.80755615234375,287.4302062988281,295.08538818359375,213.0111846923828,11888770
2019-04-25,295.855712890625,298.3111572265625,290.8004150390625,292.87066650390625,211.4124298095703,24135743
2019-04-26,293.3039855957031,295.0372314453125,291.33001708984375,293.2558288574219,211.69044494628906,4834044
2019-04-30,293.2558288574219,296.14459228515625,288.39312744140625,290.17449951171875,209.46617126464844,11593138
2019-05-02,289.93377685546875,295.1335144042969,289.45233154296875,293.68914794921875,212.0032501220703,7781859
2019-05-03,292.9669494628906,296.04827880859375,292.05218505859375,292.9669494628906,211.48190307617188,6112578
2019-05-06,292.7262268066406,296.096435546875,289.5967712402344,295.614990234375,213.3934783935547,6997113
2019-05-07,296.8186340332031,298.02227783203125,289.69305419921875,290.7041015625,209.84848022460938,8989234
2019-05-08,288.87457275390625,292.14849853515625,287.57464599609375,289.5004577636719,208.9795684814453,8179360
2019-05-09,288.29681396484375,290.1263732910156,285.35992431640625,288.7301330566406,208.4235382080078,10617358
2019-05-10,288.87457275390625,289.3078918457031,285.8895263671875,286.7080078125,206.96380615234375,7170576
2019-05-13,284.1562805175781,292.2447814941406,277.0307312011719,278.5713806152344,201.09033203125,37262425
2019-05-14,280.2083435058594,287.1894836425781,278.1380615234375,283.4341125488281,204.6005401611328,21959611
2019-05-15,286.51544189453125,288.2005310058594,281.1712646484375,286.0339660644531,206.47727966308594,18583184
2019-05-16,285.98583984375,285.98583984375,282.3749084472656,283.81927490234375,204.87857055664062,7637614
2019-05-17,284.1562805175781,291.1374206542969,284.1562805175781,290.22265625,209.5009307861328,11626049
2019-05-20,295.4705505371094,296.14459228515625,290.8966979980469,295.614990234375,213.3934783935547,11437612
2019-05-21,295.614990234375,298.50372314453125,293.97802734375,294.5557861328125,212.6288299560547,10923996
2019-05-22,290.9448547363281,291.57073974609375,285.7932434082031,288.63385009765625,212.50225830078125,14266773
2019-05-23,293.68914794921875,294.26690673828125,276.356689453125,277.5121765136719,204.31410217285156,32589058
2019-05-24,280.6897888183594,280.834228515625,276.6455383300781,279.6787414550781,205.90921020507812,11298665
2019-05-27,280.4490661621094,282.66375732421875,278.3306579589844,280.06390380859375,206.1927947998047,9371741
2019-05-28,280.9786682128906,281.1712646484375,277.4158935546875,278.18621826171875,204.81036376953125,16199349
2019-05-29,278.0899353027344,280.88238525390625,276.9344177246094,277.4158935546875,204.2432098388672,7534947
2019-05-30,278.2825012207031,280.2564697265625,277.60845947265625,277.94549560546875,204.63314819335938,8989691
2019-05-31,278.6195373535156,280.6897888183594,267.16082763671875,268.22003173828125,197.47288513183594,27294002
2019-06-03,270.96435546875,271.0606384277344,265.090576171875,268.22003173828125,197.47288513183594,20323304
2019-06-04,268.8940734863281,271.6865234375,268.4607849121094,268.8940734863281,197.9691925048828,14384170
2019-06-06,270.0014343261719,270.0014343261719,265.090576171875,265.52386474609375,195.4878692626953,11071548
2019-06-07,266.5349426269531,266.5349426269531,264.0313720703125,265.04241943359375,195.1334228515625,7995725
2019-06-10,267.97930908203125,270.1458740234375,266.6312255859375,269.03851318359375,198.0754852294922,8947150
2019-06-11,270.4828796386719,270.96435546875,268.845947265625,269.4718322753906,198.39453125,8787243
2019-06-12,270.96435546875,270.96435546875,267.93115234375,269.568115234375,198.46539306640625,8565517
2019-06-13,268.55706787109375,270.91619873046875,268.22003173828125,270.19403076171875,198.92623901367188,7475823
2019-06-14,270.09771728515625,270.09771728515625,266.8719482421875,267.73858642578125,197.1184539794922,8212601
2019-06-17,268.5089111328125,268.5089111328125,264.2720947265625,264.80169677734375,194.9562225341797,10398919
2019-06-18,265.9090576171875,267.5459899902344,263.8387756347656,264.8979797363281,195.02711486816406,14378973
2019-06-19,265.4757385253906,268.55706787109375,265.37945556640625,266.92010498046875,196.51585388183594,9394923
2019-06-20,266.7275085449219,267.6423034667969,265.1387023925781,266.7275085449219,196.3740692138672,10973042
2019-06-21,266.3905029296875,266.3905029296875,263.1165771484375,264.0794982910156,194.42453002929688,19311989
2019-06-24,264.0794982910156,267.208984375,264.0794982910156,266.0053405761719,195.84237670898438,9279182
2019-06-25,264.8498229980469,269.61627197265625,264.0794982910156,268.1719055175781,197.4375,12856683
2019-06-26,268.1237487792969,268.3644714355469,266.10162353515625,267.1127014160156,196.6576690673828,7707084
2019-06-27,267.6423034667969,267.8830261230469,262.68328857421875,263.3573303222656,193.892822265625,24205884
2019-06-28,263.93505859375,265.2350158691406,262.3944091796875,263.6943359375,194.1409149169922,8775151
2019-07-01,264.22393798828125,266.0053405761719,263.98321533203125,264.7535400390625,194.92074584960938,5236646
2019-07-02,265.1387023925781,265.4275817871094,263.0684509277344,263.6943359375,194.1409149169922,10360661
2019-07-03,264.1276550292969,267.25714111328125,262.057373046875,266.43865966796875,196.16139221191406,18818695
2019-07-04,267.16082763671875,267.93115234375,264.9942626953125,267.3534240722656,196.83489990234375,10071080
2019-07-05,267.3534240722656,271.3976745605469,258.061279296875,269.086669921875,198.11094665527344,38474130
2019-07-08,269.7607116699219,272.4087219238281,265.572021484375,267.16082763671875,196.69308471679688,12637923
2019-07-09,266.67938232421875,267.25714111328125,262.057373046875,262.97216796875,193.60923767089844,8003290
2019-07-10,263.40545654296875,265.04241943359375,260.70928955078125,263.0202941894531,193.64468383789062,8477115
2019-07-11,263.8387756347656,266.6312255859375,263.45361328125,265.4275817871094,195.4170379638672,8727346
2019-07-12,265.1868591308594,266.1979064941406,262.97216796875,264.8498229980469,194.9916534423828,10872126
2019-07-15,264.80169677734375,265.37945556640625,260.5167236328125,260.9018859863281,192.08505249023438,8865479
2019-07-16,260.9500427246094,262.6351318359375,260.5648498535156,261.86480712890625,192.7939453125,6602372
2019-07-17,262.34625244140625,263.0202941894531,260.6611633300781,262.7795715332031,193.4674530029297,6536611
2019-07-18,262.8277282714844,264.8979797363281,262.2018127441406,262.8758544921875,193.53834533691406,9447100
2019-07-19,263.93505859375,264.0794982910156,258.061279296875,258.35015869140625,190.20635986328125,8294444
2019-07-22,258.061279296875,258.2538757324219,254.20962524414062,254.59478759765625,187.44151306152344,14037538
2019-07-23,255.65399169921875,261.62408447265625,255.17254638671875,260.6130065917969,191.87237548828125,14951457
2019-07-24,260.2760009765625,263.212890625,257.9649963378906,260.80560302734375,192.01414489746094,12537555
2019-07-25,260.9500427246094,262.3944091796875,257.0020751953125,257.9168395996094,189.88735961914062,18350433
2019-07-26,258.7834777832031,260.9500427246094,257.0020751953125,260.3722839355469,191.69509887695312,4972441
2019-07-29,259.98712158203125,261.094482421875,256.6169128417969,257.820556640625,189.81643676757812,5738104
2019-07-30,258.061279296875,260.0834045410156,256.6650695800781,258.92791748046875,190.63172912597656,13743007
2019-07-31,258.6390380859375,261.04632568359375,256.1354675292969,260.1796875,191.55331420898438,14175457
2019-08-01,260.4204406738281,260.6611633300781,256.6169128417969,257.6279602050781,189.67465209960938,6153824
2019-08-02,257.29095458984375,257.29095458984375,253.34300231933594,254.6910858154297,187.51242065429688,9233326
2019-08-05,254.59478759765625,254.6910858154297,248.09510803222656,250.16537475585938,184.18043518066406,12001827
2019-08-06,249.15431213378906,251.80233764648438,248.57656860351562,249.2987518310547,183.5424041748047,9770895
2019-08-07,249.4431915283203,249.73207092285156,243.71385192871094,244.2434539794922,179.8205108642578,8816780
2019-08-08,245.5433807373047,249.10617065429688,243.6175537109375,248.19140625,182.72714233398438,6616227
2019-08-09,249.2506103515625,249.2506103515625,244.09901428222656,244.77305603027344,180.21041870117188,10309668
2019-08-13,244.3878936767578,244.58047485351562,234.95132446289062,237.16603088378906,174.60987854003906,21801393
2019-08-14,237.16603088378906,244.1953125,234.9994659423828,239.52516174316406,176.34674072265625,14340858
2019-08-16,239.52516174316406,244.00271606445312,238.22523498535156,243.6175537109375,179.35971069335938,10735480
2019-08-19,244.09901428222656,247.75808715820312,241.64358520507812,242.22132873535156,178.33177185058594,13006987
2019-08-20,242.26947021484375,242.6064910888672,236.34754943847656,237.35861206054688,174.75167846679688,15577976
2019-08-21,237.5511932373047,237.7437744140625,231.9181365966797,232.49588012695312,171.1715545654297,15303762
2019-08-22,233.21807861328125,236.8771514892578,230.13674926757812,231.14779663085938,170.1790313720703,10917955
2019-08-23,230.13674926757812,230.57005310058594,225.94805908203125,227.3442840576172,167.3787841796875,17073495
2019-08-26,231.77369689941406,234.42172241210938,226.2369384765625,233.50694274902344,171.91592407226562,13352257
2019-08-27,234.90316772460938,237.16603088378906,233.69952392578125,236.39569091796875,174.042724609375,15089362
2019-08-28,237.02159118652344,238.46595764160156,234.08470153808594,236.82901000976562,174.36172485351562,9237042
2019-08-29,234.90316772460938,236.34754943847656,231.2440948486328,232.25515747070312,170.9943084716797,11532941
2019-08-30,233.7476806640625,238.03265380859375,230.1848907470703,236.54013061523438,174.14906311035156,12225631
2019-09-03,235.38462829589844,235.38462829589844,231.72555541992188,232.59217834472656,171.24244689941406,9913882
2019-09-04,232.64031982421875,235.48092651367188,232.3514404296875,234.2291259765625,172.4476318359375,7303230
2019-09-05,233.02548217773438,237.7437744140625,233.02548217773438,235.19204711914062,173.1565704345703,8777107
2019-09-06,235.2401885986328,236.7327117919922,234.2291259765625,234.8550262451172,172.908447265625,9039911
2019-09-09,235.57720947265625,237.35861206054688,234.1809844970703,236.39569091796875,174.042724609375,9435127
2019-09-11,235.52906799316406,236.34754943847656,233.9884033203125,234.71058654785156,172.80209350585938,9314093
2019-09-12,235.2401885986328,235.9142303466797,231.0996551513672,231.82183837890625,170.67530822753906,8395088
2019-09-13,232.0625762939453,233.45880126953125,229.75157165527344,231.0033721923828,170.0727081298828,14572355
2019-09-16,230.61819458007812,231.9181365966797,229.46270751953125,230.52191162109375,169.71823120117188,7357494
2019-09-17,230.90707397460938,231.19595336914062,228.01832580566406,228.40350341796875,168.15859985351562,11083300
2019-09-18,228.88494873046875,233.31436157226562,225.3703155517578,230.37747192382812,169.61190795898438,20724917
2019-09-19,231.051513671875,231.051513671875,227.3442840576172,227.9220428466797,167.8041229248047,8810026
2019-09-20,228.21090698242188,239.28443908691406,225.6110382080078,229.2219696044922,168.76119995117188,66016326
2019-09-23,240.7288055419922,250.83941650390625,240.6325225830078,245.39895629882812,180.67123413085938,54044544
2019-09-24,245.5433807373047,248.43212890625,244.3878936767578,246.5063018798828,181.48651123046875,17828419
2019-09-25,245.63967895507812,246.7470245361328,233.69952392578125,238.3696746826172,175.4960479736328,21390350
2019-09-26,238.12893676757812,242.07688903808594,237.1178741455078,241.11398315429688,177.51651000976562,18534981
2019-09-27,240.7288055419922,248.43212890625,240.7288055419922,243.5694122314453,179.3242645263672,18211017
2019-09-30,245.3026580810547,251.1282958984375,240.15106201171875,250.21353149414062,184.2158966064453,21381205
2019-10-01,249.4913330078125,252.71710205078125,245.5433807373047,246.41000366210938,181.41558837890625,16035574
2019-10-03,248.1432647705078,252.42823791503906,246.554443359375,251.94677734375,185.49197387695312,12832216
2019-10-04,253.2467041015625,254.1133270263672,245.73597717285156,247.70994567871094,182.3726806640625,18781574
2019-10-07,247.95066833496094,248.43212890625,241.40284729003906,242.558349609375,178.5798797607422,22082491
2019-10-09,241.98060607910156,242.84722900390625,237.16603088378906,237.9363555908203,175.177001953125,22332047
2019-10-10,237.84005737304688,238.46595764160156,233.65138244628906,234.1809844970703,172.4121856689453,25230638
2019-10-11,234.1809844970703,237.06973266601562,232.1588592529297,234.90316772460938,172.94387817382812,26037798
2019-10-14,236.34754943847656,237.26231384277344,233.9884033203125,235.047607421875,173.0502471923828,15280471
2019-10-15,235.96238708496094,239.95848083496094,235.96238708496094,238.41781616210938,175.53146362304688,10373904
2019-10-16,238.22523498535156,238.41781616210938,233.169921875,234.6143035888672,172.73121643066406,16681940
2019-10-17,234.95132446289062,237.5511932373047,234.806884765625,236.7327117919922,174.2908477783203,14175284
2019-10-18,236.8771514892578,238.6103973388672,236.01052856445312,237.35861206054688,174.75167846679688,13327812
2019-10-22,235.9142303466797,241.78802490234375,235.8660888671875,239.6696014404297,176.45309448242188,18979485
2019-10-23,241.11398315429688,242.6064910888672,239.8140411376953,241.7398681640625,177.977294921875,13325639
2019-10-24,243.23239135742188,244.58047485351562,238.7548370361328,239.8140411376953,176.5594482421875,17438024
2019-10-25,247.3729248046875,247.66180419921875,237.84005737304688,238.51409912109375,175.60238647460938,33846376
2019-10-27,240.6806640625,241.78802490234375,240.43994140625,241.11398315429688,177.51651000976562,3252338
2019-10-29,241.64358520507812,245.63967895507812,240.29550170898438,243.85829162597656,179.53697204589844,12397313
2019-10-30,246.5063018798828,254.20962524414062,244.8693389892578,249.78021240234375,183.89688110351562,35611812
2019-10-31,250.3579559326172,253.10226440429688,246.69888305664062,248.09510803222656,182.65623474121094,17296427
2019-11-01,249.73207092285156,253.2467041015625,249.15431213378906,251.60975646972656,185.2438507080078,13055757
2019-11-04,253.1985626220703,255.1243896484375,250.40611267089844,251.0801544189453,184.85391235351562,8199342
2019-11-05,251.3208770751953,254.20962524414062,249.0098876953125,253.15042114257812,186.3781280517578,10674212
2019-11-06,253.1985626220703,254.0170440673828,250.3579559326172,251.65789794921875,185.27931213378906,9198544
2019-11-07,253.15042114257812,256.42431640625,252.28379821777344,255.9910125732422,188.469482421875,15351749
2019-11-08,255.02810668945312,255.60585021972656,250.3579559326172,250.83941650390625,184.6766815185547,12357632
2019-11-11,250.9357147216797,252.62081909179688,249.2024688720703,249.82835388183594,183.93231201171875,7524183
2019-11-13,249.2987518310547,249.63577270507812,243.76199340820312,244.43603515625,179.96231079101562,10664859
2019-11-14,244.6767578125,246.41000366210938,243.85829162597656,244.4841766357422,179.99774169921875,9222757
2019-11-15,244.82119750976562,246.2655792236328,240.7288055419922,241.35470581054688,177.69371032714844,17386229
2019-11-18,242.12503051757812,242.89537048339844,239.52516174316406,241.4510040283203,177.76461791992188,8167820
2019-11-19,242.41390991210938,242.46205139160156,239.5733184814453,240.0547637939453,176.7366485595703,12621028
2019-11-20,240.0547637939453,241.98060607910156,237.5511932373047,241.40284729003906,177.72915649414062,10362358
2019-11-21,242.07688903808594,242.07688903808594,235.96238708496094,236.58827209472656,174.18447875976562,10793493
2019-11-22,237.9844970703125,243.28053283691406,237.5030517578125,238.46595764160156,175.5669403076172,17000856
2019-11-25,238.562255859375,239.18814086914062,237.1178741455078,238.562255859375,175.6378173828125,10994413
2019-11-26,239.4288787841797,241.11398315429688,238.51409912109375,239.91033935546875,176.6303253173828,20539741
2019-11-27,240.4880828857422,240.77696228027344,237.45489501953125,237.7919158935547,175.0706787109375,9182137
2019-11-28,238.12893676757812,238.7548370361328,236.54013061523438,237.5511932373047,174.8934326171875,11416080
2019-11-29,237.59933471679688,238.22523498535156,235.9142303466797,237.26231384277344,174.68075561523438,10185713
2019-12-02,236.8771514892578,237.7437744140625,235.48092651367188,235.8660888671875,173.65280151367188,10356741
2019-12-03,235.8660888671875,236.6845703125,233.65138244628906,234.9994659423828,173.0147705078125,8442322
2019-12-04,234.46986389160156,234.9994659423828,233.02548217773438,234.13284301757812,172.376708984375,12406762
2019-12-05,234.13284301757812,238.32151794433594,234.08470153808594,237.7919158935547,175.0706787109375,11699738
2019-12-06,237.84005737304688,237.9844970703125,233.50694274902344,234.32542419433594,172.51853942871094,10773814
2019-12-09,233.9884033203125,234.27728271484375,232.0625762939453,232.49588012695312,171.1715545654297,6981671
2019-12-10,232.64031982421875,232.7366180419922,226.2850799560547,226.86282348632812,167.0242919921875,15972570
2019-12-11,226.86282348632812,229.94415283203125,226.86282348632812,228.78866577148438,168.44216918945312,14331297
2019-12-12,229.2219696044922,231.292236328125,228.78866577148438,229.70343017578125,169.11566162109375,10704007
2019-12-13,231.0996551513672,233.50694274902344,230.32933044433594,232.64031982421875,171.2779083251953,8521473
2019-12-16,233.9884033203125,234.37356567382812,227.58502197265625,228.1146240234375,167.94593811035156,12476974
2019-12-17,228.69236755371094,232.7366180419922,228.69236755371094,232.1107177734375,170.88796997070312,16534369
2019-12-18,231.6774139404297,238.1770782470703,230.8589324951172,236.0586700439453,173.7946014404297,17794641
2019-12-19,236.92529296875,238.70669555664062,234.2291259765625,235.28834533691406,173.2274627685547,9699414
2019-12-20,235.28834533691406,236.01052856445312,231.2440948486328,232.20701599121094,170.9588623046875,14495913
2019-12-23,233.02548217773438,233.7958221435547,229.7997283935547,230.0404510498047,169.36375427246094,19817033
2019-12-24,230.13674926757812,231.292236328125,229.3664093017578,229.89601135253906,169.25743103027344,8200254
2019-12-26,230.0404510498047,230.52191162109375,227.58502197265625,228.01832580566406,167.87501525878906,15017235
2019-12-27,228.69236755371094,229.60714721679688,227.68130493164062,228.1146240234375,167.94593811035156,9048085
2019-12-30,229.173828125,231.96627807617188,228.69236755371094,229.3664093017578,168.86749267578125,13680470
2019-12-31,229.70343017578125,230.08859252929688,228.59608459472656,228.88494873046875,168.51304626464844,7417112
2020-01-01,229.75157165527344,229.75157165527344,228.3072052001953,229.27012634277344,168.79664611816406,4370931
2020-01-02,229.3664093017578,232.01443481445312,229.27012634277344,230.95521545410156,170.03724670410156,8726602
2020-01-03,232.0625762939453,232.0625762939453,229.173828125,229.65528869628906,169.0802001953125,9642051
2020-01-06,228.69236755371094,229.46270751953125,226.2850799560547,226.38137817382812,166.6698455810547,7930726
2020-01-07,227.296142578125,229.07752990722656,225.89991760253906,226.62210083007812,166.84707641601562,8740894
2020-01-08,225.32217407226562,227.055419921875,224.5999755859375,225.51475524902344,166.0318145751953,7314466
2020-01-09,226.86282348632812,227.82574462890625,226.33322143554688,227.055419921875,167.16610717773438,9816703
2020-01-10,228.78866577148438,229.89601135253906,228.01832580566406,229.173828125,168.72576904296875,10357864
2020-01-13,229.65528869628906,231.58111572265625,229.41455078125,230.37747192382812,169.61190795898438,12715178
2020-01-14,231.34039306640625,234.7587432861328,229.46270751953125,234.2291259765625,172.4476318359375,12299570
2020-01-15,233.5550994873047,233.9884033203125,232.1588592529297,233.41065979003906,171.8450469970703,5687654
2020-01-16,233.50694274902344,234.8550262451172,231.19595336914062,231.82183837890625,170.67530822753906,9730522
2020-01-17,231.82183837890625,233.1217803955078,230.52191162109375,231.051513671875,170.10816955566406,7677106
2020-01-20,231.14779663085938,234.2291259765625,231.14779663085938,232.92919921875,171.49058532714844,8329721
2020-01-21,232.49588012695312,232.49588012695312,229.173828125,229.60714721679688,169.0447540283203,9939680
2020-01-22,230.71449279785156,230.71449279785156,228.3072052001953,229.2219696044922,168.76119995117188,7949731
2020-01-23,229.27012634277344,229.89601135253906,228.1146240234375,229.07752990722656,168.6548309326172,6356150
2020-01-24,228.59608459472656,230.2330322265625,228.21090698242188,229.31826782226562,168.83204650878906,7063834
2020-01-27,228.21090698242188,228.59608459472656,225.6110382080078,225.89991760253906,166.3153533935547,7100949
2020-01-28,226.0443572998047,227.15170288085938,221.95196533203125,222.19268798828125,163.5859832763672,15144538
2020-01-29,222.91488647460938,228.83680725097656,222.57786560058594,227.87388610839844,167.76869201660156,21258057
2020-01-30,228.1627655029297,228.21090698242188,224.3592529296875,225.3703155517578,165.92544555664062,10794458
2020-01-31,227.00726318359375,229.55899047851562,225.3703155517578,226.4295196533203,166.70529174804688,19166671
2020-02-03,207.0267791748047,208.8563232421875,197.3976287841797,199.9011993408203,147.1741943359375,82836335
2020-02-04,202.98252868652344,209.5303497314453,201.3937225341797,207.65267944335938,152.881103515625,37145337
2020-02-05,208.278564453125,209.43406677246094,203.6565704345703,208.42300415039062,153.44825744628906,22072147
2020-02-06,209.91552734375,211.74505615234375,203.94544982910156,205.63055419921875,151.392333984375,28443398
2020-02-07,205.87127685546875,207.70082092285156,204.86021423339844,205.48611450195312,151.2860107421875,17793265
2020-02-10,206.06385803222656,206.1120147705078,202.26034545898438,202.74180603027344,149.2655487060547,9987781
2020-02-11,208.4711456298828,208.9044647216797,203.94544982910156,204.7157745361328,150.71888732910156,30951617
2020-02-12,205.48611450195312,206.83419799804688,203.94544982910156,205.1490936279297,151.03787231445312,10310789
2020-02-13,205.1490936279297,205.5342559814453,203.36770629882812,204.04173278808594,150.2226104736328,9505645
2020-02-14,204.37875366210938,205.00465393066406,199.13087463378906,199.99749755859375,147.24513244628906,14260540
2020-02-17,200.286376953125,200.91226196289062,196.43470764160156,197.20504760742188,145.189208984375,16161290
2020-02-18,196.9643096923828,197.01246643066406,193.0644989013672,196.29026794433594,144.51571655273438,21741128
2020-02-19,197.6383514404297,199.4678955078125,196.29026794433594,199.03457641601562,146.5361785888672,9403278
2020-02-20,199.32345581054688,200.81597900390625,197.8309326171875,199.7567596435547,147.06787109375,16193373
2020-02-24,199.32345581054688,199.7567596435547,194.31629943847656,195.47178649902344,143.9131317138672,17233132
2020-02-25,196.24212646484375,197.7827911376953,194.0274200439453,194.31629943847656,143.06240844726562,15903285
2020-02-26,193.2089385986328,194.4607391357422,189.020263671875,191.23497009277344,140.7938232421875,18557438
2020-02-27,191.04238891601562,191.7645721435547,188.63510131835938,190.22390747070312,140.04945373535156,17936226
2020-02-28,187.7684783935547,192.48675537109375,184.92787170410156,190.22390747070312,140.04945373535156,33885063
2020-03-02,192.10159301757812,195.9051055908203,186.46853637695312,188.05734252929688,138.454345703125,19274852
2020-03-03,189.69430541992188,190.1276092529297,185.40933227539062,186.66111755371094,137.42640686035156,18638624
2020-03-04,187.72032165527344,188.29808044433594,179.6318359375,180.54661560058594,132.92469787597656,28729502
2020-03-05,180.59475708007812,184.10939025878906,179.6318359375,181.0762176513672,133.31460571289062,20797182
2020-03-06,177.99488830566406,177.99488830566406,173.08401489257812,175.0098419189453,128.8483428955078,27795285
2020-03-09,172.36183166503906,172.36183166503906,168.02871704101562,170.6285858154297,125.6227035522461,22633662
2020-03-11,167.54725646972656,170.1952667236328,165.95843505859375,169.1360626220703,124.52384948730469,29032759
2020-03-12,162.73268127441406,162.87710571289062,144.96688842773438,150.02220153808594,110.45156860351562,54043896
2020-03-13,144.43728637695312,157.91810607910156,129.6083984375,156.23300170898438,115.02416229248047,63962722
2020-03-16,152.14060974121094,152.2368927001953,139.86343383789062,141.78927612304688,104.39019012451172,34535653
2020-03-17,142.51145935058594,150.02220153808594,140.63377380371094,143.61880493164062,105.7371597290039,49492914
2020-03-18,146.45941162109375,148.9148406982422,141.88555908203125,145.111328125,106.83599853515625,52178352
2020-03-19,145.111328125,157.4847869873047,139.38198852539062,155.84783935546875,114.7406005859375,93204936
2020-03-20,158.97731018066406,169.9545440673828,158.97731018066406,168.9916229248047,124.41751098632812,64384067
2020-03-23,152.14060974121094,155.9922637939453,143.6669464111328,148.57781982421875,109.38815307617188,53330913
2020-03-24,156.90704345703125,157.6292266845703,141.93370056152344,144.14840698242188,106.1270751953125,54576761
2020-03-25,145.40020751953125,146.3631134033203,133.84521484375,141.88555908203125,104.4610824584961,64913270
2020-03-26,144.43728637695312,153.4886932373047,137.93760681152344,150.59994506835938,110.87691497802734,60694283
2020-03-27,155.9922637939453,159.84393310546875,149.25186157226562,157.14776611328125,115.69764709472656,33893412
2020-03-30,150.26292419433594,158.78472900390625,150.26292419433594,153.29611206054688,112.86192321777344,29203338
2020-03-31,157.91810607910156,167.40281677246094,155.5589599609375,165.33255004882812,121.72357177734375,44272500
2020-04-01,165.33255004882812,166.34361267089844,158.4477081298828,160.22909545898438,117.96622467041016,18840671
2020-04-03,161.6734619140625,175.97276306152344,160.8068389892578,171.30262756347656,126.11896514892578,65288649
2020-04-07,178.8133544921875,178.8133544921875,167.21023559570312,174.8172607421875,128.70651245117188,37509626
2020-04-08,174.14321899414062,177.17640686035156,170.09898376464844,172.02481079101562,126.65065002441406,39007671
2020-04-09,177.17640686035156,179.34295654296875,173.32473754882812,178.3800506591797,131.32960510253906,44268652
2020-04-13,177.65786743164062,179.72813415527344,174.33580017089844,174.8654022216797,128.74197387695312,18427550
2020-04-15,177.22454833984375,186.56483459472656,175.92462158203125,182.3280029296875,134.23623657226562,50983406
2020-04-16,182.61688232421875,184.10939025878906,178.5726318359375,179.4392547607422,132.1094207763672,28122965
2020-04-17,183.38720703125,184.30197143554688,180.01699829101562,181.12435913085938,133.35006713867188,27694463
2020-04-20,182.90574645996094,182.90574645996094,172.84329223632812,173.998779296875,128.10394287109375,37141676
2020-04-21,171.39891052246094,177.4652862548828,169.52122497558594,172.9395751953125,127.32413482666016,24232310
2020-04-22,172.36183166503906,176.7430877685547,169.47308349609375,175.49130249023438,129.20277404785156,26132520
2020-04-23,176.16534423828125,177.17640686035156,172.9877166748047,173.85433959960938,127.99760437011719,34237726
2020-04-24,174.28765869140625,176.02090454101562,172.65069580078125,173.37289428710938,127.64317321777344,18744844
2020-04-27,173.5654754638672,175.53944396972656,172.65069580078125,173.18031311035156,127.5013656616211,13589672
2020-04-28,173.32473754882812,174.09507751464844,171.44705200195312,172.79513549804688,127.2177734375,18488267
2020-04-29,173.8061981201172,176.11720275878906,172.9877166748047,175.39500427246094,129.13192749023438,22287597
2020-04-30,178.04302978515625,178.04302978515625,173.758056640625,175.29872131347656,129.0609893798828,31326446
2020-05-04,175.0098419189453,175.0098419189453,164.3214874267578,167.59539794921875,123.38955688476562,31461042
2020-05-05,168.51016235351562,170.8693084716797,165.62142944335938,167.45095825195312,123.28321838378906,18389548
2020-05-06,165.04367065429688,165.04367065429688,154.5478973388672,157.82180786132812,116.19390106201172,68112675
2020-05-07,157.91810607910156,159.69949340820312,154.5478973388672,155.02935791015625,114.13799285888672,25183509
2020-05-08,157.8699493408203,158.06253051757812,151.27398681640625,152.38133239746094,112.18843841552734,26281664
2020-05-11,154.06643676757812,157.4366455078125,152.14060974121094,152.57391357421875,112.3302230834961,18792383
2020-05-12,152.57391357421875,159.7476348876953,151.65914916992188,158.9291534423828,117.00918579101562,22211224
2020-05-13,166.96949768066406,167.16207885742188,158.39955139160156,159.26617431640625,117.25729370117188,20785966
2020-05-14,158.39955139160156,162.01048278808594,155.94412231445312,157.7255096435547,116.12300872802734,15525762
2020-05-15,156.18484497070312,159.3624725341797,155.17379760742188,158.5439910888672,116.72559356689453,15526021
2020-05-18,159.84393310546875,161.09571838378906,157.09962463378906,158.64028930664062,116.79649353027344,21602419
2020-05-19,160.3253936767578,165.28440856933594,158.97731018066406,164.4177703857422,121.05007934570312,20917906
2020-05-20,165.57327270507812,170.43600463867188,164.65850830078125,169.23236083984375,124.59477233886719,26295911
2020-05-21,169.08792114257812,183.38720703125,166.247314453125,181.94284057617188,133.95263671875,60630670
2020-05-22,181.02806091308594,184.78343200683594,177.754150390625,179.4392547607422,132.1094207763672,40516307
2020-05-26,182.9539031982422,187.72032165527344,180.83547973632812,184.59085083007812,135.9022216796875,55283582
2020-05-27,185.36119079589844,186.70925903320312,179.96885681152344,185.024169921875,136.22122192382812,25491463
2020-05-28,185.16859436035156,185.74635314941406,181.99098205566406,183.5797882080078,135.15782165527344,25524647
2020-05-29,183.38720703125,190.65721130371094,181.99098205566406,190.0313262939453,139.9076690673828,37214719
2020-06-01,193.54595947265625,197.6383514404297,191.62013244628906,193.11265563964844,142.17623901367188,29606349
2020-06-02,194.41258239746094,194.41258239746094,189.40542602539062,189.93502807617188,139.8367462158203,23502975
2020-06-03,192.5830535888672,193.44967651367188,188.34622192382812,189.40542602539062,139.44686889648438,19710133
2020-06-04,190.41648864746094,194.99034118652344,187.7684783935547,192.7274932861328,141.89266967773438,22843181
2020-06-05,194.31629943847656,194.50888061523438,191.28311157226562,192.5830535888672,141.7863311767578,15193091
2020-06-08,195.37550354003906,196.09768676757812,189.69430541992188,190.3201904296875,140.12034606933594,20304292
2020-06-09,190.89794921875,198.55311584472656,190.3201904296875,191.138671875,140.72293090820312,41451482
2020-06-10,192.05345153808594,195.61622619628906,190.9460906982422,191.66827392578125,141.11285400390625,28247205
2020-06-11,192.5830535888672,193.7866973876953,186.42039489746094,187.04627990722656,137.70997619628906,20611505
2020-06-12,181.94284057617188,187.9610595703125,180.8836212158203,186.70925903320312,137.4618377685547,23431727
2020-06-15,186.70925903320312,186.75741577148438,179.39111328125,180.2577362060547,132.71200561523438,25404661
2020-06-16,183.72422790527344,183.86866760253906,175.15428161621094,178.13931274414062,131.15232849121094,28700454
2020-06-17,177.17640686035156,178.13931274414062,173.998779296875,174.48023986816406,128.45840454101562,24952658
2020-06-18,174.48023986816406,180.54661560058594,173.998779296875,179.6799774169922,132.2866668701172,30000032
2020-06-19,180.16143798828125,180.97991943359375,176.79124450683594,177.22454833984375,130.47886657714844,31707306
2020-06-22,179.5836944580078,180.54661560058594,176.35792541503906,178.13931274414062,131.15232849121094,32605144
2020-06-23,178.5244903564453,180.54661560058594,177.89859008789062,178.95779418945312,131.7549285888672,27569189
2020-06-24,180.4503173828125,187.47959899902344,179.24667358398438,184.73529052734375,136.00852966308594,56757828
2020-06-25,185.12045288085938,195.9532470703125,184.54270935058594,194.60516357421875,143.27508544921875,78484846
2020-06-26,198.36053466796875,201.6344451904297,186.1315155029297,187.9610595703125,138.38345336914062,74727243
2020-06-29,194.99034118652344,195.47178649902344,188.92396545410156,189.93502807617188,139.8367462158203,95027403
2020-06-30,192.0052947998047,192.0052947998047,186.80555725097656,187.43145751953125,137.99356079101562,42797633
2020-07-01,187.43145751953125,196.29026794433594,187.43145751953125,195.37550354003906,143.8422393798828,46004000
2020-07-02,196.86802673339844,199.08273315429688,195.03848266601562,198.2161102294922,145.93359375,40835235
2020-07-03,200.286376953125,200.767822265625,198.36053466796875,199.85305786132812,147.13876342773438,39352660
2020-07-06,192.92007446289062,194.4607391357422,191.57199096679688,192.39047241210938,149.2231903076172,36046969
2020-07-07,192.5830535888672,193.0644989013672,186.80555725097656,187.04627990722656,145.07810974121094,32467210
2020-07-08,187.04627990722656,190.60906982421875,187.04627990722656,189.020263671875,146.60916137695312,22093693
2020-07-09,189.59800720214844,189.69430541992188,186.9499969482422,188.2017822265625,145.97433471679688,19492371
2020-07-10,187.91290283203125,189.2128448486328,186.80555725097656,187.142578125,145.15280151367188,16815128
2020-07-13,188.63510131835938,191.37940979003906,187.86476135253906,190.22390747070312,147.54275512695312,21079233
2020-07-14,190.0794677734375,192.10159301757812,185.60191345214844,188.63510131835938,146.31044006347656,19185879
2020-07-15,189.0684051513672,192.5830535888672,187.28701782226562,191.3312530517578,148.40164184570312,24692471
2020-07-16,191.3312530517578,191.47569274902344,184.87973022460938,186.66111755371094,144.7793426513672,22997164
2020-07-17,186.1315155029297,188.1536407470703,185.84263610839844,186.85369873046875,144.92872619628906,15455455
2020-07-20,187.7684783935547,188.10549926757812,185.2167510986328,185.55377197265625,143.92047119140625,19643434
2020-07-21,184.97601318359375,186.99813842773438,184.3982696533203,185.12045288085938,143.58436584472656,29089491
2020-07-22,185.84263610839844,190.56092834472656,185.36119079589844,189.260986328125,146.79586791992188,33826583
2020-07-23,190.3201904296875,194.0274200439453,189.50172424316406,193.25709533691406,149.8953857421875,32700809
2020-07-24,193.54595947265625,194.22000122070312,189.98316955566406,192.1978759765625,149.07379150390625,62500933
2020-07-27,193.0644989013672,193.0644989013672,187.91290283203125,189.11654663085938,146.68386840820312,23517850
2020-07-28,189.69430541992188,191.28311157226562,187.81661987304688,188.1536407470703,145.93699645996094,20029937
2020-07-29,186.2759552001953,190.8498077392578,186.22781372070312,189.40542602539062,146.90789794921875,15402845
2020-07-30,191.04238891601562,191.04238891601562,185.36119079589844,186.17965698242188,144.4059295654297,16943579
2020-07-31,186.3240966796875,189.6461639404297,186.3240966796875,186.9499969482422,145.00344848632812,17294202
2020-08-03,186.80555725097656,186.80555725097656,184.78343200683594,185.4574737548828,143.84576416015625,13776301
2020-08-04,185.4574737548828,188.53880310058594,185.4574737548828,186.46853637695312,144.62997436523438,17849565
2020-08-05,187.28701782226562,187.38330078125,184.59085083007812,185.65005493164062,143.99514770507812,50646546
2020-08-06,186.99813842773438,188.34622192382812,185.93893432617188,188.10549926757812,145.89967346191406,18574935
2020-08-07,188.2499237060547,189.69430541992188,186.9499969482422,188.77952575683594,146.4224395751953,21717194
2020-08-10,189.11654663085938,192.24603271484375,189.11654663085938,191.47569274902344,148.51368713378906,17108987
2020-08-11,192.5830535888672,199.99749755859375,192.5830535888672,195.5199432373047,151.65048217773438,57266693
2020-08-12,194.99034118652344,197.30133056640625,192.9682159423828,196.62728881835938,152.5093994140625,22106836
2020-08-13,195.9532470703125,196.62728881835938,189.79058837890625,193.97927856445312,150.4555206298828,23573090
2020-08-14,194.12371826171875,195.80880737304688,188.2499237060547,189.11654663085938,146.68386840820312,29858596
2020-08-17,190.7053680419922,192.10159301757812,189.54986572265625,191.37940979003906,148.43899536132812,12192938
2020-08-18,192.48675537109375,192.48675537109375,189.93502807617188,191.18682861328125,148.2895965576172,12969115
2020-08-19,191.23497009277344,194.22000122070312,190.75350952148438,191.0905303955078,148.21495056152344,16070316
2020-08-20,189.69430541992188,189.8868865966797,187.3351593017578,188.53880310058594,146.23573303222656,17561721
2020-08-21,190.65721130371094,191.81271362304688,189.020263671875,189.50172424316406,146.9825897216797,17897538
2020-08-24,189.93502807617188,191.62013244628906,189.0684051513672,189.40542602539062,146.90789794921875,15304895
2020-08-25,189.93502807617188,190.9460906982422,187.86476135253906,188.1536407470703,145.93699645996094,15784633
2020-08-26,189.2128448486328,189.260986328125,186.46853637695312,187.72032165527344,145.6008758544922,23502769
2020-08-27,191.138671875,191.5238494873047,186.70925903320312,187.04627990722656,145.07810974121094,49030500
2020-08-28,187.38330078125,189.020263671875,186.85369873046875,188.29808044433594,146.04904174804688,35979788
2020-08-31,191.62013244628906,191.62013244628906,182.9539031982422,184.0131072998047,142.72549438476562,100730476
2020-09-01,184.0131072998047,185.2167510986328,181.268798828125,183.146484375,142.05331420898438,41311165
2020-09-02,184.2056884765625,185.84263610839844,182.61688232421875,184.2538299560547,142.9122314453125,21378178
2020-09-03,184.30197143554688,186.0833740234375,182.9539031982422,184.4945526123047,143.0989227294922,16295787
2020-09-04,182.9539031982422,182.9539031982422,178.8133544921875,179.77627563476562,139.43927001953125,42983034
2020-09-07,180.30587768554688,183.4353485107422,174.09507751464844,182.08726501464844,141.2317657470703,33918419
2020-09-08,182.5687255859375,183.48350524902344,177.754150390625,181.17250061035156,140.52223205566406,26574542
2020-09-09,178.6207733154297,179.34295654296875,175.53944396972656,176.98382568359375,137.27340698242188,28901363
2020-09-10,177.27268981933594,178.8133544921875,176.40606689453125,178.04302978515625,138.09494018554688,18469229
2020-09-11,178.04302978515625,179.5836944580078,175.97276306152344,177.12826538085938,137.38540649414062,19997552
2020-09-14,178.90965270996094,178.95779418945312,176.21348571777344,176.55050659179688,136.9373016357422,32185628
2020-09-15,177.17640686035156,177.36898803710938,174.09507751464844,175.0579833984375,135.77967834472656,31956903
2020-09-16,175.10614013671875,176.6949462890625,173.37289428710938,173.9506378173828,134.9207763671875,52591750
2020-09-17,174.09507751464844,174.7691192626953,171.20632934570312,171.97666931152344,133.3896942138672,35240133
2020-09-18,172.8914337158203,173.18031311035156,170.43600463867188,172.45811462402344,133.7631378173828,30929813
2020-09-21,173.32473754882812,173.90249633789062,168.55831909179688,169.23236083984375,131.2611541748047,24811451
2020-09-22,169.23236083984375,170.1952667236328,167.3065185546875,167.73983764648438,130.10350036621094,19242719
2020-09-23,168.46202087402344,170.96560668945312,165.33255004882812,166.10287475585938,128.83384704589844,64164525
2020-09-24,165.33255004882812,165.3806915283203,159.98837280273438,160.37353515625,124.39002227783203,32698988
2020-09-25,162.63638305664062,164.85108947753906,160.8068389892578,164.4177703857422,127.5268325805664,27650738
2020-09-28,164.65850830078125,168.3175811767578,164.1770477294922,166.8732147216797,129.4313201904297,24087933
2020-09-29,168.26943969726562,168.26943969726562,162.73268127441406,163.1178436279297,126.5185775756836,26602326
2020-09-30,163.69558715820312,165.71771240234375,162.4438018798828,165.33255004882812,128.23634338378906,19193371
2020-10-01,168.02871704101562,168.125,163.79188537597656,164.51406860351562,127.60152435302734,20517295
2020-10-05,164.75479125976562,166.39175415039062,162.491943359375,162.97340393066406,126.40653991699219,25234767
2020-10-06,163.21412658691406,165.2362518310547,161.86605834960938,163.59930419921875,126.89200592041016,22728054
2020-10-07,163.69558715820312,164.5622100830078,162.73268127441406,163.21412658691406,126.59326934814453,16913783
2020-10-08,163.79188537597656,164.08074951171875,160.71055603027344,160.95127868652344,124.83812713623047,26484289
2020-10-09,161.28829956054688,162.63638305664062,160.1809539794922,161.6253204345703,125.36093139648438,23234939
2020-10-12,164.1770477294922,168.70274353027344,163.69558715820312,165.8140106201172,128.60977172851562,68801924
2020-10-13,166.4398956298828,168.36572265625,163.21412658691406,163.84002685546875,127.07870483398438,37058708
2020-10-14,164.22518920898438,164.65850830078125,160.85499572753906,161.57717895507812,125.32357788085938,39688050
2020-10-15,161.4808807373047,161.57717895507812,158.4477081298828,158.9291534423828,123.26969909667969,28161148
2020-10-16,159.3624725341797,160.6142578125,157.7255096435547,159.5550537109375,123.75517272949219,21006060
2020-10-19,160.6142578125,162.63638305664062,159.98837280273438,162.01048278808594,125.65965270996094,19748904
2020-10-20,161.76976013183594,162.0586395263672,160.51797485351562,161.2401580810547,125.06216430664062,16770677
2020-10-21,161.91419982910156,162.63638305664062,160.4216766357422,161.4327392578125,125.2115707397461,17113482
2020-10-22,161.33645629882812,162.82896423339844,160.8068389892578,162.2993621826172,125.88370513916016,22893091
2020-10-23,162.6845245361328,164.65850830078125,161.52903747558594,164.4177703857422,127.5268325805664,20921450
2020-10-26,165.1399688720703,165.2362518310547,162.01048278808594,162.2993621826172,125.88370513916016,16699886
2020-10-27,162.251220703125,163.02154541015625,160.5661163330078,160.9994354248047,124.8754653930664,47652264
2020-10-28,162.251220703125,162.251220703125,158.88101196289062,159.3624725341797,123.60578155517578,17468592
2020-10-29,158.88101196289062,159.79579162597656,157.38848876953125,157.77366638183594,122.37346649169922,21816186
2020-10-30,157.91810607910156,160.6142578125,157.29220581054688,159.1217498779297,123.41908264160156,16976909
2020-11-02,160.6142578125,160.9994354248047,158.35140991210938,160.5661163330078,124.53939819335938,14924105
2020-11-03,160.9994354248047,164.4177703857422,160.90313720703125,163.79188537597656,127.04135131835938,23473408
2020-11-04,163.74374389648438,165.4288330078125,161.96234130859375,163.5030059814453,126.81732940673828,19533203
2020-11-05,164.89923095703125,168.51016235351562,163.88816833496094,168.26943969726562,130.51426696777344,28037401
2020-11-06,169.9545440673828,170.6285858154297,166.96949768066406,167.4990997314453,129.91676330566406,35571152
2020-11-09,167.4990997314453,170.72486877441406,165.47698974609375,166.39175415039062,129.05789184570312,36645472
2020-11-10,168.51016235351562,172.8914337158203,165.47698974609375,171.73593139648438,133.20297241210938,59672371
2020-11-11,172.9395751953125,179.00595092773438,171.97666931152344,178.42819213867188,138.39369201660156,65757234
2020-11-12,178.3319091796875,181.75025939941406,177.03196716308594,181.02806091308594,140.4102325439453,48153554
2020-11-13,180.2577362060547,181.79840087890625,178.66893005371094,180.16143798828125,139.73805236816406,29284742
2020-11-14,182.03912353515625,182.9539031982422,181.0762176513672,181.60581970214844,140.8583221435547,8066280
2020-11-17,181.99098205566406,182.3761444091797,179.48739624023438,180.4021759033203,139.92474365234375,21757459
2020-11-18,179.87257385253906,181.4613800048828,175.97276306152344,177.22454833984375,137.46009826660156,27620283
2020-11-19,176.02090454101562,184.68714904785156,175.92462158203125,180.93177795410156,140.33554077148438,50871154
2020-11-20,181.79840087890625,184.87973022460938,179.15037536621094,184.59085083007812,143.17361450195312,47052232
2020-11-23,184.87973022460938,185.36119079589844,181.65396118164062,183.77236938476562,142.5387725830078,24073204
2020-11-24,183.53164672851562,189.16470336914062,183.53164672851562,188.29808044433594,146.04904174804688,47160760
2020-11-25,188.73138427734375,190.60906982421875,185.36119079589844,186.66111755371094,144.7793426513672,43263598
2020-11-26,187.86476135253906,188.58694458007812,185.40933227539062,187.5758819580078,145.4888916015625,25155854
2020-11-27,187.23887634277344,188.49066162109375,186.0352325439453,186.46853637695312,144.62997436523438,32594141
2020-12-01,187.7684783935547,189.0684051513672,185.264892578125,187.1907196044922,145.1901397705078,16505446
2020-12-02,187.7684783935547,191.37940979003906,186.3722381591797,188.68324279785156,146.34776306152344,29520716
2020-12-03,189.8868865966797,189.8868865966797,187.3351593017578,188.92396545410156,146.5344696044922,29087754
2020-12-04,189.54986572265625,191.9571533203125,189.2128448486328,190.8498077392578,148.02822875976562,23005484
2020-12-07,190.8498077392578,196.19398498535156,190.2720489501953,195.61622619628906,151.7251739501953,37068111
2020-12-08,196.3384246826172,197.10874938964844,192.1497344970703,194.9421844482422,151.20236206054688,32042241
2020-12-09,197.3976287841797,200.09378051757812,197.06060791015625,197.7827911376953,153.40562438964844,41212760
2020-12-10,198.98643493652344,205.72683715820312,195.61622619628906,204.81207275390625,158.8577117919922,67739601
2020-12-11,206.49717712402344,209.86737060546875,205.43797302246094,208.278564453125,161.5464324951172,62645643
2020-12-14,209.86737060546875,210.49327087402344,207.0267791748047,207.89340209960938,161.2476806640625,28029531
2020-12-15,207.2675018310547,208.37486267089844,203.75286865234375,205.63055419921875,159.49256896972656,24151252
2020-12-16,205.82313537597656,207.55638122558594,205.5823974609375,206.06385803222656,159.82864379882812,20304621
2020-12-17,206.25643920898438,207.12306213378906,203.4158477783203,205.1490936279297,159.11912536621094,23248344
2020-12-18,205.19723510742188,207.94154357910156,201.97146606445312,206.54531860351562,160.2020721435547,24690701
2020-12-21,206.54531860351562,206.73789978027344,191.7645721435547,195.42364501953125,151.5758056640625,43445980
2020-12-22,195.56808471679688,198.6012725830078,189.59800720214844,195.85696411132812,151.9119110107422,42564860
2020-12-23,195.47178649902344,200.527099609375,194.50888061523438,200.04563903808594,155.16073608398438,24608258
2020-12-24,202.2122039794922,202.8380889892578,197.97537231445312,200.86412048339844,155.7955780029297,23645158
2020-12-28,201.24928283691406,202.40478515625,200.14193725585938,201.73074340820312,156.46774291992188,16347233
2020-12-29,202.69366455078125,205.5823974609375,202.30848693847656,203.70472717285156,157.9988555908203,27568853
2020-12-30,204.81207275390625,205.5823974609375,201.7788848876953,203.31954956054688,157.70008850097656,19654130
2020-12-31,202.74180603027344,203.4639892578125,200.81597900390625,201.24928283691406,156.09434509277344,18947950
2021-01-01,202.11590576171875,206.25643920898438,201.5381622314453,205.91941833496094,159.7166290283203,20279389
2021-01-04,206.06385803222656,207.98968505859375,204.2343292236328,205.48611450195312,159.38055419921875,27927482
2021-01-05,204.57135009765625,205.3416748046875,202.78994750976562,203.60842895507812,157.92416381835938,18718244
2021-01-06,203.60842895507812,203.6565704345703,196.91616821289062,197.7827911376953,153.40562438964844,50957586
2021-01-07,198.4568328857422,199.9011993408203,194.60516357421875,195.27920532226562,151.46376037597656,36298522
2021-01-08,196.771728515625,198.36053466796875,192.8237762451172,194.0274200439453,150.4928741455078,58600546
2021-01-11,196.43470764160156,198.4568328857422,193.7866973876953,194.99034118652344,151.23974609375,44625924
2021-01-12,195.47178649902344,199.22715759277344,194.12371826171875,198.79385375976562,154.18983459472656,36989137
2021-01-13,199.7567596435547,205.1009521484375,197.6383514404297,203.4158477783203,157.77476501464844,66387977
2021-01-14,204.13803100585938,208.4711456298828,203.75286865234375,206.2082977294922,159.94065856933594,50164605
2021-01-15,206.93048095703125,210.39698791503906,203.36770629882812,209.77108764648438,162.70407104492188,60567280
2021-01-18,210.30068969726562,213.76718139648438,206.64161682128906,211.6006317138672,164.12313842773438,70211602
2021-01-19,212.8042755126953,213.47830200195312,209.43406677246094,210.73399353027344,163.450927734375,33009228
2021-01-20,210.39698791503906,210.87843322753906,207.70082092285156,209.57850646972656,162.55470275878906,46392916
2021-01-21,210.87843322753906,211.35989379882812,204.3306121826172,205.77499389648438,159.60459899902344,30116008
2021-01-22,206.06385803222656,206.78604125976562,201.3937225341797,202.88624572753906,157.36399841308594,25663922
2021-01-25,204.13803100585938,204.61949157714844,199.17901611328125,200.09378051757812,155.19810485839844,25929487
2021-01-27,200.286376953125,204.76393127441406,199.4197540283203,202.8380889892578,157.32666015625,50338134
2021-01-28,201.49002075195312,203.17510986328125,198.11981201171875,198.93829345703125,154.3018798828125,22984352
2021-01-29,200.81597900390625,201.05670166015625,194.8459014892578,195.7125244140625,151.7998809814453,24679902
2021-02-01,196.43470764160156,209.86737060546875,194.31629943847656,207.94154357910156,161.28501892089844,59968324
2021-02-02,211.8413543701172,215.21156311035156,208.95260620117188,210.1081085205078,162.9654541015625,50324035
2021-02-03,213.2857208251953,213.76718139648438,207.70082092285156,208.71188354492188,161.88250732421875,55709225
2021-02-04,208.0859832763672,222.81858825683594,207.98968505859375,221.42236328125,171.7410888671875,109894300
2021-02-05,223.540771484375,229.9923095703125,218.82249450683594,225.6591796875,175.02728271484375,130323308
2021-02-08,228.69236755371094,229.2219696044922,222.91488647460938,224.45553588867188,174.09373474121094,43093963
2021-02-09,225.89991760253906,230.32933044433594,219.7372589111328,220.50758361816406,171.0315704345703,73377134
2021-02-10,220.50758361816406,222.5297088623047,214.82638549804688,219.11135864257812,169.94862365722656,49104142
2021-02-11,220.50758361816406,220.7964630126953,216.17446899414062,218.05215454101562,169.12709045410156,45311749
2021-02-12,217.37811279296875,217.37811279296875,207.79710388183594,209.38592529296875,162.40533447265625,114826417
2021-02-15,210.3488311767578,212.8042755126953,209.43406677246094,210.49327087402344,163.2642059326172,33000365
2021-02-16,210.9265899658203,213.57460021972656,209.19334411621094,210.15625,163.00282287597656,30271502
2021-02-17,209.5303497314453,210.30068969726562,208.51930236816406,209.67478942871094,162.62937927246094,20615018
2021-02-18,210.1081085205078,212.41909790039062,209.81922912597656,210.73399353027344,163.450927734375,24997592
2021-02-19,210.73399353027344,210.7821502685547,206.06385803222656,207.94154357910156,161.28501892089844,29208388
2021-02-22,204.13803100585938,204.13803100585938,198.36053466796875,199.37159729003906,158.44786071777344,53531490
2021-02-23,200.286376953125,202.74180603027344,199.32345581054688,200.767822265625,159.55747985839844,27703323
2021-02-24,201.3455810546875,202.01962280273438,198.8419952392578,201.10484313964844,159.8253173828125,13667471
2021-02-25,201.73074340820312,203.36770629882812,201.05670166015625,201.3937225341797,160.054931640625,26953713
2021-02-26,199.56417846679688,200.286376953125,195.47178649902344,196.29026794433594,155.99900817871094,45101885
2021-03-01,197.8309326171875,200.04563903808594,196.48284912109375,199.22715759277344,158.3330841064453,16850430
2021-03-02,199.32345581054688,202.98252868652344,198.8419952392578,202.11590576171875,160.6288604736328,26590262
2021-03-03,204.13803100585938,204.13803100585938,201.05670166015625,202.1640625,160.6671142578125,21648963
2021-03-04,201.05670166015625,203.4639892578125,199.9011993408203,201.92332458496094,160.475830078125,25858155
2021-03-05,200.286376953125,202.2122039794922,199.5160369873047,200.81597900390625,159.59576416015625,17990773
2021-03-08,201.92332458496094,202.98252868652344,199.99749755859375,200.286376953125,159.17486572265625,23874105
2021-03-09,200.9604034423828,201.97146606445312,197.15689086914062,200.09378051757812,159.02183532714844,23463213
2021-03-10,201.3455810546875,201.44186401367188,198.16795349121094,198.8419952392578,158.0269775390625,20358192
2021-03-12,200.286376953125,200.286376953125,195.9532470703125,197.5902099609375,157.0321044921875,31973696
2021-03-15,198.2161102294922,198.36053466796875,194.12371826171875,197.8309326171875,157.22341918945312,42699297
2021-03-16,198.74571228027344,201.1529998779297,197.34947204589844,200.14193725585938,159.06008911132812,50641203
2021-03-17,204.3306121826172,205.9675750732422,200.81597900390625,202.78994750976562,161.16453552246094,81604999
2021-03-18,205.1009521484375,210.9747314453125,204.04173278808594,209.57850646972656,166.55967712402344,95536034
2021-03-19,210.87843322753906,217.76327514648438,207.55638122558594,214.68194580078125,170.6155548095703,139352860
2021-03-22,215.0189666748047,218.00401306152344,213.2857208251953,217.6188507080078,172.94961547851562,47823778
2021-03-23,216.6559295654297,219.64096069335938,213.0931396484375,213.9597625732422,170.04161071777344,43165463
2021-03-24,212.8042755126953,214.5375213623047,207.2675018310547,207.94154357910156,165.2587127685547,28672557
2021-03-25,207.1712188720703,207.94154357910156,201.2974395751953,203.75286865234375,161.9298095703125,42248040
2021-03-26,206.30459594726562,206.49717712402344,202.54922485351562,203.07882690429688,161.39413452148438,27083832
2021-03-30,205.3416748046875,207.0267791748047,202.5973663330078,206.5934600830078,164.18734741210938,28862387
2021-03-31,206.1120147705078,211.1673126220703,204.81207275390625,210.39698791503906,167.21017456054688,37890481
2021-04-01,211.8413543701172,212.41909790039062,209.24148559570312,211.88949584960938,168.3963165283203,30182056
2021-04-05,209.5303497314453,211.8413543701172,202.69366455078125,204.66763305664062,162.6568145751953,32586507
2021-04-06,205.87127685546875,206.9786376953125,202.3566436767578,204.76393127441406,162.7333526611328,26663018
2021-04-07,204.81207275390625,207.2193603515625,204.57135009765625,205.87127685546875,163.6134033203125,15790468
2021-04-08,206.88233947753906,208.0859832763672,204.95651245117188,205.3416748046875,163.1925048828125,14660557
2021-04-09,205.82313537597656,207.94154357910156,204.66763305664062,205.19723510742188,163.07769775390625,16994483
2021-04-12,202.2122039794922,203.17510986328125,197.3976287841797,197.68649291992188,157.10865783691406,35840817
2021-04-13,199.32345581054688,201.92332458496094,198.36053466796875,200.9604034423828,159.71054077148438,21027436
2021-04-15,201.24928283691406,202.6455078125,198.36053466796875,199.03457641601562,158.1800537109375,18205903
2021-04-16,200.286376953125,201.49002075195312,198.8419952392578,200.23822021484375,159.1365966796875,13824608
2021-04-19,197.3976287841797,198.4568328857422,196.19398498535156,197.97537231445312,157.33824157714844,16400507
2021-04-20,198.55311584472656,199.32345581054688,194.99034118652344,196.00140380859375,155.76943969726562,22187707
2021-04-22,194.50888061523438,198.6494140625,193.11265563964844,198.26425170898438,157.5677947998047,24030915
2021-04-23,196.67544555664062,199.32345581054688,196.67544555664062,197.73464965820312,157.14691162109375,20381213
2021-04-26,198.16795349121094,199.08273315429688,197.10874938964844,197.68649291992188,157.10865783691406,20652091
2021-04-27,197.68649291992188,199.2753143310547,197.44577026367188,197.7827911376953,157.1851806640625,11885588
2021-04-28,198.36053466796875,198.8419952392578,197.68649291992188,197.87908935546875,157.26171875,13197445
2021-04-29,199.4197540283203,199.85305786132812,196.48284912109375,196.7235870361328,156.34339904785156,13601150
2021-04-30,196.3384246826172,198.07167053222656,194.50888061523438,195.0866241455078,155.0424346923828,17130954
2021-05-03,193.73854064941406,194.36444091796875,192.5830535888672,193.49781799316406,153.7797393798828,21405441
2021-05-04,193.73854064941406,194.8459014892578,191.7164306640625,192.1978759765625,152.7466278076172,18962501
2021-05-05,193.97927856445312,194.50888061523438,192.10159301757812,193.93113708496094,154.12413024902344,14396547
2021-05-06,194.79776000976562,198.31239318847656,194.60516357421875,195.23106384277344,155.15721130371094,14872429
2021-05-07,195.42364501953125,198.79385375976562,195.42364501953125,197.73464965820312,157.14691162109375,20213092
2021-05-10,199.4678955078125,199.7567596435547,197.3976287841797,197.92723083496094,157.29995727539062,16922951
2021-05-11,196.3384246826172,198.8419952392578,196.19398498535156,196.43470764160156,156.11380004882812,14277000
2021-05-12,196.3384246826172,197.6383514404297,195.32736206054688,195.7125244140625,155.5398712158203,17174525
2021-05-14,197.3976287841797,205.2935333251953,196.43470764160156,204.37875366210938,162.42721557617188,64021335
2021-05-17,208.76002502441406,208.95260620117188,203.80101013183594,204.7157745361328,162.69508361816406,39465392
2021-05-18,206.16015625,206.64161682128906,201.87518310546875,202.26034545898438,160.74363708496094,31653409
2021-05-19,202.26034545898438,203.56028747558594,199.85305786132812,200.04563903808594,158.98353576660156,25345241
2021-05-20,200.7196807861328,201.5381622314453,199.13087463378906,199.32345581054688,158.40956115722656,21688686
2021-05-21,199.9011993408203,202.06776428222656,199.7086181640625,201.2974395751953,159.9783935546875,23509878
2021-05-24,201.73074340820312,204.18617248535156,200.04563903808594,203.6565704345703,161.853271484375,29977506
2021-05-25,205.1009521484375,205.48611450195312,202.4529266357422,203.07882690429688,161.39413452148438,26310600
2021-05-26,203.94544982910156,204.57135009765625,202.50108337402344,202.78994750976562,161.16453552246094,18253046
2021-05-27,203.17510986328125,206.2082977294922,202.50108337402344,203.31954956054688,161.58543395996094,49385674
2021-05-28,204.61949157714844,205.5823974609375,203.70472717285156,205.00465393066406,162.92465209960938,26583388
2021-05-31,207.0267791748047,209.81922912597656,206.4490203857422,208.56744384765625,165.75613403320312,75852502
2021-06-01,209.91552734375,211.26361083984375,206.30459594726562,207.2675018310547,164.7230224609375,40247686
2021-06-02,202.69366455078125,204.57135009765625,200.86412048339844,201.24928283691406,159.94015502929688,100377464
2021-06-03,202.93438720703125,202.93438720703125,200.9604034423828,201.2974395751953,159.9783935546875,48454441
2021-06-04,201.73074340820312,201.92332458496094,200.286376953125,201.00856018066406,159.7488250732422,31286264
2021-06-07,202.5973663330078,204.523193359375,202.40478515625,203.60842895507812,161.81503295898438,32643869
2021-06-08,204.3306121826172,206.30459594726562,203.36770629882812,205.72683715820312,163.4986114501953,22080199
2021-06-09,206.06385803222656,206.78604125976562,203.6565704345703,204.61949157714844,162.61856079101562,25846432
2021-06-10,200.9604034423828,203.56028747558594,199.80491638183594,201.5381622314453,164.80076599121094,31902690
2021-06-11,202.50108337402344,202.6455078125,200.04563903808594,200.19007873535156,163.69842529296875,22249404
2021-06-14,200.23822021484375,200.7196807861328,197.5902099609375,199.61233520507812,163.22598266601562,18358717
2021-06-15,199.85305786132812,200.67153930664062,199.32345581054688,199.37159729003906,163.02914428710938,15426377
2021-06-16,199.37159729003906,201.5863037109375,199.37159729003906,200.14193725585938,163.6590576171875,20878518
2021-06-17,199.2753143310547,200.286376953125,197.3976287841797,198.0235137939453,161.92678833007812,22304032
2021-06-18,198.36053466796875,198.79385375976562,194.99034118652344,196.9643096923828,161.0606689453125,24475206
2021-06-21,195.56808471679688,198.36053466796875,194.89404296875,196.86802673339844,160.98194885253906,19809308
2021-06-22,198.4568328857422,198.6012725830078,196.771728515625,197.49391174316406,161.49371337890625,18737552
2021-06-23,198.0235137939453,198.2161102294922,196.04954528808594,196.38656616210938,160.58822631835938,13059519
2021-06-24,196.86802673339844,197.06060791015625,195.03848266601562,195.7125244140625,160.0370635986328,23299321
2021-06-25,196.43470764160156,197.97537231445312,196.19398498535156,197.44577026367188,161.45436096191406,14411660
2021-06-28,198.26425170898438,198.26425170898438,195.80880737304688,196.04954528808594,160.31265258789062,15190488
2021-06-29,196.04954528808594,197.68649291992188,195.61622619628906,195.7606658935547,160.076416015625,13839294
2021-06-30,196.7235870361328,196.8198699951172,195.03848266601562,195.18292236328125,159.60400390625,16556397
2021-07-01,195.37550354003906,196.24212646484375,194.6533203125,195.47178649902344,159.84019470214844,10583793
2021-07-02,195.7606658935547,196.1458282470703,194.74960327148438,194.89404296875,159.36778259277344,13187847
2021-07-05,195.47178649902344,196.531005859375,195.18292236328125,196.09768676757812,160.3520050048828,10642939
2021-07-06,195.7125244140625,196.24212646484375,194.74960327148438,194.99034118652344,159.446533203125,11515716
2021-07-07,194.99034118652344,197.5902099609375,194.79776000976562,196.19398498535156,160.43075561523438,18568033
2021-07-08,195.9532470703125,196.91616821289062,194.31629943847656,194.50888061523438,159.05282592773438,21730892
2021-07-09,194.50888061523438,194.8459014892578,193.44967651367188,193.8829803466797,158.54100036621094,12289809
2021-07-12,194.50888061523438,195.03848266601562,193.49781799316406,193.6422576904297,158.3441619873047,13589278
2021-07-13,194.50888061523438,194.7014617919922,193.8829803466797,194.36444091796875,158.93472290039062,11247522
2021-07-14,194.36444091796875,197.5420684814453,194.22000122070312,196.531005859375,160.7063446044922,21269167
2021-07-15,196.8198699951172,200.767822265625,195.37550354003906,198.6012725830078,162.3992156982422,29963443
2021-07-16,199.99749755859375,201.87518310546875,199.5160369873047,200.19007873535156,163.69842529296875,30137464
2021-07-19,199.13087463378906,201.73074340820312,198.6975555419922,200.04563903808594,163.58029174804688,17099088
2021-07-20,200.4789581298828,201.5381622314453,198.74571228027344,199.13087463378906,162.83229064941406,24567907
2021-07-22,199.32345581054688,200.527099609375,198.2161102294922,199.32345581054688,162.98977661132812,19016769
2021-07-23,199.32345581054688,205.67869567871094,198.8419952392578,204.523193359375,167.2416534423828,46241640
2021-07-26,206.06385803222656,207.36380004882812,202.98252868652344,203.31954956054688,166.25743103027344,49084040
2021-07-27,204.13803100585938,205.1009521484375,200.23822021484375,200.91226196289062,164.2889404296875,25378089
2021-07-28,200.5752410888672,202.2122039794922,199.7567596435547,201.3455810546875,164.643310546875,15304399
2021-07-29,201.3455810546875,202.40478515625,198.0235137939453,198.40869140625,162.2417449951172,16204679
2021-07-30,198.4568328857422,199.4197540283203,197.01246643066406,197.34947204589844,161.37562561035156,15515733
2021-08-02,198.79385375976562,199.80491638183594,197.8309326171875,199.61233520507812,163.22598266601562,10046707
2021-08-03,199.80491638183594,203.07882690429688,198.79385375976562,202.11590576171875,165.273193359375,19179805
2021-08-04,203.07882690429688,203.2714080810547,200.38265991210938,200.86412048339844,164.2495880126953,11421835
2021-08-05,200.86412048339844,208.71188354492188,199.22715759277344,207.2675018310547,169.48574829101562,48995450
2021-08-06,207.4119415283203,207.98968505859375,204.7157745361328,206.30459594726562,168.6983642578125,24489836
2021-08-09,207.0267791748047,209.0970458984375,204.81207275390625,205.87127685546875,168.34402465820312,21142199
2021-08-10,206.06385803222656,206.49717712402344,200.81597900390625,202.06776428222656,165.2338409423828,18855165
2021-08-11,202.06776428222656,202.78994750976562,199.7567596435547,200.91226196289062,164.2889404296875,16012451
2021-08-12,202.4529266357422,206.25643920898438,200.62339782714844,201.1529998779297,164.48582458496094,28758718
2021-08-13,202.06776428222656,204.42691040039062,201.44186401367188,203.60842895507812,166.49365234375,19576945
2021-08-16,203.56028747558594,205.3416748046875,202.69366455078125,203.07882690429688,166.0605926513672,11621038
2021-08-17,202.98252868652344,203.6565704345703,201.05670166015625,201.44186401367188,164.72203063964844,8161139
2021-08-18,201.82704162597656,203.6565704345703,200.62339782714844,201.20114135742188,164.52517700195312,11149120
2021-08-20,199.32345581054688,202.88624572753906,199.03457641601562,201.1529998779297,164.48582458496094,20168965
2021-08-23,201.73074340820312,202.40478515625,198.36053466796875,198.6494140625,162.4385986328125,10319044
2021-08-24,199.32345581054688,199.32345581054688,197.10874938964844,198.11981201171875,162.0055389404297,12971124
2021-08-25,198.74571228027344,200.19007873535156,198.36053466796875,198.74571228027344,162.517333984375,10994627
2021-08-26,198.74571228027344,199.17901611328125,196.771728515625,197.01246643066406,161.1000213623047,15407558
2021-08-27,197.3976287841797,199.17901611328125,197.30133056640625,198.26425170898438,162.12362670898438,10879860
2021-08-30,198.36053466796875,200.4789581298828,198.36053466796875,200.286376953125,163.7771453857422,12550267
2021-08-31,200.3345184326172,203.75286865234375,199.56417846679688,203.4639892578125,166.3755645751953,26802390
2021-09-01,203.17510986328125,204.42691040039062,201.5381622314453,201.73074340820312,164.958251953125,16867486
2021-09-02,201.24928283691406,203.6565704345703,201.24928283691406,201.97146606445312,165.15509033203125,14872714
2021-09-03,201.97146606445312,203.4158477783203,201.97146606445312,202.78994750976562,165.82437133789062,10622796
2021-09-06,203.17510986328125,203.36770629882812,201.2974395751953,201.5381622314453,164.80076599121094,11041632
2021-09-07,203.07882690429688,206.40087890625,202.3566436767578,203.89730834960938,166.72987365722656,38933378
2021-09-08,204.37875366210938,205.1009521484375,201.92332458496094,203.4158477783203,166.336181640625,17897021
2021-09-09,203.2232666015625,205.9675750732422,202.74180603027344,204.76393127441406,167.43853759765625,19784972
2021-09-13,205.43797302246094,207.1712188720703,203.94544982910156,206.2082977294922,168.61961364746094,16661794
2021-09-14,206.93048095703125,209.19334411621094,206.25643920898438,208.0859832763672,170.155029296875,20377545
2021-09-15,209.0489044189453,209.1451873779297,207.31565856933594,207.98968505859375,170.07627868652344,21028598
2021-09-16,208.9044647216797,224.9851531982422,208.278564453125,222.19268798828125,181.6903076171875,154986538
2021-09-17,224.3592529296875,228.49978637695312,220.6038818359375,222.57786560058594,182.0052490234375,82563658
2021-09-20,222.4334259033203,230.47377014160156,221.7112274169922,225.08143615722656,184.0524444580078,73101936
2021-09-21,226.2369384765625,233.45880126953125,223.1074676513672,232.54403686523438,190.1547393798828,58854434
2021-09-22,234.46986389160156,236.6845703125,231.77369689941406,234.46986389160156,191.72952270507812,54648494
2021-09-23,235.9142303466797,236.4919891357422,232.7366180419922,233.50694274902344,190.9420928955078,22630330
2021-09-24,234.95132446289062,234.95132446289062,228.88494873046875,229.60714721679688,187.75320434570312,25779310
2021-09-27,230.90707397460938,232.8810577392578,226.76654052734375,229.84786987304688,187.95005798339844,23772123
2021-09-28,230.95521545410156,232.64031982421875,227.536865234375,228.93310546875,187.20201110839844,16319138
2021-09-29,227.2480010986328,232.44773864746094,226.95912170410156,229.27012634277344,187.4776153564453,16045073
2021-09-30,231.0033721923828,231.4848175048828,226.52581787109375,227.39244079589844,185.9422149658203,16987893
2021-10-01,226.4776611328125,228.21090698242188,224.26295471191406,226.62210083007812,185.3123016357422,16570661
2021-10-04,227.2480010986328,229.51084899902344,226.6702423095703,227.82574462890625,186.2965087890625,11098123
2021-10-05,227.63316345214844,228.64422607421875,225.80361938476562,225.99620056152344,184.8004608154297,9578825
2021-10-06,226.09249877929688,227.63316345214844,222.04824829101562,222.6741485595703,182.083984375,18179336
2021-10-07,224.3592529296875,226.2369384765625,223.68521118164062,224.3111114501953,183.42254638671875,10770973
2021-10-08,226.0443572998047,226.09249877929688,222.62600708007812,223.1074676513672,182.43829345703125,10114327
2021-10-11,223.39633178710938,230.61819458007812,223.1074676513672,229.2219696044922,187.43821716308594,22000303
2021-10-12,229.75157165527344,233.9884033203125,229.173828125,232.3514404296875,189.9972686767578,30347455
2021-10-13,233.5550994873047,241.59542846679688,231.2440948486328,239.95848083496094,196.2176513671875,52091422
2021-10-14,243.85829162597656,252.1393585205078,241.06582641601562,247.03590393066406,202.0049591064453,88696178
2021-10-18,251.3208770751953,255.46141052246094,247.80624389648438,252.8134002685547,206.7292938232422,62614961
2021-10-19,251.70603942871094,252.8134002685547,235.96238708496094,236.82901000976562,193.65863037109375,61336411
2021-10-20,236.82901000976562,239.28443908691406,233.3625030517578,237.45489501953125,194.17044067382812,49663940
2021-10-21,238.802978515625,239.13999938964844,234.08470153808594,235.6253662109375,192.67437744140625,23385990
2021-10-22,235.6253662109375,236.6845703125,225.03329467773438,227.82574462890625,186.2965087890625,36905793
2021-10-25,225.41845703125,227.87388610839844,221.95196533203125,224.74441528320312,183.77687072753906,23194065
2021-10-26,225.41845703125,230.13674926757812,223.97409057617188,227.9220428466797,186.37525939941406,19663381
2021-10-27,231.34039306640625,232.3514404296875,227.44058227539062,229.60714721679688,187.75320434570312,26909428
2021-10-28,226.38137817382812,227.19985961914062,215.8374481201172,216.75222778320312,177.24156188964844,48064941
2021-10-29,216.6559295654297,219.785400390625,214.05606079101562,214.9226837158203,175.7454833984375,27668175
2021-11-01,215.8374481201172,219.11135864257812,214.24864196777344,218.43731689453125,178.61947631835938,24090945
2021-11-02,219.544677734375,220.74832153320312,216.17446899414062,217.23367309570312,177.6352081298828,14896284
2021-11-03,217.6188507080078,218.43731689453125,213.47830200195312,214.20050048828125,175.15493774414062,18530527
2021-11-04,216.51148986816406,218.87063598632812,215.69300842285156,218.14845275878906,178.3832244873047,7295341
2021-11-08,221.18162536621094,222.14454650878906,217.32997131347656,221.27792358398438,180.94227600097656,21051238
2021-11-09,221.32606506347656,222.33712768554688,219.40023803710938,220.26686096191406,180.115478515625,11964518
2021-11-10,219.01507568359375,224.21481323242188,218.7743377685547,222.2889862060547,181.76902770996094,13948380
2021-11-11,221.8556671142578,222.91488647460938,220.07427978515625,221.4705047607422,181.09974670410156,8448263
2021-11-12,222.62600708007812,225.27401733398438,220.6520233154297,224.26295471191406,183.38319396972656,12312123
2021-11-15,225.27401733398438,230.13674926757812,224.45553588867188,229.27012634277344,187.4776153564453,40247848
2021-11-16,230.1848907470703,230.76263427734375,226.2850799560547,226.71839904785156,185.39102172851562,15241184
2021-11-17,227.2480010986328,236.15496826171875,226.91098022460938,230.61819458007812,188.5799560546875,48496295
2021-11-18,231.0996551513672,233.9884033203125,227.536865234375,228.69236755371094,187.0051727294922,21005037
2021-11-22,229.07752990722656,231.82183837890625,221.03720092773438,222.33712768554688,181.80841064453125,23443628
2021-11-23,220.6520233154297,224.07037353515625,220.6520233154297,223.01116943359375,182.35958862304688,13950744
2021-11-24,223.82965087890625,224.07037353515625,218.5336151123047,219.25579833984375,179.2887725830078,14684422
2021-11-25,218.58175659179688,223.5889129638672,217.37811279296875,222.7222900390625,182.1233367919922,24825493
2021-11-26,220.4113006591797,221.51864624023438,214.82638549804688,215.69300842285156,176.37539672851562,28067913
2021-11-29,213.76718139648438,215.35598754882812,212.033935546875,213.2857208251953,174.4069366455078,22985358
2021-11-30,213.76718139648438,216.8485107421875,211.8413543701172,212.94869995117188,174.13133239746094,24408641
2021-12-01,213.76718139648438,215.0189666748047,212.41909790039062,213.6708984375,174.7218475341797,13496307
2021-12-02,213.6708984375,217.76327514648438,213.0931396484375,217.08924865722656,177.5171356201172,16517389
2021-12-03,216.6559295654297,217.81143188476562,213.14129638671875,213.43016052246094,174.52503967285156,14325920
2021-12-06,213.43016052246094,213.9597625732422,209.43406677246094,209.81922912597656,171.57232666015625,13644352
2021-12-07,210.7821502685547,213.7190399169922,210.01181030273438,212.46725463867188,173.73765563964844,9246755
2021-12-08,212.8042755126953,217.28182983398438,212.8042755126953,216.6077880859375,177.12342834472656,10241656
2021-12-09,214.7301025390625,227.68130493164062,214.7301025390625,226.6702423095703,185.35165405273438,39714672
2021-12-10,227.44058227539062,230.08859252929688,225.08143615722656,227.3442840576172,185.90281677246094,36517117
2021-12-13,229.173828125,229.89601135253906,225.4665985107422,225.89991760253906,184.7217559814453,22903720
2021-12-14,226.2850799560547,228.3072052001953,219.11135864257812,220.12242126464844,179.9973907470703,38953007
2021-12-15,221.4705047607422,223.5889129638672,215.11526489257812,215.7411651611328,176.41477966308594,35987634
2021-12-16,217.6188507080078,217.76327514648438,212.61167907714844,214.63380432128906,175.50926208496094,25131188
2021-12-17,214.5375213623047,214.58566284179688,208.71188354492188,209.86737060546875,171.61167907714844,30827201
2021-12-20,208.2304229736328,208.2304229736328,202.01962280273438,204.523193359375,167.2416534423828,38778895
2021-12-21,206.06385803222656,207.4600830078125,203.2232666015625,204.61949157714844,167.32040405273438,20142586
2021-12-22,206.06385803222656,206.25643920898438,203.2714080810547,204.13803100585938,166.92674255371094,17903428
2021-12-23,205.9675750732422,210.3488311767578,205.2935333251953,209.24148559570312,171.0998992919922,23065082
2021-12-24,209.91552734375,212.274658203125,208.42300415039062,209.91552734375,171.65106201171875,17220191
2021-12-27,210.30068969726562,210.3488311767578,207.65267944335938,209.48220825195312,171.29672241210938,8467106
2021-12-28,209.91552734375,212.41909790039062,209.91552734375,211.88949584960938,173.2652130126953,12014352
2021-12-29,211.8413543701172,212.13023376464844,208.278564453125,208.71188354492188,170.66683959960938,11923119
2021-12-30,208.56744384765625,209.81922912597656,207.50823974609375,207.98968505859375,170.07627868652344,10116360
2021-12-31,208.8563232421875,210.68585205078125,208.13412475585938,209.9636688232422,171.69041442871094,7875890
2022-01-03,209.9636688232422,211.69691467285156,209.00074768066406,210.9747314453125,172.51719665527344,8064567
2022-01-04,211.35989379882812,213.47830200195312,210.9265899658203,212.0820770263672,173.42269897460938,9398805
2022-01-05,211.50433349609375,213.2857208251953,210.54141235351562,212.37095642089844,173.6588897705078,11663111
2022-01-06,210.87843322753906,212.2265167236328,210.1081085205078,210.58956909179688,172.20223999023438,9295303
2022-01-07,211.64877319335938,212.46725463867188,209.43406677246094,210.30068969726562,171.96603393554688,9196075
2022-01-10,211.74505615234375,216.36705017089844,210.7821502685547,215.0189666748047,175.8242645263672,16451394
2022-01-11,215.06712341308594,215.93374633789062,212.99685668945312,213.7190399169922,174.76126098632812,8329596
2022-01-12,214.24864196777344,215.35598754882812,213.38201904296875,214.48936462402344,175.39117431640625,13665682
2022-01-13,215.5967254638672,217.42626953125,214.48936462402344,215.64486694335938,176.33602905273438,11944029
2022-01-14,215.64486694335938,216.46334838867188,214.05606079101562,214.34494018554688,175.27305603027344,10976796
2022-01-17,214.34494018554688,217.23367309570312,213.14129638671875,216.27076721191406,176.84783935546875,12792728
2022-01-18,216.27076721191406,218.87063598632812,212.13023376464844,212.56353759765625,173.81639099121094,14948456
2022-01-19,212.56353759765625,214.15234375,210.58956909179688,212.17837524414062,173.50146484375,11915686
2022-01-20,212.37095642089844,213.91162109375,209.91552734375,210.63771057128906,172.24159240722656,17997322
2022-01-21,210.39698791503906,212.32281494140625,207.98968505859375,209.00074768066406,170.9030303955078,17225050
2022-01-24,209.00074768066406,209.67478942871094,203.07882690429688,203.94544982910156,166.76925659179688,18023332
2022-01-25,204.13803100585938,206.73789978027344,201.7788848876953,206.3527374267578,168.73773193359375,19028606
2022-01-27,203.4158477783203,207.50823974609375,203.2714080810547,206.64161682128906,168.97393798828125,24041247
2022-01-28,207.12306213378906,211.11917114257812,207.12306213378906,209.5303497314453,171.33609008789062,15865353
2022-01-31,210.39698791503906,212.56353759765625,209.0489044189453,212.033935546875,173.38331604003906,15618203
2022-02-01,212.8042755126953,220.31500244140625,211.0228729248047,219.30393981933594,179.32810974121094,44871108
2022-02-02,221.4705047607422,224.64813232421875,220.50758361816406,223.540771484375,182.79263305664062,42714702
2022-02-03,223.540771484375,226.4776611328125,223.20375061035156,225.75547790527344,184.6036376953125,28918394
2022-02-04,228.45164489746094,229.65528869628906,222.96302795410156,225.6110382080078,184.48553466796875,58889867
2022-02-07,225.32217407226562,226.0443572998047,220.02613830566406,221.6630859375,181.25723266601562,25101983
2022-02-08,221.75938415527344,223.68521118164062,220.5557403564453,222.6741485595703,182.083984375,16825239
2022-02-09,223.68521118164062,224.3592529296875,220.26686096191406,221.6149444580078,181.21786499023438,12351873
2022-02-10,220.21871948242188,224.74441528320312,219.30393981933594,223.63706970214844,182.87136840820312,20317032
2022-02-11,223.39633178710938,224.64813232421875,221.27792358398438,223.82965087890625,183.0288543701172,18793513
2022-02-14,217.6188507080078,217.6188507080078,210.39698791503906,211.31175231933594,176.94302368164062,23621214
2022-02-15,212.8042755126953,215.21156311035156,210.44512939453125,214.7301025390625,179.80540466308594,13371177
2022-02-16,215.50042724609375,216.36705017089844,213.62274169921875,214.48936462402344,179.6038360595703,11664158
2022-02-17,214.7782440185547,216.030029296875,212.6598358154297,214.39308166503906,179.523193359375,14564261
2022-02-18,214.39308166503906,215.1634063720703,213.2857208251953,213.6708984375,178.91845703125,9004891
2022-02-21,212.13023376464844,213.0931396484375,209.0970458984375,209.91552734375,175.77389526367188,16750193
2022-02-22,207.0267791748047,208.8563232421875,205.1009521484375,206.88233947753906,173.2340545654297,26741024
2022-02-23,208.76002502441406,209.43406677246094,207.07492065429688,207.94154357910156,174.1209716796875,11438476
2022-02-24,202.2122039794922,205.3898162841797,199.32345581054688,200.767822265625,168.11402893066406,42933709
2022-02-25,203.6565704345703,208.4711456298828,202.74180603027344,206.01571655273438,172.5083770751953,24543858
2022-02-28,205.2935333251953,208.42300415039062,202.98252868652344,207.8452606201172,174.0403594970703,20806226
2022-03-02,206.4490203857422,208.56744384765625,204.57135009765625,207.31565856933594,173.59689331054688,20039140
2022-03-03,208.037841796875,212.033935546875,207.98968505859375,211.26361083984375,176.90274047851562,29631546
2022-03-04,209.62664794921875,218.9669189453125,208.95260620117188,217.13739013671875,181.8211669921875,69409780
2022-03-07,213.76718139648438,218.58175659179688,211.93765258789062,216.6077880859375,181.37771606445312,47001716
2022-03-08,215.5967254638672,219.9779815673828,215.45228576660156,218.4854736328125,182.94996643066406,37424203
2022-03-09,219.25579833984375,222.81858825683594,217.7151336669922,220.74832153320312,184.84478759765625,43923809
2022-03-10,222.4334259033203,223.87779235839844,219.40023803710938,223.39633178710938,187.06211853027344,37523806
2022-03-11,223.300048828125,228.3072052001953,221.6149444580078,227.58502197265625,190.56954956054688,43305144
2022-03-14,227.4887237548828,230.57005310058594,226.57395935058594,230.13674926757812,192.7062530517578,36465969
2022-03-15,230.13674926757812,232.44773864746094,227.15170288085938,229.02938842773438,191.77899169921875,34269168
2022-03-16,231.0996551513672,233.9884033203125,230.2330322265625,233.60324096679688,195.60894775390625,22462538
2022-03-17,236.15496826171875,236.29940795898438,233.69952392578125,235.8179473876953,197.46343994140625,35541798
2022-03-21,236.78085327148438,238.562255859375,234.7587432861328,235.43276977539062,197.14088439941406,29052540
2022-03-22,235.48092651367188,241.4510040283203,234.51800537109375,240.4880828857422,201.37400817871094,38368305
2022-03-23,242.12503051757812,244.29159545898438,239.28443908691406,242.65464782714844,203.18817138671875,42051087
2022-03-24,242.6064910888672,246.98776245117188,242.12503051757812,245.39895629882812,205.4861297607422,39712133
2022-03-25,245.83226013183594,246.2655792236328,240.00662231445312,243.95457458496094,204.27667236328125,30412482
2022-03-28,244.58047485351562,248.43212890625,243.1842498779297,247.51736450195312,207.26002502441406,25876007
2022-03-29,247.51736450195312,247.95066833496094,244.33973693847656,245.15821838378906,205.28457641601562,18820674
2022-03-30,245.63967895507812,246.89146423339844,239.4288787841797,239.95848083496094,200.93052673339844,18281803
2022-03-31,240.34364318847656,244.91749572753906,240.2473602294922,241.35470581054688,202.09967041015625,26644916
2022-04-01,240.7288055419922,245.88040161132812,239.5733184814453,243.90643310546875,204.2363739013672,14856664
2022-04-04,243.71385192871094,248.33584594726562,241.78802490234375,245.97669982910156,205.96990966796875,16520039
2022-04-05,246.554443359375,252.1393585205078,245.63967895507812,249.82835388183594,209.19509887695312,28230046
2022-04-06,247.95066833496094,253.58372497558594,247.75808715820312,249.97279357910156,209.31607055664062,20352716
2022-04-07,248.43212890625,252.47637939453125,246.313720703125,247.1322021484375,206.93748474121094,16679649
2022-04-08,248.43212890625,258.8797607421875,246.5063018798828,257.86871337890625,215.92776489257812,39283623
2022-04-11,258.7834777832031,263.0202941894531,256.1354675292969,257.579833984375,215.68585205078125,47924937
2022-04-12,257.0020751953125,258.68719482421875,253.34300231933594,254.97994995117188,213.50881958007812,24460888
2022-04-13,255.46141052246094,260.5648498535156,253.8726043701172,259.5538024902344,217.33876037597656,22239115
2022-04-18,258.061279296875,262.3944091796875,257.339111328125,260.0834045410156,217.78225708007812,25339139
2022-04-19,261.9129333496094,262.3944091796875,249.2024688720703,251.85047912597656,210.88836669921875,24280577
2022-04-20,253.15042114257812,255.60585021972656,247.9988250732422,249.92465209960938,209.27577209472656,25454589
2022-04-21,250.069091796875,254.64292907714844,249.97279357910156,250.74313354492188,209.96112060546875,24313956
2022-04-22,250.3579559326172,253.2467041015625,248.96173095703125,251.41717529296875,210.52552795410156,16274820
2022-04-25,249.2024688720703,249.39505004882812,243.13609313964844,245.78411865234375,205.8086700439453,25140992
2022-04-26,247.08404541015625,251.03199768066406,246.7470245361328,249.34690856933594,208.79197692871094,21327644
2022-04-27,246.69888305664062,248.91358947753906,246.2655792236328,247.95066833496094,207.62283325195312,17219401
2022-04-28,249.8765106201172,253.92074584960938,248.57656860351562,251.41717529296875,210.52552795410156,28999835
2022-04-29,253.2467041015625,253.2467041015625,248.91358947753906,249.92465209960938,209.27577209472656,21206335
2022-05-02,248.43212890625,254.6910858154297,247.51736450195312,253.39114379882812,212.17843627929688,19696250
2022-05-04,254.20962524414062,256.18359375,249.0098876953125,250.1172332763672,209.43701171875,26951488
2022-05-05,252.28379821777344,255.36512756347656,250.74313354492188,252.33193969726562,211.29150390625,18623544
2022-05-06,249.39505004882812,257.4353942871094,249.2987518310547,256.7613525390625,215.00051879882812,35818441
2022-05-09,256.2799072265625,256.2799072265625,250.8875732421875,253.1985626220703,212.01719665527344,22228031
2022-05-10,252.28379821777344,256.9057922363281,249.4913330078125,250.1172332763672,209.43701171875,18727774
2022-05-11,249.39505004882812,252.47637939453125,242.41390991210938,246.16928100585938,206.1311798095703,18012072
2022-05-12,245.5433807373047,246.89146423339844,239.91033935546875,243.52127075195312,203.9138641357422,20816708
2022-05-13,245.4952392578125,251.1764373779297,245.0619354248047,249.0098876953125,208.50978088378906,12380764
2022-05-16,250.309814453125,250.309814453125,243.6175537109375,244.6767578125,204.8814239501953,8502159
2022-05-17,245.5433807373047,255.65399169921875,245.35079956054688,254.8836669921875,213.42822265625,18483427
2022-05-18,256.1354675292969,257.86871337890625,253.39114379882812,256.9057922363281,215.12144470214844,20978307
2022-05-19,252.86154174804688,268.8940734863281,252.86154174804688,265.4275817871094,222.25721740722656,81302807
2022-05-20,266.7275085449219,271.8791198730469,266.7275085449219,269.61627197265625,225.76463317871094,33617466
2022-05-23,269.61627197265625,270.0495910644531,262.92401123046875,264.3202209472656,221.32997131347656,22535903
2022-05-24,264.80169677734375,264.80169677734375,259.98712158203125,260.80560302734375,218.3870086669922,16146766
2022-05-25,262.8277282714844,263.74249267578125,260.46856689453125,262.58697509765625,219.87863159179688,15877459
2022-05-26,258.302001953125,258.302001953125,254.065185546875,256.80950927734375,220.28395080566406,19129574
2022-05-27,259.0242004394531,260.6611633300781,255.22068786621094,259.216796875,222.34884643554688,13986762
2022-05-30,260.46856689453125,260.9500427246094,257.6761169433594,259.0723571777344,222.22496032714844,12274291
2022-05-31,259.0723571777344,264.3202209472656,256.5206298828125,260.6130065917969,223.54647827148438,24102167
2022-06-01,260.6130065917969,263.93505859375,260.1796875,261.7685241699219,224.5376434326172,15265925
2022-06-02,260.6611633300781,264.2720947265625,257.9168395996094,263.3573303222656,225.9005126953125,14789457
2022-06-03,264.80169677734375,265.4757385253906,261.52777099609375,262.58697509765625,225.2397003173828,12968807
2022-06-06,262.2981262207031,265.572021484375,259.6982421875,264.6091003417969,226.97421264648438,11345943
2022-06-07,263.0684509277344,264.80169677734375,262.1536865234375,263.74249267578125,226.23086547851562,11245578
2022-06-08,263.7906188964844,264.22393798828125,256.3280334472656,257.9649963378906,221.27508544921875,14915091
2022-06-09,257.86871337890625,261.62408447265625,255.8947296142578,260.80560302734375,223.71170043945312,10239939
2022-06-10,259.0723571777344,260.9500427246094,258.7834777832031,260.1315612792969,223.1334991455078,8693455
2022-06-13,256.5206298828125,259.1204833984375,253.2467041015625,254.8355255126953,218.59072875976562,11519902
2022-06-14,253.4392852783203,257.53167724609375,253.29486083984375,255.60585021972656,219.25149536132812,7708043
2022-06-15,256.1354675292969,257.3872375488281,253.29486083984375,253.6318817138672,217.55825805664062,5254329
2022-06-16,257.0983581542969,257.9649963378906,249.8765106201172,251.03199768066406,215.32815551757812,14843837
2022-06-17,249.39505004882812,254.35406494140625,248.96173095703125,253.53558349609375,217.4756622314453,17296080
2022-06-20,253.53558349609375,256.2799072265625,251.65789794921875,254.30592346191406,218.1364288330078,17738981
2022-06-21,255.17254638671875,260.80560302734375,254.30592346191406,259.8908386230469,222.92701721191406,14417711
2022-06-22,257.0983581542969,260.2760009765625,255.0762481689453,255.46141052246094,219.12759399414062,11756920
2022-06-23,255.65399169921875,257.339111328125,252.66896057128906,255.65399169921875,219.29275512695312,9416459
2022-06-24,256.23175048828125,258.3983154296875,255.36512756347656,255.9910125732422,219.58187866210938,7283228
2022-06-27,257.0983581542969,260.6130065917969,256.6169128417969,259.93896484375,222.96829223632812,8487729
2022-06-28,258.92791748046875,262.1536865234375,258.59088134765625,261.7685241699219,224.5376434326172,11673046
2022-06-29,259.2649230957031,264.80169677734375,259.16864013671875,263.8869323730469,226.35476684570312,16635367
2022-06-30,263.7906188964844,264.5128173828125,261.9129333496094,263.3573303222656,225.9005126953125,20003893
2022-07-01,263.3573303222656,274.43084716796875,261.1426086425781,273.8049621582031,234.86215209960938,36520000
2022-07-04,275.0567321777344,282.42303466796875,274.2382507324219,281.074951171875,241.09812927246094,41417701
2022-07-05,282.1341552734375,282.1341552734375,275.1530456542969,276.2603759765625,236.9683837890625,19283789
2022-07-06,275.49005126953125,279.24542236328125,274.7197265625,278.5713806152344,238.95066833496094,18997440
2022-07-07,280.2083435058594,282.2785949707031,277.8010559082031,281.12310791015625,241.13946533203125,14326277
2022-07-08,282.0378723144531,283.5303955078125,279.6305847167969,282.18231201171875,242.0480194091797,11538313
2022-07-11,282.1341552734375,285.93768310546875,281.2193908691406,284.05999755859375,243.65867614746094,12828405
2022-07-12,282.1341552734375,284.3970031738281,280.1120300292969,281.8453063964844,241.7589874267578,14616684
2022-07-13,282.1341552734375,283.8674011230469,281.8453063964844,283.1452331542969,242.87396240234375,9634877
2022-07-14,283.3859558105469,285.35992431640625,278.42694091796875,280.06390380859375,240.2309112548828,13930984
2022-07-15,281.1712646484375,283.0970764160156,278.76397705078125,282.66375732421875,242.4609832763672,11450042
2022-07-18,284.05999755859375,285.3117980957031,282.8563537597656,284.348876953125,243.90643310546875,11751684
2022-07-19,284.05999755859375,284.63775634765625,281.8453063964844,283.6748352050781,243.32826232910156,9542292
2022-07-20,283.9637145996094,288.39312744140625,282.7119140625,287.1413269042969,246.30172729492188,16397373
2022-07-21,287.9116516113281,290.99298095703125,286.94873046875,288.4412536621094,247.41676330566406,16660697
2022-07-22,288.87457275390625,291.2818603515625,287.0450439453125,289.4041748046875,248.24273681640625,10351425
2022-07-25,287.9116516113281,291.7151794433594,287.7190856933594,289.93377685546875,248.69705200195312,11050533
2022-07-26,289.8374938964844,292.4855041503906,289.3078918457031,291.23370361328125,249.81202697753906,10114261
2022-07-27,291.6188659667969,293.68914794921875,289.45233154296875,292.87066650390625,251.21615600585938,9706094
2022-07-28,293.5928649902344,293.8817443847656,291.1855773925781,292.1966247558594,250.6379852294922,11256515
2022-07-29,293.68914794921875,294.5557861328125,290.17449951171875,291.81146240234375,250.30763244628906,17584873
2022-08-01,292.7262268066406,297.3482360839844,291.859619140625,296.096435546875,253.983154296875,16501510
2022-08-02,298.50372314453125,304.9071044921875,296.7704772949219,298.45556640625,256.00677490234375,40483892
2022-08-03,299.370361328125,299.370361328125,292.38922119140625,296.7223205566406,254.52005004882812,18376724
2022-08-04,296.577880859375,298.84075927734375,295.7594299316406,298.02227783203125,255.6350555419922,16514348
2022-08-05,298.02227783203125,300.2369689941406,297.6371154785156,299.32220458984375,256.7501220703125,10477269
2022-08-08,299.4184875488281,302.3072509765625,298.5518798828125,301.5368957519531,258.64984130859375,8627072
2022-08-10,301.5368957519531,302.4516906738281,299.2259216308594,299.6592102050781,257.0391845703125,9267241
2022-08-11,301.3924560546875,301.8257751464844,293.97802734375,294.8927917480469,252.9507293701172,11305242
2022-08-12,294.8927917480469,297.92596435546875,293.20770263671875,297.10748291015625,254.8504180908203,6669853
2022-08-16,297.10748291015625,299.9480895996094,297.10748291015625,299.0333251953125,256.50238037109375,8941455
2022-08-17,300.14068603515625,301.6332092285156,299.4666442871094,300.95916748046875,258.1542663574219,8283028
2022-08-18,301.3924560546875,304.2812194824219,301.0072937011719,303.9441833496094,260.7147521972656,10264507
2022-08-19,304.4256591796875,304.4256591796875,299.6592102050781,300.4295654296875,257.699951171875,10823811
2022-08-22,299.6592102050781,305.244140625,299.4666442871094,302.74053955078125,259.6822509765625,11793184
2022-08-23,301.3443298339844,304.2812194824219,300.5258483886719,304.1849365234375,260.9212646484375,9698555
2022-08-24,304.0404968261719,307.603271484375,301.44061279296875,302.4516906738281,259.43450927734375,11783894
2022-08-25,303.7516174316406,304.6663818359375,300.0444030761719,300.7665710449219,257.98907470703125,8057930
2022-08-26,303.07757568359375,303.7034606933594,300.4295654296875,301.2961730957031,258.44329833984375,7224507
2022-08-29,298.50372314453125,303.2701416015625,297.3963623046875,301.9220886230469,258.98028564453125,11798961
2022-08-30,302.5960998535156,309.48095703125,302.5960998535156,308.6143493652344,264.720703125,18516092
2022-09-01,307.65142822265625,309.96240234375,304.2812194824219,305.8218688964844,262.32537841796875,13765474
2022-09-02,306.8810729980469,312.22528076171875,306.25518798828125,311.1660461425781,266.9094543457031,26750910
2022-09-05,312.94744873046875,317.3768615722656,311.7438049316406,316.6546630859375,271.6174011230469,18144801
2022-09-06,317.76202392578125,317.76202392578125,314.2955322265625,315.0177307128906,270.21331787109375,12431779
2022-09-07,313.9103698730469,316.12506103515625,313.18817138671875,314.00665283203125,269.3460693359375,8397233
2022-09-08,316.7991027832031,318.33978271484375,315.354736328125,317.6657409667969,272.48468017578125,11331350
2022-09-09,318.33978271484375,320.93963623046875,317.76202392578125,318.2434997558594,272.9803161621094,9770432
2022-09-12,319.6878662109375,320.0730285644531,317.76202392578125,318.628662109375,273.3106689453125,9048240
2022-09-13,319.39898681640625,322.57659912109375,318.33978271484375,321.9988708496094,276.2015075683594,10925371
2022-09-14,318.7249450683594,326.4282531738281,318.6767883300781,322.91363525390625,276.9861755371094,12739464
2022-09-15,323.9246826171875,324.55059814453125,320.5544738769531,321.7099914550781,275.9537658691406,8742900
2022-09-16,320.0248718261719,322.1914367675781,317.47314453125,319.0138244628906,273.6410217285156,12973988
2022-09-19,316.8954162597656,324.4061584472656,316.8954162597656,323.15435791015625,277.1926574707031,14918717
2022-09-20,326.1875305175781,327.0060119628906,322.57659912109375,323.5395202636719,277.5230407714844,9892945
2022-09-21,323.5395202636719,332.3983459472656,323.0580749511719,328.3059387207031,281.611572265625,21800547
2022-09-22,328.3540954589844,335.8166809082031,328.2578125,332.25390625,284.9980163574219,25111230
2022-09-23,334.613037109375,336.5870361328125,330.5688171386719,333.5538330078125,286.113037109375,23718397
2022-09-26,332.0613098144531,333.1205139160156,319.4471435546875,320.265625,274.71478271484375,16829922
2022-09-27,322.57659912109375,326.9578857421875,321.6136779785156,322.4321594238281,276.57318115234375,10375837
2022-09-28,319.63970947265625,320.93963623046875,312.2734069824219,312.8993225097656,268.39617919921875,16151900
2022-09-29,316.7991027832031,322.4803161621094,315.595458984375,320.69891357421875,275.0865173339844,18985406
2022-09-30,320.69891357421875,323.2987976074219,317.9064636230469,319.88043212890625,274.3844299316406,12906555
2022-10-03,320.5544738769531,320.6507873535156,311.2623596191406,312.36968994140625,267.94189453125,9462192
2022-10-04,316.51025390625,321.6136779785156,315.8362121582031,320.50634765625,274.9212951660156,9142294
2022-10-06,322.57659912109375,326.7171325683594,320.21746826171875,324.1654052734375,278.0599670410156,23091432
2022-10-07,324.3098449707031,324.3580017089844,319.0138244628906,321.7099914550781,275.9537658691406,10910698
2022-10-10,317.76202392578125,319.15826416015625,313.9585266113281,315.6917724609375,270.79144287109375,9750594
2022-10-11,316.7991027832031,318.1953430175781,313.0437316894531,314.1992492675781,269.51123046875,11018577
2022-10-12,315.7880554199219,319.15826416015625,312.70672607421875,317.8583068847656,272.6498718261719,10735673
2022-10-13,317.7138977050781,319.0138244628906,315.8362121582031,316.46209716796875,271.4522399902344,7546587
2022-10-14,319.97674560546875,321.51739501953125,318.58050537109375,319.7841491699219,274.30181884765625,6672357
2022-10-17,318.82122802734375,322.33587646484375,317.3768615722656,319.9285888671875,274.42572021484375,7195922
2022-10-18,321.5655517578125,328.3540954589844,321.1803894042969,327.6800537109375,281.07470703125,21691854
2022-10-19,330.376220703125,334.5649108886719,327.1986083984375,333.5057067871094,286.07177734375,16923690
2022-10-20,334.131591796875,337.93511962890625,332.01318359375,336.7314758300781,288.8387451171875,19186222
2022-10-21,340.1016540527344,340.1016540527344,331.72430419921875,332.78350830078125,285.45233154296875,28426343
2022-10-24,336.00927734375,336.7314758300781,334.131591796875,334.8056335449219,287.1867980957031,3292671
2022-10-25,336.49072265625,336.53887939453125,330.90582275390625,333.4575500488281,286.03045654296875,17906260
2022-10-27,333.7945556640625,335.4315185546875,331.0984191894531,332.9761047363281,285.61749267578125,19273344
2022-10-28,334.66119384765625,335.6722412109375,332.30206298828125,332.9761047363281,285.61749267578125,13572499
2022-10-31,335.0945129394531,337.5018005371094,331.96502685546875,335.7685546875,288.01275634765625,14358449
2022-11-01,336.29815673828125,337.5018005371094,334.3241882324219,336.53887939453125,288.67352294921875,20422565
2022-11-02,335.5759582519531,343.0385437011719,335.5759582519531,341.4978942871094,292.92724609375,17427813
2022-11-03,340.87200927734375,345.2051086425781,339.9090881347656,340.5831298828125,292.1426086425781,11149636
2022-11-04,340.87200927734375,342.7978210449219,339.4276123046875,340.48681640625,292.0599670410156,8709851
2022-11-07,341.83489990234375,343.1348571777344,337.02032470703125,340.3905334472656,291.9773864746094,10437370
2022-11-09,340.3905334472656,348.04571533203125,340.1016540527344,347.3235168457031,297.92431640625,21404869
2022-11-10,345.68658447265625,346.5531921386719,340.9682922363281,342.7978210449219,294.04229736328125,20071989
2022-11-11,346.64947509765625,347.56427001953125,341.4978942871094,343.1348571777344,294.33135986328125,11372654
2022-11-14,343.1348571777344,343.71258544921875,333.7464294433594,334.3241882324219,286.77386474609375,18319254
2022-11-15,336.00927734375,336.00927734375,326.57269287109375,332.4465026855469,285.1632385253906,16046491
2022-11-16,332.8797912597656,333.9871520996094,328.97998046875,331.3391418457031,284.2133483886719,7897812
2022-11-17,331.3391418457031,334.5649108886719,329.894775390625,330.9539794921875,283.88299560546875,10379179
2022-11-18,330.9539794921875,331.96502685546875,327.1986083984375,328.4022521972656,281.6941833496094,8140173
2022-11-21,326.5245666503906,327.39117431640625,321.9988708496094,324.69500732421875,278.5141906738281,9553090
2022-11-22,324.50244140625,328.3540954589844,323.2506408691406,327.63189697265625,281.0334167480469,6746019
2022-11-23,329.3170166015625,329.3170166015625,324.98388671875,327.1986083984375,280.6617736816406,8067471
2022-11-24,327.1986083984375,329.7984619140625,325.03204345703125,328.1133728027344,281.44635009765625,8454385
2022-11-25,328.3540954589844,329.2207336425781,325.27276611328125,327.6800537109375,281.07470703125,7200274
2022-11-28,327.39117431640625,329.0762939453125,326.1875305175781,327.4393310546875,280.86822509765625,10284123
2022-11-29,327.39117431640625,332.20574951171875,327.39117431640625,329.60589599609375,282.7265930175781,10582296
2022-11-30,328.5948181152344,331.38726806640625,326.4282531738281,327.39117431640625,280.8269348144531,23425220
2022-12-01,329.02813720703125,329.02813720703125,324.3098449707031,326.9578857421875,280.4552307128906,17270904
2022-12-02,326.7652893066406,328.1615295410156,324.26171875,324.6468811035156,278.472900390625,8711914
2022-12-05,325.1283264160156,326.2838439941406,321.75811767578125,324.26171875,278.1425476074219,10090597
2022-12-06,321.7099914550781,325.6579284667969,321.7099914550781,324.79132080078125,278.5968322753906,6571118
2022-12-07,325.9468078613281,328.8355407714844,324.1654052734375,327.48748779296875,280.9095458984375,10191144
2022-12-08,327.5837707519531,329.4614562988281,324.98388671875,325.85052490234375,279.5054016113281,6439244
2022-12-09,327.15045166015625,329.7984619140625,325.4653625488281,328.7392578125,281.9832458496094,8445424
2022-12-12,328.3540954589844,331.24285888671875,327.48748779296875,330.4725036621094,283.4700012207031,11646572
2022-12-13,331.72430419921875,333.1686706542969,329.7021789550781,332.78350830078125,285.45233154296875,11105261
2022-12-14,333.1686706542969,334.4685974121094,331.0021057128906,332.5909118652344,285.287109375,7664099
2022-12-15,331.96502685546875,333.26495361328125,325.4653625488281,326.2838439941406,279.8770446777344,8469001
2022-12-16,324.98388671875,326.33197021484375,319.0138244628906,322.67291259765625,276.7796936035156,12907968
2022-12-19,324.3098449707031,329.6540222167969,322.91363525390625,327.8726501464844,281.2398986816406,8113695
2022-12-20,327.4393310546875,328.3059387207031,324.26171875,327.5356140136719,280.9508056640625,5693354
2022-12-21,328.3540954589844,328.5948181152344,322.09515380859375,322.7210388183594,276.8210144042969,7316532
2022-12-22,323.2025146484375,324.8876037597656,317.6657409667969,320.1211853027344,274.5909118652344,6838031
2022-12-23,318.628662109375,319.5915832519531,313.28448486328125,314.58441162109375,269.84161376953125,10461859
2022-12-26,314.3918151855469,322.67291259765625,313.4289245605469,322.1914367675781,276.3667297363281,9934633
2022-12-27,323.15435791015625,323.9246826171875,317.9064636230469,320.79522705078125,275.16912841796875,6986433
2022-12-28,320.50634765625,322.57659912109375,319.2063903808594,321.9988708496094,276.2015075683594,8035558
2022-12-29,321.9507141113281,323.2987976074219,319.2545471191406,322.91363525390625,276.9861755371094,8417520
2022-12-30,322.9617614746094,324.26171875,318.2434997558594,319.2545471191406,273.8475341796875,7228324
2023-01-02,318.628662109375,321.6136779785156,317.4250183105469,320.50634765625,274.9212951660156,6181118
2023-01-03,319.2063903808594,320.98779296875,318.00274658203125,318.82122802734375,273.4757995605469,6228015
2023-01-04,319.5434265136719,320.1693115234375,313.9103698730469,314.873291015625,270.08941650390625,6947412
2023-01-05,316.46209716796875,321.51739501953125,316.0287780761719,321.0840759277344,275.4168395996094,8486143
2023-01-06,322.2877197265625,325.03204345703125,320.7470703125,322.624755859375,276.7383728027344,8603181
2023-01-09,324.45428466796875,328.6429748535156,323.6839599609375,325.51348876953125,279.2162780761719,11027747
2023-01-10,325.3690490722656,325.85052490234375,320.21746826171875,321.03594970703125,275.3755798339844,7217255
2023-01-11,322.67291259765625,322.67291259765625,319.0138244628906,319.4952697753906,274.05401611328125,4760847
2023-01-12,321.03594970703125,321.228515625,315.9324951171875,317.6175842285156,272.4433898925781,6894087
2023-01-13,317.6175842285156,319.9285888671875,314.2955322265625,316.5583801269531,271.5348815917969,14967746
2023-01-16,318.09906005859375,319.88043212890625,315.40289306640625,317.9546203613281,272.73248291015625,8571826
2023-01-17,317.9546203613281,321.1322326660156,316.8954162597656,319.9285888671875,274.42572021484375,14240647
2023-01-18,321.6136779785156,324.0691223144531,320.0730285644531,322.2395935058594,276.4080810546875,13039078
2023-01-19,321.6136779785156,323.2025146484375,319.350830078125,319.8323059082031,274.3431091308594,8667564
2023-01-20,319.6878662109375,322.7691955566406,317.03985595703125,322.1914367675781,276.3667297363281,13608325
2023-01-23,323.5395202636719,325.60980224609375,320.69891357421875,325.224609375,278.9684753417969,7399204
2023-01-24,325.27276611328125,328.1133728027344,325.0802001953125,326.380126953125,279.95965576171875,12776694
2023-01-25,326.33197021484375,328.3540954589844,322.81732177734375,326.66900634765625,280.2074890136719,12978859
2023-01-27,329.1244201660156,335.9129943847656,328.8355407714844,333.1686706542969,285.7826843261719,21850457
2023-01-30,334.0353088378906,338.7054443359375,329.1725769042969,332.01318359375,284.7915344238281,14634225
2023-01-31,333.1686706542969,341.83489990234375,328.4022521972656,339.2831726074219,291.02752685546875,17794183
2023-02-01,339.9090881347656,352.1380920410156,316.8954162597656,347.99755859375,298.5025329589844,67003785
2023-02-02,348.1901550292969,370.4335021972656,347.03466796875,364.5597229003906,312.7090148925781,57892084
2023-02-03,367.7373352050781,368.0743408203125,358.2044677734375,366.53369140625,314.4022521972656,23153980
2023-02-06,368.3150939941406,373.8037109375,365.5226135253906,369.18170166015625,316.67364501953125,26783409
2023-02-07,369.66314697265625,369.66314697265625,354.7861328125,359.4081115722656,308.2901611328125,21438758
2023-02-08,360.85247802734375,363.30792236328125,357.7711486816406,361.6228332519531,310.1898498535156,10821785
2023-02-09,360.13031005859375,365.9078063964844,358.3489074707031,360.37103271484375,309.1161193847656,12318006
2023-02-10,358.3970642089844,362.97088623046875,356.5675048828125,357.5785827636719,306.7208557128906,10674456
2023-02-13,359.1673889160156,361.2376403808594,356.27862548828125,360.3228759765625,309.07476806640625,10282470
2023-02-14,361.0932312011719,373.27410888671875,359.8895568847656,372.11859130859375,319.1928405761719,30246745
2023-02-15,367.5928955078125,368.652099609375,364.5115661621094,368.0262145996094,320.8559265136719,12679568
2023-02-16,367.8336181640625,370.9631042480469,366.8706970214844,368.36322021484375,321.1497497558594,10151755
2023-02-17,366.9188537597656,370.2890625,365.18560791015625,369.18170166015625,321.86334228515625,7967611
2023-02-20,370.4335021972656,373.1296691894531,367.1595764160156,369.8075866699219,322.40899658203125,8105569
2023-02-21,370.7223815917969,371.5889892578125,367.54473876953125,368.0743408203125,320.89788818359375,8577674
2023-02-22,367.8336181640625,370.6260681152344,365.9078063964844,369.6150207519531,322.2410888671875,9306194
2023-02-23,370.1927795410156,379.38861083984375,368.892822265625,373.2259521484375,325.38922119140625,19555814
2023-02-24,374.57403564453125,374.57403564453125,366.8706970214844,370.81866455078125,323.29052734375,13407431
2023-02-27,370.81866455078125,372.45562744140625,364.0782470703125,368.0262145996094,320.8559265136719,8455904
2023-02-28,368.3150939941406,370.00018310546875,361.0932312011719,362.73016357421875,316.23870849609375,16997837
2023-03-01,360.37103271484375,366.29296875,359.7451477050781,364.656005859375,317.9176940917969,8065784
2023-03-02,365.42633056640625,365.66705322265625,360.8043518066406,361.6228332519531,315.2732849121094,5212922
2023-03-03,363.01904296875,371.1075439453125,362.1524353027344,370.6742248535156,323.1645812988281,8495772
2023-03-06,371.5889892578125,377.9442443847656,370.9631042480469,373.75555419921875,325.85089111328125,11126980
2023-03-08,373.6111145019531,378.57012939453125,370.81866455078125,377.8479309082031,329.4187927246094,9261146
2023-03-09,377.55908203125,379.0034484863281,371.3482666015625,373.1296691894531,325.3052978515625,10005328
2023-03-10,372.6000671386719,375.7295227050781,369.2779846191406,373.6111145019531,325.72503662109375,8684320
2023-03-13,374.7666015625,376.403564453125,368.3150939941406,369.42242431640625,322.07318115234375,9130473
2023-03-14,371.39642333984375,372.11859130859375,363.2116394042969,365.6189270019531,318.7572021484375,10623744
2023-03-15,366.8706970214844,370.04833984375,363.9819641113281,365.3300476074219,318.50531005859375,8748113
2023-03-16,366.48553466796875,368.170654296875,362.8746032714844,367.30401611328125,320.226318359375,16315136
2023-03-17,370.7223815917969,370.7223815917969,355.9416198730469,361.6228332519531,315.2732849121094,50787703
2023-03-20,359.4562683105469,365.2818908691406,358.2044677734375,364.7522888183594,318.00164794921875,10512002
2023-03-21,364.7522888183594,364.7522888183594,360.1784362792969,362.97088623046875,316.44854736328125,12057999
2023-03-22,362.97088623046875,364.8004455566406,360.3228759765625,363.7412414550781,317.12017822265625,4958761
2023-03-23,363.01904296875,368.5558166503906,360.5154724121094,366.53369140625,319.5547180175781,10127917
2023-03-24,367.3521728515625,368.7965393066406,363.9819641113281,364.656005859375,317.9176940917969,10317108
2023-03-27,363.9338073730469,370.1446228027344,362.3931579589844,366.1003723144531,319.1769104003906,11232922
2023-03-28,366.1003723144531,368.170654296875,364.12640380859375,365.66705322265625,318.7991638183594,9523719
2023-03-29,366.1003723144531,369.75946044921875,363.1634826660156,368.5558166503906,321.317626953125,10551626
2023-03-31,367.8336181640625,370.24090576171875,365.9078063964844,369.2779846191406,321.947265625,9877493
2023-04-03,369.75946044921875,369.75946044921875,364.4634094238281,364.84857177734375,318.0856018066406,7331070
2023-04-05,364.84857177734375,372.69635009765625,364.84857177734375,372.0704650878906,324.3818359375,12055499
2023-04-06,372.3111877441406,375.8258056640625,369.9520263671875,372.9852294921875,325.17938232421875,13394394
2023-04-10,372.9852294921875,375.5369567871094,370.48162841796875,374.1407165527344,326.1867370605469,7044256
2023-04-11,374.1407165527344,383.3365478515625,373.6111145019531,381.3144226074219,332.44097900390625,18939829
2023-04-12,382.9995422363281,383.0476989746094,377.55908203125,378.9552917480469,330.3842468261719,10122932
2023-04-13,380.8329772949219,381.8921813964844,379.0997314453125,380.92926025390625,332.1051940917969,6292395
2023-04-17,378.32940673828125,387.0919189453125,378.32940673828125,385.310546875,335.9249572753906,11466474
2023-04-18,385.1661071777344,387.0919189453125,382.27734375,383.7217102050781,334.5397033691406,9860308
2023-04-19,381.3625793457031,386.4660339355469,381.3144226074219,383.96246337890625,334.7496643066406,10119480
2023-04-20,385.1661071777344,387.71783447265625,382.9513854980469,385.4549865722656,336.0509033203125,6924577
2023-04-21,385.4549865722656,393.83233642578125,384.2513427734375,393.1101379394531,342.724853515625,14801099
2023-04-24,394.7952575683594,394.7952575683594,389.2103271484375,393.54345703125,343.1026306152344,6212135
2023-04-25,393.54345703125,398.2135925292969,392.2916564941406,396.28778076171875,345.4952087402344,9180650
2023-04-26,396.7210693359375,397.6839904785156,393.8804931640625,396.9618225097656,346.0828552246094,7914219
2023-04-27,396.9136657714844,401.92083740234375,395.7581787109375,400.57275390625,349.2309265136719,13100076
2023-04-28,402.4985656738281,412.3684387207031,398.3580322265625,409.7685852050781,357.2481689453125,13208557
2023-05-02,410.201904296875,411.164794921875,405.57989501953125,408.7093811035156,356.3247375488281,10648421
2023-05-03,408.27606201171875,412.60919189453125,406.39837646484375,411.3092346191406,358.5913391113281,7607609
2023-05-04,409.5278625488281,411.164794921875,408.27606201171875,408.85382080078125,356.45062255859375,8292456
2023-05-05,410.15374755859375,415.8830871582031,408.61309814453125,412.84991455078125,359.9345397949219,12890455
2023-05-08,415.0164794921875,417.3756103515625,413.42767333984375,415.44976806640625,362.201171875,7522610
2023-05-09,416.7497253417969,417.08673095703125,405.8687744140625,408.0834655761719,355.779052734375,10377820
2023-05-10,408.2279052734375,410.5389099121094,406.5428161621094,409.57598876953125,357.0802307128906,10130159
2023-05-11,411.4055480957031,411.54998779296875,403.3652038574219,404.8095703125,352.92474365234375,16597954
2023-05-12,404.8095703125,407.0242614746094,400.6208801269531,404.85772705078125,352.96673583984375,11564770
2023-05-15,404.4244079589844,412.8017578125,403.5096435546875,411.9351501464844,359.1369934082031,9503538
2023-05-16,414.0535583496094,414.0535583496094,407.79461669921875,408.2279052734375,355.90496826171875,8302077
2023-05-17,408.4205017089844,413.04248046875,406.927978515625,411.7425537109375,358.9691162109375,9844782
2023-05-18,414.0535583496094,416.4126892089844,402.5948791503906,404.1355285644531,352.33709716796875,24919291
2023-05-19,405.33917236328125,407.4094543457031,396.0951843261719,404.27996826171875,352.4630126953125,26759905
2023-05-22,406.3020935058594,409.9611511230469,403.5577697753906,408.9982604980469,356.5765380859375,16015615
2023-05-23,410.201904296875,415.20904541015625,408.4686584472656,413.2350769042969,360.27032470703125,9068926
2023-05-24,412.4165954589844,418.6274108886719,411.164794921875,417.42376708984375,363.92218017578125,11921823
2023-05-25,420.7458190917969,426.0418395996094,418.675537109375,424.7900695800781,370.3443603515625,18905572
2023-05-26,426.95660400390625,428.2565612792969,423.2012634277344,427.1492004394531,372.4010925292969,13496209
2023-05-29,428.4972839355469,435.04510498046875,427.6306457519531,432.4452209472656,377.0182800292969,20589822
2023-05-30,424.6456298828125,434.7080993652344,424.6456298828125,433.215576171875,386.1734313964844,19627897
2023-05-31,432.6378173828125,435.2377014160156,426.0418395996094,428.9787292480469,382.3966979980469,14821960
2023-06-01,430.4231262207031,430.4231262207031,422.71978759765625,423.3938293457031,377.418212890625,9142172
2023-06-02,423.6827087402344,428.4010009765625,423.4901123046875,426.95660400390625,380.5941162109375,9558309
2023-06-05,428.4972839355469,430.2786865234375,423.77899169921875,424.30859375,378.23358154296875,7427630
2023-06-06,424.4530334472656,427.1492004394531,424.06787109375,426.3788757324219,380.0791015625,6703067
2023-06-07,427.53436279296875,429.1231689453125,426.3307189941406,427.4862365722656,381.06622314453125,7833952
2023-06-08,429.17132568359375,429.219482421875,425.5122375488281,426.47515869140625,380.1649475097656,7294955
2023-06-09,419.0125732421875,428.2084045410156,419.0125732421875,422.190185546875,376.34527587890625,7329661
2023-06-12,423.6827087402344,424.59747314453125,417.7607727050781,420.7458190917969,375.0577392578125,9054977
2023-06-13,424.6456298828125,429.8453674316406,422.0457458496094,428.8824462890625,382.31085205078125,16732376
2023-06-14,429.700927734375,431.1452941894531,427.29364013671875,428.0158386230469,381.5382995605469,9039402
2023-06-15,428.4972839355469,432.10821533203125,428.2565612792969,431.4823303222656,384.6283874511719,7787525
2023-06-16,432.34893798828125,438.7041931152344,431.28973388671875,436.2969055175781,388.9201354980469,12181426
2023-06-19,437.8857116699219,438.9930725097656,435.4784240722656,436.7783508300781,389.3493347167969,4350517
2023-06-20,437.933837890625,437.933837890625,433.456298828125,436.0561828613281,388.7055969238281,4644353
2023-06-21,435.2377014160156,437.3561096191406,428.5454406738281,430.47125244140625,383.72711181640625,6292873
2023-06-22,431.3860168457031,432.974853515625,429.3157653808594,431.04901123046875,384.2420959472656,6892713
2023-06-23,430.9045715332031,431.04901123046875,426.2825927734375,428.2565612792969,381.7529296875,6325479
2023-06-26,430.3268127441406,434.6599426269531,427.53436279296875,429.17132568359375,382.5683288574219,5688287
2023-06-27,429.5564880371094,430.6156921386719,426.71588134765625,428.59356689453125,382.0533142089844,5052984
2023-06-28,428.4972839355469,433.8896179199219,428.0158386230469,432.68597412109375,385.7013244628906,12548096
2023-06-30,433.3118591308594,435.1895446777344,430.0379333496094,434.8525390625,387.63262939453125,9456776
2023-07-03,434.8525390625,448.67034912109375,433.3600158691406,446.07049560546875,397.6324768066406,11111199
2023-07-04,447.7555847167969,450.64434814453125,442.7484436035156,449.0555114746094,400.2933349609375,8022597
2023-07-05,449.0555114746094,462.8252258300781,447.08154296875,457.48101806640625,407.8039245605469,16878943
2023-07-06,459.6475830078125,459.69573974609375,453.0516357421875,456.3255310058594,406.7738952636719,9835812
2023-07-07,455.45892333984375,457.8662109375,450.2591552734375,451.0295104980469,402.0530090332031,7605499
2023-07-10,452.5701599121094,453.4367980957031,446.5037841796875,448.5740661621094,399.86419677734375,6772454
2023-07-11,448.718505859375,456.951416015625,448.718505859375,455.6033630371094,406.13018798828125,8783282
2023-07-12,460.0327453613281,460.0327453613281,453.00347900390625,454.7848815917969,405.4006042480469,12816220
2023-07-13,456.3255310058594,459.0698547363281,453.5330810546875,454.4960021972656,405.1430358886719,8214385
2023-07-14,455.45892333984375,457.3847351074219,453.8700866699219,455.36260986328125,405.9155578613281,5277090
2023-07-17,456.9032897949219,458.1550598144531,453.1479187011719,454.8330078125,405.4434509277344,6325310
2023-07-18,455.0256042480469,456.6144104003906,453.5330810546875,454.9774475097656,405.5722351074219,5558415
2023-07-19,455.2181701660156,462.63262939453125,450.7406311035156,461.09197998046875,411.0228271484375,14401395
2023-07-20,462.10302734375,475.3912658691406,458.63653564453125,473.89874267578125,422.43890380859375,21030102
2023-07-21,473.56170654296875,479.242919921875,468.9397277832031,472.26177978515625,420.97967529296875,14510084
2023-07-24,475.1505126953125,481.16876220703125,450.78875732421875,453.8700866699219,404.5850830078125,40477929
2023-07-25,450.54803466796875,451.12579345703125,438.5115966796875,445.1557312011719,396.8170166015625,45211370
2023-07-26,447.6593017578125,455.45892333984375,444.91497802734375,454.7367248535156,405.3576354980469,18842179
2023-07-27,456.8070068359375,457.5291748046875,444.0002136230469,447.8037414550781,399.1774597167969,14528232
2023-07-28,450.35546875,452.0405578613281,446.2149353027344,451.07763671875,402.09588623046875,10362522
2023-07-31,451.60723876953125,452.2812805175781,446.31121826171875,448.42962646484375,399.7353820800781,8510403
2023-08-01,448.718505859375,451.4627990722656,446.60009765625,447.5630187988281,398.9628601074219,6686176
2023-08-02,447.37042236328125,447.5630187988281,441.0151672363281,443.03729248046875,394.9286193847656,10715605
2023-08-03,443.03729248046875,446.55194091796875,437.452392578125,439.13751220703125,391.4523010253906,11026824
2023-08-04,439.37823486328125,444.2890930175781,437.40423583984375,438.0782775878906,390.5080871582031,7097614
2023-08-07,437.25982666015625,439.61895751953125,434.22662353515625,438.0301513671875,390.4652099609375,9513953
2023-08-08,440.0522766113281,440.0522766113281,434.3229064941406,435.57470703125,388.2763977050781,6638681
2023-08-09,435.57470703125,442.8447265625,430.3268127441406,441.6410827636719,393.68402099609375,10134166
2023-08-10,441.8818054199219,442.2669677734375,432.34893798828125,434.9969482421875,387.7613830566406,13702317
2023-08-11,437.0672302246094,437.0672302246094,428.2565612792969,432.10821533203125,385.1863098144531,12028396
2023-08-14,432.10821533203125,434.5155029296875,428.5454406738281,432.5415344238281,385.5726013183594,7854074
2023-08-16,434.2747802734375,440.43743896484375,431.57861328125,433.5525817871094,386.4738464355469,15494896
2023-08-17,433.3118591308594,433.3118591308594,423.6827087402344,424.6456298828125,378.5340576171875,16896158
2023-08-18,424.6456298828125,426.9084777832031,422.23834228515625,425.2715148925781,379.0920104980469,20068497
2023-08-21,425.6085510253906,431.86749267578125,424.9826354980469,431.1934509277344,384.37091064453125,9940689
2023-08-22,432.34893798828125,438.2708740234375,430.4231262207031,437.40423583984375,389.90728759765625,10234488
2023-08-23,438.7041931152344,438.7523193359375,431.9637756347656,433.74517822265625,386.6455383300781,8770272
2023-08-24,433.8896179199219,436.68206787109375,432.6378173828125,434.1784973144531,387.03179931640625,6322751
2023-08-25,434.1784973144531,434.2747802734375,425.65667724609375,426.9084777832031,380.55120849609375,9628041
2023-08-28,428.4972839355469,430.2786865234375,424.6456298828125,425.0307922363281,378.8774108886719,7176903
2023-08-29,426.5233154296875,427.53436279296875,422.9123840332031,423.77899169921875,377.76153564453125,9845106
2023-08-30,424.6456298828125,427.53436279296875,424.1641540527344,426.3788757324219,380.0791015625,7648569
2023-08-31,426.5714416503906,428.4010009765625,419.9273376464844,423.3938293457031,377.418212890625,20666732
2023-09-01,423.6827087402344,428.4972839355469,422.0457458496094,424.6937561035156,378.5769958496094,11879159
2023-09-04,426.9084777832031,426.9084777832031,420.4569396972656,421.2754211425781,375.5298156738281,14128562
2023-09-05,422.6235046386719,428.0158386230469,422.23834228515625,426.6677551269531,380.33660888671875,8701612
2023-09-06,427.4862365722656,431.86749267578125,425.6085510253906,430.8564147949219,384.0704345703125,13358433
2023-09-07,432.1563720703125,432.34893798828125,428.11212158203125,429.3639221191406,382.739990234375,8401953
2023-09-08,431.28973388671875,431.28973388671875,425.464111328125,426.23443603515625,379.9503479003906,10322317
2023-09-11,429.460205078125,431.4823303222656,426.23443603515625,430.6156921386719,383.8558654785156,9679540
2023-09-12,432.2526550292969,437.452392578125,429.0750427246094,434.4192199707031,387.2463684082031,14961276
2023-09-13,435.4302673339844,440.0522766113281,434.3710632324219,436.68206787109375,389.2635192871094,12268130
2023-09-14,438.9930725097656,438.9930725097656,430.56756591796875,433.2637023925781,386.21630859375,14986708
2023-09-15,431.4341735839844,435.333984375,430.4231262207031,431.7230529785156,384.8429870605469,15657801
2023-09-18,431.7230529785156,437.16351318359375,429.65277099609375,435.28582763671875,388.0188293457031,8513132
2023-09-20,434.9488220214844,438.22271728515625,432.8785400390625,436.1524658203125,388.7914123535156,10343224
2023-09-21,436.0080261230469,436.7301940917969,428.0158386230469,430.9045715332031,384.1133728027344,11132308
2023-09-22,430.9045715332031,431.7712097167969,425.8492736816406,426.6677551269531,380.33660888671875,7795399
2023-09-25,426.6677551269531,428.3046875,422.0939025878906,426.186279296875,379.90740966796875,6005673
2023-09-26,427.1492004394531,428.0158386230469,423.3938293457031,426.0418395996094,379.7787170410156,5533023
2023-09-27,426.0418395996094,433.1192626953125,422.5272216796875,432.4933776855469,385.5296630859375,10894817
2023-09-28,433.2637023925781,433.2637023925781,423.29754638671875,424.4049072265625,378.3194885253906,10610213
2023-09-29,425.6085510253906,429.0750427246094,422.9123840332031,427.9195251464844,381.4524230957031,8474326
2023-10-03,424.6456298828125,426.47515869140625,422.96051025390625,423.4419860839844,377.4611511230469,7770032
2023-10-04,423.4419860839844,425.3196716308594,417.2311706542969,419.9273376464844,374.328125,13912656
2023-10-05,423.6827087402344,424.1641540527344,418.9162902832031,419.8791809082031,374.28521728515625,10416552
2023-10-06,421.6124267578125,427.1492004394531,420.4569396972656,425.7529602050781,379.52117919921875,8742804
2023-10-09,424.59747314453125,426.7640380859375,421.0346984863281,424.11602783203125,378.0619812011719,5827256
2023-10-10,424.11602783203125,428.35284423828125,424.11602783203125,427.9195251464844,381.4524230957031,5207891
2023-10-11,430.6156921386719,432.7822570800781,428.3046875,431.62677001953125,384.7571716308594,7946195
2023-10-12,432.974853515625,435.7191467285156,429.6046447753906,433.98590087890625,386.860107421875,12227957
2023-10-13,433.16741943359375,435.04510498046875,430.4231262207031,431.7230529785156,384.8429870605469,7926432
2023-10-16,431.3860168457031,434.2747802734375,429.65277099609375,432.3008117675781,385.35797119140625,4377288
2023-10-17,433.1192626953125,437.6449890136719,432.34893798828125,436.6339111328125,389.2205505371094,7203352
2023-10-18,437.40423583984375,441.207763671875,434.2747802734375,434.9006652832031,387.6755676269531,7160492
2023-10-19,433.0711364746094,438.0301513671875,430.2786865234375,433.697021484375,386.6026306152344,9830006
2023-10-20,428.4972839355469,432.34893798828125,421.1309814453125,422.0457458496094,376.2165222167969,13521824
2023-10-23,421.7568664550781,423.6345520019531,417.0386047363281,419.7347412109375,374.156494140625,7555671
2023-10-25,420.6976623535156,421.7568664550781,411.21295166015625,416.6534118652344,371.4096984863281,11308597
2023-10-26,413.6202392578125,420.4087829589844,413.6202392578125,418.24224853515625,372.8260192871094,19525305
2023-10-27,418.24224853515625,420.60137939453125,416.1719665527344,417.66448974609375,372.31103515625,13638258
2023-10-30,418.434814453125,420.9383850097656,412.4647521972656,414.48687744140625,369.47845458984375,7911426
2023-10-31,414.0535583496094,417.2793273925781,412.03143310546875,412.51287841796875,367.71875,8952141
2023-11-01,414.0535583496094,415.1127624511719,409.7204284667969,412.2240295410156,367.4613037109375,8297973
2023-11-02,414.1017150878906,416.6534118652344,412.7536315917969,415.1609191894531,370.0793151855469,8465990
2023-11-03,416.7497253417969,418.2903747558594,415.1127624511719,417.1830139160156,371.8818054199219,14334179
2023-11-06,417.42376708984375,420.60137939453125,416.5090026855469,419.20513916015625,373.68438720703125,7589690
2023-11-07,418.7718505859375,418.7718505859375,416.1238098144531,416.6534118652344,371.4096984863281,5321353
2023-11-08,417.08673095703125,421.2754211425781,416.26824951171875,420.7458190917969,375.0577392578125,7248663
2023-11-09,421.5643005371094,421.7568664550781,417.8089294433594,418.2903747558594,372.86895751953125,8085620
2023-11-10,418.2903747558594,421.7568664550781,416.4608459472656,420.36065673828125,374.7144470214844,4236307
2023-11-13,422.14202880859375,422.14202880859375,418.8681335449219,419.8310546875,374.2423400878906,3888975
2023-11-15,421.8531799316406,426.0899963378906,421.2754211425781,425.5603942871094,379.3494873046875,7722827
2023-11-16,425.5603942871094,428.0158386230469,421.3717041015625,422.3827819824219,376.5169677734375,11276031
2023-11-17,422.96051025390625,425.1270751953125,422.0457458496094,422.96051025390625,377.03192138671875,6911592
2023-11-20,423.53826904296875,423.9715881347656,418.3866882324219,420.60137939453125,374.928955078125,4502356
2023-11-21,420.9383850097656,423.0086669921875,419.3495788574219,420.07177734375,374.4569091796875,6228803
2023-11-22,420.7939758300781,424.06787109375,418.675537109375,423.3938293457031,377.418212890625,5074887
2023-11-23,424.59747314453125,425.8492736816406,421.99761962890625,424.01971435546875,377.9761047363281,6611803
2023-11-24,424.6456298828125,425.8492736816406,420.6495361328125,421.5643005371094,375.787353515625,7084608
2023-11-28,421.7568664550781,422.71978759765625,418.7718505859375,419.1088562011719,373.5985412597656,9082513
2023-11-29,419.8310546875,422.23834228515625,418.0496520996094,420.9865417480469,375.2723083496094,14316126
2023-11-30,420.5050964355469,422.190185546875,418.3866882324219,419.6384582519531,374.0706481933594,15710110
2023-12-01,421.66058349609375,434.22662353515625,421.17913818359375,433.1192626953125,386.08758544921875,20081576
2023-12-04,438.1264343261719,439.4745178222656,434.2747802734375,437.211669921875,389.7356262207031,13293194
2023-12-05,438.1264343261719,440.8226013183594,433.40814208984375,434.9969482421875,387.7613830566406,12603697
2023-12-06,437.0672302246094,447.2741394042969,435.333984375,446.07049560546875,397.6324768066406,21203900
2023-12-07,447.5148620605469,447.5630187988281,440.43743896484375,441.1114807128906,393.2119445800781,11746535
2023-12-08,442.8928527832031,444.481689453125,431.86749267578125,432.4933776855469,385.5296630859375,19386851
2023-12-11,434.7562255859375,436.7783508300781,432.6378173828125,435.6709899902344,388.3621826171875,6854157
2023-12-12,437.3561096191406,442.9410095214844,435.57470703125,436.2969055175781,388.9201354980469,10549319
2023-12-13,439.37823486328125,441.8336486816406,436.2969055175781,438.7523193359375,391.10894775390625,11718443
2023-12-14,442.9410095214844,443.9039306640625,432.7822570800781,443.03729248046875,394.9286193847656,14924265
2023-12-15,444.7705383300781,445.7816162109375,438.1264343261719,441.207763671875,393.2977600097656,16397959
2023-12-18,438.1264343261719,439.08935546875,433.64886474609375,434.9006652832031,387.6755676269531,12490839
2023-12-19,436.5376281738281,441.0151672363281,435.28582763671875,439.1856384277344,391.49517822265625,10664235
2023-12-20,441.97808837890625,442.21881103515625,432.6378173828125,434.2747802734375,387.11761474609375,10766954
2023-12-21,432.34893798828125,436.92279052734375,427.9676818847656,434.7080993652344,387.50390625,11584223
2023-12-22,436.2005920410156,438.9930725097656,433.8414611816406,438.31903076171875,390.7226867675781,11450973
2023-12-26,439.13751220703125,441.8818054199219,437.8375549316406,439.5226745605469,391.795654296875,6097422
2023-12-27,440.0522766113281,441.49664306640625,436.92279052734375,440.1485595703125,392.35357666015625,7833901
2023-12-28,440.2448425292969,447.4667053222656,439.1856384277344,446.88897705078125,398.3620300292969,21493169
2023-12-29,446.88897705078125,450.54803466796875,444.2409362792969,444.963134765625,396.6453552246094,13384631
2024-01-01,446.31121826171875,452.52203369140625,445.49273681640625,450.6924743652344,401.7525329589844,9706230
2024-01-02,452.5701599121094,453.8700866699219,446.4075012207031,452.9071960449219,403.7267761230469,10924918
2024-01-03,452.8108825683594,462.87335205078125,451.94427490234375,459.5513000488281,409.64935302734375,24961710
2024-01-04,462.1993103027344,463.5955505371094,456.6144104003906,458.7328186035156,408.9197692871094,12240910
2024-01-05,461.62158203125,461.62158203125,454.4960021972656,456.3736877441406,406.81683349609375,9564086
2024-01-08,457.3847351074219,457.8662109375,447.322265625,448.237060546875,399.5637512207031,8311403
2024-01-09,450.1628723144531,452.52203369140625,446.4556579589844,447.322265625,398.7483215332031,5916180
2024-01-10,447.322265625,449.4407043457031,442.9891662597656,446.1186218261719,397.67535400390625,6123200
2024-01-11,446.88897705078125,449.24810791015625,444.0002136230469,445.49273681640625,397.1174621582031,6786448
2024-01-12,446.07049560546875,450.35546875,443.2780456542969,449.3925476074219,400.59381103515625,9714589
2024-01-15,452.5701599121094,453.0516357421875,448.8147888183594,450.2591552734375,401.3662414550781,7167978
2024-01-16,450.4517517089844,457.3847351074219,447.0334167480469,454.7848815917969,405.4006042480469,12531058
2024-01-17,453.9182434082031,459.3105773925781,447.94818115234375,449.2962646484375,400.5079650878906,11536527
2024-01-18,447.9963073730469,450.4999084472656,437.693115234375,448.237060546875,399.5637512207031,9495938
2024-01-19,451.1739501953125,455.45892333984375,449.1036682128906,454.0145263671875,404.7138671875,12673308
2024-01-23,456.18109130859375,456.18109130859375,439.4745178222656,442.2669677734375,394.241943359375,8728196
2024-01-24,443.03729248046875,450.06658935546875,441.1114807128906,446.4075012207031,397.932861328125,22459072
2024-01-25,446.359375,447.7074279785156,435.333984375,438.7523193359375,391.10894775390625,20435547
2024-01-29,438.9930725097656,440.2929992675781,430.9045715332031,433.1192626953125,386.08758544921875,18557346
2024-01-30,430.4231262207031,436.8746337890625,421.17913818359375,421.8050231933594,376.0019226074219,45190319
2024-01-31,423.6827087402344,426.0899963378906,422.430908203125,425.17523193359375,379.00616455078125,20648695
2024-02-01,425.6085510253906,431.1452941894531,423.0086669921875,426.47515869140625,380.1649475097656,19903526
2024-02-02,428.4972839355469,430.6156921386719,423.2012634277344,423.77899169921875,377.76153564453125,17816750
2024-02-05,425.6085510253906,427.1973571777344,420.36065673828125,421.8050231933594,376.0019226074219,12505666
2024-02-06,423.6827087402344,424.54931640625,413.57208251953125,415.4016418457031,370.2938537597656,19487043
2024-02-07,418.8681335449219,418.8681335449219,414.8238830566406,415.78680419921875,370.6372375488281,13376903
2024-02-08,413.09063720703125,413.1869201660156,393.4471740722656,399.176513671875,361.260986328125,50039587
2024-02-09,394.89154052734375,408.4686584472656,393.4471740722656,400.0912780761719,362.0888977050781,33527317
2024-02-12,402.06524658203125,402.4985656738281,390.9917297363281,391.7620544433594,354.5508117675781,11326971
2024-02-13,391.8102111816406,395.5655822753906,388.3437194824219,391.665771484375,354.4636535644531,16207766
2024-02-14,390.943603515625,396.9618225097656,389.4029235839844,396.28778076171875,358.6466369628906,12618012
2024-02-15,397.6839904785156,399.176513671875,388.19927978515625,388.9214782714844,351.98004150390625,21169031
2024-02-16,389.9806823730469,394.3619384765625,384.5883483886719,389.59552001953125,352.59002685546875,38963810
2024-02-19,389.9806823730469,397.4432678222656,389.59552001953125,394.07305908203125,356.64227294921875,17602580
2024-02-20,395.22857666015625,395.22857666015625,389.306640625,391.0398864746094,353.8971862792969,14626643
2024-02-21,391.906494140625,394.89154052734375,386.4178771972656,388.3918762207031,351.500732421875,20162369
2024-02-22,391.8102111816406,399.7542724609375,388.4881591796875,399.0802307128906,361.1738586425781,19321180
2024-02-23,400.4764404296875,400.4764404296875,395.2767028808594,396.1433410644531,358.5159606933594,11576964
2024-02-26,395.8544616699219,397.7321472167969,392.19537353515625,394.0249328613281,356.5987548828125,8289561
2024-02-27,394.7952575683594,397.4432678222656,393.3990173339844,395.902587890625,358.29803466796875,8083518
2024-02-28,395.902587890625,397.05810546875,391.71392822265625,393.1582946777344,355.81439208984375,8949664
2024-02-29,393.83233642578125,395.8063049316406,389.49920654296875,391.2324523925781,354.0715026855469,15468800
2024-03-01,393.7360534667969,397.82843017578125,392.3879699707031,394.31378173828125,356.86016845703125,12873024
2024-03-04,396.9618225097656,397.6358642578125,393.302734375,393.9286193847656,356.5115661621094,7103794
2024-03-05,394.4582214355469,396.1433410644531,388.9696044921875,391.0880126953125,353.9407653808594,10108373
2024-03-06,391.425048828125,394.7471008300781,385.84014892578125,392.7249755859375,355.4222412109375,11534613
2024-03-07,392.7249755859375,399.5616760253906,388.68072509765625,398.2135925292969,360.3895263671875,23907135
2024-03-11,401.34307861328125,402.7874450683594,392.8694152832031,394.2174987792969,356.77301025390625,18298683
2024-03-12,391.425048828125,391.425048828125,384.5401916503906,389.4510803222656,352.4593505859375,36226074
2024-03-13,418.8681335449219,421.7568664550781,405.5317687988281,406.7835388183594,368.1454772949219,105525827
2024-03-14,406.3020935058594,409.7204284667969,402.4985656738281,404.0873718261719,365.70538330078125,31949569
2024-03-15,401.7282409667969,412.6573181152344,399.8505554199219,403.5577697753906,365.22613525390625,76074975
2024-03-18,403.46148681640625,405.09844970703125,401.4393615722656,401.9689636230469,363.7882080078125,16547358
2024-03-19,402.4985656738281,403.9910888671875,393.54345703125,394.3619384765625,356.90374755859375,21803126
2024-03-20,394.7952575683594,401.1986389160156,394.3619384765625,400.28387451171875,362.2631530761719,20364534
2024-03-21,403.46148681640625,406.3502197265625,400.76531982421875,405.6280517578125,367.0997009277344,19968509
2024-03-22,405.6280517578125,413.7165222167969,405.6280517578125,412.7054748535156,373.5049133300781,40358503
2024-03-26,409.7685852050781,413.2832336425781,409.7685852050781,411.79071044921875,372.67706298828125,10669833
2024-03-27,411.164794921875,412.9943542480469,410.63519287109375,412.1277160644531,372.9820251464844,12698464
2024-03-28,412.1277160644531,417.1830139160156,411.164794921875,412.4647521972656,373.28704833984375,29009002
2024-04-01,413.1869201660156,415.3534851074219,409.9611511230469,410.8759460449219,371.8491516113281,9743648
2024-04-02,412.8017578125,412.8017578125,408.85382080078125,410.0574645996094,371.1084289550781,9194659
2024-04-03,410.201904296875,412.8980712890625,405.3873291015625,409.4315490722656,370.5419921875,13152268
2024-04-04,409.7685852050781,411.5018310546875,404.328125,407.0724182128906,368.40692138671875,19065447
2024-04-05,406.8316955566406,415.6905212402344,404.3762512207031,411.6944274902344,372.58990478515625,16768902
2024-04-08,412.4165954589844,415.4016418457031,411.8869934082031,413.1869201660156,373.94061279296875,8844633
2024-04-09,414.48687744140625,415.4979248046875,409.7685852050781,410.5389099121094,371.5441589355469,6967273
2024-04-10,412.4165954589844,421.5643005371094,409.9611511230469,420.7458190917969,380.7815246582031,14547618
2024-04-12,418.8681335449219,419.59033203125,412.4165954589844,414.14984130859375,374.8121032714844,18785009
2024-04-15,412.1277160644531,413.2350769042969,407.21685791015625,410.1055908203125,371.1519775390625,9083087
2024-04-16,407.5538635253906,411.164794921875,407.5057373046875,410.1055908203125,371.1519775390625,10357752
2024-04-18,410.201904296875,411.0685119628906,402.16156005859375,403.3170471191406,365.00823974609375,22133191
2024-04-19,402.4985656738281,410.442626953125,400.57275390625,408.9982604980469,370.14984130859375,17221280
2024-04-22,411.164794921875,411.7425537109375,407.6501770019531,409.5278625488281,370.6291198730469,7386048
2024-04-23,409.5278625488281,414.5350036621094,409.33526611328125,413.2832336425781,374.0278015136719,12484384
2024-04-24,413.33135986328125,414.8238830566406,412.4165954589844,412.9943542480469,373.7663879394531,6070285
2024-04-25,415.0164794921875,422.0457458496094,413.09063720703125,421.3235778808594,381.304443359375,30337038
2024-04-26,422.96051025390625,426.8603210449219,420.2162170410156,423.6827087402344,383.4394836425781,15342965
2024-04-29,425.6085510253906,426.0418395996094,418.48297119140625,421.949462890625,381.870849609375,12075706
2024-04-30,423.6345520019531,424.1641540527344,418.96441650390625,419.4940185546875,379.6486511230469,12528665
2024-05-02,419.8310546875,426.186279296875,418.72369384765625,422.71978759765625,382.5680236816406,24123523
2024-05-03,423.7308654785156,423.7308654785156,415.3534851074219,420.26434326171875,380.3458557128906,23786388
2024-05-06,421.7568664550781,424.11602783203125,417.2793273925781,418.6274108886719,378.8643493652344,10753860
2024-05-07,420.6976623535156,429.460205078125,419.0606994628906,424.01971435546875,383.7444763183594,26969062
2024-05-08,424.8863525390625,428.2084045410156,421.949462890625,424.6456298828125,384.3109436035156,10916481
2024-05-09,423.7308654785156,425.1270751953125,407.6501770019531,409.33526611328125,370.4548645019531,24314298
2024-05-10,410.683349609375,420.1680603027344,410.683349609375,417.2793273925781,377.644287109375,14524604
2024-05-13,417.1830139160156,419.30145263671875,413.57208251953125,415.8349609375,376.337158203125,7584217
2024-05-14,414.5350036621094,417.2311706542969,412.6573181152344,413.7646789550781,374.4635009765625,11423749
2024-05-15,414.7757263183594,417.1830139160156,410.924072265625,411.9351501464844,372.8077392578125,7856433
2024-05-16,414.0535583496094,416.55712890625,407.21685791015625,415.44976806640625,375.988525390625,23911954
2024-05-17,416.36456298828125,421.2754211425781,412.9943542480469,420.11993408203125,380.2151184082031,11894830
2024-05-21,419.8310546875,420.8902587890625,417.1348876953125,418.675537109375,378.907958984375,11175153
2024-05-22,421.1309814453125,425.5603942871094,419.2532958984375,423.58642578125,383.35235595703125,11036895
2024-05-23,425.0307922363281,428.4010009765625,420.36065673828125,424.9826354980469,384.6159362792969,27244733
2024-05-24,424.6456298828125,426.0418395996094,419.1570129394531,420.02362060546875,380.1279296875,13252938
2024-05-27,422.5272216796875,422.6235046386719,414.72760009765625,415.4979248046875,376.0321044921875,12282545
2024-05-28,416.07568359375,416.4608459472656,412.3684387207031,413.09063720703125,373.8534851074219,9668761
2024-05-29,409.7204284667969,416.36456298828125,409.7204284667969,414.96832275390625,375.5528259277344,10832067
2024-05-30,412.60919189453125,414.96832275390625,406.687255859375,408.1316223144531,369.36553955078125,21314885
2024-05-31,410.924072265625,413.6202392578125,408.51678466796875,410.63519287109375,371.63128662109375,29300711
2024-06-03,417.90521240234375,418.7718505859375,412.7536315917969,414.39056396484375,375.0299377441406,16116836
2024-06-04,410.201904296875,410.49078369140625,387.910400390625,399.8023986816406,368.496826171875,47791986
2024-06-05,406.3502197265625,419.8310546875,402.5467224121094,414.3424377441406,381.8983154296875,28197030
2024-06-06,419.8310546875,421.4679870605469,415.1127624511719,419.2532958984375,386.4246826171875,32318523
2024-06-07,415.4016418457031,425.2715148925781,415.1127624511719,422.8642272949219,389.7528076171875,29543660
2024-06-10,423.6827087402344,424.6456298828125,419.6866149902344,420.6976623535156,387.7559509277344,11872688
2024-06-11,420.7939758300781,421.5643005371094,416.2201232910156,416.9422912597656,384.29461669921875,13158571
2024-06-12,414.5831604003906,418.2903747558594,414.2461242675781,416.26824951171875,383.67333984375,10751658
2024-06-13,420.6976623535156,420.6976623535156,413.8128356933594,414.3424377441406,381.8983154296875,9641349
2024-06-14,415.0164794921875,415.8830871582031,413.1387939453125,415.1609191894531,382.6527099609375,9572809
2024-06-18,416.9422912597656,418.0978088378906,412.3203125,412.84991455078125,380.5226745605469,14641141
2024-06-19,414.0535583496094,414.7757263183594,407.3612976074219,407.9390563964844,375.9963073730469,11329972
2024-06-20,408.32421875,410.683349609375,405.8687744140625,407.6020202636719,375.6856994628906,15147549
2024-06-21,409.2389831542969,409.5278625488281,403.0281677246094,404.03924560546875,372.40191650390625,26176371
2024-06-24,404.4244079589844,408.2279052734375,404.4244079589844,407.6020202636719,375.6856994628906,9723008
2024-06-25,407.3131408691406,408.27606201171875,404.1836853027344,407.6020202636719,375.6856994628906,10655609
2024-06-26,407.3131408691406,410.5870666503906,406.39837646484375,408.2279052734375,376.2626037597656,11511714
2024-06-27,408.2279052734375,411.4055480957031,405.4836120605469,409.8167419433594,377.7270202636719,38438054
2024-06-28,409.7204284667969,412.1277160644531,407.79461669921875,409.1427001953125,377.10577392578125,18554411
2024-07-01,410.49078369140625,414.2942810058594,408.9019470214844,413.1387939453125,380.7889404296875,13391362
2024-07-02,414.0535583496094,414.679443359375,406.87982177734375,409.7204284667969,377.6382141113281,11177863
2024-07-03,410.2981872558594,413.7165222167969,409.7204284667969,412.4165954589844,380.1232604980469,7435499
2024-07-04,414.0535583496094,415.4979248046875,411.21295166015625,413.1387939453125,380.7889404296875,9478861
2024-07-05,413.09063720703125,417.90521240234375,411.7425537109375,417.5682067871094,384.87152099609375,13427543
2024-07-08,419.0125732421875,428.06396484375,417.5682067871094,427.1492004394531,393.7023010253906,21311436
2024-07-09,431.0008544921875,438.1264343261719,427.53436279296875,435.8154296875,401.6899719238281,27489709
2024-07-10,436.8746337890625,438.4634704589844,429.941650390625,434.7080993652344,400.6693420410156,12065662
2024-07-11,433.3118591308594,442.4595642089844,432.06005859375,441.6410827636719,407.0594177246094,19556596
2024-07-12,441.6410827636719,446.07049560546875,438.9449157714844,442.0262451171875,407.4144287109375,19693114
2024-07-15,442.0262451171875,449.1518249511719,440.2448425292969,446.2149353027344,411.2751159667969,16876907
2024-07-16,446.2630615234375,449.4407043457031,444.2890930175781,448.2851867675781,413.1832580566406,13497253
2024-07-18,445.82977294921875,453.4367980957031,445.49273681640625,452.8108825683594,417.3546142578125,21907158
2024-07-19,453.5330810546875,461.62158203125,451.9924011230469,456.951416015625,421.1708679199219,25939326
2024-07-22,456.99957275390625,461.6697082519531,448.5740661621094,449.24810791015625,414.07080078125,18762384
2024-07-23,449.24810791015625,478.95404052734375,449.1036682128906,473.9468688964844,436.8356018066406,56125835
2024-07-24,477.60595703125,491.7126770019531,472.4543762207031,475.728271484375,438.47747802734375,43693692
2024-07-25,471.8284606933594,477.60595703125,466.6768798828125,471.78033447265625,434.83868408203125,18567567
2024-07-26,475.728271484375,487.6202697753906,469.32489013671875,483.5760498046875,445.7107849121094,21534703
2024-07-29,486.753662109375,487.4277038574219,475.728271484375,477.65411376953125,440.2525329589844,12978187
2024-07-30,477.89483642578125,479.3392028808594,470.5285339355469,471.732177734375,434.7943115234375,13891052
2024-07-31,474.1876220703125,479.483642578125,472.3099365234375,476.9800720214844,439.63128662109375,11982586
2024-08-01,477.55780029296875,478.3281555175781,472.74322509765625,475.3912658691406,438.1668701171875,12114803
2024-08-02,466.8213195800781,480.9280090332031,466.8213195800781,470.96185302734375,434.08428955078125,22141163
2024-08-05,462.2474670410156,473.65802001953125,461.7659912109375,467.976806640625,431.3329772949219,25022076
2024-08-06,468.217529296875,473.4654235839844,466.09912109375,468.26568603515625,431.5992736816406,14251363
2024-08-07,471.8284606933594,477.2207946777344,469.9989318847656,474.38018798828125,437.2349548339844,11320399
2024-08-08,475.6801452636719,479.53179931640625,474.2357482910156,476.4023132324219,439.0987548828125,21349889
2024-08-09,479.53179931640625,479.53179931640625,474.8135070800781,477.5096740722656,440.1194152832031,9556181
2024-08-12,473.7543029785156,481.4576110839844,473.7543029785156,476.25787353515625,438.96563720703125,9425644
2024-08-13,477.55780029296875,479.3873596191406,470.14337158203125,471.8284606933594,434.8830871582031,8056478
2024-08-14,473.7061462402344,480.4947204589844,471.732177734375,473.9468688964844,436.8356018066406,9609981
2024-08-16,476.1615905761719,485.5018615722656,474.38018798828125,484.00933837890625,446.11016845703125,13643352
2024-08-19,486.0314636230469,490.4127197265625,481.07244873046875,482.8538513183594,445.0451354980469,10591508
2024-08-20,482.4205322265625,484.7315368652344,479.242919921875,480.3021240234375,442.69317626953125,6888634
2024-08-21,481.4576110839844,490.1238708496094,480.5428466796875,486.6573791503906,448.5508117675781,8801221
2024-08-22,489.0165100097656,489.64239501953125,482.8538513183594,485.8388977050781,447.7964172363281,8686423
2024-08-23,486.3203430175781,488.1498718261719,481.40948486328125,487.04254150390625,448.9058532714844,8195369
2024-08-26,487.235107421875,489.16094970703125,483.3834533691406,486.94622802734375,448.81707763671875,8126402
2024-08-27,488.7276306152344,488.7757873535156,481.4576110839844,482.0353698730469,444.2907409667969,8260450
2024-08-28,481.8427734375,483.6723327636719,478.0874328613281,478.8577575683594,441.3619079589844,8081932
2024-08-29,479.53179931640625,488.8720703125,478.9058837890625,486.3684997558594,448.2845458984375,19389694
2024-08-30,483.3352966308594,490.268310546875,481.65020751953125,483.28717041015625,445.44451904296875,15523349
2024-09-02,485.3092956542969,493.8792419433594,484.63525390625,491.1349182128906,452.677734375,16497266
2024-09-03,491.1349182128906,496.8161315917969,489.0646667480469,490.509033203125,452.100830078125,12481552
2024-09-04,481.4576110839844,491.1349182128906,481.40948486328125,487.5721435546875,449.3939514160156,8739052
2024-09-05,489.4979553222656,492.91632080078125,488.2461853027344,492.2422790527344,453.6983947753906,11318636
2024-09-06,493.0126037597656,493.0126037597656,478.71331787109375,483.0945739746094,445.2669982910156,14245025
2024-09-09,483.3834533691406,493.63848876953125,481.7946472167969,492.7718811035156,454.1865234375,14265060
2024-09-10,492.91632080078125,495.9013366699219,489.88311767578125,494.55328369140625,455.8284606933594,11332248
2024-09-11,493.97552490234375,500.2344665527344,492.9644470214844,495.27545166015625,456.49407958984375,15497555
2024-09-12,495.9976501464844,501.1973876953125,489.6905517578125,500.2344665527344,461.0647888183594,19085324
2024-09-13,500.2344665527344,500.7159118652344,493.0126037597656,494.79400634765625,456.0503234863281,9165077
2024-09-16,496.7679748535156,497.8271789550781,490.79791259765625,492.14599609375,453.6096496582031,7821668
2024-09-17,492.09783935546875,494.505126953125,487.475830078125,488.92022705078125,450.636474609375,10889862
2024-09-18,489.0165100097656,493.39776611328125,486.3684997558594,488.5350341796875,450.2814636230469,5638729
2024-09-19,491.0867614746094,495.7087707519531,488.6794738769531,489.40167236328125,451.0802001953125,14461616
2024-09-20,493.0126037597656,498.1642150878906,489.16094970703125,495.3236083984375,456.5384521484375,24725118
2024-09-23,496.33465576171875,500.1863098144531,494.55328369140625,497.7790222167969,458.8016357421875,8105508
2024-09-24,497.8271789550781,498.5975036621094,495.0828857421875,496.14208984375,457.2928771972656,7015487
2024-09-25,496.3828125,500.0419006347656,493.3014831542969,498.3567810058594,459.3341369628906,8802667
2024-09-26,498.45306396484375,504.3268737792969,497.8271789550781,503.36395263671875,463.9492492675781,16086557
2024-09-27,500.9566650390625,508.90069580078125,500.9566650390625,503.3157958984375,463.9048156738281,17916386
2024-09-30,501.2936706542969,504.90460205078125,494.986572265625,498.9345397949219,459.8666687011719,10936940
2024-10-01,498.9345397949219,500.4751892089844,494.9384460449219,497.0568542480469,458.1360168457031,5285319
2024-10-03,489.6905517578125,496.57537841796875,489.2572326660156,493.73480224609375,455.0740661621094,16481353
2024-10-04,491.0867614746094,498.1642150878906,482.95013427734375,484.8759765625,446.9089050292969,18930962
2024-10-07,488.1980285644531,495.85321044921875,487.9573059082031,491.27935791015625,452.8109130859375,17114457
2024-10-08,491.0867614746094,493.5422058105469,487.235107421875,489.11279296875,450.81396484375,9868331
2024-10-09,490.8941955566406,490.8941955566406,472.3580627441406,473.4654235839844,436.3918151855469,24874940
2024-10-10,476.9800720214844,477.2689514160156,471.2988586425781,473.8024597167969,436.7024841308594,13292273
2024-10-11,474.71722412109375,475.6319885253906,469.32489013671875,470.09521484375,433.2855224609375,14949380
2024-10-14,472.7913818359375,480.4947204589844,470.5285339355469,478.5207214355469,441.0513000488281,6970606
2024-10-15,479.53179931640625,480.8798828125,476.1615905761719,480.0614013671875,442.4712829589844,8347216
2024-10-16,477.60595703125,480.35028076171875,474.09130859375,474.9097900390625,437.72308349609375,6939430
2024-10-17,476.6430358886719,476.6430358886719,469.90264892578125,470.7692565917969,433.9067687988281,7669729
2024-10-18,470.62481689453125,473.32098388671875,460.6586608886719,468.6508483886719,431.9542541503906,22616838
2024-10-21,468.6508483886719,469.5174865722656,459.6475830078125,465.7139587402344,429.2473449707031,7680088
2024-10-22,465.7139587402344,470.2878112792969,462.9696350097656,463.93255615234375,427.60540771484375,12772970
2024-10-23,463.1622314453125,465.3769226074219,461.7178649902344,462.5363464355469,426.31854248046875,10553961
2024-10-24,464.1251525878906,464.51031494140625,452.5701599121094,454.2071228027344,418.6414794921875,13596626
2024-10-25,458.1550598144531,475.19866943359375,456.6144104003906,464.4140319824219,428.0491638183594,32154050
2024-10-28,464.0769958496094,467.8805236816406,458.34765625,466.1954040527344,429.6910400390625,8946214
2024-10-29,467.0138854980469,471.0581359863281,463.45111083984375,469.8544921875,433.0636291503906,7131161
2024-10-30,469.8544921875,474.95794677734375,468.458251953125,473.32098388671875,436.2586975097656,6640080
2024-10-31,473.7543029785156,474.71722412109375,466.7250061035156,470.6729736328125,433.81805419921875,8111694
2024-11-01,472.7913818359375,473.8505859375,471.1544189453125,472.1173400878906,435.1493225097656,1517892
2024-11-04,475.1505126953125,475.1505126953125,461.7659912109375,466.62872314453125,430.0904541015625,8754385
2024-11-05,465.0399169921875,467.0620422363281,459.2624206542969,462.39190673828125,426.1853942871094,7610046
2024-11-06,462.39190673828125,466.4361572265625,460.27349853515625,463.2585144042969,426.984130859375,11749720
2024-11-07,463.8844299316406,464.7991943359375,458.4439392089844,460.17718505859375,424.1440734863281,9267980
2024-11-08,460.17718505859375,462.87335205078125,456.99957275390625,460.3216247558594,424.2772216796875,6325023
2024-11-11,460.3216247558594,463.6436767578125,456.51812744140625,459.2624206542969,423.3009338378906,5700343
2024-11-12,459.8883361816406,460.225341796875,453.6775207519531,455.3144836425781,419.6621398925781,5236095
2024-11-13,452.6183166503906,457.0958557128906,450.88507080078125,454.6885681152344,419.08526611328125,11548660
2024-11-14,453.7256774902344,455.4107666015625,445.1075744628906,448.67034912109375,413.5382995605469,12087836
2024-11-18,448.718505859375,450.4517517089844,444.8668518066406,449.24810791015625,414.07080078125,8448573
2024-11-19,450.64434814453125,456.18109130859375,448.959228515625,450.0184326171875,414.78082275390625,7121472
2024-11-21,443.9039306640625,446.8408203125,438.5115966796875,440.19671630859375,405.7281188964844,20313155
2024-11-22,439.28192138671875,458.8291015625,438.6078796386719,457.0477294921875,421.2596740722656,20214206
2024-11-25,461.23638916015625,464.3177185058594,454.88116455078125,459.11798095703125,423.1678466796875,14427013
2024-11-26,462.1993103027344,464.75103759765625,456.51812744140625,459.3105773925781,423.3453369140625,6791715
2024-11-27,459.7920227050781,462.2956237792969,455.45892333984375,459.2624206542969,423.3009338378906,7339184
2024-11-28,459.3105773925781,465.8583984375,453.0997619628906,457.2884521484375,421.4815673828125,14967609
2024-11-29,455.6514892578125,461.1401062011719,455.07373046875,459.0698547363281,423.12347412109375,8668142
2024-12-02,458.34765625,461.5252685546875,455.8440856933594,459.5031433105469,423.5228271484375,5689595
2024-12-03,448.718505859375,455.8440856933594,445.5890197753906,455.0256042480469,419.3959045410156,23073942
2024-12-04,456.8070068359375,460.466064453125,449.1036682128906,449.7777099609375,414.5589294433594,13957078
2024-12-05,450.2110290527344,455.2181701660156,445.3482971191406,450.1628723144531,414.9139404296875,27432375
2024-12-06,452.5701599121094,457.33660888671875,450.35546875,453.6775207519531,418.15338134765625,7842234
2024-12-09,454.0145263671875,454.4960021972656,445.7816162109375,447.7074279785156,412.6507568359375,12154116
2024-12-10,448.0926208496094,449.1518249511719,445.444580078125,448.18890380859375,413.09454345703125,9163636
2024-12-11,449.8739929199219,450.8369140625,447.4667053222656,447.9963073730469,412.9170227050781,7005617
2024-12-12,448.237060546875,450.54803466796875,442.1225280761719,443.5187683105469,408.79010009765625,13380617
2024-12-13,442.9410095214844,456.8070068359375,434.9006652832031,452.5701599121094,417.1327209472656,32976794
2024-12-16,452.8108825683594,456.8070068359375,450.64434814453125,452.66644287109375,417.2214660644531,9354160
2024-12-17,452.5701599121094,458.1550598144531,445.8778991699219,452.1368408203125,416.7333679199219,20608409
2024-12-18,455.1700439453125,456.229248046875,449.5851135253906,453.0516357421875,417.5765075683594,12841386
2024-12-19,451.60723876953125,456.75885009765625,448.0444641113281,449.24810791015625,414.07080078125,15161531
2024-12-20,449.199951171875,450.11474609375,442.2669677734375,447.4185791015625,412.384521484375,20231570
2024-12-23,453.7256774902344,459.984619140625,450.2591552734375,456.6625671386719,420.9046936035156,19562956
2024-12-24,457.2884521484375,462.4400329589844,455.12188720703125,460.706787109375,424.6322326660156,12009880
2024-12-26,462.7289123535156,463.980712890625,458.34765625,459.2624206542969,423.3009338378906,9188830
2024-12-27,461.9585876464844,464.02886962890625,458.34765625,460.8512268066406,424.765380859375,16906420
2024-12-30,462.9215087890625,463.5955505371094,458.34765625,459.3105773925781,423.3453369140625,13578360
2024-12-31,460.706787109375,466.6768798828125,456.951416015625,465.7139587402344,429.2473449707031,13787501
2025-01-01,467.976806640625,468.7952880859375,464.26959228515625,466.0028381347656,429.51361083984375,18931186
2025-01-02,467.3509216308594,471.8284606933594,464.4140319824219,470.9136962890625,434.0399169921875,27131131
2025-01-03,472.0691833496094,472.7913818359375,462.05487060546875,463.739990234375,427.42791748046875,38500784
2025-01-06,455.6000061035156,461.75,441.25,442.6499938964844,407.9893493652344,22009958
2025-01-07,445.5,447.6000061035156,440.1499938964844,441.1000061035156,406.5607604980469,14294780
2025-01-08,443.0,452.04998779296875,437.1000061035156,449.54998779296875,414.3490295410156,13482926
2025-01-09,449.3999938964844,460.6499938964844,446.04998779296875,450.1000061035156,414.8559875488281,19732649
2025-01-10,449.95001220703125,452.0,442.5,444.8999938964844,410.0631408691406,9145729
2025-01-13,435.0,444.0,435.0,439.04998779296875,404.67120361328125,17799607
2025-01-14,441.0,441.5,435.8500061035156,436.6000061035156,402.4130554199219,18048459
2025-01-15,436.6000061035156,441.79998779296875,435.3500061035156,437.3500061035156,403.1043395996094,9786805
2025-01-16,438.04998779296875,439.45001220703125,431.1000061035156,432.8500061035156,398.9566955566406,15774070
2025-01-17,433.0,441.79998779296875,432.5,440.20001220703125,405.731201171875,11270061
2025-01-20,439.0,441.20001220703125,436.0,437.70001220703125,403.42694091796875,8742771
2025-01-21,438.0,447.0,435.25,437.54998779296875,403.2886657714844,15686500
2025-01-22,439.8999938964844,441.95001220703125,436.54998779296875,437.0,402.78173828125,9619648
2025-01-23,435.0,441.8500061035156,434.1000061035156,440.20001220703125,405.731201171875,8888248
2025-01-24,439.3999938964844,445.0,439.04998779296875,441.6000061035156,407.02154541015625,9665384
2025-01-27,440.79998779296875,445.0,436.54998779296875,440.1000061035156,405.6390075683594,10480203
2025-01-28,440.0,441.79998779296875,434.5,435.45001220703125,401.3531188964844,20813072
2025-01-29,435.95001220703125,437.5,430.1000061035156,433.3500061035156,399.4175720214844,15158510
2025-01-30,433.0,438.0,431.45001220703125,436.20001220703125,402.0444030761719,22496695
2025-01-31,436.5,448.20001220703125,435.1000061035156,447.5,412.4595947265625,13546181
2025-02-01,448.0,471.5,439.54998779296875,462.54998779296875,426.33111572265625,30393007
2025-02-03,462.0,465.20001220703125,452.29998779296875,454.3500061035156,418.7732238769531,16991730
2025-02-04,458.0,460.3500061035156,448.75,455.1499938964844,419.51055908203125,18923681
2025-02-05,455.1499938964844,455.8500061035156,446.5,448.1499938964844,413.05865478515625,12836283
2025-02-06,450.0,450.0,438.20001220703125,441.1000061035156,406.5607604980469,17469129
2025-02-07,440.0,445.5,428.3999938964844,430.8500061035156,397.1133117675781,18875982
2025-02-10,427.0,433.29998779296875,426.5,427.20001220703125,393.7491455078125,12227140
2025-02-11,428.79998779296875,430.54998779296875,417.5,418.29998779296875,385.5459899902344,14288751
2025-02-12,413.1499938964844,413.79998779296875,407.6000061035156,409.8999938964844,383.76715087890625,13884574
2025-02-13,409.95001220703125,413.95001220703125,409.0,409.70001220703125,383.5799255371094,12989029
2025-02-14,411.75,416.20001220703125,408.3999938964844,410.25,384.0948181152344,14124236
2025-02-17,409.79998779296875,411.3999938964844,406.75,408.6000061035156,382.550048828125,11975265
2025-02-18,408.0,410.8500061035156,404.0,405.25,379.41363525390625,12998403
2025-02-19,404.79998779296875,408.79998779296875,404.5,406.3999938964844,380.4902648925781,7079032
2025-02-20,399.95001220703125,403.8999938964844,396.20001220703125,402.04998779296875,376.4176025390625,15355585
2025-02-21,402.04998779296875,403.25,399.20001220703125,400.8999938964844,375.3409423828125,8240986
2025-02-24,400.0,403.3999938964844,398.75,401.8999938964844,376.2771911621094,7037625
2025-02-25,402.0,407.0,400.5,404.8500061035156,379.03912353515625,15760891
2025-02-27,404.8500061035156,406.5,399.5,401.6000061035156,375.99627685546875,19051003
2025-02-28,399.0,402.5,392.20001220703125,395.0,369.81707763671875,31954776
2025-03-03,395.95001220703125,399.0,391.20001220703125,397.45001220703125,372.1109313964844,10702826
2025-03-04,395.3999938964844,397.20001220703125,392.8500061035156,394.8500061035156,369.6766357421875,13404774
2025-03-05,394.5,412.75,394.5,405.04998779296875,379.226318359375,15665018
2025-03-06,409.1499938964844,409.70001220703125,400.54998779296875,405.70001220703125,379.8349304199219,17869996
2025-03-07,403.54998779296875,405.8500061035156,401.70001220703125,403.8999938964844,378.1496887207031,11180761
2025-03-10,401.04998779296875,406.8500061035156,400.3999938964844,405.0,379.1795349121094,9785018
2025-03-11,401.5,408.3999938964844,401.20001220703125,406.20001220703125,380.30303955078125,11099475
2025-03-12,406.3999938964844,413.29998779296875,404.0,412.3999938964844,386.1077880859375,13844306
2025-03-13,413.0,414.3999938964844,408.20001220703125,412.04998779296875,385.7800598144531,8196569
2025-03-17,413.0,416.25,407.0,407.95001220703125,381.9414978027344,5257805
2025-03-18,410.0,411.95001220703125,407.75,409.1000061035156,383.0181579589844,13861897
2025-03-19,410.0,410.75,402.6000061035156,403.04998779296875,377.3538513183594,12830387
2025-03-20,405.0,406.6499938964844,401.8999938964844,403.95001220703125,378.1965026855469,16994037
2025-03-21,405.95001220703125,407.5,401.70001220703125,405.54998779296875,379.6944885253906,25302035
2025-03-24,407.0,412.8500061035156,405.6000061035156,410.8999938964844,384.7033996582031,14362572
2025-03-25,412.0,415.25,408.70001220703125,409.79998779296875,383.6734924316406,20338110
2025-03-26,410.29998779296875,411.20001220703125,406.25,407.3500061035156,381.3797302246094,13891436
2025-03-27,408.0,410.70001220703125,405.6499938964844,409.45001220703125,383.3458557128906,18642328
2025-03-28,410.8999938964844,415.6000061035156,408.1499938964844,409.75,383.626708984375,12981873
2025-04-01,409.79998779296875,414.3999938964844,405.6000061035156,406.6499938964844,380.724365234375,15206240
2025-04-02,407.04998779296875,410.0,406.04998779296875,409.04998779296875,382.9713134765625,8001323
2025-04-03,407.04998779296875,410.20001220703125,406.70001220703125,409.3999938964844,383.29901123046875,7059566
2025-04-04,407.5,412.79998779296875,404.5,409.70001220703125,383.5799255371094,18627592
2025-04-07,390.1499938964844,408.1000061035156,390.1499938964844,406.04998779296875,380.1625671386719,26762866
2025-04-08,411.8999938964844,415.79998779296875,407.25,412.54998779296875,386.2481994628906,18600796
2025-04-09,413.0,419.04998779296875,411.25,416.29998779296875,389.7591247558594,21785572
2025-04-11,420.0,422.45001220703125,417.0,421.54998779296875,394.67437744140625,8939356
2025-04-15,429.20001220703125,429.20001220703125,419.0,420.3999938964844,393.59771728515625,11685880
2025-04-16,418.0,426.04998779296875,418.0,424.45001220703125,397.3895263671875,13034594
2025-04-17,425.0,427.8500061035156,421.54998779296875,427.25,400.0110168457031,22410217
2025-04-21,428.04998779296875,429.1000061035156,421.5,422.8500061035156,395.89154052734375,27388236
2025-04-22,425.95001220703125,434.79998779296875,423.54998779296875,433.6000061035156,405.9561767578125,32031936
2025-04-23,436.20001220703125,437.45001220703125,428.8500061035156,430.8500061035156,403.3815002441406,19566317
2025-04-24,431.8500061035156,436.04998779296875,429.29998779296875,430.04998779296875,402.6324768066406,26064089
2025-04-25,430.04998779296875,432.70001220703125,423.29998779296875,427.79998779296875,400.52593994140625,22944377
2025-04-28,426.6499938964844,430.5,424.75,428.79998779296875,401.462158203125,6287095
2025-04-29,428.8999938964844,429.6000061035156,425.0,426.0,398.8406982421875,11189930
2025-04-30,427.3999938964844,429.29998779296875,422.0,425.79998779296875,398.6534423828125,10026546
2025-05-02,424.1000061035156,431.5,424.1000061035156,429.5,402.1175537109375,9263372
2025-05-05,430.25,438.5,429.3500061035156,436.95001220703125,409.0926208496094,11525305
2025-05-06,437.5,439.6499938964844,433.0,435.54998779296875,407.7818298339844,15026568
2025-05-07,433.3999938964844,435.0,429.70001220703125,431.1499938964844,403.662353515625,9710361
2025-05-08,429.0,431.5,423.54998779296875,430.6000061035156,403.1474304199219,19937960
2025-05-09,425.95001220703125,429.1499938964844,423.0,423.54998779296875,396.5469055175781,8226512
2025-05-12,429.5,436.20001220703125,428.1499938964844,435.5,407.73504638671875,8031891
2025-05-13,434.8999938964844,437.95001220703125,425.3500061035156,427.8999938964844,400.61956787109375,14976369
2025-05-14,427.1000061035156,431.8500061035156,425.8999938964844,429.1000061035156,401.7430725097656,9557309
2025-05-15,429.1000061035156,435.3999938964844,426.0,432.6499938964844,405.0667419433594,24263510
2025-05-16,434.8999938964844,436.20001220703125,432.1000061035156,435.70001220703125,407.92230224609375,16402035
2025-05-19,435.0,438.5,432.6499938964844,435.3500061035156,407.5946044921875,7543854
2025-05-20,437.0,440.79998779296875,432.8999938964844,434.8999938964844,407.17327880859375,9868414
2025-05-21,436.6000061035156,438.20001220703125,432.0,433.0,405.3944396972656,5776672
2025-05-22,433.0,433.0,422.8999938964844,426.1000061035156,398.934326171875,19451749
2025-05-23,434.0,439.0,429.0,436.29998779296875,408.4840087890625,18536884
2025-05-26,438.25,443.54998779296875,436.75,442.8999938964844,414.66326904296875,13107662
2025-05-27,442.8999938964844,444.20001220703125,430.8500061035156,433.8999938964844,406.2370300292969,26986022
2025-05-28,417.70001220703125,422.6000061035156,413.0,420.20001220703125,400.65911865234375,431851622
2025-05-29,422.0,422.79998779296875,416.6000061035156,418.75,399.2765197753906,21478547
2025-05-30,419.1000061035156,420.04998779296875,416.3999938964844,418.04998779296875,398.60906982421875,30656239
2025-06-02,418.29998779296875,420.45001220703125,414.54998779296875,419.29998779296875,399.8009338378906,14973380
2025-06-03,419.0,421.70001220703125,415.6499938964844,416.95001220703125,397.5602722167969,13216486
2025-06-04,417.1499938964844,419.0,415.95001220703125,417.0,397.60791015625,12598933
2025-06-05,418.5,420.95001220703125,415.75,419.1000061035156,399.6102600097656,13212523
2025-06-06,420.29998779296875,421.29998779296875,419.0,421.04998779296875,401.4695739746094,8774988
2025-06-09,422.0,423.6000061035156,420.5,423.04998779296875,403.3765563964844,10473123
2025-06-10,424.5,428.54998779296875,423.04998779296875,427.0,407.14288330078125,13041075
2025-06-11,428.0,428.1000061035156,424.8500061035156,426.1499938964844,406.3323974609375,20789182
2025-06-12,427.0,427.20001220703125,419.54998779296875,421.0,401.4219055175781,18508835
2025-06-13,415.0,419.3500061035156,413.5,413.8999938964844,394.6520690917969,17873926
2025-06-16,414.95001220703125,418.8999938964844,413.25,418.20001220703125,398.7521057128906,7006629
2025-06-17,418.1000061035156,419.04998779296875,415.70001220703125,417.3999938964844,397.98931884765625,9028406
2025-06-18,417.0,418.45001220703125,414.8999938964844,415.8999938964844,396.5590515136719,8036215
2025-06-19,415.6499938964844,418.25,414.79998779296875,416.0,396.6544189453125,12601006
2025-06-20,416.0,419.5,416.0,418.54998779296875,399.0858154296875,13203184
2025-06-23,417.0,417.5,411.75,413.8999938964844,394.6520690917969,14839890
2025-06-24,416.8999938964844,420.6499938964844,413.75,414.3500061035156,395.0811462402344,16690068
2025-06-25,416.3999938964844,418.1499938964844,415.1000061035156,416.3500061035156,396.9881591796875,9946718
2025-06-26,417.20001220703125,420.8999938964844,416.25,420.29998779296875,400.7544250488281,13703918
2025-06-27,421.0,422.0,417.79998779296875,418.6499938964844,399.18115234375,21409935
2025-06-30,419.79998779296875,420.75,415.79998779296875,416.45001220703125,397.08349609375,12317124
2025-07-01,417.0,418.8500061035156,414.8999938964844,415.1000061035156,395.7962646484375,13670465
2025-07-02,416.8999938964844,416.8999938964844,411.70001220703125,412.95001220703125,393.74627685546875,15990899
2025-07-03,414.0,416.0,411.25,413.3500061035156,394.1276550292969,14185298
2025-07-04,414.8999938964844,415.0,411.75,412.54998779296875,393.3648376464844,8256733
2025-07-07,413.0,417.20001220703125,412.0,416.1499938964844,396.79742431640625,6845218
2025-07-08,416.1499938964844,418.1000061035156,414.6499938964844,417.20001220703125,397.7986145019531,6807192
2025-07-09,416.20001220703125,420.29998779296875,415.45001220703125,419.45001220703125,399.9440002441406,9930533
2025-07-10,420.29998779296875,420.29998779296875,416.3999938964844,416.8500061035156,397.46490478515625,6220360
2025-07-11,417.0,418.04998779296875,415.5,416.79998779296875,397.4172058105469,8578844
2025-07-14,417.04998779296875,419.95001220703125,416.54998779296875,419.3999938964844,399.8962707519531,6896989
2025-07-15,420.8999938964844,422.3999938964844,419.0,422.1000061035156,402.4707336425781,8532755
2025-07-16,422.1000061035156,425.45001220703125,420.29998779296875,424.6000061035156,404.8544616699219,9780773
2025-07-17,425.79998779296875,425.8999938964844,423.0,423.95001220703125,404.2347106933594,7240795
2025-07-18,425.20001220703125,425.20001220703125,420.1000061035156,422.75,403.09051513671875,6730256
2025-07-21,422.0,422.75,418.3999938964844,420.1000061035156,400.5637512207031,4822343
2025-07-22,420.1000061035156,420.3999938964844,415.20001220703125,416.0,396.6544189453125,9869507
2025-07-23,417.1000061035156,417.8999938964844,414.0,414.95001220703125,395.65325927734375,12196187
2025-07-24,415.8500061035156,415.8500061035156,409.45001220703125,409.95001220703125,390.8857727050781,9005157
2025-07-25,410.0,410.25,407.75,409.3999938964844,390.361328125,5824089
2025-07-28,410.79998779296875,410.8500061035156,408.6000061035156,409.8999938964844,390.83807373046875,8123337
2025-07-29,410.0,411.3999938964844,408.0,408.45001220703125,389.45550537109375,6811772
2025-07-30,409.0,409.29998779296875,405.75,407.6000061035156,388.6450500488281,10915863
2025-07-31,405.95001220703125,414.0,405.54998779296875,411.95001220703125,392.79278564453125,19364174
2025-08-01,412.3999938964844,419.3500061035156,411.79998779296875,416.45001220703125,397.08349609375,14324065
2025-08-04,420.20001220703125,422.5,415.1000061035156,416.8500061035156,397.46490478515625,18352458
2025-08-05,417.20001220703125,417.95001220703125,413.0,414.1499938964844,394.89044189453125,8495104
2025-08-06,414.1499938964844,415.0,410.5,412.0,392.8404235839844,9080543
2025-08-07,412.0,414.75,411.6499938964844,413.6000061035156,394.36602783203125,11514878
2025-08-08,413.8999938964844,415.3500061035156,412.95001220703125,414.5,395.22418212890625,9814361
2025-08-11,414.5,417.0,414.0,416.8500061035156,397.46490478515625,8514272
2025-08-12,417.0,419.79998779296875,415.29998779296875,416.3500061035156,396.9881591796875,13635738
2025-08-13,417.20001220703125,417.5,413.6000061035156,414.1000061035156,394.8427734375,10874910
2025-08-14,414.25,415.04998779296875,411.0,411.45001220703125,392.3160095214844,9580361
2025-08-18,413.0,413.70001220703125,404.8500061035156,406.29998779296875,387.4054870605469,30950814
2025-08-19,406.3500061035156,409.3999938964844,404.5,409.1000061035156,390.0753173828125,16681331
2025-08-20,409.1000061035156,410.25,405.45001220703125,406.04998779296875,387.1671142578125,18188129
2025-08-21,406.04998779296875,406.8500061035156,403.3500061035156,405.54998779296875,386.69036865234375,15028966
2025-08-22,406.0,406.5,397.5,398.29998779296875,379.77752685546875,13087624
2025-08-25,399.0,400.54998779296875,396.25,399.3500061035156,380.7787170410156,10440286
2025-08-26,399.29998779296875,405.3999938964844,398.3999938964844,403.3500061035156,384.5926818847656,13715752
2025-08-28,404.5,404.5,400.0,400.8999938964844,382.2566223144531,12471719
2025-08-29,402.0,410.45001220703125,401.8999938964844,409.75,390.695068359375,25255050
2025-09-01,409.75,410.20001220703125,405.0,405.8500061035156,386.9764404296875,12268090
2025-09-02,406.54998779296875,407.8500061035156,404.45001220703125,406.75,387.8345947265625,19808255
2025-09-03,408.5,413.25,407.29998779296875,411.75,392.6020812988281,12936588
2025-09-04,423.95001220703125,427.0,415.0,415.8999938964844,396.5590515136719,27274123
2025-09-05,416.8999938964844,417.0,404.3999938964844,407.3500061035156,388.40667724609375,16000675
2025-09-08,407.45001220703125,410.54998779296875,406.79998779296875,407.54998779296875,388.5973815917969,7419022
2025-09-09,408.5,410.95001220703125,407.3999938964844,410.04998779296875,390.9811096191406,8825896
2025-09-10,411.0,413.70001220703125,408.95001220703125,413.04998779296875,393.8415832519531,9252397
2025-09-11,413.04998779296875,416.70001220703125,412.45001220703125,415.04998779296875,395.74859619140625,8274406
2025-09-12,415.3500061035156,417.04998779296875,412.8500061035156,413.75,394.5090637207031,7803379
2025-09-15,413.04998779296875,414.29998779296875,411.75,412.6499938964844,393.4601745605469,5707331
2025-09-16,413.20001220703125,414.3500061035156,412.0,413.1000061035156,393.8892822265625,8239087
2025-09-17,413.95001220703125,414.6000061035156,408.04998779296875,409.29998779296875,390.2659912109375,14113882
2025-09-18,411.3500061035156,413.04998779296875,410.1000061035156,411.54998779296875,392.4113464355469,15647808
2025-09-19,411.54998779296875,412.6000061035156,408.95001220703125,410.6499938964844,391.55322265625,19505321
2025-09-22,410.6499938964844,411.0,406.04998779296875,406.95001220703125,388.0252990722656,8930779
2025-09-23,407.1000061035156,408.1000061035156,402.1000061035156,403.20001220703125,384.4496765136719,14936357
2025-09-24,403.20001220703125,404.6499938964844,400.70001220703125,401.0,382.35198974609375,12380865
2025-09-25,401.45001220703125,403.0,398.0,400.1000061035156,381.49383544921875,22006368
2025-09-26,400.1000061035156,405.8999938964844,399.79998779296875,405.1000061035156,386.2613220214844,14414044
2025-09-29,406.8999938964844,408.0,403.20001220703125,407.25,388.3113098144531,19717660
2025-09-30,406.75,406.75,400.3999938964844,401.54998779296875,382.87640380859375,9465490
2025-10-01,402.3500061035156,406.0,399.75,405.6000061035156,386.7380676269531,17643039
2025-10-03,404.8999938964844,405.5,402.29998779296875,404.29998779296875,385.4985046386719,16987141
2025-10-06,403.0,403.8999938964844,399.79998779296875,400.75,382.11358642578125,13989077
2025-10-07,402.5,402.6000061035156,399.5,399.79998779296875,381.2077941894531,12298968
2025-10-08,400.0,401.75,398.0,399.75,381.16009521484375,8402463
2025-10-09,399.0,401.3999938964844,398.95001220703125,399.8999938964844,381.3031311035156,15656267
2025-10-10,400.45001220703125,403.8500061035156,399.5,402.79998779296875,384.0682373046875,15085738
2025-10-13,400.0,400.95001220703125,398.54998779296875,399.25,380.683349609375,9508594
2025-10-14,400.0,400.8500061035156,396.20001220703125,396.79998779296875,378.3472900390625,10291102
2025-10-15,398.0,400.8500061035156,397.25,399.8999938964844,381.3031311035156,16043867
2025-10-16,401.0,406.0,399.54998779296875,405.1499938964844,386.3089599609375,22962049
2025-10-17,405.3500061035156,413.8500061035156,405.25,412.1499938964844,392.98345947265625,21071344
2025-10-20,412.54998779296875,414.8500061035156,411.29998779296875,413.04998779296875,393.8415832519531,13083621
2025-10-21,413.5,413.95001220703125,412.3500061035156,412.8500061035156,393.6509094238281,1142130
2025-10-23,416.0,420.45001220703125,413.54998779296875,415.95001220703125,396.60675048828125,24305990
2025-10-24,415.95001220703125,417.95001220703125,413.45001220703125,416.79998779296875,397.4172058105469,14935678
2025-10-27,417.0,422.70001220703125,416.6000061035156,420.6499938964844,401.0881652832031,11603679
2025-10-28,420.5,421.6499938964844,415.8999938964844,417.8999938964844,398.466064453125,17163147
2025-10-29,418.20001220703125,422.20001220703125,416.04998779296875,421.6000061035156,401.9940185546875,11470661
2025-10-30,421.6000061035156,421.70001220703125,416.1499938964844,418.75,399.2765197753906,12938674
2025-10-31,420.5,426.3999938964844,418.20001220703125,420.3500061035156,400.8021240234375,18599864
2025-11-03,419.95001220703125,421.6499938964844,413.29998779296875,413.95001220703125,394.69976806640625,7635440
2025-11-04,414.0,414.5,408.3500061035156,408.8999938964844,389.88458251953125,10085404
2025-11-06,410.0,413.29998779296875,406.54998779296875,407.5,388.5497131347656,10095563
2025-11-07,406.04998779296875,409.1000061035156,403.1000061035156,404.04998779296875,385.2601318359375,8411611
2025-11-10,404.04998779296875,407.1000061035156,403.6499938964844,405.54998779296875,386.69036865234375,6650003
2025-11-11,406.0,408.04998779296875,404.6000061035156,406.8500061035156,387.929931640625,12005318
2025-11-12,408.0,408.1000061035156,405.54998779296875,407.0,388.07293701171875,7987236
2025-11-13,407.0,407.5,404.5,405.70001220703125,386.8334045410156,6617185
2025-11-14,404.70001220703125,408.75,400.1000061035156,408.1499938964844,389.1694641113281,64020258
2025-11-17,409.75,412.0,406.0,407.1000061035156,388.1683044433594,7855399
2025-11-18,408.25,409.79998779296875,404.54998779296875,405.8500061035156,386.9764404296875,7661681
2025-11-19,404.8500061035156,405.54998779296875,402.79998779296875,403.54998779296875,384.78338623046875,7882450
2025-11-20,403.54998779296875,407.0,403.25,405.45001220703125,386.59503173828125,6693410
2025-11-21,405.0,408.5,404.70001220703125,407.8500061035156,388.8834228515625,5808131
2025-11-24,408.3999938964844,408.79998779296875,402.8500061035156,403.54998779296875,384.78338623046875,11037491
2025-11-25,403.54998779296875,404.5,400.1000061035156,400.79998779296875,382.1612854003906,8199785
2025-11-26,401.0,403.95001220703125,400.95001220703125,402.29998779296875,383.5915222167969,11443953
2025-11-27,403.5,405.95001220703125,402.1000061035156,404.29998779296875,385.4985046386719,8679529
2025-11-28,404.29998779296875,405.0,402.5,404.25,385.4508361816406,6883500
2025-12-01,402.79998779296875,405.5,398.20001220703125,404.25,385.4508361816406,13442658
2025-12-02,404.25,405.5,400.5,400.95001220703125,382.3043212890625,8093808
2025-12-03,401.70001220703125,402.20001220703125,398.8500061035156,400.5,381.8752136230469,10772192
2025-12-04,400.1000061035156,403.54998779296875,399.04998779296875,403.04998779296875,384.3066101074219,8057989
2025-12-05,403.04998779296875,405.3500061035156,402.0,404.95001220703125,386.1182861328125,4419747
2025-12-08,404.95001220703125,405.25,400.54998779296875,402.29998779296875,383.5915222167969,6056866
2025-12-09,402.0,404.5,400.0,401.04998779296875,382.3996276855469,9426717
2025-12-10,401.1000061035156,404.3999938964844,401.0,403.1499938964844,384.4019775390625,6969146
2025-12-11,403.1499938964844,404.0,401.1000061035156,402.8999938964844,384.16363525390625,6980147
2025-12-12,402.8999938964844,404.0,399.8500061035156,400.1000061035156,381.49383544921875,12407516
2025-12-15,400.1000061035156,403.3500061035156,399.5,402.29998779296875,383.5915222167969,7756564
2025-12-16,401.3999938964844,405.75,401.04998779296875,401.70001220703125,383.0194091796875,12347384
2025-12-17,401.0,403.1000061035156,399.1000061035156,399.79998779296875,381.2077941894531,8087490
2025-12-18,400.0,401.95001220703125,399.8500061035156,400.3999938964844,381.7798767089844,7227668
2025-12-19,400.25,402.6499938964844,400.25,401.04998779296875,382.3996276855469,10654835
2025-12-22,401.6000061035156,403.6499938964844,401.20001220703125,402.70001220703125,383.9729309082031,6847871
2025-12-23,402.5,408.8999938964844,401.79998779296875,407.3500061035156,388.40667724609375,10081997
2025-12-24,407.95001220703125,409.5,405.6499938964844,406.6000061035156,387.6915588378906,5777430
2025-12-26,406.5,407.1499938964844,403.8500061035156,404.1499938964844,385.35546875,3152453
2025-12-29,404.1000061035156,404.79998779296875,401.45001220703125,402.6000061035156,383.8775634765625,6647710
2025-12-30,403.0,403.45001220703125,400.29998779296875,400.6000061035156,381.9705810546875,12340527
2025-12-31,401.1000061035156,403.75,400.8500061035156,403.0,384.25897216796875,9945109
2026-01-01,402.70001220703125,402.70001220703125,362.70001220703125,363.8500061035156,346.9295959472656,282626710
2026-01-02,360.0,360.0,345.25,350.04998779296875,333.7713317871094,118790358
2026-01-05,350.20001220703125,353.95001220703125,346.04998779296875,349.70001220703125,333.4376220703125,48358124
2026-01-06,350.25,350.70001220703125,337.75,342.45001220703125,326.5248107910156,72582738
2026-01-07,343.0,344.54998779296875,339.29998779296875,341.25,325.38055419921875,29440734
2026-01-08,341.5,345.1499938964844,339.04998779296875,340.8999938964844,325.0468444824219,36706319
2026-01-09,340.8999938964844,341.0,336.1000061035156,337.1499938964844,321.4712219238281,35193201
2026-01-12,338.25,339.5,335.79998779296875,338.3999938964844,322.6630859375,16156143
2026-01-13,339.0,339.5,333.70001220703125,334.70001220703125,319.13519287109375,24922339
2026-01-14,336.0,336.0,333.45001220703125,334.75,319.182861328125,14913422
2026-01-15,334.75,334.75,334.75,334.75,319.182861328125,0
2026-01-16,337.5,337.5,328.54998779296875,329.20001220703125,313.8909606933594,30526898
2026-01-19,330.0,334.6499938964844,327.29998779296875,333.20001220703125,317.7049255371094,15507440
2026-01-20,334.04998779296875,334.5,325.5,326.29998779296875,311.12579345703125,18771011
2026-01-21,326.0,329.29998779296875,324.3500061035156,324.75,309.64788818359375,14177965
2026-01-22,326.1000061035156,328.70001220703125,321.04998779296875,324.8500061035156,309.7432556152344,18622852
2026-01-23,325.54998779296875,326.3999938964844,322.70001220703125,323.3999938964844,308.3606872558594,11950089
2026-01-27,323.6000061035156,324.70001220703125,317.8500061035156,318.6499938964844,303.8315734863281,47847784
2026-01-28,319.95001220703125,323.70001220703125,319.3500061035156,321.1499938964844,306.2153015136719,28400238
2026-01-29,322.6000061035156,322.6000061035156,318.04998779296875,318.6000061035156,303.7839050292969,17719420
2026-01-30,318.79998779296875,325.1499938964844,316.45001220703125,322.1499938964844,307.1687927246094,41975824
2026-02-02,309.45001220703125,315.3999938964844,302.0,314.70001220703125,300.06524658203125,35227572
2026-02-03,321.20001220703125,324.75,311.6000061035156,316.6499938964844,301.924560546875,33168353
2026-02-04,312.5,314.95001220703125,311.3500061035156,313.8500061035156,305.5264587402344,11196759
2026-02-05,313.95001220703125,315.3500061035156,309.29998779296875,310.20001220703125,301.9732666015625,15816704
2026-02-06,310.0,327.70001220703125,308.29998779296875,325.79998779296875,317.1595153808594,68057745
2026-02-09,327.95001220703125,328.70001220703125,321.6499938964844,322.79998779296875,314.23907470703125,20059198
2026-02-10,323.0,323.54998779296875,320.75,321.3999938964844,312.876220703125,11489090
2026-02-11,321.95001220703125,322.20001220703125,316.29998779296875,318.25,309.80975341796875,24843366
2026-02-12,317.29998779296875,320.3999938964844,316.8999938964844,317.45001220703125,309.0309753417969,13294561
2026-02-13,316.0,318.3999938964844,313.25,313.75,305.4291076660156,8730618
2026-02-16,313.75,318.25,313.1499938964844,317.95001220703125,309.5177307128906,11693763
2026-02-17,318.45001220703125,328.04998779296875,318.1499938964844,325.45001220703125,316.8188171386719,39360672
2026-02-18,326.0,332.95001220703125,324.79998779296875,332.45001220703125,323.6331787109375,35473203
2026-02-19,334.04998779296875,334.25,325.0,326.0,317.3542175292969,19911747
2026-02-20,325.04998779296875,327.8500061035156,325.04998779296875,327.0,318.32769775390625,11282027
2026-02-23,327.0,328.1000061035156,324.3999938964844,325.3999938964844,316.7701416015625,13486092
2026-02-24,324.0,325.3999938964844,322.04998779296875,323.5,314.9205322265625,13135859
2026-02-25,325.5,326.6000061035156,318.1000061035156,319.75,311.2699890136719,13492101
2026-02-26,320.0,321.3999938964844,317.6000061035156,318.29998779296875,309.8584289550781,11270119
2026-02-27,316.0,317.75,312.6499938964844,313.6000061035156,305.2830810546875,13892595
2026-03-02,307.0,315.75,307.0,314.8999938964844,306.548583984375,22194311
2026-03-04,310.6000061035156,315.5,310.5,311.95001220703125,303.6768493652344,24165489
2026-03-05,312.20001220703125,313.6000061035156,308.20001220703125,311.5,303.23876953125,19938009
2026-03-06,310.04998779296875,312.29998779296875,309.20001220703125,309.70001220703125,301.48651123046875,21288269
2026-03-09,305.0,307.20001220703125,303.6000061035156,306.0,297.8846435546875,14084931
2026-03-10,309.0,310.0,303.75,309.04998779296875,300.8537292480469,18352950
2026-03-11,309.04998779296875,310.6499938964844,307.70001220703125,309.0,300.8050842285156,14842485
2026-03-12,307.04998779296875,308.0,302.8500061035156,304.1000061035156,296.0350341796875,23319679
2026-03-13,304.0,306.0,300.6499938964844,301.45001220703125,293.455322265625,25659996
2026-03-16,302.54998779296875,309.45001220703125,302.0,308.25,300.0749816894531,37472204
2026-03-17,309.95001220703125,309.95001220703125,304.04998779296875,304.8500061035156,296.76513671875,25649286
2026-03-18,305.8999938964844,306.95001220703125,303.5,304.04998779296875,295.986328125,16702554
2026-03-19,301.5,305.5,297.1000061035156,298.0,290.0968017578125,17851126
2026-03-20,301.04998779296875,308.75,298.1499938964844,299.95001220703125,291.9950866699219,58679529
2026-03-23,298.8999938964844,299.0,289.54998779296875,290.45001220703125,282.7470397949219,31788160
2026-03-24,295.95001220703125,296.0,288.75,291.25,283.52581787109375,33335721
2026-03-25,292.70001220703125,298.5,292.25,295.70001220703125,287.8578186035156,26184716
2026-03-27,294.70001220703125,296.8500061035156,291.54998779296875,294.70001220703125,286.88433837890625,22179022
2026-03-30,293.6000061035156,294.45001220703125,287.0,287.70001220703125,280.0699768066406,24586921
2026-04-01,293.0,294.45001220703125,290.8999938964844,291.70001220703125,283.9638977050781,18604340
2026-04-02,290.25,293.6499938964844,288.3999938964844,292.8500061035156,285.0834045410156,18082775
2026-04-06,293.0,295.3500061035156,290.25,294.8500061035156,287.0303649902344,18047063
2026-04-07,294.1499938964844,299.0,292.75,298.45001220703125,290.5348815917969,26963485
2026-04-08,303.8999938964844,304.6000061035156,301.54998779296875,302.45001220703125,294.4288024902344,22310207
2026-04-09,301.5,304.3999938964844,301.25,303.0,294.9642028808594,17691477
2026-04-10,303.0,305.3999938964844,302.6000061035156,304.25,296.1810607910156,17744386
2026-04-13,300.0,301.45001220703125,298.1000061035156,298.6499938964844,290.72955322265625,16522014
2026-04-15,300.70001220703125,304.0,300.54998779296875,302.04998779296875,294.0393981933594,18701403
2026-04-16,302.95001220703125,305.3500061035156,301.8500061035156,303.3999938964844,295.35357666015625,16512053
2026-04-17,303.8500061035156,309.95001220703125,303.8500061035156,306.79998779296875,298.6634216308594,35111203
2026-04-20,307.0,307.95001220703125,304.45001220703125,305.0,296.9111633300781,13540471
2026-04-21,305.0,311.1000061035156,304.54998779296875,309.6499938964844,301.4378356933594,24411865
2026-04-22,310.0,310.54998779296875,305.1000061035156,305.5,297.39788818359375,24500511
2026-04-23,304.0,306.3500061035156,303.25,305.29998779296875,297.20318603515625,10701849
2026-04-24,306.6499938964844,306.6499938964844,301.1000061035156,301.6000061035156,293.6013488769531,17011704
2026-04-27,303.6499938964844,305.6499938964844,302.8500061035156,303.8500061035156,295.7916564941406,14382348
2026-04-28,304.3999938964844,305.79998779296875,302.54998779296875,304.45001220703125,296.3757629394531,12907339
2026-04-29,305.1000061035156,317.5,305.1000061035156,316.25,307.86279296875,31199038
2026-04-30,316.25,317.5,313.29998779296875,314.8999938964844,306.548583984375,11541956
2026-05-01,314.8999938964844,314.8999938964844,314.8999938964844,314.8999938964844,306.548583984375,0
2026-05-04,317.8999938964844,317.8999938964844,310.5,311.1000061035156,302.8493957519531,20245091
2026-05-05,311.1000061035156,313.70001220703125,309.6499938964844,311.45001220703125,303.19012451171875,26795704
2026-05-06,312.79998779296875,313.6000061035156,309.25,310.70001220703125,302.4599914550781,20287609
2026-05-07,311.45001220703125,311.6499938964844,307.0,307.3999938964844,299.24749755859375,25718615
2026-05-08,308.8999938964844,308.8999938964844,305.70001220703125,307.45001220703125,299.29620361328125,17739844
2026-05-11,307.0,308.0,305.1499938964844,305.8500061035156,297.7386169433594,14968661
2026-05-12,305.3500061035156,306.25,300.1000061035156,300.70001220703125,292.7252197265625,15968338
2026-05-13,302.0,305.79998779296875,301.04998779296875,304.45001220703125,296.3757629394531,13024778
2026-05-14,305.0,309.20001220703125,304.8500061035156,307.20001220703125,299.0528259277344,11113377
2026-05-15,307.20001220703125,312.04998779296875,306.29998779296875,309.45001220703125,301.2431640625,11954564
2026-05-18,309.45001220703125,312.29998779296875,306.5,310.1499938964844,301.924560546875,14422870
2026-05-19,311.95001220703125,314.25,308.3500061035156,310.29998779296875,302.0705871582031,17519355
2026-05-20,309.0,309.6499938964844,306.20001220703125,307.54998779296875,299.3935241699219,12127920
2026-05-21,309.8500061035156,311.29998779296875,305.79998779296875,308.04998779296875,299.8802490234375,21868988
2026-05-22,305.8999938964844,307.0,301.0,301.70001220703125,293.6986999511719,30751752
2026-05-25,303.95001220703125,305.5,302.3500061035156,303.95001220703125,295.8890075683594,15734247
2026-05-26,304.3500061035156,304.3999938964844,301.1000061035156,301.6499938964844,293.6499938964844,37560542
2026-05-27,295.6499938964844,296.3500061035156,291.04998779296875,291.95001220703125,291.95001220703125,25446093
2026-05-28,291.95001220703125,291.95001220703125,291.95001220703125,291.95001220703125,291.95001220703125,0
2026-05-29,292.0,292.3999938964844,285.8999938964844,286.8999938964844,286.8999938964844,31930439
2026-06-01,287.79998779296875,288.54998779296875,278.29998779296875,279.6499938964844,279.6499938964844,23477875
2026-06-02,279.5,283.6000061035156,277.1000061035156,283.25,283.25,20206131
2026-06-03,282.3500061035156,282.3500061035156,275.20001220703125,277.0,277.0,28001438
2026-06-04,277.0,280.6499938964844,275.04998779296875,280.29998779296875,280.29998779296875,22017634
2026-06-05,280.0,281.3999938964844,277.8500061035156,280.70001220703125,280.70001220703125,16065822
2026-06-08,279.0,283.45001220703125,276.95001220703125,279.45001220703125,279.45001220703125,15779677
2026-06-09,281.70001220703125,281.70001220703125,277.1499938964844,280.0,280.0,12302522
2026-06-10,280.0,285.8500061035156,278.6499938964844,283.6499938964844,283.6499938964844,19823743
2026-06-11,283.0,283.25,281.20001220703125,282.3999938964844,282.3999938964844,12603100
2026-06-12,283.54998779296875,285.8500061035156,283.0,285.1000061035156,285.1000061035156,12893433
2026-06-15,287.0,288.8500061035156,286.70001220703125,287.8999938964844,287.8999938964844,11194950
2026-06-16,288.1499938964844,292.1499938964844,287.5,291.6499938964844,291.6499938964844,14467499
2026-06-17,291.95001220703125,292.3500061035156,290.0,290.75,290.75,8626353
2026-06-18,291.04998779296875,291.8999938964844,288.0,291.1499938964844,291.1499938964844,10409670
2026-06-19,289.79998779296875,294.54998779296875,288.3999938964844,292.5,292.5,13874008
2026-06-22,292.79998779296875,293.95001220703125,290.04998779296875,291.25,291.25,9947873
2026-06-23,291.25,293.1499938964844,289.6499938964844,290.0,290.0,9410364
2026-06-24,290.0,291.3999938964844,289.45001220703125,290.3500061035156,290.3500061035156,6218635
2026-06-25,290.3500061035156,292.25,289.20001220703125,290.0,290.0,11230239
2026-06-26,290.0,290.0,290.0,290.0,290.0,0
2026-06-29,290.45001220703125,291.8999938964844,289.3500061035156,290.70001220703125,290.70001220703125,10110022
2026-06-30,291.5,291.6000061035156,285.5,286.95001220703125,286.95001220703125,18180676
2026-07-01,287.8500061035156,291.0,287.1000061035156,290.29998779296875,290.29998779296875,6551425
2026-07-02,290.70001220703125,291.0,287.70001220703125,289.8999938964844,289.8999938964844,12722639
2026-07-03,291.29998779296875,291.6000061035156,289.0,289.95001220703125,289.95001220703125,6517591
2026-07-06,289.95001220703125,290.3999938964844,287.6000061035156,288.25,288.25,27126124
2026-07-07,288.29998779296875,290.70001220703125,286.54998779296875,288.75,288.75,18491160
2026-07-08,286.8999938964844,287.8500061035156,280.0,280.6499938964844,280.6499938964844,21593793
2026-07-09,281.25,284.3999938964844,281.0,282.04998779296875,282.04998779296875,12512120
2026-07-10,282.8500061035156,283.6499938964844,280.8500061035156,281.75,281.75,11774274
2026-07-13,281.3500061035156,281.5,279.5,279.6499938964844,279.6499938964844,12559492
2026-07-14,279.25,280.6499938964844,275.0,275.54998779296875,275.54998779296875,15018851
2026-07-15,276.6499938964844,277.70001220703125,275.29998779296875,276.6499938964844,276.6499938964844,8523722
2026-07-16,277.0,280.45001220703125,276.0,279.3500061035156,279.3500061035156,11220653
2026-07-17,279.3500061035156,281.95001220703125,277.79998779296875,280.70001220703125,280.70001220703125,15215868
2026-07-20,280.70001220703125,283.70001220703125,279.5,282.70001220703125,282.70001220703125,9913943
2026-07-21,283.0,283.95001220703125,278.79998779296875,281.0,281.0,9858768
2026-07-22,280.5,282.20001220703125,278.5,280.79998779296875,280.79998779296875,12995017
2026-07-23,279.95001220703125,284.0,279.6499938964844,281.29998779296875,281.29998779296875,21143589
2026-07-24,279.54998779296875,284.8500061035156,279.54998779296875,283.45001220703125,283.45001220703125,24954082
2026-07-27,287.75,287.8999938964844,285.5,285.8500061035156,285.8500061035156,19312804
2026-07-28,284.8999938964844,287.95001220703125,282.29998779296875,284.6499938964844,284.6499938964844,14843878
2026-07-29,285.6000061035156,289.04998779296875,284.1499938964844,286.25,286.25,19030590
2026-07-30,286.1000061035156,288.3999938964844,283.75,285.04998779296875,285.04998779296875,18283697
2026-07-31,285.54998779296875,285.79998779296875,280.04998779296875,281.0,281.0,16833813
2026-08-03,284.45001220703125,292.54998779296875,283.0,287.0,287.0,45392755
2026-08-04,286.04998779296875,289.0,284.70001220703125,289.0,289.0,12689243
2026-08-05,288.25,288.5,285.0,286.95001220703125,286.95001220703125,11771241
2026-08-06,285.45001220703125,286.3500061035156,283.70001220703125,285.8999938964844,285.8999938964844,12447629
2026-08-07,285.0,286.1000061035156,284.3999938964844,286.1000061035156,286.1000061035156,6128841
2026-08-10,286.1000061035156,286.1000061035156,281.3999938964844,282.6499938964844,282.6499938964844,9347929
2026-08-11,282.0,282.6000061035156,278.0,279.0,279.0,13053722
2026-08-12,279.0,279.54998779296875,275.3999938964844,276.1499938964844,276.1499938964844,12630816
2026-08-13,276.20001220703125,278.5,276.04998779296875,278.5,278.5,11335590
2026-08-14,278.3500061035156,278.3500061035156,275.95001220703125,278.20001220703125,278.20001220703125,7338537
2026-08-17,278.20001220703125,278.20001220703125,273.0,273.04998779296875,273.04998779296875,12795275
2026-08-18,273.04998779296875,273.6499938964844,269.1499938964844,270.0,270.0,14561572
2026-08-19,270.0,270.95001220703125,265.8500061035156,267.04998779296875,267.04998779296875,13821291
2026-08-20,268.20001220703125,271.6499938964844,265.0,271.6499938964844,271.6499938964844,28272797
2026-08-21,271.6000061035156,271.6000061035156,269.0,269.3999938964844,269.3999938964844,8312928
2026-08-24,270.6000061035156,270.6000061035156,267.0,269.70001220703125,269.70001220703125,8518400
2026-08-25,269.70001220703125,271.3999938964844,267.6499938964844,271.3999938964844,271.3999938964844,8414719
2026-08-26,271.8500061035156,273.95001220703125,270.25,270.25,270.25,11693367
2026-08-27,269.5,271.25,268.0,269.0,269.0,8834890
2026-08-28,269.0,269.0,264.79998779296875,266.0,266.0,15200847
2026-08-31,266.0,266.54998779296875,255.5,255.5,255.5,24575845
2026-09-01,261.5,268.20001220703125,261.5,266.6000061035156,266.6000061035156,31258553
2026-09-02,266.0,269.0,262.79998779296875,266.29998779296875,266.29998779296875,14643482
2026-09-03,266.5,267.6000061035156,262.3500061035156,263.0,263.0,17813663
2026-09-04,264.0,266.25,262.6499938964844,264.1000061035156,264.1000061035156,9519153
2026-09-07,264.1000061035156,264.95001220703125,262.95001220703125,263.5,263.5,6688002
2026-09-08,263.5,265.8999938964844,262.70001220703125,263.5,263.5,7406617
2026-09-09,263.6499938964844,264.5,260.20001220703125,260.79998779296875,260.79998779296875,10065188
2026-09-10,261.0,263.8999938964844,259.1000061035156,259.29998779296875,259.29998779296875,17541602
2026-09-11,258.0,261.6499938964844,257.70001220703125,259.8500061035156,259.8500061035156,11116049
2026-09-14,259.8500061035156,259.8500061035156,259.8500061035156,259.8500061035156,259.8500061035156,0
2026-09-15,261.0,264.20001220703125,258.0,258.0,258.0,12133201
2026-09-16,259.3999938964844,264.8999938964844,259.29998779296875,264.1499938964844,264.1499938964844,15199856
2026-09-17,264.79998779296875,268.5,264.1000061035156,266.20001220703125,266.20001220703125,13365227
2026-09-18,266.6000061035156,266.6000061035156,262.29998779296875,262.29998779296875,262.29998779296875,14399150
2026-09-21,263.54998779296875,267.95001220703125,263.54998779296875,267.0,267.0,8662786
2026-09-22,267.8999938964844,268.25,264.75,265.79998779296875,265.79998779296875,7177847
2026-09-23,265.8500061035156,271.04998779296875,265.1499938964844,270.1499938964844,270.1499938964844,13142058
2026-09-24,268.70001220703125,270.29998779296875,266.70001220703125,268.0,268.0,7398276
2026-09-25,268.1000061035156,269.0,266.29998779296875,269.0,269.0,6240148
2026-09-28,269.0,269.29998779296875,265.0,265.20001220703125,265.20001220703125,7863377
2026-09-29,265.45001220703125,266.75,263.29998779296875,265.1000061035156,265.1000061035156,14419948
2026-09-30,265.0,266.8999938964844,261.3999938964844,262.75,262.75,14079098
2026-10-01,262.70001220703125,262.70001220703125,254.64999389648438,255.89999389648438,255.89999389648438,16440881
