Date,Open,High,Low,Close,Adj Close,Volume
2014-10-01,172.0,173.25,170.52000427246094,171.4499969482422,171.4499969482422,18472
2014-10-07,171.5500030517578,171.5500030517578,168.10000610351562,168.41000366210938,168.41000366210938,72878
2014-10-08,169.35000610351562,169.39999389648438,167.0500030517578,167.9600067138672,167.9600067138672,9167
2014-10-09,167.0,170.64999389648438,166.75,169.9600067138672,169.9600067138672,11060
2014-10-10,168.14999389648438,169.0,166.0,166.2899932861328,166.2899932861328,11169
2014-10-13,167.47999572753906,169.89999389648438,164.75,168.63999938964844,168.63999938964844,29542
2014-10-14,168.5,169.77999877929688,168.0500030517578,168.2100067138672,168.2100067138672,22664
2014-10-16,168.64999389648438,169.27999877929688,163.64999389648438,165.0500030517578,165.0500030517578,10546
2014-10-17,167.0,167.0,165.10000610351562,166.22000122070312,166.22000122070312,14788
2014-10-20,167.0,169.8000030517578,167.0,167.9600067138672,167.9600067138672,9657
2014-10-21,168.25,172.35000610351562,168.25,171.4499969482422,171.4499969482422,42208
2014-10-22,171.0,172.4499969482422,171.0,172.2100067138672,172.2100067138672,5855
2014-10-27,173.19000244140625,173.89999389648438,171.25,171.88999938964844,171.88999938964844,26081
2014-10-28,171.75,173.0,171.75,172.5500030517578,172.5500030517578,7267
2014-10-29,173.0500030517578,174.0,173.0,173.55999755859375,173.55999755859375,9039
2014-10-30,174.0,174.9499969482422,172.72000122070312,174.0500030517578,174.0500030517578,76272
2014-10-31,175.89999389648438,180.0,175.0,179.91000366210938,179.91000366210938,42867
2014-11-03,180.0,182.8000030517578,178.39999389648438,179.74000549316406,179.74000549316406,50460
2014-11-05,180.0,180.58999633789062,178.0500030517578,178.75999450683594,178.75999450683594,42873
2014-11-07,180.0,180.0,178.10000610351562,178.47999572753906,178.47999572753906,9022
2014-11-10,179.88999938964844,181.5,179.0500030517578,179.50999450683594,179.50999450683594,9722
2014-11-11,180.94000244140625,182.0,180.0,181.0800018310547,181.0800018310547,11396
2014-11-12,181.1999969482422,183.89999389648438,180.9499969482422,182.9600067138672,182.9600067138672,12146
2014-11-13,184.0,186.0,182.52000427246094,184.50999450683594,184.50999450683594,18263
2014-11-14,184.4499969482422,184.9499969482422,183.00999450683594,184.39999389648438,184.39999389648438,3913
2014-11-17,182.64999389648438,186.89999389648438,182.64999389648438,186.00999450683594,186.00999450683594,7874
2014-11-18,186.83999633789062,188.75,186.1300048828125,188.2100067138672,188.2100067138672,9878
2014-11-19,188.97999572753906,189.64999389648438,183.75,184.30999755859375,184.30999755859375,8113
2014-11-20,184.7100067138672,186.75,183.60000610351562,185.00999450683594,185.00999450683594,7540
2014-11-21,184.64999389648438,187.35000610351562,184.64999389648438,185.5800018310547,185.5800018310547,3781
2014-11-24,186.0,186.75,185.0500030517578,185.99000549316406,185.99000549316406,13451
2014-11-25,186.8000030517578,186.8000030517578,181.39999389648438,182.89999389648438,182.89999389648438,33115
2014-11-26,183.0,185.9499969482422,182.0500030517578,184.80999755859375,184.80999755859375,7854
2014-11-27,184.0500030517578,187.0,183.0500030517578,186.1300048828125,186.1300048828125,9650
2014-11-28,186.97999572753906,187.77999877929688,185.0800018310547,186.0399932861328,186.0399932861328,9300
2014-12-01,186.97999572753906,192.0,185.5,185.8300018310547,185.8300018310547,32385
2014-12-02,186.8800048828125,189.67999267578125,185.05999755859375,188.72000122070312,188.72000122070312,5876
2014-12-03,189.0,190.89999389648438,189.0,189.89999389648438,189.89999389648438,5649
2014-12-04,190.0,197.60000610351562,189.52000427246094,190.99000549316406,190.99000549316406,15072
2014-12-05,190.0,194.0,188.0,190.50999450683594,190.50999450683594,16921
2014-12-08,190.0,191.4499969482422,185.5,186.22999572753906,186.22999572753906,15528
2014-12-09,186.05999755859375,187.8000030517578,182.5500030517578,183.52000427246094,183.52000427246094,10907
2014-12-10,184.47999572753906,187.47999572753906,183.27999877929688,186.9600067138672,186.9600067138672,14507
2014-12-11,185.9499969482422,186.0,184.0500030517578,185.19000244140625,185.19000244140625,19279
2014-12-12,186.0,186.0,182.55999755859375,183.1300048828125,183.1300048828125,13119
2014-12-15,183.0,184.6699981689453,181.6999969482422,181.97999572753906,181.97999572753906,11981
2014-12-16,182.0,183.0,177.0,178.3300018310547,178.3300018310547,45709
2014-12-17,177.5500030517578,179.47999572753906,173.02000427246094,178.1999969482422,178.1999969482422,61894
2014-12-18,180.0,186.8000030517578,177.14999389648438,183.08999633789062,183.08999633789062,15140
2014-12-19,184.89999389648438,186.0500030517578,182.0,182.72000122070312,182.72000122070312,49184
2014-12-22,188.8000030517578,188.8000030517578,182.0,184.83999633789062,184.83999633789062,18405
2014-12-23,184.5,186.0,182.2100067138672,183.07000732421875,183.07000732421875,18061
2014-12-24,183.77999877929688,184.35000610351562,181.5500030517578,183.75999450683594,183.75999450683594,13073
2014-12-26,183.60000610351562,184.4499969482422,182.60000610351562,183.69000244140625,183.69000244140625,10627
2014-12-29,184.85000610351562,185.75999450683594,183.80999755859375,184.4600067138672,184.4600067138672,9376
2014-12-30,184.02000427246094,185.5,183.35000610351562,184.88999938964844,184.88999938964844,10433
2014-12-31,185.66000366210938,187.0,185.0,186.49000549316406,186.49000549316406,5770
2015-01-01,186.0,189.8000030517578,186.0,189.02999877929688,189.02999877929688,6575
2015-01-02,189.85000610351562,191.39999389648438,188.52000427246094,190.47000122070312,190.47000122070312,4031
2015-01-05,191.0,193.47999572753906,190.10000610351562,191.22000122070312,191.22000122070312,31733
2015-01-06,188.14999389648438,189.8800048828125,183.52000427246094,186.4600067138672,186.4600067138672,23311
2015-01-07,187.89999389648438,187.89999389648438,183.24000549316406,183.97999572753906,183.97999572753906,27284
2015-01-08,185.89999389648438,187.0,184.3000030517578,186.25,186.25,14075
2015-01-09,187.89999389648438,189.39999389648438,184.14999389648438,185.0,185.0,9368
2015-01-12,185.0,187.47999572753906,185.0,186.8000030517578,186.8000030517578,9046
2015-01-13,187.0,188.77999877929688,187.0,187.9600067138672,187.9600067138672,6006
2015-01-14,187.0,188.97999572753906,186.0,186.88999938964844,186.88999938964844,6351
2015-01-15,187.97999572753906,192.0,187.97999572753906,191.61000061035156,191.61000061035156,8694
2015-01-16,190.14999389648438,191.8000030517578,189.0,191.25999450683594,191.25999450683594,2195
2015-01-19,191.89999389648438,192.8000030517578,190.5,190.99000549316406,190.99000549316406,116616
2015-01-20,192.4499969482422,193.0,190.55999755859375,191.86000061035156,191.86000061035156,9786
2015-01-21,192.3000030517578,193.97999572753906,191.86000061035156,192.02999877929688,192.02999877929688,7720
2015-01-22,191.0500030517578,193.67999267578125,191.0,192.13999938964844,192.13999938964844,19642
2015-01-23,194.0,195.74000549316406,192.52000427246094,194.64999389648438,194.64999389648438,9023
2015-01-27,195.39999389648438,196.5,193.0500030517578,194.38999938964844,194.38999938964844,25469
2015-01-28,194.99000549316406,197.97999572753906,194.52000427246094,197.07000732421875,197.07000732421875,36286
2015-01-29,198.6999969482422,198.6999969482422,195.0,196.55999755859375,196.55999755859375,14349
2015-01-30,197.0,197.85000610351562,195.0,196.67999267578125,196.67999267578125,14264
2015-02-02,197.8000030517578,197.8000030517578,195.02000427246094,196.4199981689453,196.4199981689453,13435
2015-02-03,197.0,198.97999572753906,196.0,196.02999877929688,196.02999877929688,24667
2015-02-04,196.0500030517578,196.9499969482422,194.2100067138672,194.74000549316406,194.74000549316406,16247
2015-02-05,194.3000030517578,195.97999572753906,193.0500030517578,193.57000732421875,193.57000732421875,5644
2015-02-06,192.1999969482422,193.99000549316406,192.02000427246094,193.02000427246094,193.02000427246094,3998
2015-02-09,191.3000030517578,192.0,189.3000030517578,189.50999450683594,189.50999450683594,8453
2015-02-10,190.0500030517578,200.0,189.0,193.88999938964844,193.88999938964844,16828
2015-02-11,193.0399932861328,195.89999389648438,191.80999755859375,193.80999755859375,193.80999755859375,24077
2015-02-12,194.6999969482422,195.47999572753906,192.5500030517578,194.58999633789062,194.58999633789062,11909
2015-02-13,195.6999969482422,197.1999969482422,195.0,196.33999633789062,196.33999633789062,6912
2015-02-16,196.52000427246094,198.25,196.0500030517578,196.94000244140625,196.94000244140625,6322
2015-02-18,196.0500030517578,197.89999389648438,193.0,196.0,196.0,15886
2015-02-19,197.75,197.75,194.14999389648438,195.42999267578125,195.42999267578125,13555
2015-02-20,196.88999938964844,197.75,194.75999450683594,196.5800018310547,196.5800018310547,7480
2015-02-23,197.0,197.74000549316406,196.14999389648438,196.77999877929688,196.77999877929688,2734
2015-02-24,195.11000061035156,197.0,194.0,194.49000549316406,194.49000549316406,10218
2015-02-25,195.89999389648438,197.0,195.5,195.92999267578125,195.92999267578125,6915
2015-02-26,195.1999969482422,196.39999389648438,193.60000610351562,194.02999877929688,194.02999877929688,18086
2015-02-27,194.5500030517578,198.5,194.5500030517578,197.8000030517578,197.8000030517578,20852
2015-02-28,197.7736053466797,197.7736053466797,197.7736053466797,197.7736053466797,197.7736053466797,0
2015-03-02,198.83999633789062,200.0,197.3000030517578,199.13999938964844,199.13999938964844,11688
2015-03-03,199.25,201.0,199.0,200.52000427246094,200.52000427246094,8523
2015-03-04,201.0,204.0,198.0,199.64999389648438,199.64999389648438,8421
2015-03-05,199.89999389648438,202.0,198.60000610351562,200.02000427246094,200.02000427246094,5947
2015-03-09,199.0,200.75999450683594,198.0,198.19000244140625,198.19000244140625,23924
2015-03-10,197.02000427246094,200.9499969482422,197.0,198.94000244140625,198.94000244140625,84615
2015-03-11,199.0500030517578,200.25,196.10000610351562,197.42999267578125,197.42999267578125,7757
2015-03-12,198.27000427246094,200.47999572753906,197.89999389648438,199.97999572753906,199.97999572753906,6362
2015-03-13,200.1999969482422,201.69000244140625,197.5,199.16000366210938,199.16000366210938,11177
2015-03-16,202.0,202.0,196.0,196.22000122070312,196.22000122070312,7936
2015-03-17,197.75999450683594,201.64999389648438,197.0,199.17999267578125,199.17999267578125,9545
2015-03-18,199.99000549316406,203.77999877929688,199.14999389648438,202.47999572753906,202.47999572753906,21107
2015-03-19,201.0,202.85000610351562,198.5,199.7100067138672,199.7100067138672,3357
2015-03-20,200.4499969482422,200.4499969482422,197.10000610351562,198.5500030517578,198.5500030517578,7880
2015-03-23,198.0,199.89999389648438,195.36000061035156,195.52000427246094,195.52000427246094,15062
2015-03-24,195.9499969482422,196.35000610351562,194.5500030517578,195.0,195.0,9384
2015-03-25,196.0,196.67999267578125,192.9499969482422,193.92999267578125,193.92999267578125,12724
2015-03-26,194.0500030517578,196.0,193.89999389648438,194.9499969482422,194.9499969482422,9603
2015-03-27,195.5,195.5,190.89999389648438,192.1199951171875,192.1199951171875,13216
2015-03-30,193.89999389648438,194.89999389648438,193.25,194.19000244140625,194.19000244140625,7758
2015-03-31,194.0,195.8800048828125,193.6999969482422,194.00999450683594,194.00999450683594,10627
2015-04-01,195.35000610351562,196.47999572753906,193.10000610351562,196.02999877929688,196.02999877929688,5762
2015-04-06,196.64999389648438,199.0,196.1999969482422,198.85000610351562,198.85000610351562,29950
2015-04-07,199.3000030517578,204.0,198.52000427246094,202.64999389648438,202.64999389648438,8119
2015-04-08,202.0500030517578,203.75,200.3800048828125,201.0800018310547,201.0800018310547,8753
2015-04-09,202.75,208.5,201.6999969482422,207.44000244140625,207.44000244140625,16240
2015-04-10,207.0,207.0,203.35000610351562,204.80999755859375,204.80999755859375,8238
2015-04-13,205.0,207.6999969482422,203.5,207.24000549316406,207.24000549316406,10965
2015-04-15,207.5,208.0,204.10000610351562,206.27999877929688,206.27999877929688,9021
2015-04-16,206.74000549316406,206.74000549316406,202.89999389648438,203.05999755859375,203.05999755859375,7870
2015-04-17,203.97999572753906,203.97999572753906,197.57000732421875,198.13999938964844,198.13999938964844,11745
2015-04-20,199.0500030517578,200.33999633789062,196.0,196.55999755859375,196.55999755859375,9082
2015-04-21,196.97999572753906,197.99000549316406,194.75999450683594,195.13999938964844,195.13999938964844,9838
2015-04-22,197.0500030517578,198.0,194.99000549316406,197.25,197.25,6111
2015-04-23,198.77999877929688,199.0,197.02000427246094,198.55999755859375,198.55999755859375,9060
2015-04-24,200.0,200.0,192.0500030517578,194.1699981689453,194.1699981689453,71221
2015-04-27,195.0,195.0,188.9499969482422,190.66000366210938,190.66000366210938,44217
2015-04-28,198.0,198.0,189.02000427246094,192.25,192.25,32823
2015-04-29,193.0,194.08999633789062,190.8000030517578,191.58999633789062,191.58999633789062,17189
2015-04-30,191.97999572753906,193.89999389648438,190.0500030517578,192.8000030517578,192.8000030517578,6656
2015-05-04,193.0,196.5,193.0,194.97000122070312,194.97000122070312,12947
2015-05-05,195.5,196.4499969482422,195.00999450683594,195.4600067138672,195.4600067138672,14911
2015-05-06,196.67999267578125,196.67999267578125,192.0,192.6300048828125,192.6300048828125,9753
2015-05-07,194.39999389648438,195.0500030517578,185.5,186.19000244140625,186.19000244140625,39112
2015-05-08,189.39999389648438,189.4499969482422,187.89999389648438,188.3300018310547,188.3300018310547,20662
2015-05-11,190.0,193.9499969482422,189.60000610351562,193.0500030517578,193.0500030517578,12231
2015-05-12,193.02000427246094,193.97999572753906,189.60000610351562,191.22000122070312,191.22000122070312,18167
2015-05-13,191.64999389648438,196.89999389648438,191.25,195.50999450683594,195.50999450683594,64958
2015-05-14,195.44000244140625,196.0,194.39999389648438,195.6999969482422,195.6999969482422,2571
2015-05-15,196.89999389648438,198.75,196.1999969482422,196.6699981689453,196.6699981689453,9762
2015-05-18,197.89999389648438,198.97999572753906,196.52000427246094,198.67999267578125,198.67999267578125,56608
2015-05-19,198.72999572753906,199.89999389648438,197.16000366210938,198.91000366210938,198.91000366210938,55868
2015-05-20,199.5,200.47999572753906,199.3000030517578,199.50999450683594,199.50999450683594,4477
2015-05-21,200.8000030517578,200.8000030517578,197.58999633789062,199.5800018310547,199.5800018310547,39045
2015-05-22,199.89999389648438,200.89999389648438,198.72000122070312,199.92999267578125,199.92999267578125,3067
2015-05-25,200.0,201.44000244140625,198.8000030517578,199.9199981689453,199.9199981689453,7254
2015-05-26,200.0,200.8000030517578,196.60000610351562,197.86000061035156,197.86000061035156,12685
2015-05-27,197.5,199.0,197.0,198.8800048828125,198.8800048828125,10948
2015-05-28,199.5,199.8800048828125,195.14999389648438,196.35000610351562,196.35000610351562,17328
2015-05-29,198.0,199.89999389648438,197.5,198.3000030517578,198.3000030517578,5668
2015-06-01,200.0,200.89999389648438,198.3000030517578,198.47999572753906,198.47999572753906,7883
2015-06-02,199.8699951171875,199.8699951171875,195.0,195.4499969482422,195.4499969482422,14142
2015-06-03,196.0500030517578,196.0500030517578,191.60000610351562,192.25,192.25,14092
2015-06-04,193.0500030517578,194.97999572753906,191.5500030517578,193.30999755859375,193.30999755859375,4408
2015-06-05,193.0,194.64999389648438,193.0,193.44000244140625,193.44000244140625,6600
2015-06-08,193.0,194.75,189.52000427246094,189.99000549316406,189.99000549316406,10489
2015-06-09,191.89999389648438,192.97999572753906,189.4499969482422,191.47999572753906,191.47999572753906,10082
2015-06-10,191.47999572753906,193.39999389648438,191.47999572753906,192.52000427246094,192.52000427246094,6017
2015-06-11,193.8000030517578,193.8000030517578,190.60000610351562,191.07000732421875,191.07000732421875,7444
2015-06-12,190.0,191.39999389648438,189.89999389648438,190.63999938964844,190.63999938964844,7087
2015-06-15,190.11000061035156,193.5,189.6999969482422,190.0399932861328,190.0399932861328,27108
2015-06-16,190.9499969482422,190.99000549316406,190.0,190.47999572753906,190.47999572753906,4510
2015-06-17,191.89999389648438,193.5,191.0,192.67999267578125,192.67999267578125,21312
2015-06-18,191.11000061035156,194.75,191.11000061035156,194.25999450683594,194.25999450683594,2947
2015-06-19,194.25999450683594,195.8800048828125,194.25999450683594,195.60000610351562,195.60000610351562,4788
2015-06-22,196.0,197.85000610351562,195.35000610351562,197.17999267578125,197.17999267578125,6171
2015-06-23,198.02000427246094,199.25,197.39999389648438,197.5800018310547,197.5800018310547,9641
2015-06-24,198.02000427246094,199.75,197.5500030517578,197.91000366210938,197.91000366210938,6910
2015-06-25,196.02000427246094,199.6999969482422,195.11000061035156,199.1999969482422,199.1999969482422,5465
2015-06-26,199.97000122070312,199.97999572753906,197.6999969482422,197.77999877929688,197.77999877929688,8347
2015-06-29,196.97000122070312,196.97000122070312,193.60000610351562,196.52999877929688,196.52999877929688,12388
2015-06-30,197.0,198.9499969482422,195.25,196.92999267578125,196.92999267578125,17653
2015-07-01,197.89999389648438,202.5500030517578,197.67999267578125,201.75999450683594,201.75999450683594,14344
2015-07-02,200.0,203.89999389648438,200.0,203.6199951171875,203.6199951171875,13863
2015-07-03,203.9499969482422,204.0,201.0,201.14999389648438,201.14999389648438,9574
2015-07-06,200.10000610351562,204.25,198.35000610351562,203.49000549316406,203.49000549316406,18372
2015-07-07,203.0,205.0,203.0,204.1999969482422,204.1999969482422,12730
2015-07-08,203.8000030517578,204.4499969482422,202.14999389648438,202.67999267578125,202.67999267578125,20250
2015-07-09,203.8800048828125,203.8800048828125,202.5399932861328,202.94000244140625,202.94000244140625,7178
2015-07-10,203.77999877929688,203.77999877929688,202.5500030517578,203.1300048828125,203.1300048828125,12476
2015-07-13,204.89999389648438,204.89999389648438,203.64999389648438,204.36000061035156,204.36000061035156,10164
2015-07-14,204.8000030517578,206.89999389648438,204.0,204.83999633789062,204.83999633789062,9863
2015-07-15,205.25,207.6999969482422,204.44000244140625,204.5500030517578,204.5500030517578,30529
2015-07-16,205.0,207.25,205.0,207.0,207.0,22107
2015-07-17,206.72000122070312,209.0,206.72000122070312,208.64999389648438,208.64999389648438,6194
2015-07-20,209.6999969482422,209.6999969482422,207.14999389648438,209.0,209.0,7169
2015-07-21,209.25,209.99000549316406,205.52000427246094,206.3300018310547,206.3300018310547,4915
2015-07-22,206.6999969482422,208.39999389648438,206.25999450683594,207.1699981689453,207.1699981689453,18247
2015-07-23,208.8000030517578,210.0,207.75,207.9499969482422,207.9499969482422,12890
2015-07-24,207.02000427246094,209.8000030517578,207.02000427246094,207.27000427246094,207.27000427246094,3627
2015-07-27,206.97999572753906,206.97999572753906,203.75,204.1699981689453,204.1699981689453,14741
2015-07-28,205.0,205.8800048828125,204.07000732421875,205.0,205.0,3513
2015-07-29,205.0,206.97999572753906,204.50999450683594,205.5,205.5,4015
2015-07-30,205.0,207.3800048828125,205.0,207.3000030517578,207.3000030517578,1945
2015-07-31,207.97999572753906,211.0,207.3000030517578,209.57000732421875,209.57000732421875,10599
2015-08-03,209.97999572753906,211.0,208.8000030517578,210.77999877929688,210.77999877929688,23930
2015-08-04,212.0,213.25,210.6199951171875,212.9600067138672,212.9600067138672,3814
2015-08-05,214.0,216.85000610351562,214.0,216.67999267578125,216.67999267578125,13004
2015-08-06,216.0,217.0,215.0,216.64999389648438,216.64999389648438,1903
2015-08-07,216.5,217.0,215.5,215.97000122070312,215.97000122070312,3646
2015-08-10,216.8800048828125,218.39999389648438,215.9499969482422,216.52999877929688,216.52999877929688,10296
2015-08-11,216.52999877929688,217.77000427246094,211.32000732421875,213.52999877929688,213.52999877929688,13768
2015-08-12,214.77999877929688,214.77999877929688,209.3000030517578,210.08999633789062,210.08999633789062,8831
2015-08-13,212.77999877929688,213.64999389648438,209.5,210.5500030517578,210.5500030517578,5602
2015-08-14,212.97999572753906,213.89999389648438,210.3000030517578,212.52000427246094,212.52000427246094,8373
2015-08-17,212.60000610351562,215.85000610351562,211.8000030517578,213.94000244140625,213.94000244140625,13299
2015-08-18,215.0,216.67999267578125,214.02000427246094,215.00999450683594,215.00999450683594,3943
2015-08-19,215.5,216.3000030517578,215.14999389648438,215.17999267578125,215.17999267578125,4682
2015-08-20,215.67999267578125,216.5,213.05999755859375,213.6999969482422,213.6999969482422,7104
2015-08-21,214.89999389648438,214.89999389648438,209.10000610351562,210.63999938964844,210.63999938964844,21537
2015-08-24,209.0500030517578,209.0500030517578,193.5,194.80999755859375,194.80999755859375,66687
2015-08-25,198.89999389648438,205.9499969482422,190.5,199.13999938964844,199.13999938964844,53718
2015-08-26,199.6999969482422,203.9499969482422,194.11000061035156,197.89999389648438,197.89999389648438,40712
2015-08-27,201.8000030517578,201.97999572753906,199.10000610351562,201.8000030517578,201.8000030517578,4857
2015-08-28,203.0,205.64999389648438,201.11000061035156,203.5500030517578,203.5500030517578,11925
2015-08-31,204.4499969482422,204.9499969482422,201.11000061035156,202.4199981689453,202.4199981689453,7553
2015-09-01,203.0,203.4499969482422,198.00999450683594,199.00999450683594,199.00999450683594,14352
2015-09-02,202.6999969482422,202.8000030517578,198.5,200.33999633789062,200.33999633789062,15108
2015-09-03,202.8000030517578,202.8000030517578,199.4600067138672,199.5399932861328,199.5399932861328,6659
2015-09-04,199.60000610351562,205.9499969482422,195.11000061035156,197.9499969482422,197.9499969482422,17342
2015-09-07,199.85000610351562,199.85000610351562,191.52000427246094,192.47000122070312,192.47000122070312,22456
2015-09-08,194.8000030517578,194.8000030517578,189.0,191.64999389648438,191.64999389648438,17760
2015-09-09,194.8000030517578,196.89999389648438,193.64999389648438,195.1199951171875,195.1199951171875,14946
2015-09-10,195.8800048828125,198.60000610351562,192.0,195.27999877929688,195.27999877929688,10092
2015-09-11,196.8000030517578,198.39999389648438,195.5,195.63999938964844,195.63999938964844,6500
2015-09-14,197.0,199.47999572753906,197.0,198.9600067138672,198.9600067138672,7083
2015-09-15,199.39999389648438,199.9499969482422,196.75,197.5,197.5,12670
2015-09-16,198.97999572753906,198.97999572753906,197.10000610351562,197.69000244140625,197.69000244140625,5336
2015-09-18,199.85000610351562,201.17999267578125,198.50999450683594,199.91000366210938,199.91000366210938,8433
2015-09-21,199.47999572753906,199.89999389648438,197.02000427246094,198.58999633789062,198.58999633789062,5197
2015-09-22,199.52000427246094,209.69000244140625,195.0500030517578,196.97999572753906,196.97999572753906,53777
2015-09-23,192.25,198.8800048828125,192.0,196.97000122070312,196.97000122070312,10393
2015-09-24,197.0,198.0,196.0,197.42999267578125,197.42999267578125,2769
2015-09-28,197.47999572753906,197.8800048828125,193.52000427246094,194.22999572753906,194.22999572753906,8290
2015-09-29,193.0,194.88999938964844,191.89999389648438,194.3699951171875,194.3699951171875,12311
2015-09-30,195.89999389648438,197.77999877929688,194.0,197.61000061035156,197.61000061035156,27542
2015-10-01,198.97999572753906,199.5,197.64999389648438,198.1300048828125,198.1300048828125,5152
2015-10-05,200.0,203.5,199.05999755859375,202.10000610351562,202.10000610351562,6007
2015-10-06,202.0,205.97999572753906,201.2100067138672,203.99000549316406,203.99000549316406,13230
2015-10-07,202.6999969482422,204.9499969482422,202.6999969482422,203.8699951171875,203.8699951171875,3509
2015-10-08,203.89999389648438,204.97999572753906,201.0,201.39999389648438,201.39999389648438,26741
2015-10-09,202.10000610351562,204.39999389648438,200.5,201.2899932861328,201.2899932861328,5281
2015-10-12,202.0,202.97999572753906,200.2100067138672,201.3000030517578,201.3000030517578,5797
2015-10-13,201.0,202.99000549316406,200.02999877929688,200.69000244140625,200.69000244140625,11250
2015-10-14,201.0,201.8800048828125,199.10000610351562,199.72000122070312,199.72000122070312,3687
2015-10-15,201.3800048828125,202.4499969482422,200.0399932861328,201.0500030517578,201.0500030517578,4595
2015-10-16,202.0,202.75,200.6999969482422,202.38999938964844,202.38999938964844,2474
2015-10-19,204.0,204.0,202.0,202.9199981689453,202.9199981689453,3645
2015-10-20,202.02000427246094,204.0,202.02000427246094,202.8800048828125,202.8800048828125,4973
2015-10-21,204.02000427246094,204.02000427246094,201.4499969482422,202.1199951171875,202.1199951171875,4503
2015-10-23,203.0,203.85000610351562,200.02000427246094,200.97000122070312,200.97000122070312,10918
2015-10-26,202.97999572753906,202.97999572753906,200.02000427246094,200.85000610351562,200.85000610351562,4553
2015-10-27,201.0,201.6999969482422,199.3800048828125,200.02999877929688,200.02999877929688,4086
2015-10-28,200.0,201.8000030517578,197.05999755859375,198.6999969482422,198.6999969482422,8138
2015-10-29,199.92999267578125,199.97999572753906,197.89999389648438,198.33999633789062,198.33999633789062,6412
2015-10-30,199.3800048828125,200.75,198.66000366210938,199.0,199.0,8102
2015-11-02,200.89999389648438,200.89999389648438,197.6300048828125,199.25,199.25,8927
2015-11-03,200.0,201.3000030517578,198.0,199.47999572753906,199.47999572753906,29368
2015-11-04,200.0,201.47999572753906,199.6999969482422,199.8300018310547,199.8300018310547,4292
2015-11-05,199.97999572753906,199.97999572753906,197.50999450683594,198.75999450683594,198.75999450683594,4158
2015-11-06,199.9499969482422,199.9499969482422,196.5500030517578,197.3800048828125,197.3800048828125,7775
2015-11-09,195.89999389648438,199.8000030517578,194.02000427246094,198.75,198.75,6937
2015-11-10,197.0,198.67999267578125,195.10000610351562,195.72999572753906,195.72999572753906,12048
2015-11-13,200.0,200.0,193.5500030517578,194.33999633789062,194.33999633789062,14509
2015-11-16,194.0,195.97999572753906,193.02000427246094,193.7899932861328,193.7899932861328,14723
2015-11-17,194.74000549316406,194.74000549316406,193.50999450683594,193.67999267578125,193.67999267578125,6957
2015-11-18,194.0,195.42999267578125,193.5500030517578,193.80999755859375,193.80999755859375,7644
2015-11-19,194.97999572753906,195.75,193.60000610351562,195.72999572753906,195.72999572753906,4632
2015-11-20,195.0,197.5,194.50999450683594,197.1199951171875,197.1199951171875,3496
2015-11-23,197.5,200.0,197.2100067138672,199.11000061035156,199.11000061035156,4448
2015-11-24,198.8800048828125,199.39999389648438,198.0,198.10000610351562,198.10000610351562,10522
2015-11-26,198.14999389648438,199.89999389648438,198.14999389648438,198.75,198.75,3036
2015-11-27,198.25,200.11000061035156,198.02000427246094,198.6999969482422,198.6999969482422,3893
2015-11-30,198.02000427246094,199.77999877929688,198.02000427246094,198.55999755859375,198.55999755859375,3829
2015-12-01,199.0,200.39999389648438,198.60000610351562,199.27000427246094,199.27000427246094,5896
2015-12-02,199.14999389648438,200.47999572753906,199.11000061035156,199.89999389648438,199.89999389648438,2646
2015-12-03,199.97999572753906,199.97999572753906,197.50999450683594,198.05999755859375,198.05999755859375,8151
2015-12-04,198.39999389648438,198.39999389648438,196.75,196.80999755859375,196.80999755859375,4420
2015-12-07,198.27999877929688,198.27999877929688,196.1999969482422,197.08999633789062,197.08999633789062,5093
2015-12-08,196.0,197.0,191.6999969482422,195.55999755859375,195.55999755859375,10731
2015-12-09,195.0,195.0,192.0,192.50999450683594,192.50999450683594,10063
2015-12-10,193.0,195.97999572753906,191.5,193.83999633789062,193.83999633789062,12398
2015-12-11,193.0,195.47999572753906,191.52000427246094,192.41000366210938,192.41000366210938,5248
2015-12-14,193.0,193.5,191.99000549316406,192.10000610351562,192.10000610351562,6682
2015-12-15,193.39999389648438,194.47999572753906,192.1999969482422,193.11000061035156,193.11000061035156,4615
2015-12-16,195.0,195.5,194.1300048828125,194.8800048828125,194.8800048828125,2555
2015-12-17,196.77999877929688,196.77999877929688,193.64999389648438,196.08999633789062,196.08999633789062,45855
2015-12-18,196.5,197.8800048828125,195.1999969482422,196.57000732421875,196.57000732421875,11390
2015-12-21,197.89999389648438,198.9600067138672,196.0,198.0500030517578,198.0500030517578,11411
2015-12-22,199.8000030517578,199.8000030517578,197.5,197.6699981689453,197.6699981689453,4456
2015-12-23,197.75,199.6999969482422,197.14999389648438,198.33999633789062,198.33999633789062,4864
2015-12-24,198.1999969482422,198.97999572753906,198.14999389648438,198.60000610351562,198.60000610351562,3247
2015-12-28,199.0,200.97999572753906,199.0,199.92999267578125,199.92999267578125,32159
2015-12-29,200.0,200.8000030517578,198.99000549316406,199.9199981689453,199.9199981689453,11921
2015-12-30,200.8800048828125,200.9499969482422,199.52000427246094,200.14999389648438,200.14999389648438,3216
2015-12-31,200.00999450683594,201.5,200.00999450683594,201.1699981689453,201.1699981689453,3738
2016-01-01,201.0,203.6999969482422,200.11000061035156,203.6199951171875,203.6199951171875,4199
2016-01-04,203.0,203.49000549316406,199.0500030517578,200.5800018310547,200.5800018310547,7575
2016-01-05,201.0,202.3000030517578,200.11000061035156,201.32000732421875,201.32000732421875,1569
2016-01-06,201.0,202.72999572753906,199.60000610351562,199.97999572753906,199.97999572753906,9416
2016-01-07,200.8000030517578,200.8000030517578,195.3699951171875,195.77999877929688,195.77999877929688,10617
2016-01-08,196.99000549316406,198.14999389648438,196.25,197.80999755859375,197.80999755859375,7268
2016-01-11,197.0,197.8000030517578,195.0,197.61000061035156,197.61000061035156,10814
2016-01-12,197.11000061035156,198.0,194.5500030517578,194.97999572753906,194.97999572753906,8784
2016-01-13,196.77999877929688,196.77999877929688,189.02000427246094,193.50999450683594,193.50999450683594,18109
2016-01-14,188.5,194.47999572753906,185.5500030517578,191.24000549316406,191.24000549316406,15148
2016-01-15,192.5,192.6999969482422,185.0,188.72999572753906,188.72999572753906,19279
2016-01-18,185.0,187.89999389648438,182.10000610351562,182.57000732421875,182.57000732421875,12370
2016-01-19,183.39999389648438,184.89999389648438,181.0500030517578,183.36000061035156,183.36000061035156,11008
2016-01-20,181.0,184.47999572753906,179.25,181.61000061035156,181.61000061035156,20547
2016-01-21,183.47999572753906,183.89999389648438,176.0,178.77999877929688,178.77999877929688,85701
2016-01-22,180.89999389648438,183.3000030517578,179.14999389648438,182.60000610351562,182.60000610351562,6509
2016-01-25,184.5,184.6999969482422,182.6999969482422,183.1300048828125,183.1300048828125,7645
2016-01-27,182.5,183.97999572753906,181.5,182.22000122070312,182.22000122070312,9993
2016-01-28,182.9499969482422,183.1999969482422,182.0,182.4199981689453,182.4199981689453,8514
2016-01-29,182.0,185.47999572753906,181.02000427246094,185.02999877929688,185.02999877929688,5652
2016-02-01,186.0,187.0,185.0,186.64999389648438,186.64999389648438,12102
2016-02-02,186.99000549316406,186.99000549316406,182.4499969482422,183.19000244140625,183.19000244140625,6546
2016-02-03,181.89999389648438,182.0,179.0,179.75999450683594,179.75999450683594,36231
2016-02-04,182.0,182.5,179.39999389648438,179.85000610351562,179.85000610351562,5431
2016-02-05,181.0,182.97999572753906,180.44000244140625,182.0399932861328,182.0399932861328,27446
2016-02-08,183.8800048828125,186.10000610351562,182.5,182.72999572753906,182.72999572753906,65062
2016-02-09,183.8800048828125,183.8800048828125,179.2100067138672,179.74000549316406,179.74000549316406,11944
2016-02-10,180.0,180.0,176.1199951171875,177.2899932861328,177.2899932861328,13972
2016-02-11,177.0,178.8800048828125,171.10000610351562,171.72000122070312,171.72000122070312,30175
2016-02-12,174.86000061035156,174.86000061035156,168.0,172.17999267578125,172.17999267578125,49322
2016-02-15,176.60000610351562,187.8699951171875,175.0,183.47000122070312,183.47000122070312,9563
2016-02-16,182.60000610351562,182.60000610351562,172.14999389648438,173.4499969482422,173.4499969482422,10015
2016-02-17,172.14999389648438,175.6199951171875,170.11000061035156,174.83999633789062,174.83999633789062,4927
2016-02-18,174.85000610351562,177.8800048828125,173.02000427246094,173.9600067138672,173.9600067138672,6593
2016-02-19,173.9600067138672,174.8000030517578,173.02000427246094,174.60000610351562,174.60000610351562,1522
2016-02-22,175.0,176.39999389648438,175.0,175.72000122070312,175.72000122070312,3094
2016-02-23,176.0,176.60000610351562,173.0,173.33999633789062,173.33999633789062,26716
2016-02-24,173.0,173.77999877929688,171.60000610351562,171.8699951171875,171.8699951171875,2484
2016-02-25,172.5,178.5800018310547,171.0,171.85000610351562,171.85000610351562,13890
2016-02-26,173.89999389648438,173.89999389648438,171.5500030517578,172.9600067138672,172.9600067138672,3257
2016-02-29,173.5,174.47000122070312,170.10000610351562,172.57000732421875,172.57000732421875,8596
2016-03-01,173.0,180.8000030517578,172.0,179.77999877929688,179.77999877929688,7883
2016-03-02,179.0,183.9499969482422,179.0,180.61000061035156,180.61000061035156,11216
2016-03-03,181.89999389648438,183.5800018310547,181.00999450683594,181.52999877929688,181.52999877929688,6989
2016-03-04,182.0,184.0,181.14999389648438,183.7100067138672,183.7100067138672,3536
2016-03-08,184.0,185.5500030517578,181.02000427246094,182.75999450683594,182.75999450683594,9824
2016-03-09,183.8800048828125,183.8800048828125,181.02000427246094,183.2899932861328,183.2899932861328,9807
2016-03-10,184.8800048828125,184.8800048828125,182.0500030517578,182.86000061035156,182.86000061035156,5514
2016-03-11,181.02000427246094,184.5800018310547,181.02000427246094,183.2899932861328,183.2899932861328,3040
2016-03-14,184.8800048828125,186.4499969482422,181.1999969482422,184.5800018310547,184.5800018310547,8376
2016-03-15,183.5,185.0,182.1199951171875,183.88999938964844,183.88999938964844,5347
2016-03-16,184.0,184.63999938964844,180.10000610351562,181.77999877929688,181.77999877929688,13657
2016-03-17,182.0500030517578,184.97999572753906,180.3000030517578,181.80999755859375,181.80999755859375,10937
2016-03-18,183.19000244140625,184.4499969482422,183.0,183.50999450683594,183.50999450683594,4376
2016-03-21,184.0,186.83999633789062,184.0,185.6999969482422,185.6999969482422,17539
2016-03-22,185.6999969482422,188.8000030517578,185.0,187.3000030517578,187.3000030517578,12022
2016-03-23,186.0,187.86000061035156,186.0,186.8000030517578,186.8000030517578,2601
2016-03-28,187.77999877929688,187.77999877929688,184.02000427246094,184.63999938964844,184.63999938964844,9251
2016-03-29,185.97999572753906,185.97999572753906,181.32000732421875,184.4199981689453,184.4199981689453,12080
2016-03-30,185.97999572753906,188.1199951171875,185.83999633789062,188.07000732421875,188.07000732421875,3788
2016-03-31,185.50999450683594,189.5,185.11000061035156,188.13999938964844,188.13999938964844,8447
2016-04-01,189.0,189.9499969482422,186.0,189.5500030517578,189.5500030517578,118017
2016-04-04,191.9499969482422,191.9499969482422,189.02999877929688,189.75,189.75,6935
2016-04-05,189.0,190.4499969482422,186.02000427246094,186.74000549316406,186.74000549316406,13724
2016-04-06,187.0,187.75,185.89999389648438,187.14999389648438,187.14999389648438,10687
2016-04-07,186.0500030517578,188.75,182.0,187.55999755859375,187.55999755859375,3922
2016-04-08,187.0,188.5500030517578,187.0,188.24000549316406,188.24000549316406,3737
2016-04-11,189.0,190.16000366210938,186.05999755859375,190.08999633789062,190.08999633789062,5032
2016-04-12,190.16000366210938,191.94000244140625,190.02000427246094,191.00999450683594,191.00999450683594,22720
2016-04-13,191.5,193.89999389648438,191.39999389648438,193.47999572753906,193.47999572753906,8898
2016-04-18,191.02000427246094,195.44000244140625,191.02000427246094,194.3800048828125,194.3800048828125,24742
2016-04-20,194.97000122070312,195.99000549316406,194.97000122070312,195.5399932861328,195.5399932861328,9435
2016-04-21,196.35000610351562,196.35000610351562,193.64999389648438,194.08999633789062,194.08999633789062,7249
2016-04-22,193.6199951171875,195.47999572753906,193.6199951171875,195.22000122070312,195.22000122070312,7526
2016-04-25,194.5,195.97999572753906,193.52000427246094,193.8699951171875,193.8699951171875,20016
2016-04-26,194.0,195.89999389648438,193.50999450683594,195.75,195.75,8470
2016-04-27,197.9499969482422,197.9499969482422,195.0,195.52000427246094,195.52000427246094,24409
2016-04-28,196.4499969482422,196.47999572753906,193.10000610351562,193.57000732421875,193.57000732421875,5286
2016-04-29,193.0,194.97999572753906,192.0,193.8800048828125,193.8800048828125,24397
2016-05-02,193.8800048828125,198.0500030517578,193.1199951171875,197.74000549316406,197.74000549316406,16885
2016-05-03,197.75,199.5,196.5500030517578,197.0800018310547,197.0800018310547,9396
2016-05-04,196.1999969482422,196.1999969482422,193.02000427246094,194.07000732421875,194.07000732421875,3074
2016-05-05,193.25,194.0,192.10000610351562,192.94000244140625,192.94000244140625,3878
2016-05-06,193.3000030517578,194.60000610351562,192.50999450683594,194.11000061035156,194.11000061035156,2263
2016-05-09,195.0,197.0,195.0,196.41000366210938,196.41000366210938,4028
2016-05-10,197.8800048828125,197.8800048828125,195.64999389648438,196.17999267578125,196.17999267578125,6994
2016-05-11,195.0,199.9499969482422,194.14999389648438,197.52000427246094,197.52000427246094,9680
2016-05-12,197.97999572753906,198.8000030517578,197.5,198.5,198.5,1787
2016-05-13,198.5,199.8800048828125,196.10000610351562,196.55999755859375,196.55999755859375,3570
2016-05-16,197.0,198.47999572753906,195.6999969482422,196.24000549316406,196.24000549316406,5984
2016-05-17,198.0,198.0,195.7100067138672,195.94000244140625,195.94000244140625,2185
2016-05-18,195.5,196.97999572753906,193.64999389648438,194.9600067138672,194.9600067138672,6174
2016-05-19,196.0,196.2899932861328,193.1999969482422,193.33999633789062,193.33999633789062,2586
2016-05-20,193.0,194.61000061035156,192.0800018310547,192.60000610351562,192.60000610351562,3017
2016-05-23,194.39999389648438,194.39999389648438,192.0,192.14999389648438,192.14999389648438,2810
2016-05-24,193.14999389648438,193.14999389648438,190.5,191.5800018310547,191.5800018310547,3390
2016-05-25,193.47999572753906,194.75,192.60000610351562,193.02000427246094,193.02000427246094,3308
2016-05-26,192.25,195.85000610351562,192.05999755859375,195.6199951171875,195.6199951171875,2900
2016-05-27,199.5,199.9499969482422,195.25,198.52999877929688,198.52999877929688,7290
2016-05-30,199.89999389648438,199.89999389648438,196.75999450683594,198.6699981689453,198.6699981689453,11177
2016-05-31,206.60000610351562,209.89999389648438,197.8000030517578,198.0399932861328,198.0399932861328,7312
2016-06-01,199.0,199.89999389648438,198.50999450683594,199.1699981689453,199.1699981689453,5708
2016-06-02,199.0,199.9499969482422,198.0500030517578,199.14999389648438,199.14999389648438,2658
2016-06-03,200.0,201.0,199.00999450683594,199.22000122070312,199.22000122070312,4833
2016-06-06,200.8800048828125,200.8800048828125,198.0,198.0399932861328,198.0399932861328,27294
2016-06-07,198.5,200.25,198.5,199.86000061035156,199.86000061035156,4484
2016-06-08,200.0,200.77999877929688,199.0,199.49000549316406,199.49000549316406,6245
2016-06-09,200.0,201.0,199.27000427246094,199.72000122070312,199.72000122070312,7527
2016-06-10,200.97000122070312,201.1999969482422,199.00999450683594,199.33999633789062,199.33999633789062,5745
2016-06-13,199.47999572753906,199.47999572753906,197.0,197.7899932861328,197.7899932861328,2694
2016-06-14,197.00999450683594,199.0,196.5,198.30999755859375,198.30999755859375,4684
2016-06-15,199.0,200.07000732421875,199.0,199.9600067138672,199.9600067138672,4808
2016-06-16,199.9600067138672,199.9600067138672,197.02000427246094,198.8699951171875,198.8699951171875,5719
2016-06-17,199.5,199.99000549316406,197.52000427246094,198.47000122070312,198.47000122070312,3046
2016-06-20,198.39999389648438,199.97999572753906,198.0,198.8300018310547,198.8300018310547,8031
2016-06-21,199.0,201.47999572753906,199.0,200.8699951171875,200.8699951171875,5025
2016-06-22,183.8000030517578,200.89999389648438,183.8000030517578,200.3000030517578,200.3000030517578,5513
2016-06-23,200.67999267578125,200.67999267578125,199.25,200.42999267578125,200.42999267578125,3588
2016-06-24,199.0,201.13999938964844,194.02000427246094,199.6999969482422,199.6999969482422,18082
2016-06-27,199.9499969482422,201.0,199.0,199.32000732421875,199.32000732421875,6741
2016-06-28,201.0,203.8000030517578,200.0,202.72999572753906,202.72999572753906,4114
2016-06-29,205.0,205.0,201.02000427246094,203.6699981689453,203.6699981689453,5975
2016-06-30,205.0,206.5,203.9499969482422,205.92999267578125,205.92999267578125,10356
2016-07-01,207.0,209.3000030517578,205.02000427246094,208.66000366210938,208.66000366210938,12626
2016-07-04,209.3000030517578,211.9499969482422,208.35000610351562,211.49000549316406,211.49000549316406,10421
2016-07-05,212.0,212.0,209.0,210.02000427246094,210.02000427246094,7180
2016-07-07,211.0,211.75,209.02000427246094,211.10000610351562,211.10000610351562,3680
2016-07-08,211.9499969482422,211.9499969482422,209.02000427246094,211.3699951171875,211.3699951171875,8398
2016-07-11,215.0,215.0,210.89999389648438,213.8000030517578,213.8000030517578,34304
2016-07-12,215.0,215.8800048828125,214.16000366210938,215.02999877929688,215.02999877929688,16593
2016-07-13,217.0,217.47999572753906,215.00999450683594,215.22999572753906,215.22999572753906,16053
2016-07-14,217.0,217.0,215.0,216.08999633789062,216.08999633789062,2170
2016-07-15,218.0,222.5,215.4499969482422,219.13999938964844,219.13999938964844,32063
2016-07-18,220.0,220.0,211.10000610351562,216.10000610351562,216.10000610351562,5014
2016-07-19,218.0,218.0,214.35000610351562,216.2899932861328,216.2899932861328,8819
2016-07-20,215.85000610351562,218.07000732421875,215.85000610351562,217.60000610351562,217.60000610351562,2559
2016-07-21,218.0,219.3000030517578,216.02999877929688,217.22999572753906,217.22999572753906,121635
2016-07-22,218.85000610351562,220.64999389648438,216.89999389648438,220.07000732421875,220.07000732421875,9918
2016-07-25,220.07000732421875,224.5,220.0,223.1199951171875,223.1199951171875,15642
2016-07-26,223.89999389648438,224.89999389648438,221.52000427246094,222.1699981689453,222.1699981689453,16060
2016-07-27,224.8800048828125,224.8800048828125,222.6300048828125,223.67999267578125,223.67999267578125,8021
2016-07-28,224.0,225.75,223.35000610351562,225.1199951171875,225.1199951171875,16866
2016-07-29,224.5,226.97999572753906,224.35000610351562,225.41000366210938,225.41000366210938,7764
2016-08-01,226.0,229.14999389648438,224.1999969482422,225.35000610351562,225.35000610351562,11348
2016-08-02,227.5,227.89999389648438,225.05999755859375,225.49000549316406,225.49000549316406,11002
2016-08-03,202.1999969482422,225.0,202.1999969482422,221.36000061035156,221.36000061035156,8275
2016-08-04,223.0,223.0,221.14999389648438,221.52999877929688,221.52999877929688,4178
2016-08-05,223.5,226.10000610351562,223.0,225.8699951171875,225.8699951171875,10256
2016-08-08,227.47999572753906,228.14999389648438,225.5,227.55999755859375,227.55999755859375,11802
2016-08-09,228.0,228.0,225.0,225.91000366210938,225.91000366210938,10380
2016-08-10,226.0,227.67999267578125,223.02000427246094,224.33999633789062,224.33999633789062,16415
2016-08-11,224.33999633789062,225.85000610351562,222.5,225.32000732421875,225.32000732421875,6991
2016-08-12,225.0,226.97999572753906,224.0,225.1999969482422,225.1999969482422,32604
2016-08-16,225.9499969482422,227.88999938964844,225.02000427246094,227.0500030517578,227.0500030517578,12105
2016-08-17,228.1999969482422,229.85000610351562,226.30999755859375,228.9600067138672,228.9600067138672,6377
2016-08-18,229.8800048828125,230.89999389648438,228.1999969482422,229.85000610351562,229.85000610351562,3867
2016-08-19,239.39999389648438,244.39999389648438,228.11000061035156,230.88999938964844,230.88999938964844,5799
2016-08-22,231.5500030517578,231.69000244140625,228.52000427246094,229.02999877929688,229.02999877929688,4343
2016-08-23,229.89999389648438,229.97000122070312,227.02999877929688,227.66000366210938,227.66000366210938,3558
2016-08-24,228.97999572753906,229.9499969482422,228.1999969482422,229.77000427246094,229.77000427246094,3132
2016-08-25,230.0,231.47999572753906,228.7100067138672,229.1699981689453,229.1699981689453,6136
2016-08-26,228.0,229.97999572753906,228.0,228.57000732421875,228.57000732421875,11621
2016-08-29,229.5,229.5,228.0,229.08999633789062,229.08999633789062,6433
2016-08-30,228.11000061035156,232.1999969482422,228.11000061035156,231.8699951171875,231.8699951171875,3743
2016-08-31,232.8800048828125,233.8000030517578,230.0500030517578,230.8800048828125,230.8800048828125,9095
2016-09-01,236.89999389648438,236.89999389648438,230.10000610351562,231.1300048828125,231.1300048828125,4898
2016-09-02,231.97999572753906,232.0,230.25,231.92999267578125,231.92999267578125,4065
2016-09-06,232.0,236.35000610351562,231.3000030517578,235.52999877929688,235.52999877929688,89349
2016-09-07,235.39999389648438,237.8800048828125,235.02000427246094,235.38999938964844,235.38999938964844,4373
2016-09-08,237.0,237.47999572753906,228.85000610351562,235.8699951171875,235.8699951171875,20042
2016-09-09,237.39999389648438,237.39999389648438,235.0,235.33999633789062,235.33999633789062,7129
2016-09-12,235.0,235.0,229.02000427246094,229.6999969482422,229.6999969482422,9650
2016-09-14,231.0,231.0,226.75,230.94000244140625,230.94000244140625,7232
2016-09-15,231.6999969482422,231.97999572753906,229.55999755859375,231.16000366210938,231.16000366210938,3330
2016-09-16,231.97999572753906,233.89999389648438,231.02000427246094,231.97999572753906,231.97999572753906,5378
2016-09-19,232.47999572753906,233.77999877929688,230.5500030517578,231.13999938964844,231.13999938964844,6033
2016-09-20,231.89999389648438,232.75,230.11000061035156,232.22000122070312,232.22000122070312,2955
2016-09-21,232.3000030517578,232.47999572753906,230.14999389648438,230.47999572753906,230.47999572753906,3119
2016-09-22,231.0,233.97999572753906,231.0,233.33999633789062,233.33999633789062,4752
2016-09-23,233.0,235.85000610351562,233.0,234.88999938964844,234.88999938964844,7711
2016-09-26,235.7100067138672,235.7100067138672,232.25,233.72999572753906,233.72999572753906,7367
2016-09-27,234.0,235.0,232.41000366210938,233.02000427246094,233.02000427246094,2630
2016-09-28,234.8800048828125,235.6999969482422,231.02000427246094,234.92999267578125,234.92999267578125,6331
2016-09-29,235.97999572753906,236.0,225.0,227.36000061035156,227.36000061035156,16337
2016-09-30,227.00999450683594,230.97999572753906,224.25,230.0800018310547,230.0800018310547,5495
2016-10-03,232.8699951171875,237.1999969482422,231.02999877929688,236.41000366210938,236.41000366210938,7851
2016-10-04,236.4499969482422,238.3000030517578,236.0,237.99000549316406,237.99000549316406,4608
2016-10-05,239.25,239.4499969482422,237.52000427246094,238.0,238.0,10342
2016-10-06,239.4499969482422,240.0,237.02000427246094,237.97999572753906,237.97999572753906,7430
2016-10-07,239.0,239.8000030517578,237.05999755859375,238.02000427246094,238.02000427246094,3064
2016-10-10,239.0,240.0,237.11000061035156,239.49000549316406,239.49000549316406,6015
2016-10-13,239.0,239.0,233.3000030517578,234.27999877929688,234.27999877929688,8823
2016-10-14,236.4199981689453,236.4600067138672,234.14999389648438,235.63999938964844,235.63999938964844,4624
2016-10-17,236.0,236.89999389648438,233.8000030517578,234.05999755859375,234.05999755859375,4602
2016-10-18,235.75,239.0,234.02000427246094,238.00999450683594,238.00999450683594,6201
2016-10-19,237.99000549316406,241.5,234.0,237.92999267578125,237.92999267578125,13459
2016-10-20,239.0,240.0,237.39999389648438,237.39999389648438,237.39999389648438,4833
2016-10-21,238.97999572753906,239.8000030517578,237.16000366210938,238.25,238.25,1419
2016-10-24,239.97999572753906,240.0,233.60000610351562,237.55999755859375,237.55999755859375,5338
2016-10-25,239.8800048828125,239.8800048828125,237.10000610351562,238.36000061035156,238.36000061035156,2931
2016-10-26,237.39999389648438,238.89999389648438,235.02000427246094,236.44000244140625,236.44000244140625,3574
2016-10-27,236.4499969482422,236.9499969482422,234.11000061035156,234.60000610351562,234.60000610351562,9392
2016-10-28,236.8800048828125,238.0,235.5,237.89999389648438,237.89999389648438,1579
2016-11-01,238.5,239.89999389648438,236.02000427246094,239.5,239.5,4210
2016-11-02,238.44000244140625,238.49000549316406,234.02000427246094,235.27999877929688,235.27999877929688,9176
2016-11-03,235.0,236.97999572753906,233.0,233.8800048828125,233.8800048828125,3915
2016-11-04,233.0,234.0,228.25,230.3000030517578,230.3000030517578,12692
2016-11-07,241.5,241.5,229.5,230.57000732421875,230.57000732421875,8579
2016-11-08,232.0,233.97999572753906,230.1999969482422,232.85000610351562,232.85000610351562,3299
2016-11-09,229.0,263.1000061035156,216.75,227.39999389648438,227.39999389648438,130897
2016-11-10,230.0,233.97999572753906,230.0,231.80999755859375,231.80999755859375,7217
2016-11-11,227.0,231.35000610351562,224.5,225.5399932861328,225.5399932861328,14688
2016-11-15,227.0,227.8699951171875,207.22000122070312,211.58999633789062,211.58999633789062,66829
2016-11-16,215.8000030517578,217.97999572753906,212.5500030517578,215.30999755859375,215.30999755859375,8198
2016-11-17,215.0,217.97999572753906,212.02000427246094,214.82000732421875,214.82000732421875,6741
2016-11-18,215.14999389648438,217.3000030517578,214.0,214.30999755859375,214.30999755859375,9619
2016-11-21,216.97999572753906,219.8000030517578,210.11000061035156,215.60000610351562,215.60000610351562,20131
2016-11-22,216.97999572753906,219.89999389648438,214.0,218.75999450683594,218.75999450683594,4524
2016-11-23,216.0,221.0,214.11000061035156,219.32000732421875,219.32000732421875,3912
2016-11-24,218.0,218.97000122070312,215.6999969482422,216.88999938964844,216.88999938964844,3553
2016-11-25,216.5500030517578,220.85000610351562,216.4600067138672,220.74000549316406,220.74000549316406,4593
2016-11-28,220.89999389648438,223.75,220.0,220.4199981689453,220.4199981689453,3945
2016-11-29,221.6999969482422,223.0,221.0,221.25999450683594,221.25999450683594,2762
2016-11-30,222.97999572753906,223.0,220.05999755859375,222.92999267578125,222.92999267578125,3819
2016-12-01,223.8000030517578,223.8000030517578,221.5,222.1199951171875,222.1199951171875,5874
2016-12-02,223.0,223.0,218.75,219.22999572753906,219.22999572753906,5023
2016-12-05,221.47000122070312,221.47000122070312,219.10000610351562,220.3000030517578,220.3000030517578,3957
2016-12-06,222.8800048828125,222.8800048828125,220.7100067138672,221.58999633789062,221.58999633789062,4217
2016-12-07,222.97999572753906,222.97999572753906,218.0,220.19000244140625,220.19000244140625,11527
2016-12-08,222.97999572753906,225.8000030517578,221.80999755859375,225.3000030517578,225.3000030517578,4933
2016-12-09,225.75,225.8000030517578,223.52000427246094,224.7899932861328,224.7899932861328,4514
2016-12-12,223.0,223.99000549316406,221.05999755859375,222.25,222.25,5294
2016-12-13,224.27999877929688,224.27999877929688,220.02000427246094,221.7899932861328,221.7899932861328,2283
2016-12-14,220.8300018310547,221.33999633789062,217.83999633789062,218.72999572753906,218.72999572753906,12564
2016-12-15,219.0,220.61000061035156,218.2100067138672,219.27999877929688,219.27999877929688,6455
2016-12-16,219.5,219.72999572753906,217.3000030517578,217.3800048828125,217.3800048828125,4401
2016-12-19,218.0,218.61000061035156,216.5500030517578,216.9600067138672,216.9600067138672,3588
2016-12-20,216.9600067138672,217.2100067138672,215.39999389648438,215.7100067138672,215.7100067138672,2369
2016-12-21,216.0,216.33999633789062,211.86000061035156,212.24000549316406,212.24000549316406,37219
2016-12-22,213.86000061035156,213.86000061035156,211.0,211.47000122070312,211.47000122070312,5527
2016-12-23,217.8000030517578,219.1999969482422,209.55999755859375,210.39999389648438,210.39999389648438,6586
2016-12-26,210.39999389648438,212.85000610351562,206.10000610351562,206.85000610351562,206.85000610351562,14640
2016-12-27,208.8800048828125,210.64999389648438,205.10000610351562,210.17999267578125,210.17999267578125,6610
2016-12-28,210.64999389648438,213.9499969482422,210.0500030517578,211.1300048828125,211.1300048828125,4640
2016-12-29,211.2899932861328,213.75,211.2899932861328,213.35000610351562,213.35000610351562,4707
2016-12-30,213.0,216.38999938964844,213.0,216.16000366210938,216.16000366210938,3787
2017-01-02,216.16000366210938,218.8000030517578,215.25,218.61000061035156,218.61000061035156,5073
2017-01-03,218.0,219.8000030517578,216.64999389648438,219.49000549316406,219.49000549316406,1934
2017-01-04,220.0,220.0,215.39999389648438,219.5399932861328,219.5399932861328,12237
2017-01-05,220.0,222.17999267578125,218.74000549316406,221.11000061035156,221.11000061035156,31899
2017-01-06,223.0,223.75,221.33999633789062,221.9499969482422,221.9499969482422,2745
2017-01-09,222.0,222.8800048828125,220.99000549316406,222.41000366210938,222.41000366210938,22593
2017-01-10,223.6999969482422,224.8000030517578,222.4499969482422,224.2100067138672,224.2100067138672,5911
2017-01-11,224.77999877929688,226.88999938964844,224.61000061035156,225.97000122070312,225.97000122070312,4214
2017-01-12,227.0,229.0,226.9199981689453,228.22999572753906,228.22999572753906,3335
2017-01-13,229.0,229.6199951171875,226.41000366210938,229.41000366210938,229.41000366210938,7876
2017-01-16,229.6999969482422,230.35000610351562,228.39999389648438,230.22000122070312,230.22000122070312,3775
2017-01-17,230.0,231.4499969482422,228.0,228.3300018310547,228.3300018310547,3828
2017-01-18,229.9600067138672,230.97000122070312,229.14999389648438,229.55999755859375,229.55999755859375,2223
2017-01-19,232.8800048828125,232.8800048828125,229.80999755859375,231.14999389648438,231.14999389648438,3576
2017-01-20,231.0,231.6999969482422,227.50999450683594,227.97000122070312,227.97000122070312,7769
2017-01-23,227.75,230.47000122070312,227.44000244140625,229.60000610351562,229.60000610351562,48578
2017-01-24,231.0,232.0,229.91000366210938,231.69000244140625,231.69000244140625,8236
2017-01-25,231.6999969482422,236.5,231.6999969482422,235.64999389648438,235.64999389648438,13039
2017-01-27,235.64999389648438,238.5,235.64999389648438,237.22999572753906,237.22999572753906,18555
2017-01-30,235.10000610351562,238.0,232.11000061035156,237.19000244140625,237.19000244140625,15791
2017-01-31,237.99000549316406,238.25,234.89999389648438,235.75999450683594,235.75999450683594,3232
2017-02-01,235.67999267578125,240.10000610351562,233.6199951171875,239.3300018310547,239.3300018310547,10485
2017-02-02,239.89999389648438,241.1999969482422,237.02000427246094,241.0399932861328,241.0399932861328,4628
2017-02-03,241.0,242.47999572753906,239.5,240.6199951171875,240.6199951171875,14536
2017-02-06,241.0,243.99000549316406,240.4499969482422,242.6699981689453,242.6699981689453,8111
2017-02-07,243.9499969482422,244.0,241.25,243.05999755859375,243.05999755859375,5306
2017-02-08,243.0500030517578,244.5,242.75999450683594,244.1699981689453,244.1699981689453,2898
2017-02-09,242.02000427246094,245.5,242.0,244.8300018310547,244.8300018310547,16114
2017-02-10,244.0,245.0,243.8000030517578,244.38999938964844,244.38999938964844,1755
2017-02-13,244.9499969482422,245.0,243.1999969482422,243.67999267578125,243.67999267578125,4121
2017-02-14,242.60000610351562,244.3300018310547,241.50999450683594,242.83999633789062,242.83999633789062,4640
2017-02-15,242.0,243.8800048828125,238.50999450683594,239.72000122070312,239.72000122070312,10496
2017-02-16,241.0,243.0,237.35000610351562,242.11000061035156,242.11000061035156,4955
2017-02-17,241.33999633789062,244.89999389648438,241.33999633789062,243.97000122070312,243.97000122070312,25423
2017-02-20,243.9499969482422,247.2100067138672,243.9499969482422,247.0399932861328,247.0399932861328,6741
2017-02-21,247.5,248.5,246.41000366210938,248.33999633789062,248.33999633789062,2497
2017-02-22,248.0,249.17999267578125,246.0,247.5399932861328,247.5399932861328,8140
2017-02-23,249.8800048828125,249.8800048828125,245.0,245.5500030517578,245.5500030517578,9269
2017-02-27,246.0,247.08999633789062,245.5,245.66000366210938,245.66000366210938,4782
2017-02-28,244.0,247.85000610351562,243.5500030517578,247.0800018310547,247.0800018310547,50316
2017-03-01,247.5,248.97999572753906,247.0,247.5,247.5,4789
2017-03-02,247.00999450683594,248.75,244.25,244.52999877929688,244.52999877929688,5508
2017-03-03,246.0,246.0,242.11000061035156,243.8800048828125,243.8800048828125,6649
2017-03-06,245.0,245.77999877929688,244.0,245.4199981689453,245.4199981689453,3784
2017-03-07,243.35000610351562,246.11000061035156,243.35000610351562,245.1699981689453,245.1699981689453,4712
2017-03-08,245.75,245.75,241.5500030517578,242.47999572753906,242.47999572753906,6720
2017-03-09,243.10000610351562,244.35000610351562,242.25,242.69000244140625,242.69000244140625,5233
2017-03-10,244.74000549316406,244.74000549316406,243.0,243.17999267578125,243.17999267578125,1981
2017-03-14,244.02000427246094,250.0,244.02000427246094,247.08999633789062,247.08999633789062,16934
2017-03-15,248.0,248.8000030517578,245.80999755859375,247.6199951171875,247.6199951171875,57636
2017-03-16,249.97999572753906,252.8800048828125,249.0,251.00999450683594,251.00999450683594,20911
2017-03-17,251.0,252.75,250.35000610351562,250.85000610351562,250.85000610351562,6255
2017-03-20,255.39999389648438,255.39999389648438,250.32000732421875,251.55999755859375,251.55999755859375,10323
2017-03-21,255.0,255.0,249.3699951171875,251.4499969482422,251.4499969482422,19898
2017-03-22,249.0,251.8800048828125,247.5500030517578,248.9600067138672,248.9600067138672,3466
2017-03-23,252.0,252.0,248.9600067138672,251.47999572753906,251.47999572753906,223453
2017-03-24,252.0,252.97999572753906,249.8300018310547,250.02999877929688,250.02999877929688,10478
2017-03-27,251.9499969482422,253.5,248.5,250.3000030517578,250.3000030517578,8074
2017-03-28,251.97999572753906,251.97999572753906,248.61000061035156,251.05999755859375,251.05999755859375,4676
2017-03-29,252.25,252.9499969482422,250.39999389648438,252.1699981689453,252.1699981689453,7491
2017-03-30,247.1999969482422,253.4499969482422,247.1999969482422,252.8699951171875,252.8699951171875,6325
2017-03-31,253.8000030517578,254.99000549316406,252.1999969482422,253.11000061035156,253.11000061035156,9348
2017-04-03,252.25,256.70001220703125,252.2100067138672,255.00999450683594,255.00999450683594,20174
2017-04-05,252.02000427246094,257.8999938964844,252.02000427246094,256.9599914550781,256.9599914550781,9249
2017-04-06,257.95001220703125,257.9800109863281,256.0,257.4700012207031,257.4700012207031,6903
2017-04-07,257.0,259.8999938964844,256.0199890136719,259.1700134277344,259.1700134277344,22858
2017-04-10,258.5,259.9800109863281,258.1000061035156,259.44000244140625,259.44000244140625,23611
2017-04-11,258.0,262.3999938964844,249.10000610351562,262.1499938964844,262.1499938964844,10093
2017-04-12,262.0,263.9700012207031,260.6000061035156,262.3699951171875,262.3699951171875,11659
2017-04-13,262.0,262.9800109863281,261.79998779296875,262.739990234375,262.739990234375,35027
2017-04-17,262.5,263.55999755859375,260.75,261.17999267578125,261.17999267578125,12314
2017-04-18,261.0,263.70001220703125,258.44000244140625,259.1000061035156,259.1000061035156,7112
2017-04-19,262.8800048828125,262.8800048828125,257.0199890136719,260.29998779296875,260.29998779296875,9024
2017-04-20,262.0,262.8800048828125,261.010009765625,261.7900085449219,261.7900085449219,6586
2017-04-21,263.6000061035156,263.6000061035156,261.0,261.7699890136719,261.7699890136719,8627
2017-04-24,262.0,263.989990234375,262.0,263.92999267578125,263.92999267578125,14827
2017-04-25,264.9800109863281,268.0,263.92999267578125,267.739990234375,267.739990234375,23324
2017-04-26,269.5,269.5,265.0,267.0400085449219,267.0400085449219,36525
2017-04-27,268.6300048828125,268.6300048828125,266.3999938964844,266.7200012207031,266.7200012207031,5941
2017-04-28,267.5400085449219,267.6099853515625,265.9800109863281,266.70001220703125,266.70001220703125,4202
2017-05-02,267.0,269.0,264.0199890136719,268.19000244140625,268.19000244140625,11257
2017-05-03,269.0,270.0,267.6600036621094,267.9700012207031,267.9700012207031,5092
2017-05-04,269.989990234375,269.989990234375,267.6400146484375,269.0299987792969,269.0299987792969,9475
2017-05-05,269.79998779296875,269.79998779296875,264.0199890136719,265.5299987792969,265.5299987792969,12596
2017-05-08,269.9800109863281,269.9800109863281,265.0199890136719,265.5299987792969,265.5299987792969,21766
2017-05-09,265.5,269.04998779296875,265.5,268.1199951171875,268.1199951171875,4708
2017-05-10,267.0,271.3900146484375,267.0,271.2099914550781,271.2099914550781,5875
2017-05-11,272.989990234375,273.6099853515625,271.20001220703125,271.57000732421875,271.57000732421875,6815
2017-05-12,270.0199890136719,272.6000061035156,269.1400146484375,270.2099914550781,270.2099914550781,2899
2017-05-15,268.0,274.0,254.0,272.7200012207031,272.7200012207031,11861
2017-05-16,273.1400146484375,274.20001220703125,272.260009765625,272.6000061035156,272.6000061035156,13063
2017-05-17,272.6000061035156,273.8800048828125,271.260009765625,272.2200012207031,272.2200012207031,4911
2017-05-18,270.79998779296875,270.79998779296875,266.20001220703125,266.5899963378906,266.5899963378906,7791
2017-05-19,267.2300109863281,269.0,262.2099914550781,264.8500061035156,264.8500061035156,16144
2017-05-22,267.4800109863281,267.4800109863281,262.04998779296875,262.5400085449219,262.5400085449219,7487
2017-05-23,263.0,263.0,255.94000244140625,259.4700012207031,259.4700012207031,17176
2017-05-24,256.0199890136719,260.20001220703125,254.11000061035156,255.52999877929688,255.52999877929688,10078
2017-05-25,258.7799987792969,258.7799987792969,255.00999450683594,257.7200012207031,257.7200012207031,9377
2017-05-26,258.0,264.20001220703125,258.0,263.44000244140625,263.44000244140625,9675
2017-05-29,265.0,265.4800109863281,259.70001220703125,261.6000061035156,261.6000061035156,6611
2017-05-30,259.95001220703125,263.3500061035156,258.8999938964844,263.1400146484375,263.1400146484375,4099
2017-05-31,263.0,265.04998779296875,263.0,264.6499938964844,264.6499938964844,5883
2017-06-01,264.45001220703125,264.79998779296875,263.0799865722656,264.1199951171875,264.1199951171875,4355
2017-06-02,265.0,266.0,265.0,265.510009765625,265.510009765625,5714
2017-06-05,267.8800048828125,269.45001220703125,266.75,268.6199951171875,268.6199951171875,9239
2017-06-06,267.54998779296875,269.0,265.1099853515625,265.7900085449219,265.7900085449219,4975
2017-06-07,267.8800048828125,268.70001220703125,266.8999938964844,267.6000061035156,267.6000061035156,4072
2017-06-08,268.0,269.3999938964844,267.25,268.75,268.75,8736
2017-06-09,268.5,269.260009765625,267.75,268.989990234375,268.989990234375,41647
2017-06-12,269.5,270.70001220703125,267.8999938964844,268.6300048828125,268.6300048828125,27395
2017-06-13,270.0,270.79998779296875,268.760009765625,269.7799987792969,269.7799987792969,5000
2017-06-14,270.04998779296875,270.04998779296875,267.6000061035156,268.1700134277344,268.1700134277344,4955
2017-06-15,269.5,269.9800109863281,268.0,268.8800048828125,268.8800048828125,4137
2017-06-16,270.0,270.0,268.3900146484375,269.4100036621094,269.4100036621094,4874
2017-06-19,268.25,270.3999938964844,268.25,269.94000244140625,269.94000244140625,7237
2017-06-20,270.989990234375,271.55999755859375,269.6499938964844,270.0299987792969,270.0299987792969,19209
2017-06-21,269.5199890136719,271.3999938964844,269.3999938964844,270.07000732421875,270.07000732421875,10962
2017-06-22,270.55999755859375,272.7099914550781,267.3999938964844,268.4700012207031,268.4700012207031,45146
2017-06-23,269.79998779296875,269.79998779296875,264.510009765625,266.1400146484375,266.1400146484375,9427
2017-06-27,266.5,266.5,262.04998779296875,262.67999267578125,262.67999267578125,13503
2017-06-28,262.79998779296875,264.69000244140625,262.04998779296875,263.8999938964844,263.8999938964844,13044
2017-06-29,265.3999938964844,266.7799987792969,263.70001220703125,264.010009765625,264.010009765625,5665
2017-06-30,264.75,267.20001220703125,263.0,266.6300048828125,266.6300048828125,15304
2017-07-03,266.1000061035156,269.510009765625,265.29998779296875,269.1000061035156,269.1000061035156,47682
2017-07-04,269.8500061035156,271.92999267578125,269.1000061035156,269.7799987792969,269.7799987792969,27215
2017-07-05,268.04998779296875,272.0,267.8500061035156,271.010009765625,271.010009765625,18930
2017-07-06,272.75,273.5,272.0,272.9700012207031,272.9700012207031,12583
2017-07-07,273.04998779296875,273.79998779296875,272.0,273.29998779296875,273.29998779296875,39413
2017-07-10,270.04998779296875,286.3999938964844,270.04998779296875,275.1600036621094,275.1600036621094,7900
2017-07-11,275.0,276.510009765625,273.0,273.6700134277344,273.6700134277344,7482
2017-07-12,274.95001220703125,276.0,273.6199951171875,274.57000732421875,274.57000732421875,8628
2017-07-13,276.70001220703125,278.44000244140625,276.70001220703125,277.2900085449219,277.2900085449219,43263
2017-07-14,278.0,278.3999938964844,276.3900146484375,277.4599914550781,277.4599914550781,10937
2017-07-17,278.0,278.8999938964844,276.9200134277344,277.9100036621094,277.9100036621094,10396
2017-07-18,278.95001220703125,278.95001220703125,276.1400146484375,276.2799987792969,276.2799987792969,11055
2017-07-19,276.989990234375,281.1700134277344,276.989990234375,280.0899963378906,280.0899963378906,7871
2017-07-20,281.0,281.3900146484375,278.4800109863281,278.7699890136719,278.7699890136719,6282
2017-07-21,280.3500061035156,281.0899963378906,277.5,279.25,279.25,14919
2017-07-24,281.3999938964844,281.3999938964844,279.30999755859375,279.8900146484375,279.8900146484375,4787
2017-07-25,280.5899963378906,281.6000061035156,279.7900085449219,281.239990234375,281.239990234375,4296
2017-07-26,282.0,282.0,280.7799987792969,280.9700012207031,280.9700012207031,5872
2017-07-27,282.0,282.8800048828125,279.2200012207031,280.0400085449219,280.0400085449219,8072
2017-07-28,279.8599853515625,281.2099914550781,279.0,280.9100036621094,280.9100036621094,7283
2017-07-31,281.54998779296875,284.1499938964844,281.1099853515625,282.95001220703125,282.95001220703125,14290
2017-08-01,283.45001220703125,284.5,282.5,282.9700012207031,282.9700012207031,10860
2017-08-02,284.54998779296875,284.54998779296875,280.0199890136719,281.92999267578125,281.92999267578125,16997
2017-08-03,281.8299865722656,283.8500061035156,281.0299987792969,281.6099853515625,281.6099853515625,4746
2017-08-04,282.3299865722656,286.75,281.1000061035156,285.4700012207031,285.4700012207031,4725
2017-08-07,286.6600036621094,290.0,285.739990234375,289.5799865722656,289.5799865722656,22179
2017-08-08,290.0,290.20001220703125,284.510009765625,285.6600036621094,285.6600036621094,11764
2017-08-09,284.7699890136719,302.79998779296875,280.1499938964844,281.7099914550781,281.7099914550781,70975
2017-08-10,282.20001220703125,282.20001220703125,271.3599853515625,273.05999755859375,273.05999755859375,76701
2017-08-11,271.04998779296875,275.0,267.4100036621094,272.5799865722656,272.5799865722656,27064
2017-08-14,274.04998779296875,278.8999938964844,274.04998779296875,278.2900085449219,278.2900085449219,17146
2017-08-16,280.0,282.0,278.70001220703125,280.9800109863281,280.9800109863281,23717
2017-08-17,281.8900146484375,283.5,280.3999938964844,280.6600036621094,280.6600036621094,10878
2017-08-18,279.95001220703125,281.739990234375,278.6000061035156,280.0299987792969,280.0299987792969,21241
2017-08-21,280.75,283.239990234375,275.8599853515625,276.6099853515625,276.6099853515625,10342
2017-08-22,278.8999938964844,278.8999938964844,274.5199890136719,275.0400085449219,275.0400085449219,17621
2017-08-23,275.6000061035156,278.5,275.5199890136719,278.17999267578125,278.17999267578125,5715
2017-08-24,278.70001220703125,281.6099853515625,278.5199890136719,281.5199890136719,281.5199890136719,3902
2017-08-28,282.0,283.8500061035156,280.1000061035156,282.8299865722656,282.8299865722656,17105
2017-08-29,283.0,283.29998779296875,279.79998779296875,280.1099853515625,280.1099853515625,13779
2017-08-30,282.29998779296875,285.7799987792969,282.29998779296875,284.5899963378906,284.5899963378906,9107
2017-08-31,285.0,285.95001220703125,283.7200012207031,285.05999755859375,285.05999755859375,4284
2017-09-01,285.1499938964844,288.45001220703125,285.1499938964844,287.7799987792969,287.7799987792969,10402
2017-09-04,288.0,288.32000732421875,283.5,286.9800109863281,286.9800109863281,13221
2017-09-05,286.25,288.6499938964844,286.25,288.3500061035156,288.3500061035156,9619
2017-09-06,286.55999755859375,288.8999938964844,285.260009765625,288.739990234375,288.739990234375,3807
2017-09-07,290.25,290.79998779296875,288.8500061035156,290.17999267578125,290.17999267578125,10732
2017-09-08,291.0,291.69000244140625,288.0,288.2799987792969,288.2799987792969,4374
2017-09-11,288.75,292.0299987792969,288.75,291.5799865722656,291.5799865722656,8229
2017-09-12,292.30999755859375,293.5299987792969,290.510009765625,293.4100036621094,293.4100036621094,3767
2017-09-13,293.0,295.5799865722656,291.75,291.7900085449219,291.7900085449219,1815
2017-09-14,292.5,295.29998779296875,292.5,292.6199951171875,292.6199951171875,13226
2017-09-15,292.5,294.20001220703125,290.260009765625,292.9100036621094,292.9100036621094,30860
2017-09-18,293.8500061035156,295.1000061035156,293.30999755859375,293.3599853515625,293.3599853515625,15357
2017-09-19,295.0,295.1499938964844,293.4100036621094,295.04998779296875,295.04998779296875,8391
2017-09-20,294.739990234375,295.9599914550781,294.20001220703125,294.20001220703125,294.20001220703125,3650
2017-09-21,294.20001220703125,294.20001220703125,290.0,291.20001220703125,291.20001220703125,11693
2017-09-22,291.0,291.0,284.0,285.1400146484375,285.1400146484375,13915
2017-09-25,285.70001220703125,285.70001220703125,278.0,280.760009765625,280.760009765625,25562
2017-09-26,280.0,283.0,278.1400146484375,281.55999755859375,281.55999755859375,11344
2017-09-27,283.8999938964844,283.8999938964844,275.4700012207031,276.20001220703125,276.20001220703125,14680
2017-09-28,276.0,277.95001220703125,273.5,276.44000244140625,276.44000244140625,33655
2017-09-29,277.0,282.510009765625,276.0,279.1300048828125,279.1300048828125,13885
2017-10-03,282.5,284.8500061035156,281.6499938964844,283.82000732421875,283.82000732421875,119227
2017-10-04,283.7699890136719,284.75,282.489990234375,283.8299865722656,283.8299865722656,7298
2017-10-05,283.3999938964844,285.0,283.3999938964844,284.05999755859375,284.05999755859375,5875
2017-10-06,285.0,287.25,285.0,286.7099914550781,286.7099914550781,29051
2017-10-09,286.8999938964844,289.0799865722656,285.3500061035156,285.989990234375,285.989990234375,98981
2017-10-10,287.0,288.75,287.0,287.489990234375,287.489990234375,9944
2017-10-11,289.1700134277344,290.8999938964844,284.95001220703125,285.9700012207031,285.9700012207031,11065
2017-10-12,288.54998779296875,289.79998779296875,286.0,289.2699890136719,289.2699890136719,10839
2017-10-13,290.25,292.3500061035156,289.75,290.3500061035156,290.3500061035156,6481
2017-10-16,291.5,292.5,289.75,291.42999267578125,291.42999267578125,9362
2017-10-17,291.8900146484375,292.0,290.6000061035156,291.8399963378906,291.8399963378906,2670
2017-10-18,293.0,293.3500061035156,291.25,291.42999267578125,291.42999267578125,8321
2017-10-19,299.5,299.5,290.5,291.94000244140625,291.94000244140625,3442
2017-10-23,291.9800109863281,292.25,289.75,291.1199951171875,291.1199951171875,7025
2017-10-24,291.0,292.6000061035156,291.0,291.7099914550781,291.7099914550781,4605
2017-10-25,294.0,295.0,292.0,294.3800048828125,294.3800048828125,7050
2017-10-26,292.45001220703125,297.4100036621094,292.45001220703125,296.80999755859375,296.80999755859375,15323
2017-10-27,319.5,319.5,297.0,298.54998779296875,298.54998779296875,3212
2017-10-30,308.5,308.5,298.5,301.45001220703125,301.45001220703125,4816
2017-10-31,301.5,302.0,299.29998779296875,300.70001220703125,300.70001220703125,25070
2017-11-01,302.0,306.0,302.0,304.8999938964844,304.8999938964844,26588
2017-11-02,304.95001220703125,306.7200012207031,303.6400146484375,305.9100036621094,305.9100036621094,8957
2017-11-03,306.9599914550781,307.29998779296875,305.0,306.1199951171875,306.1199951171875,3610
2017-11-06,306.25,309.25,305.7099914550781,307.9800109863281,307.9800109863281,21920
2017-11-07,308.5,308.5,302.29998779296875,302.92999267578125,302.92999267578125,15329
2017-11-08,303.0,304.3399963378906,299.0799865722656,299.5899963378906,299.5899963378906,14005
2017-11-09,300.1000061035156,304.0,299.5799865722656,301.9800109863281,301.9800109863281,12432
2017-11-10,301.0,303.0,300.260009765625,302.6700134277344,302.6700134277344,8701
2017-11-13,303.0,303.0,299.6000061035156,300.8999938964844,300.8999938964844,24931
2017-11-14,300.5,301.1600036621094,298.7200012207031,299.9800109863281,299.9800109863281,14036
2017-11-15,300.0,300.0,295.0,296.0199890136719,296.0199890136719,9590
2017-11-16,296.1000061035156,300.0,295.54998779296875,299.1400146484375,299.1400146484375,6583
2017-11-17,300.75,304.3500061035156,300.04998779296875,303.3500061035156,303.3500061035156,8825
2017-11-20,303.75,304.17999267578125,301.8599853515625,303.8399963378906,303.8399963378906,15358
2017-11-21,304.0,305.4700012207031,303.0,303.7699890136719,303.7699890136719,5059
2017-11-22,304.54998779296875,305.0400085449219,302.3999938964844,303.0199890136719,303.0199890136719,6596
2017-11-23,304.0,304.510009765625,301.8500061035156,304.05999755859375,304.05999755859375,8295
2017-11-24,304.0,305.0,303.79998779296875,304.6099853515625,304.6099853515625,8023
2017-11-27,304.5,307.0,303.3500061035156,305.32000732421875,305.32000732421875,6508
2017-11-28,304.20001220703125,306.9100036621094,304.20001220703125,305.5,305.5,11582
2017-11-29,306.0,307.4800109863281,304.79998779296875,304.9800109863281,304.9800109863281,3245
2017-11-30,305.75,306.0,303.1499938964844,303.6300048828125,303.6300048828125,6359
2017-12-01,304.95001220703125,306.0400085449219,300.1700134277344,300.8800048828125,300.8800048828125,11793
2017-12-04,302.0,302.1600036621094,298.6300048828125,300.1400146484375,300.1400146484375,19482
2017-12-05,300.0,300.5,297.9599914550781,300.3399963378906,300.3399963378906,15749
2017-12-06,300.0,300.5,297.9599914550781,298.239990234375,298.239990234375,5518
2017-12-07,298.75,303.3399963378906,298.25,303.04998779296875,303.04998779296875,9132
2017-12-08,303.0,306.1000061035156,303.0,304.7699890136719,304.7699890136719,8658
2017-12-11,307.0,307.3500061035156,305.0,306.1300048828125,306.1300048828125,13505
2017-12-12,306.3900146484375,306.8999938964844,303.0,303.7200012207031,303.7200012207031,13791
2017-12-13,303.8599853515625,304.3999938964844,298.45001220703125,299.6199951171875,299.6199951171875,22040
2017-12-14,302.3999938964844,302.3999938964844,297.9200134277344,300.2200012207031,300.2200012207031,19267
2017-12-15,306.20001220703125,312.20001220703125,302.0400085449219,302.30999755859375,302.30999755859375,26445
2017-12-18,302.0,306.0,296.67999267578125,304.94000244140625,304.94000244140625,24439
2017-12-19,306.0,309.5,306.0,309.0899963378906,309.0899963378906,14480
2017-12-20,310.0,311.4800109863281,309.1099853515625,309.8800048828125,309.8800048828125,4741
2017-12-21,310.0,312.0,309.8999938964844,311.6000061035156,311.6000061035156,5160
2017-12-22,313.1000061035156,314.29998779296875,311.7099914550781,313.1600036621094,313.1600036621094,11730
2017-12-26,313.1000061035156,315.0,313.0,314.6400146484375,314.6400146484375,9973
2017-12-27,313.25,316.0,311.17999267578125,313.20001220703125,313.20001220703125,15335
2017-12-28,314.5,314.5,311.95001220703125,312.45001220703125,312.45001220703125,10019
2017-12-29,312.0,318.0,310.0,314.30999755859375,314.30999755859375,8313
2018-01-01,320.0,320.0,314.2099914550781,315.5,315.5,9019
2018-01-02,315.3999938964844,316.5,311.5,313.1600036621094,313.1600036621094,10425
2018-01-03,322.5,322.5,313.8399963378906,314.54998779296875,314.54998779296875,3730
2018-01-04,315.1000061035156,319.0199890136719,315.0,318.8399963378906,318.8399963378906,10774
2018-01-05,320.0,322.5,319.6700134277344,322.25,322.25,13503
2018-01-08,322.0,325.0,322.0,324.5899963378906,324.5899963378906,9168
2018-01-09,324.25,325.9599914550781,322.0799865722656,324.0400085449219,324.0400085449219,9732
2018-01-10,324.25,325.0,321.5,322.6300048828125,322.6300048828125,21294
2018-01-11,323.0,323.04998779296875,321.1700134277344,321.3599853515625,321.3599853515625,4576
2018-01-12,324.3500061035156,324.3500061035156,320.3999938964844,321.8299865722656,321.8299865722656,6437
2018-01-15,324.29998779296875,324.75,322.04998779296875,322.7699890136719,322.7699890136719,6759
2018-01-16,323.0,323.3999938964844,316.3999938964844,317.489990234375,317.489990234375,17510
2018-01-17,317.20001220703125,319.8399963378906,312.30999755859375,319.239990234375,319.239990234375,9860
2018-01-18,322.0,322.0,312.1499938964844,314.0299987792969,314.0299987792969,13937
2018-01-19,307.70001220703125,317.0,301.5,315.95001220703125,315.95001220703125,10404
2018-01-22,318.5,320.5,316.0299987792969,320.1099853515625,320.1099853515625,40445
2018-01-23,321.29998779296875,323.04998779296875,320.5899963378906,321.5400085449219,321.5400085449219,34780
2018-01-24,321.8999938964844,321.8999938964844,318.4100036621094,320.0,320.0,16408
2018-01-25,320.0,320.0,315.6499938964844,316.3500061035156,316.3500061035156,34411
2018-01-29,316.20001220703125,317.29998779296875,313.3800048828125,314.2099914550781,314.2099914550781,19024
2018-01-30,313.8500061035156,314.0,311.79998779296875,312.010009765625,312.010009765625,7010
2018-01-31,312.0,312.9100036621094,308.32000732421875,309.5899963378906,309.5899963378906,11948
2018-02-01,309.20001220703125,312.3500061035156,305.010009765625,309.9700012207031,309.9700012207031,34539
2018-02-02,308.95001220703125,308.95001220703125,300.6000061035156,302.80999755859375,302.80999755859375,42353
2018-02-05,290.5,302.739990234375,290.5,300.7799987792969,300.7799987792969,22771
2018-02-06,300.0,300.0,285.20001220703125,297.07000732421875,297.07000732421875,52368
2018-02-07,301.75,302.25,298.0,299.75,299.75,18232
2018-02-08,298.0,305.05999755859375,298.0,304.25,304.25,5202
2018-02-09,300.0,304.0,299.5,302.1499938964844,302.1499938964844,18776
2018-02-12,305.0,308.0199890136719,304.3299865722656,307.7099914550781,307.7099914550781,8768
2018-02-14,307.70001220703125,309.6400146484375,306.0,306.95001220703125,306.95001220703125,9289
2018-02-15,308.6000061035156,308.70001220703125,304.0,305.0400085449219,305.0400085449219,11845
2018-02-16,306.45001220703125,306.5,300.1000061035156,301.3399963378906,301.3399963378906,17568
2018-02-19,301.75,301.75,296.25,298.260009765625,298.260009765625,17762
2018-02-20,298.05999755859375,300.0,297.0400085449219,299.3399963378906,299.3399963378906,6286
2018-02-21,300.3999938964844,300.3999938964844,296.2200012207031,297.8800048828125,297.8800048828125,6800
2018-02-22,306.79998779296875,310.0,295.25,295.70001220703125,295.70001220703125,10673
2018-02-23,295.8900146484375,300.6400146484375,295.8900146484375,300.510009765625,300.510009765625,5670
2018-02-26,301.0,303.0,299.0,301.760009765625,301.760009765625,15557
2018-02-27,302.04998779296875,303.3999938964844,300.05999755859375,301.5,301.5,9603
2018-02-28,300.0,301.239990234375,297.92999267578125,300.1300048828125,300.1300048828125,6106
2018-03-01,300.95001220703125,301.8399963378906,298.3999938964844,298.760009765625,298.760009765625,7312
2018-03-05,298.760009765625,298.760009765625,294.04998779296875,295.760009765625,295.760009765625,16872
2018-03-06,296.1400146484375,297.79998779296875,291.95001220703125,292.6700134277344,292.6700134277344,11134
2018-03-07,292.5,293.0,289.0,289.489990234375,289.489990234375,18541
2018-03-08,291.5299987792969,291.5299987792969,286.20001220703125,289.04998779296875,289.04998779296875,15991
2018-03-09,290.5,291.2900085449219,288.0,289.260009765625,289.260009765625,5854
2018-03-12,292.45001220703125,292.45001220703125,288.79998779296875,291.4100036621094,291.4100036621094,10797
2018-03-13,297.20001220703125,300.20001220703125,290.8299865722656,294.69000244140625,294.69000244140625,10212
2018-03-14,294.0,296.04998779296875,292.6199951171875,295.9100036621094,295.9100036621094,10707
2018-03-15,295.70001220703125,296.6499938964844,295.0,296.0400085449219,296.0400085449219,10427
2018-03-16,295.5799865722656,295.5799865722656,292.0,293.0299987792969,293.0299987792969,15087
2018-03-19,293.0,293.5,287.1199951171875,288.6300048828125,288.6300048828125,18307
2018-03-20,290.0,290.9599914550781,287.0,290.57000732421875,290.57000732421875,16180
2018-03-21,290.8399963378906,293.0,290.0,290.2699890136719,290.2699890136719,5529
2018-03-22,291.6000061035156,292.1199951171875,289.0,289.8599853515625,289.8599853515625,9781
2018-03-23,284.1000061035156,289.8599853515625,284.1000061035156,288.1099853515625,288.1099853515625,27076
2018-03-26,290.0,291.45001220703125,287.510009765625,290.7099914550781,290.7099914550781,40811
2018-03-27,293.6400146484375,295.3999938964844,292.7099914550781,294.1199951171875,294.1199951171875,9008
2018-03-28,292.2300109863281,295.0,292.1300048828125,293.8800048828125,293.8800048828125,32734
2018-04-02,293.5,298.8900146484375,292.1600036621094,298.2900085449219,298.2900085449219,24652
2018-04-03,298.0,300.989990234375,297.0,300.69000244140625,300.69000244140625,9782
2018-04-04,301.75,302.739990234375,296.2300109863281,297.67999267578125,297.67999267578125,12974
2018-04-05,302.0,303.3699951171875,300.1099853515625,302.4800109863281,302.4800109863281,8629
2018-04-06,302.0,306.20001220703125,301.44000244140625,305.5899963378906,305.5899963378906,17408
2018-04-09,306.0,307.92999267578125,305.3900146484375,307.0299987792969,307.0299987792969,10191
2018-04-10,307.3999938964844,308.0,305.0,307.0299987792969,307.0299987792969,11978
2018-04-11,303.5,309.0,303.5,307.2300109863281,307.2300109863281,5253
2018-04-12,307.25,307.7900085449219,305.70001220703125,306.510009765625,306.510009765625,31207
2018-04-13,306.5,308.5,305.5,306.7900085449219,306.7900085449219,24217
2018-04-16,306.0,308.4200134277344,304.9200134277344,308.1099853515625,308.1099853515625,7700
2018-04-17,308.29998779296875,309.0,307.1300048828125,308.7799987792969,308.7799987792969,3406
2018-04-18,308.75,309.3699951171875,307.0799865722656,307.9200134277344,307.9200134277344,6338
2018-04-19,308.8999938964844,310.17999267578125,308.0,309.6300048828125,309.6300048828125,8589
2018-04-20,310.8999938964844,310.8999938964844,306.6600036621094,307.6099853515625,307.6099853515625,13448
2018-04-23,307.5,310.5,307.5,309.07000732421875,309.07000732421875,22567
2018-04-24,311.1499938964844,311.1499938964844,309.5,309.9100036621094,309.9100036621094,5478
2018-04-25,309.75,311.7900085449219,309.5,310.9599914550781,310.9599914550781,5603
2018-04-26,311.25,311.7099914550781,309.0,309.44000244140625,309.44000244140625,4040
2018-04-27,309.79998779296875,312.8399963378906,309.79998779296875,310.80999755859375,310.80999755859375,14004
2018-04-30,313.0,314.0,311.739990234375,313.79998779296875,313.79998779296875,6065
2018-05-02,314.0,315.0,308.2200012207031,309.7699890136719,309.7699890136719,55488
2018-05-03,306.5,310.25,300.0,306.1400146484375,306.1400146484375,74434
2018-05-04,306.79998779296875,306.79998779296875,303.67999267578125,304.1199951171875,304.1199951171875,49163
2018-05-07,305.45001220703125,306.19000244140625,303.4100036621094,305.3399963378906,305.3399963378906,24757
2018-05-08,306.0,306.80999755859375,304.6499938964844,305.4200134277344,305.4200134277344,14828
2018-05-09,305.0,305.0,303.1000061035156,303.57000732421875,303.57000732421875,7335
2018-05-10,304.25,304.25,298.7200012207031,299.9599914550781,299.9599914550781,17541
2018-05-11,300.79998779296875,300.8500061035156,297.5,299.7900085449219,299.7900085449219,7675
2018-05-14,300.0,300.20001220703125,297.0,298.6199951171875,298.6199951171875,24934
2018-05-15,298.1499938964844,301.42999267578125,295.510009765625,296.57000732421875,296.57000732421875,28141
2018-05-16,298.0,298.1000061035156,294.04998779296875,297.4800109863281,297.4800109863281,66337
2018-05-17,297.3500061035156,298.3299865722656,295.7200012207031,297.7900085449219,297.7900085449219,11525
2018-05-18,297.6000061035156,297.6000061035156,292.20001220703125,292.9100036621094,292.9100036621094,23124
2018-05-21,292.95001220703125,293.260009765625,287.54998779296875,288.57000732421875,288.57000732421875,30641
2018-05-22,288.75,292.7099914550781,287.5,292.3800048828125,292.3800048828125,11675
2018-05-23,292.70001220703125,293.44000244140625,290.5,291.0,291.0,56122
2018-05-24,291.1000061035156,292.2799987792969,289.45001220703125,291.4100036621094,291.4100036621094,10843
2018-05-25,292.6099853515625,295.5,291.5,294.8900146484375,294.8900146484375,12702
2018-05-28,325.8999938964844,325.8999938964844,297.0,301.4200134277344,301.4200134277344,12353
2018-05-29,301.79998779296875,302.3599853515625,299.04998779296875,301.5,301.5,11773
2018-05-30,300.0,301.3699951171875,299.0,300.5299987792969,300.5299987792969,4809
2018-05-31,300.5,301.70001220703125,299.0,299.4200134277344,299.4200134277344,10264
2018-06-01,299.79998779296875,300.6600036621094,295.20001220703125,295.57000732421875,295.57000732421875,36802
2018-06-04,326.6000061035156,326.6000061035156,291.82000732421875,292.3800048828125,292.3800048828125,23208
2018-06-05,293.0,293.1000061035156,289.1000061035156,290.6700134277344,290.6700134277344,26640
2018-06-06,290.95001220703125,294.92999267578125,290.0,294.010009765625,294.010009765625,8134
2018-06-07,296.0,299.1099853515625,295.0,298.8299865722656,298.8299865722656,14948
2018-06-08,297.25,299.8999938964844,296.2099914550781,299.2300109863281,299.2300109863281,10613
2018-06-11,300.0,301.8699951171875,299.0,300.55999755859375,300.55999755859375,35794
2018-06-12,300.0,302.5899963378906,299.2099914550781,301.9599914550781,301.9599914550781,7618
2018-06-13,302.0,303.7099914550781,301.55999755859375,302.1499938964844,302.1499938964844,8111
2018-06-14,302.0,302.0,298.79998779296875,301.3299865722656,301.3299865722656,12421
2018-06-15,301.2099914550781,301.5,297.70001220703125,297.7300109863281,297.7300109863281,28898
2018-06-18,298.0,299.5899963378906,297.04998779296875,297.7300109863281,297.7300109863281,28021
2018-06-19,297.0,297.760009765625,294.20001220703125,295.17999267578125,295.17999267578125,10670
2018-06-20,296.5,296.54998779296875,294.0,294.4800109863281,294.4800109863281,14508
2018-06-21,317.3999938964844,317.3999938964844,293.3999938964844,293.8399963378906,293.8399963378906,34223
2018-06-22,293.1000061035156,295.25,291.29998779296875,294.80999755859375,294.80999755859375,8332
2018-06-25,294.5,294.79998779296875,290.8800048828125,291.510009765625,291.510009765625,13143
2018-06-26,291.5,292.80999755859375,290.25,291.6499938964844,291.6499938964844,10130
2018-06-27,291.0,292.45001220703125,286.510009765625,287.0,287.0,147406
2018-06-28,287.0,287.92999267578125,284.45001220703125,285.29998779296875,285.29998779296875,25409
2018-06-29,286.0,289.79998779296875,286.0,289.17999267578125,289.17999267578125,7075
2018-07-02,290.44000244140625,290.989990234375,285.5,286.95001220703125,286.95001220703125,25668
2018-07-03,286.95001220703125,288.260009765625,286.0,287.989990234375,287.989990234375,11099
2018-07-04,288.6499938964844,288.6499938964844,285.5,287.54998779296875,287.54998779296875,10919
2018-07-05,288.79998779296875,288.79998779296875,286.54998779296875,287.0799865722656,287.0799865722656,19461
2018-07-06,287.0,290.0199890136719,286.239990234375,288.8500061035156,288.8500061035156,46271
2018-07-09,288.0,291.0,288.0,290.7300109863281,290.7300109863281,24465
2018-07-10,290.75,293.45001220703125,290.7300109863281,292.3500061035156,292.3500061035156,30314
2018-07-11,292.3500061035156,293.7200012207031,290.30999755859375,290.9100036621094,290.9100036621094,12694
2018-07-12,293.0299987792969,294.2300109863281,290.0,290.95001220703125,290.95001220703125,12098
2018-07-13,291.79998779296875,291.79998779296875,288.260009765625,288.67999267578125,288.67999267578125,9489
2018-07-16,289.20001220703125,290.25,282.95001220703125,283.19000244140625,283.19000244140625,46071
2018-07-17,285.5,286.5,282.04998779296875,286.2799987792969,286.2799987792969,39724
2018-07-18,287.70001220703125,287.8999938964844,281.80999755859375,283.20001220703125,283.20001220703125,15173
2018-07-19,284.0,284.32000732421875,280.79998779296875,281.45001220703125,281.45001220703125,19018
2018-07-20,281.8500061035156,283.0,280.1000061035156,281.44000244140625,281.44000244140625,20429
2018-07-23,282.6499938964844,288.2200012207031,282.6499938964844,288.05999755859375,288.05999755859375,28854
2018-07-24,287.5799865722656,295.6600036621094,287.5799865722656,295.260009765625,295.260009765625,23267
2018-07-25,295.0,296.7099914550781,293.510009765625,294.8500061035156,294.8500061035156,22818
2018-07-26,295.0,298.25,295.0,297.8900146484375,297.8900146484375,10995
2018-07-27,291.8999938964844,300.4700012207031,291.8999938964844,299.67999267578125,299.67999267578125,14800
2018-07-30,300.5,302.95001220703125,299.6600036621094,302.70001220703125,302.70001220703125,32056
2018-07-31,303.0,303.989990234375,300.6700134277344,303.2900085449219,303.2900085449219,45698
2018-08-01,304.8500061035156,306.0,300.0,305.6499938964844,305.6499938964844,32923
2018-08-02,306.0,306.79998779296875,303.20001220703125,305.0899963378906,305.0899963378906,26387
2018-08-03,305.0,308.0,305.0,306.92999267578125,306.92999267578125,13169
2018-08-06,307.5,308.7099914550781,306.0,307.42999267578125,307.42999267578125,23204
2018-08-07,307.0,308.7200012207031,305.5,306.17999267578125,306.17999267578125,19110
2018-08-08,308.0,308.4200134277344,306.2699890136719,308.05999755859375,308.05999755859375,28051
2018-08-09,308.4800109863281,308.8999938964844,307.3399963378906,308.0899963378906,308.0899963378906,10151
2018-08-10,308.5,308.5,306.0,307.0400085449219,307.0400085449219,30982
2018-08-13,308.0,308.0,302.1000061035156,303.17999267578125,303.17999267578125,29870
2018-08-14,303.8999938964844,305.5799865722656,303.25,305.2900085449219,305.2900085449219,41933
2018-08-16,304.4200134277344,305.8699951171875,302.70001220703125,303.0,303.0,56619
2018-08-17,304.75,307.7699890136719,303.04998779296875,307.2900085449219,307.2900085449219,18434
2018-08-20,308.0,311.45001220703125,308.0,311.2799987792969,311.2799987792969,38784
2018-08-21,311.25,315.0,310.0,312.6000061035156,312.6000061035156,14366
2018-08-23,316.0,316.0,311.44000244140625,314.42999267578125,314.42999267578125,15815
2018-08-24,313.54998779296875,314.8900146484375,311.75,314.07000732421875,314.07000732421875,49865
2018-08-27,315.0,316.8900146484375,313.6000061035156,316.69000244140625,316.69000244140625,17391
2018-08-28,316.0,317.989990234375,314.0799865722656,315.55999755859375,315.55999755859375,25665
2018-08-29,318.0,320.0,315.29998779296875,318.5799865722656,318.5799865722656,40078
2018-08-30,317.1000061035156,320.0,317.0,318.3999938964844,318.3999938964844,20159
2018-08-31,319.9800109863281,321.8999938964844,319.0,321.0899963378906,321.0899963378906,49729
2018-09-03,321.0,325.70001220703125,318.489990234375,319.1000061035156,319.1000061035156,52675
2018-09-04,318.6000061035156,319.8999938964844,308.0,308.8500061035156,308.8500061035156,54730
2018-09-05,308.8800048828125,308.8800048828125,303.30999755859375,306.8800048828125,306.8800048828125,103385
2018-09-06,307.3999938964844,309.8900146484375,305.54998779296875,309.6000061035156,309.6000061035156,17171
2018-09-07,315.0,315.0,307.30999755859375,312.19000244140625,312.19000244140625,21541
2018-09-10,312.0,313.3800048828125,307.17999267578125,308.19000244140625,308.19000244140625,34542
2018-09-11,307.0,309.0,301.5,302.239990234375,302.239990234375,129821
2018-09-12,302.5,303.6499938964844,299.6499938964844,303.0899963378906,303.0899963378906,48466
2018-09-14,304.04998779296875,308.9200134277344,304.04998779296875,307.57000732421875,307.57000732421875,42253
2018-09-17,305.0,307.70001220703125,305.0,306.4700012207031,306.4700012207031,31843
2018-09-18,306.0,306.989990234375,301.5,301.9800109863281,301.9800109863281,20154
2018-09-19,303.3999938964844,303.75,299.0,300.5299987792969,300.5299987792969,53834
2018-09-21,315.0,315.0,280.6000061035156,294.95001220703125,294.95001220703125,154155
2018-09-24,296.0,296.0,285.3999938964844,285.92999267578125,285.92999267578125,51458
2018-09-25,285.3500061035156,289.25,281.510009765625,288.0,288.0,46853
2018-09-26,290.0,291.20001220703125,286.260009765625,289.1000061035156,289.1000061035156,34487
2018-09-27,291.0,291.0,285.0,285.5299987792969,285.5299987792969,37681
2018-09-28,286.0,286.70001220703125,278.010009765625,280.8999938964844,280.8999938964844,147747
2018-10-01,280.8999938964844,281.75,274.5,280.80999755859375,280.80999755859375,77663
2018-10-03,282.95001220703125,282.95001220703125,277.0,277.739990234375,277.739990234375,105827
2018-10-04,275.0,276.1000061035156,270.0,273.30999755859375,273.30999755859375,126822
2018-10-05,271.95001220703125,272.5,265.5,266.5199890136719,266.5199890136719,165270
2018-10-08,267.0,267.80999755859375,260.5,263.9200134277344,263.9200134277344,81234
2018-10-09,265.3500061035156,265.6499938964844,258.57000732421875,262.92999267578125,262.92999267578125,91663
2018-10-10,263.0,271.17999267578125,262.92999267578125,270.5400085449219,270.5400085449219,51762
2018-10-11,276.0,281.3999938964844,260.1199951171875,266.0899963378906,266.0899963378906,69952
2018-10-12,269.0,272.3399963378906,269.0,271.5299987792969,271.5299987792969,46803
2018-10-15,272.0,273.239990234375,269.1499938964844,272.9700012207031,272.9700012207031,36220
2018-10-16,272.5,276.8399963378906,272.5,276.07000732421875,276.07000732421875,32849
2018-10-17,278.0,279.45001220703125,270.04998779296875,270.5199890136719,270.5199890136719,51461
2018-10-19,269.3999938964844,274.0,266.54998779296875,268.4599914550781,268.4599914550781,51820
2018-10-22,270.0,270.6300048828125,266.5,267.2300109863281,267.2300109863281,73529
2018-10-23,272.6000061035156,275.0,262.1000061035156,264.010009765625,264.010009765625,81262
2018-10-24,264.6400146484375,267.4599914550781,261.6600036621094,265.010009765625,265.010009765625,162392
2018-10-25,265.0,265.0,260.54998779296875,261.0299987792969,261.0299987792969,76416
2018-10-26,261.79998779296875,262.9200134277344,257.8500061035156,261.05999755859375,261.05999755859375,39702
2018-10-29,262.04998779296875,267.5,260.0,267.1000061035156,267.1000061035156,55092
2018-10-30,267.8999938964844,269.5799865722656,266.1600036621094,268.75,268.75,535510
2018-10-31,274.1000061035156,275.0,266.30999755859375,273.04998779296875,273.04998779296875,49212
2018-11-01,274.04998779296875,275.8999938964844,273.0,275.1700134277344,275.1700134277344,119933
2018-11-02,275.0,280.989990234375,275.0,278.0899963378906,278.0899963378906,45068
2018-11-05,283.70001220703125,289.20001220703125,274.0,280.3299865722656,280.3299865722656,51261
2018-11-06,281.0,281.5,277.1199951171875,279.1099853515625,279.1099853515625,108539
2018-11-07,295.0,295.0,279.1000061035156,280.67999267578125,280.67999267578125,22048
2018-11-09,283.0,285.0,280.0,281.8900146484375,281.8900146484375,36330
2018-11-12,281.92999267578125,283.239990234375,278.010009765625,278.6000061035156,278.6000061035156,28279
2018-11-13,278.0,279.80999755859375,275.0199890136719,279.1400146484375,279.1400146484375,11760
2018-11-14,280.0,281.07000732421875,278.04998779296875,279.54998779296875,279.54998779296875,37968
2018-11-15,279.8599853515625,281.0,278.0,280.92999267578125,280.92999267578125,13067
2018-11-16,281.70001220703125,282.69000244140625,280.0,282.260009765625,282.260009765625,20351
2018-11-19,281.0,284.0,281.0,283.1400146484375,283.1400146484375,35029
2018-11-20,282.1099853515625,283.5,279.54998779296875,280.29998779296875,280.29998779296875,26951
2018-11-21,280.0199890136719,282.94000244140625,279.32000732421875,282.2300109863281,282.2300109863281,35724
2018-11-22,281.260009765625,282.7099914550781,279.8299865722656,280.3699951171875,280.3699951171875,21203
2018-11-26,280.5,282.1600036621094,278.0199890136719,281.6099853515625,281.6099853515625,27988
2018-11-27,282.0,282.1000061035156,280.0,280.760009765625,280.760009765625,21239
2018-11-28,280.0,282.1499938964844,278.7300109863281,280.3999938964844,280.3999938964844,45772
2018-11-29,281.0,283.2699890136719,280.0,282.7099914550781,282.7099914550781,30833
2018-11-30,283.25,284.510009765625,281.3900146484375,284.0899963378906,284.0899963378906,303077
2018-12-03,285.0,286.1499938964844,283.510009765625,285.1199951171875,285.1199951171875,77508
2018-12-04,286.0,286.5,284.010009765625,284.3699951171875,284.3699951171875,28253
2018-12-05,284.5,284.5,279.0,279.5299987792969,279.5299987792969,95548
2018-12-06,282.0,282.0,275.510009765625,276.3299865722656,276.3299865722656,27279
2018-12-07,277.9100036621094,278.0799865722656,275.20001220703125,277.4100036621094,277.4100036621094,23418
2018-12-10,275.20001220703125,275.20001220703125,271.25,272.7099914550781,272.7099914550781,152946
2018-12-11,296.0,296.0,268.6400146484375,276.8699951171875,276.8699951171875,110074
2018-12-12,276.8500061035156,283.44000244140625,276.8500061035156,283.2300109863281,283.2300109863281,60960
2018-12-13,284.7900085449219,287.0199890136719,283.8999938964844,285.8900146484375,285.8900146484375,31959
2018-12-14,286.07000732421875,287.5,284.04998779296875,286.3999938964844,286.3999938964844,189064
2018-12-17,287.70001220703125,289.0,286.55999755859375,288.1400146484375,288.1400146484375,32874
2018-12-18,287.95001220703125,291.25,286.75,290.5899963378906,290.5899963378906,35819
2018-12-19,290.6300048828125,295.5,290.6300048828125,294.79998779296875,294.79998779296875,53221
2018-12-20,292.010009765625,295.0,291.1700134277344,293.1000061035156,293.1000061035156,34664
2018-12-21,293.5,294.0,288.0,288.4700012207031,288.4700012207031,80424
2018-12-24,288.5,288.5,284.05999755859375,284.739990234375,284.739990234375,47146
2018-12-26,285.0,286.4700012207031,279.6000061035156,286.1099853515625,286.1099853515625,88333
2018-12-27,287.0,288.2900085449219,286.1000061035156,286.760009765625,286.760009765625,52541
2018-12-28,287.0,290.8500061035156,286.4200134277344,289.3500061035156,289.3500061035156,43198
2018-12-31,288.0,292.0,288.0,290.7699890136719,290.7699890136719,23708
2019-01-01,290.0,292.0,288.29998779296875,289.7099914550781,289.7099914550781,32952
2019-01-02,291.0,291.0,286.25,287.45001220703125,287.45001220703125,55273
2019-01-03,287.25,288.739990234375,284.5,285.17999267578125,285.17999267578125,51214
2019-01-04,286.0,286.70001220703125,283.25,285.7699890136719,285.7699890136719,65275
2019-01-07,287.6400146484375,287.79998779296875,285.20001220703125,285.5,285.5,63085
2019-01-08,288.0,288.0,284.3500061035156,285.510009765625,285.510009765625,32572
2019-01-09,286.0,286.7900085449219,283.010009765625,285.6600036621094,285.6600036621094,25688
2019-01-10,285.0,286.82000732421875,284.2200012207031,286.6400146484375,286.6400146484375,60489
2019-01-11,287.0,287.0,284.010009765625,285.7300109863281,285.7300109863281,18683
2019-01-14,285.25,285.25,282.0,283.94000244140625,283.94000244140625,46739
2019-01-15,284.75,285.8599853515625,283.5299987792969,285.5299987792969,285.5299987792969,32311
2019-01-16,285.5299987792969,286.8999938964844,284.260009765625,285.9700012207031,285.9700012207031,23300
2019-01-17,286.69000244140625,286.9800109863281,284.5,286.010009765625,286.010009765625,17899
2019-01-18,285.54998779296875,285.54998779296875,281.510009765625,282.4800109863281,282.4800109863281,26495
2019-01-21,283.0,284.67999267578125,281.20001220703125,282.04998779296875,282.04998779296875,50920
2019-01-22,281.489990234375,283.25,279.1400146484375,282.7200012207031,282.7200012207031,25550
2019-01-23,282.0,283.2099914550781,280.6000061035156,281.1600036621094,281.1600036621094,25417
2019-01-24,280.0,281.67999267578125,279.5,280.6099853515625,280.6099853515625,60382
2019-01-25,281.8399963378906,281.94000244140625,275.79998779296875,277.29998779296875,277.29998779296875,58889
2019-01-28,276.0,280.0,266.20001220703125,271.8800048828125,271.8800048828125,60897
2019-01-29,271.5,273.0,269.70001220703125,272.57000732421875,272.57000732421875,22711
2019-01-30,272.0,272.9800109863281,270.1099853515625,271.4100036621094,271.4100036621094,14720
2019-01-31,272.0,274.0299987792969,270.0,272.8500061035156,272.8500061035156,43585
2019-02-01,274.0,278.1400146484375,273.05999755859375,276.8800048828125,276.8800048828125,54099
2019-02-04,276.0,276.0,272.0,274.3800048828125,274.3800048828125,38082
2019-02-05,273.0,274.8500061035156,271.6199951171875,272.42999267578125,272.42999267578125,82205
2019-02-06,273.29998779296875,275.2699890136719,270.5,274.8900146484375,274.8900146484375,29098
2019-02-07,273.6000061035156,278.989990234375,273.6000061035156,278.4100036621094,278.4100036621094,64184
2019-02-08,277.5,278.0400085449219,273.1700134277344,273.9800109863281,273.9800109863281,45753
2019-02-11,273.0,273.0,269.6099853515625,270.8699951171875,270.8699951171875,80870
2019-02-12,270.0,271.3500061035156,268.5,268.8699951171875,268.8699951171875,115659
2019-02-14,266.0,267.8999938964844,265.54998779296875,267.54998779296875,267.54998779296875,35739
2019-02-15,267.54998779296875,267.54998779296875,261.1099853515625,262.9800109863281,262.9800109863281,107374
2019-02-18,262.0,262.0,259.0299987792969,260.2699890136719,260.2699890136719,54675
2019-02-19,261.3999938964844,263.7099914550781,261.1199951171875,261.4599914550781,261.4599914550781,37007
2019-02-20,262.70001220703125,265.739990234375,262.6700134277344,265.45001220703125,265.45001220703125,18890
2019-02-21,265.3999938964844,267.5199890136719,264.6099853515625,267.05999755859375,267.05999755859375,16591
2019-02-22,268.0,269.44000244140625,266.7699890136719,268.7900085449219,268.7900085449219,44315
2019-02-25,268.79998779296875,270.70001220703125,268.70001220703125,270.3800048828125,270.3800048828125,22781
2019-02-26,266.75,270.75,265.5199890136719,270.239990234375,270.239990234375,31694
2019-02-27,271.0,275.0,268.6400146484375,271.54998779296875,271.54998779296875,50844
2019-02-28,271.54998779296875,273.9800109863281,271.54998779296875,273.3999938964844,273.3999938964844,27032
2019-03-01,274.0,277.54998779296875,274.0,276.8599853515625,276.8599853515625,75703
2019-03-05,278.0,283.29998779296875,276.0,282.6000061035156,282.6000061035156,121962
2019-03-06,283.3999938964844,285.8999938964844,282.70001220703125,284.2699890136719,284.2699890136719,48449
2019-03-07,284.0,285.4700012207031,282.70001220703125,283.6600036621094,283.6600036621094,63167
2019-03-08,282.3999938964844,284.5,280.6499938964844,282.69000244140625,282.69000244140625,84376
2019-03-11,288.29998779296875,292.0,282.0,289.7200012207031,289.7200012207031,62260
2019-03-12,290.20001220703125,293.5799865722656,290.20001220703125,290.989990234375,290.989990234375,108820
2019-03-13,291.0,291.79998779296875,287.94000244140625,288.45001220703125,288.45001220703125,44335
2019-03-14,294.20001220703125,300.0,286.79998779296875,288.4800109863281,288.4800109863281,70093
2019-03-15,287.25,289.8900146484375,287.25,288.260009765625,288.260009765625,50154
2019-03-18,290.04998779296875,290.04998779296875,287.239990234375,288.6000061035156,288.6000061035156,88133
2019-03-19,287.0,290.1400146484375,287.0,289.2099914550781,289.2099914550781,27197
2019-03-20,295.0,300.79998779296875,288.0199890136719,288.6499938964844,288.6499938964844,34206
2019-03-22,287.3299865722656,290.3999938964844,286.54998779296875,287.0,287.0,63348
2019-03-25,285.45001220703125,286.0,281.9800109863281,283.3399963378906,283.3399963378906,90773
2019-03-26,284.0,286.8999938964844,283.010009765625,286.1300048828125,286.1300048828125,39209
2019-03-27,288.0,288.5400085449219,284.55999755859375,285.4800109863281,285.4800109863281,51620
2019-03-28,285.0,294.1000061035156,285.0,289.1600036621094,289.1600036621094,61361
2019-04-01,293.0,296.0,290.42999267578125,291.4800109863281,291.4800109863281,151883
2019-04-02,291.3999938964844,292.8500061035156,288.7699890136719,289.57000732421875,289.57000732421875,33138
2019-04-03,290.0,292.0,288.5,289.75,289.75,57002
2019-04-04,288.5,289.989990234375,287.5,288.6700134277344,288.6700134277344,23471
2019-04-05,289.0,291.0,289.0,289.2900085449219,289.2900085449219,17992
2019-04-08,290.0,292.0,288.010009765625,289.32000732421875,289.32000732421875,47767
2019-04-09,289.0,289.9700012207031,286.55999755859375,289.07000732421875,289.07000732421875,149407
2019-04-10,288.0,291.0,286.8999938964844,289.5299987792969,289.5299987792969,34899
2019-04-11,289.70001220703125,290.6600036621094,288.04998779296875,290.07000732421875,290.07000732421875,19346
2019-04-12,290.0,291.1300048828125,289.80999755859375,290.7799987792969,290.7799987792969,15846
2019-04-15,285.0,292.6400146484375,279.1000061035156,292.32000732421875,292.32000732421875,39528
2019-04-16,290.0,294.5,290.0,294.0400085449219,294.0400085449219,20338
2019-04-18,294.0,294.5899963378906,291.010009765625,292.32000732421875,292.32000732421875,51667
2019-04-22,292.0,293.0,287.010009765625,287.7200012207031,287.7200012207031,78582
2019-04-23,287.8299865722656,289.0,286.5,286.9599914550781,286.9599914550781,23303
2019-04-24,286.5,288.5,285.0,288.3399963378906,288.3399963378906,53155
2019-04-25,289.0,290.70001220703125,286.70001220703125,287.95001220703125,287.95001220703125,15486
2019-04-26,287.95001220703125,288.989990234375,287.5,288.2300109863281,288.2300109863281,21542
2019-04-30,288.0,289.95001220703125,284.5,285.7799987792969,285.7799987792969,61712
2019-05-02,286.0,287.92999267578125,283.260009765625,285.55999755859375,285.55999755859375,70493
2019-05-03,291.29998779296875,296.95001220703125,282.7200012207031,284.0899963378906,284.0899963378906,45035
2019-05-06,289.79998779296875,295.5,278.8399963378906,279.32000732421875,279.32000732421875,153593
2019-05-07,280.0,281.8500061035156,277.510009765625,278.29998779296875,278.29998779296875,32984
2019-05-08,280.0,289.3999938964844,275.1000061035156,275.6199951171875,275.6199951171875,80212
2019-05-09,275.20001220703125,275.4800109863281,272.2099914550781,274.80999755859375,274.80999755859375,42958
2019-05-10,275.6400146484375,275.6499938964844,272.3800048828125,272.94000244140625,272.94000244140625,29263
2019-05-13,273.0,274.0,268.5,269.0,269.0,60070
2019-05-14,269.25,270.95001220703125,266.42999267578125,269.2099914550781,269.2099914550781,54051
2019-05-15,269.0,271.1099853515625,267.6400146484375,268.17999267578125,268.17999267578125,185243
2019-05-16,268.3399963378906,268.5,265.6000061035156,267.7699890136719,267.7699890136719,48040
2019-05-17,268.0,270.989990234375,266.9599914550781,270.54998779296875,270.54998779296875,72369
2019-05-20,270.0,279.75,270.0,279.42999267578125,279.42999267578125,201636
2019-05-21,279.0,280.8999938964844,276.1300048828125,277.4700012207031,277.4700012207031,125245
2019-05-22,278.0,280.8999938964844,274.3399963378906,276.75,276.75,111324
2019-05-23,280.3999938964844,283.5,276.3900146484375,277.3399963378906,277.3399963378906,87116
2019-05-24,280.0,285.2900085449219,279.1600036621094,284.32000732421875,284.32000732421875,148292
2019-05-27,284.0,287.0,282.989990234375,285.29998779296875,285.29998779296875,41900
2019-05-28,286.0,287.82000732421875,284.67999267578125,287.05999755859375,287.05999755859375,51297
2019-05-29,285.8999938964844,286.75,284.30999755859375,284.7300109863281,284.7300109863281,41491
2019-05-30,284.0,285.8800048828125,284.0,285.239990234375,285.239990234375,62087
2019-05-31,284.0,287.989990234375,283.70001220703125,286.0,286.0,32347
2019-06-03,286.5,289.44000244140625,285.739990234375,288.94000244140625,288.94000244140625,46017
2019-06-04,290.0,290.7799987792969,285.04998779296875,287.6600036621094,287.6600036621094,27632
2019-06-06,288.0,288.8999938964844,282.1099853515625,282.8699951171875,282.8699951171875,369893
2019-06-07,282.8999938964844,286.0,280.1000061035156,282.92999267578125,282.92999267578125,84628
2019-06-10,282.0,289.70001220703125,282.0,283.67999267578125,283.67999267578125,41203
2019-06-11,283.0,284.5,282.25,284.45001220703125,284.45001220703125,22240
2019-06-12,283.54998779296875,284.5199890136719,281.3500061035156,281.5799865722656,281.5799865722656,53220
2019-06-13,281.9800109863281,283.0,280.1099853515625,281.2900085449219,281.2900085449219,36276
2019-06-14,281.54998779296875,282.489990234375,279.20001220703125,280.05999755859375,280.05999755859375,30435
2019-06-17,279.70001220703125,279.70001220703125,275.25,275.70001220703125,275.70001220703125,52083
2019-06-18,276.3299865722656,276.9200134277344,274.5,276.0,276.0,43412
2019-06-19,278.0,278.0,273.0,274.3999938964844,274.3999938964844,68055
2019-06-20,273.0,278.70001220703125,272.7900085449219,277.92999267578125,277.92999267578125,39842
2019-06-21,278.0,279.20001220703125,276.1499938964844,278.04998779296875,278.04998779296875,20856
2019-06-24,281.0,281.0,277.1099853515625,278.3299865722656,278.3299865722656,30277
2019-06-25,281.0,289.5,276.0199890136719,279.3399963378906,279.3399963378906,35203
2019-06-26,281.0,282.0,276.1499938964844,281.5,281.5,67128
2019-06-27,281.2799987792969,283.2699890136719,280.5299987792969,282.79998779296875,282.79998779296875,51642
2019-06-28,284.70001220703125,284.70001220703125,282.0,282.4599914550781,282.4599914550781,24912
2019-07-01,284.70001220703125,284.70001220703125,281.1199951171875,283.1700134277344,283.1700134277344,28543
2019-07-02,285.3999938964844,285.3999938964844,282.0,284.9800109863281,284.9800109863281,48710
2019-07-03,284.8500061035156,285.239990234375,277.0,284.6400146484375,284.6400146484375,109104
2019-07-04,286.70001220703125,287.0,284.6400146484375,285.0799865722656,285.0799865722656,83465
2019-07-05,286.70001220703125,287.0,282.0,282.75,282.75,61343
2019-07-08,286.0,286.0,275.54998779296875,276.5799865722656,276.5799865722656,75865
2019-07-09,280.3999938964844,280.3999938964844,275.0,277.7300109863281,277.7300109863281,35040
2019-07-10,279.5,280.3999938964844,275.0,275.5299987792969,275.5299987792969,57485
2019-07-11,280.29998779296875,280.29998779296875,275.7099914550781,278.5,278.5,102619
2019-07-12,280.0,280.79998779296875,277.6199951171875,279.0400085449219,279.0400085449219,37025
2019-07-15,280.79998779296875,280.8999938964844,278.0199890136719,278.8999938964844,278.8999938964844,55121
2019-07-16,284.5,290.1000061035156,278.0,282.57000732421875,282.57000732421875,17144
2019-07-17,280.5,284.5799865722656,280.5,282.45001220703125,282.45001220703125,31750
2019-07-18,284.25,284.25,280.0,280.510009765625,280.510009765625,47693
2019-07-19,284.0,284.0,275.0,275.3800048828125,275.3800048828125,88787
2019-07-22,277.0,280.0,272.05999755859375,275.2300109863281,275.2300109863281,43099
2019-07-23,276.5,279.0,274.1199951171875,274.8399963378906,274.8399963378906,28778
2019-07-24,276.6000061035156,276.6000061035156,270.0,270.8500061035156,270.8500061035156,94967
2019-07-25,272.6000061035156,274.0899963378906,270.79998779296875,272.57000732421875,272.57000732421875,46416
2019-07-26,273.8999938964844,277.0400085449219,271.0,275.1600036621094,275.1600036621094,122862
2019-07-29,276.8999938964844,276.8999938964844,270.04998779296875,271.32000732421875,271.32000732421875,47093
2019-07-30,273.29998779296875,273.29998779296875,267.25,267.7699890136719,267.7699890136719,51180
2019-07-31,269.3999938964844,270.1199951171875,264.04998779296875,269.1199951171875,269.1199951171875,118395
2019-08-01,270.79998779296875,270.79998779296875,264.1000061035156,266.5899963378906,266.5899963378906,63647
2019-08-02,266.0,268.739990234375,262.1499938964844,267.0199890136719,267.0199890136719,147904
2019-08-05,267.8999938964844,267.8999938964844,261.0199890136719,265.42999267578125,265.42999267578125,84731
2019-08-06,266.3999938964844,268.3999938964844,265.1300048828125,267.70001220703125,267.70001220703125,38406
2019-08-07,268.6000061035156,270.0,265.82000732421875,266.57000732421875,266.57000732421875,110722
2019-08-08,268.70001220703125,269.989990234375,265.7699890136719,269.1099853515625,269.1099853515625,45173
2019-08-09,271.8999938964844,274.07000732421875,270.0,272.07000732421875,272.07000732421875,63976
2019-08-13,272.8999938964844,273.8999938964844,265.25,265.8800048828125,265.8800048828125,66264
2019-08-14,269.8999938964844,269.8999938964844,265.1000061035156,268.3999938964844,268.3999938964844,65885
2019-08-16,269.8999938964844,270.20001220703125,265.6099853515625,269.5299987792969,269.5299987792969,73729
2019-08-19,271.0,272.489990234375,268.44000244140625,269.42999267578125,269.42999267578125,94267
2019-08-20,270.42999267578125,270.42999267578125,266.1499938964844,266.4599914550781,266.4599914550781,57338
2019-08-21,270.0,270.0,263.489990234375,264.260009765625,264.260009765625,101154
2019-08-22,265.8999938964844,265.8999938964844,260.7300109863281,261.1000061035156,261.1000061035156,103077
2019-08-23,262.79998779296875,263.79998779296875,257.29998779296875,263.25,263.25,106139
2019-08-26,268.0,273.79998779296875,260.739990234375,267.8500061035156,267.8500061035156,56778
2019-08-27,269.5,271.94000244140625,267.5,271.3800048828125,271.3800048828125,72650
2019-08-28,272.79998779296875,273.8999938964844,268.20001220703125,269.2300109863281,269.2300109863281,27605
2019-08-29,270.8999938964844,270.989990234375,267.5,270.6300048828125,270.6300048828125,47273
2019-08-30,269.6000061035156,273.8999938964844,269.3699951171875,273.30999755859375,273.30999755859375,71255
2019-09-03,274.8999938964844,274.8999938964844,267.5299987792969,268.3900146484375,268.3900146484375,109664
2019-09-04,299.0,299.0,264.1199951171875,267.70001220703125,267.70001220703125,60756
2019-09-05,266.3500061035156,270.2900085449219,265.70001220703125,269.5,269.5,29775
2019-09-06,271.5,274.3999938964844,268.010009765625,269.9800109863281,269.9800109863281,39148
2019-09-09,271.70001220703125,273.8800048828125,269.0,270.9599914550781,270.9599914550781,47878
2019-09-11,269.0,273.7699890136719,269.0,272.7900085449219,272.7900085449219,151374
2019-09-12,270.5,274.989990234375,270.5,272.54998779296875,272.54998779296875,47251
2019-09-13,272.54998779296875,274.0,270.75,273.67999267578125,273.67999267578125,25438
2019-09-16,274.6000061035156,274.79998779296875,270.20001220703125,274.3999938964844,274.3999938964844,36967
2019-09-17,275.95001220703125,275.95001220703125,269.5,269.9800109863281,269.9800109863281,42113
2019-09-18,271.79998779296875,271.79998779296875,269.5199890136719,270.2699890136719,270.2699890136719,50210
2019-09-19,271.3999938964844,271.8999938964844,268.0,269.0299987792969,269.0299987792969,54165
2019-09-20,287.8999938964844,298.6000061035156,267.29998779296875,284.0799865722656,284.0799865722656,220077
2019-09-23,278.3999938964844,295.1000061035156,278.3999938964844,288.55999755859375,288.55999755859375,542821
2019-09-24,289.0,290.5,287.04998779296875,288.9100036621094,288.9100036621094,411144
2019-09-25,283.1000061035156,289.8999938964844,283.1000061035156,285.3800048828125,285.3800048828125,38353
2019-09-26,287.0,288.79998779296875,284.0,287.3699951171875,287.3699951171875,236862
2019-09-27,289.8999938964844,289.8999938964844,284.1000061035156,288.8500061035156,288.8500061035156,413310
2019-09-30,286.79998779296875,289.9800109863281,284.1499938964844,285.5400085449219,285.5400085449219,54204
2019-10-01,289.8999938964844,289.8999938964844,279.29998779296875,281.9700012207031,281.9700012207031,186374
2019-10-03,283.6000061035156,283.6000061035156,279.1199951171875,280.45001220703125,280.45001220703125,42276
2019-10-04,282.3999938964844,282.3999938964844,276.30999755859375,276.8800048828125,276.8800048828125,67411
2019-10-07,282.0,283.0,272.54998779296875,273.0299987792969,273.0299987792969,137829
2019-10-09,278.5,281.0,270.010009765625,276.70001220703125,276.70001220703125,26282
2019-10-10,278.6000061035156,278.6000061035156,274.0199890136719,275.0400085449219,275.0400085449219,18131
2019-10-11,277.0,277.0,274.0,276.0899963378906,276.0899963378906,97575
2019-10-14,274.5,279.1499938964844,274.5,278.04998779296875,278.04998779296875,25243
2019-10-15,280.0,280.3999938964844,277.7900085449219,279.45001220703125,279.45001220703125,28376
2019-10-16,281.45001220703125,282.5,279.45001220703125,282.04998779296875,282.04998779296875,19079
2019-10-17,283.0,286.3800048828125,281.5799865722656,285.7099914550781,285.7099914550781,76880
2019-10-18,287.0,289.9599914550781,285.04998779296875,289.1600036621094,289.1600036621094,190534
2019-10-22,289.1600036621094,293.5,287.0,290.79998779296875,290.79998779296875,145761
2019-10-23,291.79998779296875,292.989990234375,287.0,292.0400085449219,292.0400085449219,77196
2019-10-24,292.0400085449219,293.0,288.8800048828125,290.4800109863281,290.4800109863281,46208
2019-10-25,292.3999938964844,292.3999938964844,287.1000061035156,289.55999755859375,289.55999755859375,168136
2019-10-27,294.3999938964844,294.3999938964844,288.20001220703125,291.20001220703125,291.20001220703125,18429
2019-10-29,294.3999938964844,300.0,290.0199890136719,293.8999938964844,293.8999938964844,256153
2019-10-30,333.0,333.0,288.20001220703125,295.9700012207031,295.9700012207031,62570
2019-10-31,297.3999938964844,299.5,296.1000061035156,296.70001220703125,296.70001220703125,102352
2019-11-01,298.6000061035156,299.9800109863281,296.0,297.75,297.75,107586
2019-11-04,299.8999938964844,301.3999938964844,295.8800048828125,297.0400085449219,297.0400085449219,230407
2019-11-05,298.79998779296875,298.79998779296875,293.4100036621094,293.8399963378906,293.8399963378906,264741
2019-11-06,294.0,296.760009765625,293.010009765625,296.6400146484375,296.6400146484375,55924
2019-11-07,299.0,299.3999938964844,295.0,296.5899963378906,296.5899963378906,267630
2019-11-08,296.5899963378906,298.8900146484375,293.79998779296875,294.3399963378906,294.3399963378906,160829
2019-11-11,296.0,296.0,292.8900146484375,295.6199951171875,295.6199951171875,97714
2019-11-13,297.0,297.94000244140625,291.0,294.2099914550781,294.2099914550781,318180
2019-11-14,295.0,296.0,290.7099914550781,292.7699890136719,292.7699890136719,452193
2019-11-15,294.45001220703125,294.45001220703125,291.0799865722656,292.6400146484375,292.6400146484375,529405
2019-11-18,290.54998779296875,294.5,290.54998779296875,292.4100036621094,292.4100036621094,121906
2019-11-19,292.0,294.5,290.54998779296875,291.5,291.5,123696
2019-11-20,291.5,294.3299865722656,290.3999938964844,293.260009765625,293.260009765625,120994
2019-11-21,295.79998779296875,295.79998779296875,290.510009765625,291.3800048828125,291.3800048828125,134152
2019-11-22,293.20001220703125,293.20001220703125,289.54998779296875,290.70001220703125,290.70001220703125,73481
2019-11-25,290.0,296.0,290.0,295.4100036621094,295.4100036621094,49378
2019-11-26,297.0,297.5,292.7099914550781,293.80999755859375,293.80999755859375,70940
2019-11-27,295.5,295.5,293.1600036621094,294.6300048828125,294.6300048828125,67703
2019-11-28,297.29998779296875,298.70001220703125,292.5,297.6000061035156,297.6000061035156,167069
2019-11-29,299.29998779296875,299.7900085449219,294.9800109863281,295.75,295.75,81470
2019-12-02,295.0,297.7200012207031,294.5,296.69000244140625,296.69000244140625,61579
2019-12-03,290.79998779296875,298.3900146484375,284.80999755859375,294.6099853515625,294.6099853515625,38578
2019-12-04,295.4599914550781,299.20001220703125,292.5,294.8900146484375,294.8900146484375,26665
2019-12-05,291.0,296.6000061035156,291.0,292.8399963378906,292.8399963378906,32203
2019-12-06,295.70001220703125,295.70001220703125,288.25,289.8999938964844,289.8999938964844,37133
2019-12-09,291.8999938964844,291.8999938964844,287.5,288.20001220703125,288.20001220703125,61777
2019-12-10,289.6700134277344,289.6700134277344,285.04998779296875,285.739990234375,285.739990234375,39751
2019-12-11,285.82000732421875,287.4599914550781,284.5,287.07000732421875,287.07000732421875,29756
2019-12-12,289.79998779296875,289.79998779296875,286.42999267578125,289.0,289.0,13839
2019-12-13,287.0,291.8800048828125,287.0,290.7099914550781,290.7099914550781,41721
2019-12-16,292.0,292.3999938964844,290.0,290.3399963378906,290.3399963378906,61227
2019-12-17,292.0,292.0,288.1199951171875,290.989990234375,290.989990234375,142375
2019-12-18,292.5,292.6700134277344,290.0,291.8800048828125,291.8800048828125,24129
2019-12-19,293.3999938964844,293.9800109863281,291.0,293.4800109863281,293.4800109863281,67063
2019-12-20,294.44000244140625,294.8999938964844,288.8500061035156,293.9200134277344,293.9200134277344,27449
2019-12-23,294.7799987792969,295.8800048828125,292.6600036621094,295.3500061035156,295.3500061035156,106224
2019-12-24,296.5,296.5,293.5,295.1199951171875,295.1199951171875,22632
2019-12-26,296.0,296.0,290.04998779296875,293.3599853515625,293.3599853515625,55645
2019-12-27,291.04998779296875,296.6600036621094,291.04998779296875,296.17999267578125,296.17999267578125,43689
2019-12-30,296.95001220703125,296.95001220703125,294.45001220703125,296.25,296.25,57256
2019-12-31,296.95001220703125,296.95001220703125,292.7900085449219,293.75,293.75,39718
2020-01-01,294.70001220703125,295.30999755859375,289.3500061035156,293.5299987792969,293.5299987792969,44008
2020-01-02,294.8500061035156,296.8699951171875,294.04998779296875,295.7699890136719,295.7699890136719,142780
2020-01-03,296.6499938964844,296.760009765625,294.79998779296875,295.0,295.0,30928
2020-01-06,295.8500061035156,295.8999938964844,289.2699890136719,290.1000061035156,290.1000061035156,56087
2020-01-07,292.5,294.3999938964844,289.6600036621094,292.19000244140625,292.19000244140625,62540
2020-01-08,287.04998779296875,294.8800048828125,287.04998779296875,291.1400146484375,291.1400146484375,99920
2020-01-09,305.0,305.0,293.6000061035156,296.1000061035156,296.1000061035156,54385
2020-01-10,296.7699890136719,298.3399963378906,295.04998779296875,296.8699951171875,296.8699951171875,47742
2020-01-13,298.6499938964844,298.7699890136719,297.010009765625,298.4200134277344,298.4200134277344,22333
2020-01-14,299.3500061035156,299.489990234375,296.25,298.7900085449219,298.7900085449219,64279
2020-01-15,302.95001220703125,302.95001220703125,298.0199890136719,299.8699951171875,299.8699951171875,27686
2020-01-16,300.75,301.510009765625,298.25,300.8299865722656,300.8299865722656,89666
2020-01-17,301.75,302.29998779296875,300.04998779296875,301.4100036621094,301.4100036621094,150590
2020-01-20,302.3500061035156,303.3999938964844,298.739990234375,299.07000732421875,299.07000732421875,108565
2020-01-21,300.0,300.79998779296875,295.20001220703125,297.7099914550781,297.7099914550781,88960
2020-01-22,300.45001220703125,300.5,297.0,297.4100036621094,297.4100036621094,78371
2020-01-23,296.95001220703125,300.7799987792969,296.05999755859375,300.510009765625,300.510009765625,40893
2020-01-24,301.45001220703125,305.5899963378906,299.6099853515625,303.9599914550781,303.9599914550781,57632
2020-01-27,302.0,303.989990234375,300.2099914550781,301.2699890136719,301.2699890136719,38414
2020-01-28,297.95001220703125,302.4599914550781,296.1499938964844,300.5400085449219,300.5400085449219,74434
2020-01-29,300.1499938964844,303.0,300.1499938964844,302.1700134277344,302.1700134277344,68277
2020-01-30,302.95001220703125,302.95001220703125,295.5199890136719,296.8699951171875,296.8699951171875,74353
2020-01-31,295.45001220703125,298.75,294.0,294.6300048828125,294.6300048828125,42863
2020-02-03,291.95001220703125,291.95001220703125,282.04998779296875,286.70001220703125,286.70001220703125,120536
2020-02-04,290.45001220703125,292.8999938964844,286.70001220703125,291.8699951171875,291.8699951171875,55326
2020-02-05,290.1000061035156,296.95001220703125,290.1000061035156,296.67999267578125,296.67999267578125,40491
2020-02-06,290.70001220703125,302.54998779296875,284.8500061035156,299.17999267578125,299.17999267578125,44345
2020-02-07,297.1499938964844,301.6300048828125,297.1499938964844,300.7699890136719,300.7699890136719,85133
2020-02-10,301.6499938964844,302.0,299.2099914550781,300.4599914550781,300.4599914550781,47295
2020-02-11,299.04998779296875,302.95001220703125,299.010009765625,300.2300109863281,300.2300109863281,90219
2020-02-12,301.95001220703125,301.95001220703125,298.29998779296875,300.1000061035156,300.1000061035156,38165
2020-02-13,300.95001220703125,300.95001220703125,298.1099853515625,299.6499938964844,299.6499938964844,28968
2020-02-14,301.45001220703125,301.45001220703125,295.4100036621094,296.57000732421875,296.57000732421875,21251
2020-02-17,297.8500061035156,299.95001220703125,293.04998779296875,293.3999938964844,293.3999938964844,47636
2020-02-18,293.95001220703125,294.0,289.0,292.04998779296875,292.04998779296875,94735
2020-02-19,297.8500061035156,298.5400085449219,280.3999938964844,297.9800109863281,297.9800109863281,117436
2020-02-20,298.8999938964844,301.75,294.04998779296875,298.5199890136719,298.5199890136719,68013
2020-02-24,291.04998779296875,298.95001220703125,291.04998779296875,292.67999267578125,292.67999267578125,147536
2020-02-25,295.75,295.7900085449219,289.760009765625,290.57000732421875,290.57000732421875,86644
2020-02-26,290.45001220703125,290.5,285.8999938964844,286.4800109863281,286.4800109863281,76811
2020-02-27,288.95001220703125,288.95001220703125,282.04998779296875,285.69000244140625,285.69000244140625,101103
2020-02-28,284.0,284.0,274.260009765625,276.7099914550781,276.7099914550781,190907
2020-03-02,283.95001220703125,283.95001220703125,274.0,275.8399963378906,275.8399963378906,216605
2020-03-03,278.67999267578125,282.0,275.1600036621094,280.4700012207031,280.4700012207031,164845
2020-03-04,281.95001220703125,282.0,275.25,278.07000732421875,278.07000732421875,155004
2020-03-05,281.5,282.2200012207031,276.5,280.3800048828125,280.3800048828125,116252
2020-03-06,271.0,278.739990234375,270.0,274.2799987792969,274.2799987792969,337933
2020-03-09,273.3999938964844,275.8999938964844,262.25,269.1199951171875,269.1199951171875,306355
2020-03-11,269.0,269.0,260.04998779296875,260.760009765625,260.760009765625,201598
2020-03-12,260.5,260.5,235.0,239.42999267578125,239.42999267578125,671944
2020-03-13,239.0,259.0,225.0,240.19000244140625,240.19000244140625,894846
2020-03-16,242.0,249.8000030517578,227.14999389648438,231.7100067138672,231.7100067138672,180663
2020-03-17,236.3000030517578,239.7899932861328,227.0,232.72000122070312,232.72000122070312,80562
2020-03-18,237.0,238.0,219.6199951171875,222.2899932861328,222.2899932861328,189773
2020-03-19,222.3000030517578,222.3000030517578,205.1999969482422,211.14999389648438,211.14999389648438,344814
2020-03-20,212.0,224.8000030517578,210.1999969482422,220.8699951171875,220.8699951171875,78638
2020-03-23,205.10000610351562,216.8000030517578,199.0500030517578,200.4199981689453,200.4199981689453,230515
2020-03-24,209.8000030517578,209.8000030517578,197.5,199.0500030517578,199.0500030517578,154449
2020-03-25,204.0,215.4499969482422,180.39999389648438,205.30999755859375,205.30999755859375,104814
2020-03-26,209.0,221.5,205.32000732421875,213.27999877929688,213.27999877929688,73961
2020-03-27,217.5,222.39999389648438,212.0,214.1999969482422,214.1999969482422,64353
2020-03-30,213.89999389648438,213.89999389648438,208.11000061035156,211.67999267578125,211.67999267578125,812373
2020-03-31,217.0,218.89999389648438,211.67999267578125,217.8800048828125,217.8800048828125,150270
2020-04-01,217.8000030517578,222.75,215.10000610351562,218.6699981689453,218.6699981689453,96683
2020-04-03,213.1999969482422,224.85000610351562,212.1999969482422,214.72999572753906,214.72999572753906,81753
2020-04-07,223.5,229.0,215.05999755859375,227.61000061035156,227.61000061035156,96886
2020-04-08,227.0,236.0,221.0500030517578,233.25,233.25,88877
2020-04-09,238.0,240.89999389648438,231.0,239.02999877929688,239.02999877929688,106828
2020-04-13,246.1999969482422,246.49000549316406,224.6999969482422,236.77000427246094,236.77000427246094,82097
2020-04-15,236.77000427246094,251.0,233.25,243.75999450683594,243.75999450683594,117936
2020-04-16,245.8000030517578,245.8000030517578,238.5500030517578,242.7899932861328,242.7899932861328,92662
2020-04-17,245.0,250.60000610351562,243.0,247.1199951171875,247.1199951171875,69153
2020-04-20,247.1199951171875,252.0,243.0,243.94000244140625,243.94000244140625,72914
2020-04-21,234.1999969482422,243.8699951171875,232.30999755859375,241.0500030517578,241.0500030517578,70952
2020-04-22,233.8000030517578,244.75,233.8000030517578,242.83999633789062,242.83999633789062,133945
2020-04-23,245.0,249.9600067138672,242.13999938964844,244.3699951171875,244.3699951171875,147425
2020-04-24,237.0,244.0,236.50999450683594,241.0399932861328,241.0399932861328,79556
2020-04-27,248.3000030517578,255.0,241.49000549316406,243.57000732421875,243.57000732421875,195913
2020-04-28,250.0,250.0,242.5500030517578,243.6199951171875,243.6199951171875,70893
2020-04-29,246.5,247.99000549316406,242.5500030517578,246.58999633789062,246.58999633789062,113106
2020-04-30,256.5,268.79998779296875,247.5500030517578,250.47000122070312,250.47000122070312,240560
2020-05-04,251.5,265.0,237.5500030517578,240.3000030517578,240.3000030517578,258178
2020-05-05,247.0,247.0,235.1999969482422,239.89999389648438,239.89999389648438,153186
2020-05-06,244.0,245.99000549316406,235.5500030517578,238.47000122070312,238.47000122070312,94397
2020-05-07,238.0,240.77999877929688,235.0500030517578,238.1199951171875,238.1199951171875,41819
2020-05-08,252.67999267578125,252.67999267578125,238.14999389648438,239.91000366210938,239.91000366210938,33538
2020-05-11,240.39999389648438,249.0,234.5500030517578,242.13999938964844,242.13999938964844,104984
2020-05-12,242.0,242.8699951171875,238.0,241.66000366210938,241.66000366210938,41391
2020-05-13,248.0,250.66000366210938,241.0,243.55999755859375,243.55999755859375,63388
2020-05-14,243.0,245.5,238.0,244.80999755859375,244.80999755859375,55342
2020-05-15,248.0,248.0,241.58999633789062,242.89999389648438,242.89999389648438,66719
2020-05-18,245.0,245.5,233.60000610351562,236.16000366210938,236.16000366210938,106804
2020-05-19,243.0,243.0,235.0,235.94000244140625,235.94000244140625,92404
2020-05-20,240.0,241.25,235.0,240.47000122070312,240.47000122070312,36289
2020-05-21,241.5,244.25,237.0,242.80999755859375,242.80999755859375,27442
2020-05-22,243.60000610351562,245.0,240.05999755859375,240.86000061035156,240.86000061035156,64512
2020-05-26,242.8000030517578,245.0,238.0,242.86000061035156,242.86000061035156,32913
2020-05-27,247.0,247.0,239.10000610351562,241.4499969482422,241.4499969482422,86865
2020-05-28,243.0,245.39999389648438,238.0,245.10000610351562,245.10000610351562,63418
2020-05-29,245.89999389648438,252.2100067138672,242.6999969482422,251.7899932861328,251.7899932861328,119413
2020-06-01,254.44000244140625,255.89999389648438,250.7899932861328,254.16000366210938,254.16000366210938,87449
2020-06-02,256.0,258.8500061035156,250.0,256.6300048828125,256.6300048828125,38649
2020-06-03,259.8800048828125,262.0,254.5,259.1000061035156,259.1000061035156,104524
2020-06-04,260.0,262.75,252.0,258.25,258.25,148889
2020-06-05,262.8800048828125,264.0,256.0,263.5299987792969,263.5299987792969,99173
2020-06-08,268.0,270.0,263.1499938964844,264.2099914550781,264.2099914550781,104311
2020-06-09,263.5,267.9700012207031,261.5199890136719,263.0299987792969,263.0299987792969,43530
2020-06-10,273.6000061035156,273.6000061035156,261.0,263.6600036621094,263.6600036621094,95728
2020-06-11,264.5,265.5,258.0,259.0199890136719,259.0199890136719,103316
2020-06-12,269.3999938964844,282.29998779296875,252.0,260.7900085449219,260.7900085449219,162065
2020-06-15,260.0,265.69000244140625,255.0,259.1400146484375,259.1400146484375,71833
2020-06-16,265.0,265.0,257.25,259.260009765625,259.260009765625,123330
2020-06-17,260.0,261.7900085449219,255.6999969482422,260.45001220703125,260.45001220703125,64541
2020-06-18,261.0,273.8999938964844,257.0,260.2900085449219,260.2900085449219,105208
2020-06-19,261.29998779296875,264.0,257.3599853515625,263.3900146484375,263.3900146484375,140763
2020-06-22,265.29998779296875,269.75,262.45001220703125,267.6400146484375,267.6400146484375,91162
2020-06-23,264.5,273.0,264.5,272.5400085449219,272.5400085449219,98512
2020-06-24,276.0,276.8800048828125,270.0,270.5,270.5,91502
2020-06-25,268.0,272.8399963378906,267.04998779296875,270.82000732421875,270.82000732421875,54157
2020-06-26,273.3999938964844,273.9800109863281,269.1099853515625,270.0400085449219,270.0400085449219,78165
2020-06-29,270.0,274.75,264.5,269.29998779296875,269.29998779296875,37112
2020-06-30,271.0,271.9700012207031,267.32000732421875,268.8299865722656,268.8299865722656,23464
2020-07-01,272.0,272.0,261.0,269.4200134277344,269.4200134277344,42253
2020-07-02,271.0,274.0,269.1199951171875,271.1499938964844,271.1499938964844,67942
2020-07-03,270.0,274.0,270.0,272.29998779296875,272.29998779296875,43623
2020-07-06,276.0,277.9200134277344,270.1000061035156,273.2799987792969,273.2799987792969,54629
2020-07-07,275.29998779296875,276.2200012207031,271.30999755859375,275.57000732421875,275.57000732421875,30190
2020-07-08,277.5,277.5,270.79998779296875,273.5400085449219,273.5400085449219,51394
2020-07-09,281.70001220703125,290.0,272.8699951171875,273.4599914550781,273.4599914550781,33061
2020-07-10,274.3999938964844,275.0,270.54998779296875,274.2699890136719,274.2699890136719,33360
2020-07-13,285.0,285.0,271.0,273.2900085449219,273.2900085449219,52513
2020-07-14,273.2900085449219,274.79998779296875,269.8599853515625,271.760009765625,271.760009765625,58253
2020-07-15,271.75,273.95001220703125,269.0899963378906,269.7900085449219,269.7900085449219,443525
2020-07-16,273.70001220703125,273.7699890136719,268.0299987792969,270.1199951171875,270.1199951171875,54281
2020-07-17,273.0,276.1700134277344,269.1199951171875,275.0899963378906,275.0899963378906,56970
2020-07-20,278.0,288.0,271.5,276.2200012207031,276.2200012207031,65411
2020-07-21,284.5,284.5,275.6300048828125,276.70001220703125,276.70001220703125,57858
2020-07-22,276.70001220703125,278.70001220703125,273.5799865722656,276.4200134277344,276.4200134277344,55723
2020-07-23,277.29998779296875,279.29998779296875,276.4200134277344,278.510009765625,278.510009765625,82624
2020-07-24,279.0,279.8500061035156,267.3999938964844,275.5799865722656,275.5799865722656,49402
2020-07-27,285.0,285.0,271.42999267578125,272.04998779296875,272.04998779296875,139574
2020-07-28,272.79998779296875,275.70001220703125,268.0,274.8500061035156,274.8500061035156,43104
2020-07-29,285.0,285.0,271.5799865722656,275.3399963378906,275.3399963378906,84082
2020-07-30,276.29998779296875,278.0,273.010009765625,276.69000244140625,276.69000244140625,499822
2020-07-31,274.75,281.6600036621094,273.7099914550781,279.6600036621094,279.6600036621094,66020
2020-08-03,280.0,282.8500061035156,240.0,279.70001220703125,279.70001220703125,74571
2020-08-04,280.0,281.6600036621094,279.1000061035156,280.70001220703125,280.70001220703125,41292
2020-08-05,282.5,284.3999938964844,279.25,280.25,280.25,115513
2020-08-06,282.0,283.8800048828125,275.0,282.510009765625,282.510009765625,32455
2020-08-07,284.0,285.0,279.0,283.989990234375,283.989990234375,41603
2020-08-10,285.3999938964844,289.0,241.0500030517578,287.94000244140625,287.94000244140625,101278
2020-08-11,298.70001220703125,298.70001220703125,286.0,286.5400085449219,286.5400085449219,41452
2020-08-12,294.3999938964844,294.3999938964844,281.20001220703125,284.9200134277344,284.9200134277344,109733
2020-08-13,278.6499938964844,288.1700134277344,278.6499938964844,287.9700012207031,287.9700012207031,40133
2020-08-14,288.8999938964844,290.0,283.55999755859375,286.07000732421875,286.07000732421875,90111
2020-08-17,286.0,290.79998779296875,282.20001220703125,285.92999267578125,285.92999267578125,66659
2020-08-18,286.0,290.05999755859375,282.1000061035156,289.6199951171875,289.6199951171875,40844
2020-08-19,291.5,307.0,272.20001220703125,289.4100036621094,289.4100036621094,876322
2020-08-20,285.5,298.0,285.5,288.2699890136719,288.2699890136719,72202
2020-08-21,278.20001220703125,331.5,278.20001220703125,289.4700012207031,289.4700012207031,55841
2020-08-24,332.8999938964844,332.8999938964844,272.1000061035156,289.2300109863281,289.2300109863281,68803
2020-08-25,332.6000061035156,332.6000061035156,286.20001220703125,290.5899963378906,290.5899963378906,48880
2020-08-26,334.20001220703125,334.20001220703125,289.260009765625,290.6400146484375,290.6400146484375,29128
2020-08-27,334.20001220703125,334.20001220703125,289.0,291.75,291.75,59790
2020-08-28,318.0,318.0,285.6499938964844,292.8599853515625,292.8599853515625,41295
2020-08-31,336.79998779296875,336.79998779296875,275.29998779296875,281.9700012207031,281.9700012207031,151364
2020-09-01,281.9700012207031,324.29998779296875,280.1099853515625,283.0400085449219,283.0400085449219,62961
2020-09-02,298.0,298.0,277.0,287.42999267578125,287.42999267578125,28808
2020-09-03,290.42999267578125,296.20001220703125,287.1099853515625,288.7300109863281,288.7300109863281,34518
2020-09-04,251.1999969482422,332.0,251.1999969482422,282.510009765625,282.510009765625,80907
2020-09-07,300.0,324.8999938964844,274.0,281.92999267578125,281.92999267578125,37549
2020-09-08,324.20001220703125,324.20001220703125,278.79998779296875,279.5400085449219,279.5400085449219,92043
2020-09-09,330.0,330.0,275.0,279.70001220703125,279.70001220703125,170246
2020-09-10,300.0,330.0,277.0,282.1000061035156,282.1000061035156,33407
2020-09-11,294.5,294.5,274.2900085449219,284.29998779296875,284.29998779296875,21836
2020-09-14,292.0,297.20001220703125,274.2900085449219,284.1300048828125,284.1300048828125,112686
2020-09-15,326.70001220703125,326.70001220703125,283.0,287.489990234375,287.489990234375,49892
2020-09-16,297.6000061035156,297.6000061035156,270.20001220703125,288.260009765625,288.260009765625,28263
2020-09-17,250.8000030517578,296.6000061035156,250.8000030517578,288.010009765625,288.010009765625,48036
2020-09-18,300.0,300.0,285.0,288.7300109863281,288.7300109863281,45609
2020-09-21,300.0,300.0,271.3999938964844,280.9800109863281,280.9800109863281,75850
2020-09-22,270.0,299.0,270.0,275.8999938964844,275.8999938964844,85292
2020-09-23,295.70001220703125,295.70001220703125,273.17999267578125,275.2099914550781,275.2099914550781,35791
2020-09-24,300.0,300.0,252.0,271.04998779296875,271.04998779296875,143476
2020-09-25,290.94000244140625,290.94000244140625,254.8000030517578,276.9700012207031,276.9700012207031,45207
2020-09-28,290.0,290.0,267.0,281.3399963378906,281.3399963378906,52763
2020-09-29,289.0,289.0,280.0,281.1099853515625,281.1099853515625,71877
2020-09-30,300.0,300.0,278.29998779296875,282.17999267578125,282.17999267578125,20767
2020-10-01,300.0,300.0,270.0,283.80999755859375,283.80999755859375,153228
2020-10-05,300.0,300.0,272.0,284.1600036621094,284.1600036621094,614005
2020-10-06,300.0,300.0,267.1000061035156,285.7099914550781,285.7099914550781,40315
2020-10-07,296.0,296.0,268.6000061035156,284.6300048828125,284.6300048828125,56605
2020-10-08,293.0,293.0,282.0,286.3500061035156,286.3500061035156,56313
2020-10-09,300.0,300.0,283.5,286.6499938964844,286.6499938964844,30810
2020-10-12,293.0,293.0,281.0,284.6700134277344,284.6700134277344,45793
2020-10-13,300.0,300.0,283.0,284.5400085449219,284.5400085449219,41786
2020-10-14,296.0,296.0,275.0,286.2200012207031,286.2200012207031,102511
2020-10-15,292.0,292.0,275.5,282.45001220703125,282.45001220703125,76854
2020-10-16,289.95001220703125,289.95001220703125,281.0,284.17999267578125,284.17999267578125,44842
2020-10-19,292.0,292.0,283.6600036621094,286.05999755859375,286.05999755859375,55899
2020-10-20,293.0,293.0,283.75,285.17999267578125,285.17999267578125,33364
2020-10-21,303.0,303.0,281.8900146484375,285.4700012207031,285.4700012207031,35573
2020-10-22,300.0,300.0,268.29998779296875,286.05999755859375,286.05999755859375,29204
2020-10-23,292.0,292.0,278.0,285.95001220703125,285.95001220703125,30161
2020-10-26,248.8000030517578,291.4200134277344,248.8000030517578,282.0400085449219,282.0400085449219,53758
2020-10-27,245.39999389648438,289.0,245.39999389648438,287.2699890136719,287.2699890136719,68620
2020-10-28,293.0,293.0,283.0,284.75,284.75,289373
2020-10-29,289.0,289.0,268.0,284.54998779296875,284.54998779296875,43692
2020-10-30,330.0,330.0,267.5,284.6600036621094,284.6600036621094,49689
2020-11-02,292.0,292.0,277.0,285.6700134277344,285.6700134277344,156531
2020-11-03,294.20001220703125,294.20001220703125,281.0,287.2699890136719,287.2699890136719,31934
2020-11-04,295.0,295.0,261.3999938964844,289.07000732421875,289.07000732421875,35494
2020-11-05,299.0,299.0,283.0,293.6499938964844,293.6499938964844,108022
2020-11-06,346.5,346.5,279.6000061035156,294.69000244140625,294.69000244140625,87534
2020-11-09,303.0,303.0,283.0,298.94000244140625,298.94000244140625,132804
2020-11-10,343.79998779296875,343.79998779296875,272.0,296.8900146484375,296.8900146484375,61640
2020-11-11,309.0,309.0,294.79998779296875,300.4100036621094,300.4100036621094,80769
2020-11-12,261.3999938964844,320.0,261.3999938964844,302.3900146484375,302.3900146484375,65335
2020-11-13,312.0,312.0,291.0,304.9800109863281,304.9800109863281,70496
2020-11-14,350.70001220703125,350.70001220703125,292.0,308.95001220703125,308.95001220703125,48075
2020-11-17,321.0,321.0,299.70001220703125,309.2300109863281,309.2300109863281,71251
2020-11-18,319.0,319.0,300.0,310.1600036621094,310.1600036621094,52861
2020-11-19,269.79998779296875,319.0,269.79998779296875,309.94000244140625,309.94000244140625,94994
2020-11-20,269.6000061035156,318.0,269.6000061035156,312.7200012207031,312.7200012207031,44934
2020-11-23,315.95001220703125,316.7300109863281,303.29998779296875,315.69000244140625,315.69000244140625,46146
2020-11-24,324.0,324.0,315.69000244140625,316.0799865722656,316.0799865722656,117297
2020-11-25,315.70001220703125,329.0,311.5,314.1600036621094,314.1600036621094,73323
2020-11-26,328.0,328.0,311.5400085449219,315.9100036621094,315.9100036621094,32306
2020-11-27,324.0,324.0,297.0,317.2300109863281,317.2300109863281,80386
2020-12-01,327.0,327.0,309.0,321.7699890136719,321.7699890136719,67116
2020-12-02,370.0,370.0,309.0,324.3500061035156,324.3500061035156,58314
2020-12-03,333.0,333.0,317.8800048828125,326.1400146484375,326.1400146484375,43687
2020-12-04,368.5,368.5,326.1400146484375,327.5400085449219,327.5400085449219,46103
2020-12-07,336.0,336.0,325.55999755859375,330.5899963378906,330.5899963378906,106272
2020-12-08,338.0,338.0,321.0,330.7099914550781,330.7099914550781,77694
2020-12-09,338.0,338.0,316.5,331.42999267578125,331.42999267578125,53922
2020-12-10,334.0,334.0,327.0,331.5199890136719,331.5199890136719,53467
2020-12-11,338.0,339.3999938964844,321.0,332.5899963378906,332.5899963378906,53594
2020-12-14,342.0,342.0,330.5,335.6000061035156,335.6000061035156,63688
2020-12-15,343.0,343.0,332.25,332.8800048828125,332.8800048828125,50862
2020-12-16,338.0,338.0,321.0,334.6499938964844,334.6499938964844,100058
2020-12-17,343.0,343.0,331.0,333.6499938964844,333.6499938964844,75821
2020-12-18,343.0,343.0,290.29998779296875,335.1099853515625,335.1099853515625,47651
2020-12-21,338.0,339.7799987792969,313.20001220703125,325.6300048828125,325.6300048828125,156572
2020-12-22,334.0,334.0,303.0,328.7799987792969,328.7799987792969,77811
2020-12-23,336.0,336.0,322.45001220703125,334.4599914550781,334.4599914550781,109345
2020-12-24,343.0,343.0,321.0,334.94000244140625,334.94000244140625,79936
2020-12-28,343.0,343.0,334.05999755859375,338.3599853515625,338.3599853515625,67613
2020-12-29,347.0,347.0,335.989990234375,338.3399963378906,338.3399963378906,128759
2020-12-30,345.0,345.0,318.0,339.5,339.5,87763
2020-12-31,344.95001220703125,344.95001220703125,337.9800109863281,340.2699890136719,340.2699890136719,118010
2021-01-01,345.0,345.0,339.0,342.19000244140625,342.19000244140625,101472
2021-01-04,354.0,354.0,341.19000244140625,346.6199951171875,346.6199951171875,94333
2021-01-05,354.0,354.0,341.6300048828125,351.3800048828125,351.3800048828125,616888
2021-01-06,359.0,359.0,347.95001220703125,353.2900085449219,353.2900085449219,87070
2021-01-07,368.1000061035156,368.1000061035156,332.1000061035156,354.7300109863281,354.7300109863281,62490
2021-01-08,363.0,363.0,355.0,357.260009765625,357.260009765625,62981
2021-01-11,368.0,403.70001220703125,356.1600036621094,358.6300048828125,358.6300048828125,153992
2021-01-12,368.0,368.0,359.0,359.8299865722656,359.8299865722656,33179
2021-01-13,365.2300109863281,367.8999938964844,353.3500061035156,356.6300048828125,356.6300048828125,84364
2021-01-14,363.0,363.0,341.0,357.54998779296875,357.54998779296875,135775
2021-01-15,365.0,365.0,336.1000061035156,353.760009765625,353.760009765625,56955
2021-01-18,359.0,359.0,344.0,345.44000244140625,345.44000244140625,822618
2021-01-19,356.0,356.0,314.3999938964844,353.0299987792969,353.0299987792969,41151
2021-01-20,359.0,359.0,348.29998779296875,353.67999267578125,353.67999267578125,45579
2021-01-21,363.0,363.0,343.0,351.29998779296875,351.29998779296875,69679
2021-01-22,359.0,359.0,348.20001220703125,349.3999938964844,349.3999938964844,42523
2021-01-25,359.0,359.0,344.0,345.010009765625,345.010009765625,73257
2021-01-27,354.0,354.0,340.1099853515625,341.6199951171875,341.6199951171875,105926
2021-01-28,349.95001220703125,349.95001220703125,310.8999938964844,340.0799865722656,340.0799865722656,112762
2021-01-29,350.0,350.0,330.6300048828125,332.7900085449219,332.7900085449219,108514
2021-02-01,340.0,371.1300048828125,324.5799865722656,341.8500061035156,341.8500061035156,153352
2021-02-02,356.0,356.0,340.25,348.989990234375,348.989990234375,68048
2021-02-03,356.0,356.0,336.0,350.1300048828125,350.1300048828125,35945
2021-02-04,359.0,359.0,341.0,354.44000244140625,354.44000244140625,43031
2021-02-05,365.0,365.0,322.5,353.0199890136719,353.0199890136719,66604
2021-02-08,363.0,363.0,340.0,356.79998779296875,356.79998779296875,53388
2021-02-09,365.0,365.0,347.0,356.19000244140625,356.19000244140625,39345
2021-02-10,363.0,372.0,348.04998779296875,357.19000244140625,357.19000244140625,42450
2021-02-11,368.0,368.0,349.1000061035156,360.3900146484375,360.3900146484375,36767
2021-02-12,367.45001220703125,367.45001220703125,359.5899963378906,361.95001220703125,361.95001220703125,33623
2021-02-15,368.0,368.0,355.0,365.32000732421875,365.32000732421875,80189
2021-02-16,374.0,374.0,356.04998779296875,366.4100036621094,366.4100036621094,53732
2021-02-17,358.20001220703125,371.95001220703125,358.20001220703125,367.25,367.25,54159
2021-02-18,372.70001220703125,372.70001220703125,360.95001220703125,369.5899963378906,369.5899963378906,40528
2021-02-19,374.79998779296875,374.79998779296875,361.29998779296875,364.1300048828125,364.1300048828125,58404
2021-02-22,369.20001220703125,369.70001220703125,358.0,359.57000732421875,359.57000732421875,102124
2021-02-23,368.0,368.0,312.79998779296875,360.3900146484375,360.3900146484375,45922
2021-02-24,368.0,369.29998779296875,354.0,363.4100036621094,363.4100036621094,33188
2021-02-25,374.0,374.0,364.239990234375,368.5899963378906,368.5899963378906,42433
2021-02-26,359.1499938964844,372.0,358.1000061035156,360.6199951171875,360.6199951171875,192917
2021-03-01,368.0,368.0,359.5,361.4100036621094,361.4100036621094,81219
2021-03-02,368.0,368.739990234375,354.0,368.0400085449219,368.0400085449219,49110
2021-03-03,378.0,378.0,363.0,373.0899963378906,373.0899963378906,51978
2021-03-04,378.0,378.0,358.6400146484375,374.7099914550781,374.7099914550781,49897
2021-03-05,383.0,383.0,367.54998779296875,369.2699890136719,369.2699890136719,53970
2021-03-08,387.0,387.0,363.04998779296875,368.3299865722656,368.3299865722656,37694
2021-03-09,378.0,378.0,363.30999755859375,365.739990234375,365.739990234375,42816
2021-03-10,372.8999938964844,372.8999938964844,365.5,367.5,367.5,22602
2021-03-12,372.79998779296875,379.8999938964844,361.04998779296875,364.8500061035156,364.8500061035156,53939
2021-03-15,412.29998779296875,412.29998779296875,358.25,362.5,362.5,71191
2021-03-16,372.0,372.0,355.80999755859375,362.2900085449219,362.2900085449219,26985
2021-03-17,369.67999267578125,369.67999267578125,356.04998779296875,357.1499938964844,357.1499938964844,77669
2021-03-18,363.8999938964844,367.0,350.1000061035156,353.8699951171875,353.8699951171875,85303
2021-03-19,363.0,363.0,344.55999755859375,356.1199951171875,356.1199951171875,81945
2021-03-22,365.0,365.0,351.0,359.75,359.75,45782
2021-03-23,372.79998779296875,372.79998779296875,354.010009765625,363.6700134277344,363.6700134277344,82283
2021-03-24,369.6000061035156,369.6000061035156,355.1000061035156,359.1199951171875,359.1199951171875,75935
2021-03-25,368.0,368.0,350.510009765625,351.5,351.5,101877
2021-03-26,365.0,365.0,345.54998779296875,355.510009765625,355.510009765625,40447
2021-03-30,368.0,368.0,352.510009765625,357.5799865722656,357.5799865722656,84204
2021-03-31,367.5,367.5,353.04998779296875,359.79998779296875,359.79998779296875,43563
2021-04-01,367.3999938964844,367.94000244140625,354.0,362.8999938964844,362.8999938964844,138572
2021-04-05,367.3999938964844,372.0,355.2099914550781,359.95001220703125,359.95001220703125,121134
2021-04-06,367.3999938964844,367.3999938964844,359.010009765625,361.7900085449219,361.7900085449219,65130
2021-04-07,368.0,368.0,351.0,365.6000061035156,365.6000061035156,42373
2021-04-08,373.0,374.0,356.0,368.3299865722656,368.3299865722656,54260
2021-04-09,369.94000244140625,371.8999938964844,364.20001220703125,369.6199951171875,369.6199951171875,39517
2021-04-12,374.0,374.0,352.0,353.6199951171875,353.6199951171875,288216
2021-04-13,373.79998779296875,373.79998779296875,350.010009765625,356.4200134277344,356.4200134277344,73939
2021-04-15,373.20001220703125,373.20001220703125,346.0,357.7300109863281,357.7300109863281,79768
2021-04-16,364.95001220703125,364.95001220703125,354.20001220703125,362.7099914550781,362.7099914550781,46644
2021-04-19,364.95001220703125,364.95001220703125,351.57000732421875,356.69000244140625,356.69000244140625,169453
2021-04-20,363.0,363.0,346.0,357.82000732421875,357.82000732421875,55016
2021-04-22,362.95001220703125,362.95001220703125,350.04998779296875,358.2799987792969,358.2799987792969,40159
2021-04-23,351.0,363.8999938964844,351.0,359.1600036621094,359.1600036621094,66991
2021-04-26,368.0,368.0,351.0,360.1400146484375,360.1400146484375,63388
2021-04-27,364.95001220703125,364.95001220703125,354.25,363.239990234375,363.239990234375,73390
2021-04-28,368.0,368.0,316.04998779296875,364.5899963378906,364.5899963378906,51548
2021-04-29,360.9200134277344,370.0400085449219,360.9200134277344,364.2699890136719,364.2699890136719,46618
2021-04-30,367.95001220703125,367.95001220703125,356.6199951171875,364.3399963378906,364.3399963378906,53304
2021-05-03,368.0,369.45001220703125,354.30999755859375,366.4599914550781,366.4599914550781,74523
2021-05-04,371.0,371.0,362.010009765625,365.2799987792969,365.2799987792969,61837
2021-05-05,371.25,371.25,356.0,369.739990234375,369.739990234375,88252
2021-05-06,377.45001220703125,377.45001220703125,361.04998779296875,372.7900085449219,372.7900085449219,63124
2021-05-07,379.0,379.0,366.30999755859375,373.80999755859375,373.80999755859375,61034
2021-05-10,383.0,383.0,367.260009765625,378.1499938964844,378.1499938964844,92737
2021-05-11,384.20001220703125,384.20001220703125,372.5299987792969,378.67999267578125,378.67999267578125,54759
2021-05-12,386.0,386.0,374.29998779296875,380.0299987792969,380.0299987792969,59696
2021-05-14,386.0,387.79998779296875,373.20001220703125,374.8399963378906,374.8399963378906,172571
2021-05-17,383.0,383.0,371.1600036621094,377.67999267578125,377.67999267578125,85083
2021-05-18,386.0,386.0,374.0,382.760009765625,382.760009765625,53965
2021-05-19,387.0,389.0,378.92999267578125,387.1000061035156,387.1000061035156,54900
2021-05-20,393.0,393.0,384.29998779296875,386.2799987792969,386.2799987792969,84347
2021-05-21,396.0,396.0,336.1000061035156,386.5199890136719,386.5199890136719,63000
2021-05-24,398.20001220703125,404.989990234375,336.29998779296875,391.0899963378906,391.0899963378906,82949
2021-05-25,397.0,397.8999938964844,388.8500061035156,389.6600036621094,389.6600036621094,97616
2021-05-26,396.0,396.0,374.0,389.5,389.5,99547
2021-05-27,396.0,396.0,389.04998779296875,391.5400085449219,391.5400085449219,88314
2021-05-28,396.0,396.8800048828125,391.25,391.67999267578125,391.67999267578125,54215
2021-05-31,396.0,415.20001220703125,387.0,393.5899963378906,393.5899963378906,85270
2021-06-01,399.0,399.0,389.6499938964844,394.2099914550781,394.2099914550781,105874
2021-06-02,399.0,402.0,383.0,401.1400146484375,401.1400146484375,110393
2021-06-03,406.95001220703125,408.989990234375,396.0,405.6700134277344,405.6700134277344,102908
2021-06-04,409.95001220703125,410.79998779296875,400.54998779296875,407.1600036621094,407.1600036621094,90464
2021-06-07,412.95001220703125,414.70001220703125,403.0,407.82000732421875,407.82000732421875,154233
2021-06-08,354.79998779296875,414.0,354.79998779296875,410.1199951171875,410.1199951171875,79176
2021-06-09,410.0,415.95001220703125,403.3599853515625,405.9100036621094,405.9100036621094,108444
2021-06-10,411.8999938964844,412.8500061035156,401.0,410.8699951171875,410.8699951171875,43681
2021-06-11,415.95001220703125,416.0,400.1000061035156,410.57000732421875,410.57000732421875,65798
2021-06-14,414.0,414.8999938964844,403.7900085449219,409.7699890136719,409.7699890136719,110723
2021-06-15,414.0,414.0,409.8500061035156,410.8399963378906,410.8399963378906,62462
2021-06-16,414.0,414.0,405.1000061035156,407.4599914550781,407.4599914550781,73773
2021-06-17,370.79998779296875,410.0,370.79998779296875,402.8500061035156,402.8500061035156,73734
2021-06-18,405.6499938964844,405.70001220703125,391.1000061035156,401.2200012207031,401.2200012207031,113515
2021-06-21,405.0,405.0,395.67999267578125,403.3399963378906,403.3399963378906,100908
2021-06-22,402.0,411.0,402.0,407.2300109863281,407.2300109863281,53442
2021-06-23,415.0,415.0,401.6499938964844,402.8599853515625,402.8599853515625,61592
2021-06-24,400.0,408.8999938964844,400.0,401.57000732421875,401.57000732421875,59891
2021-06-25,404.0,404.5199890136719,397.6000061035156,403.9599914550781,403.9599914550781,56910
2021-06-28,408.29998779296875,408.79998779296875,401.0,403.9100036621094,403.9100036621094,73762
2021-06-29,408.25,408.29998779296875,401.1499938964844,405.1600036621094,405.1600036621094,59857
2021-06-30,406.95001220703125,407.0,403.0,403.4599914550781,403.4599914550781,51825
2021-07-01,406.95001220703125,406.9800109863281,402.29998779296875,403.25,403.25,235851
2021-07-02,407.25,407.25,402.510009765625,403.6300048828125,403.6300048828125,110298
2021-07-05,409.45001220703125,409.45001220703125,403.0,405.010009765625,405.010009765625,379369
2021-07-06,407.0,409.44000244140625,403.6400146484375,405.8599853515625,405.8599853515625,70660
2021-07-07,408.0,408.0,396.04998779296875,406.7200012207031,406.7200012207031,81183
2021-07-08,408.95001220703125,431.1000061035156,404.04998779296875,406.54998779296875,406.54998779296875,113425
2021-07-09,409.25,409.3900146484375,401.04998779296875,408.0400085449219,408.0400085449219,86505
2021-07-12,419.7900085449219,419.7900085449219,406.04998779296875,408.4599914550781,408.4599914550781,108697
2021-07-13,415.95001220703125,415.989990234375,405.79998779296875,407.0899963378906,407.0899963378906,80271
2021-07-14,370.5,409.8999938964844,370.5,407.010009765625,407.010009765625,123224
2021-07-15,400.44000244140625,410.82000732421875,400.44000244140625,408.3999938964844,408.3999938964844,65240
2021-07-16,410.8699951171875,411.45001220703125,394.20001220703125,409.760009765625,409.760009765625,52838
2021-07-19,471.20001220703125,471.20001220703125,404.0,408.0299987792969,408.0299987792969,146399
2021-07-20,414.0,414.0,402.5,405.30999755859375,405.30999755859375,129363
2021-07-22,409.95001220703125,410.760009765625,402.04998779296875,409.739990234375,409.739990234375,92919
2021-07-23,411.70001220703125,411.989990234375,408.04998779296875,410.010009765625,410.010009765625,58782
2021-07-26,414.0,414.0,403.0,412.1400146484375,412.1400146484375,69573
2021-07-27,375.0,474.0,375.0,409.7099914550781,409.7099914550781,71285
2021-07-28,415.95001220703125,415.95001220703125,405.25,411.1400146484375,411.1400146484375,91139
2021-07-29,386.54998779296875,412.9800109863281,386.54998779296875,410.7799987792969,410.7799987792969,119488
2021-07-30,412.95001220703125,416.0,403.04998779296875,413.4599914550781,413.4599914550781,100813
2021-08-02,410.04998779296875,475.45001220703125,410.04998779296875,416.4800109863281,416.4800109863281,83355
2021-08-03,419.5,419.94000244140625,411.0,418.20001220703125,418.20001220703125,78326
2021-08-04,421.95001220703125,422.6099853515625,415.0,415.8599853515625,415.8599853515625,117777
2021-08-05,419.0,421.0,412.75,416.0899963378906,416.0899963378906,409854
2021-08-06,418.95001220703125,419.0,414.04998779296875,417.2300109863281,417.2300109863281,131459
2021-08-09,379.70001220703125,471.45001220703125,379.70001220703125,415.4800109863281,415.4800109863281,90908
2021-08-10,418.95001220703125,418.95001220703125,410.0,412.55999755859375,412.55999755859375,93340
2021-08-11,418.95001220703125,418.95001220703125,405.3500061035156,410.29998779296875,410.29998779296875,115832
2021-08-12,413.0,414.739990234375,407.0,413.4700012207031,413.4700012207031,110726
2021-08-13,417.95001220703125,417.95001220703125,410.04998779296875,413.6000061035156,413.6000061035156,203588
2021-08-16,418.0,418.0,407.0,414.3599853515625,414.3599853515625,108661
2021-08-17,360.5,476.45001220703125,360.5,415.8999938964844,415.8999938964844,84455
2021-08-18,419.0,422.0,412.0,418.32000732421875,418.32000732421875,67646
2021-08-20,419.3999938964844,422.0,411.0,413.0299987792969,413.0299987792969,133429
2021-08-23,419.0,419.70001220703125,409.5,411.239990234375,411.239990234375,100392
2021-08-24,415.95001220703125,417.0,403.04998779296875,414.510009765625,414.510009765625,109531
2021-08-25,418.95001220703125,419.0,411.0,414.989990234375,414.989990234375,86476
2021-08-26,419.3999938964844,419.739990234375,377.6499938964844,417.7300109863281,417.7300109863281,84882
2021-08-27,492.8500061035156,492.8500061035156,392.75,422.0400085449219,422.0400085449219,69997
2021-08-30,424.95001220703125,431.0,416.04998779296875,428.20001220703125,428.20001220703125,111563
2021-08-31,492.3500061035156,492.3500061035156,402.54998779296875,433.8800048828125,433.8800048828125,172103
2021-09-01,377.5,498.95001220703125,377.5,438.1400146484375,438.1400146484375,145874
2021-09-02,442.95001220703125,444.0,432.95001220703125,438.75,438.75,130480
2021-09-03,436.04998779296875,446.95001220703125,436.04998779296875,445.5799865722656,445.5799865722656,77487
2021-09-06,449.8900146484375,454.8800048828125,444.5899963378906,445.3299865722656,445.3299865722656,171916
2021-09-07,448.95001220703125,449.94000244140625,427.4599914550781,443.54998779296875,443.54998779296875,104059
2021-09-08,416.8999938964844,447.79998779296875,416.8999938964844,444.7200012207031,444.7200012207031,84829
2021-09-09,454.0,454.0,437.0,447.57000732421875,447.57000732421875,61012
2021-09-13,454.0,454.0,443.04998779296875,449.3900146484375,449.3900146484375,124366
2021-09-14,391.0,453.79998779296875,391.0,450.739990234375,450.739990234375,83369
2021-09-15,455.95001220703125,455.95001220703125,410.20001220703125,451.8299865722656,451.8299865722656,57962
2021-09-16,454.95001220703125,456.9700012207031,445.0,455.260009765625,455.260009765625,81939
2021-09-17,463.0,463.0,450.25,452.75,452.75,81219
2021-09-20,453.95001220703125,454.9700012207031,442.0,444.260009765625,444.260009765625,124223
2021-09-21,386.5,501.95001220703125,386.5,448.010009765625,448.010009765625,89566
2021-09-22,451.95001220703125,452.94000244140625,421.1000061035156,450.2200012207031,450.2200012207031,74592
2021-09-23,458.95001220703125,458.95001220703125,450.29998779296875,453.20001220703125,453.20001220703125,169509
2021-09-24,521.2000122070312,521.2000122070312,447.0,451.3399963378906,451.3399963378906,71876
2021-09-27,458.0,458.0,447.0,449.260009765625,449.260009765625,80217
2021-09-28,454.0,454.0,445.04998779296875,447.44000244140625,447.44000244140625,111156
2021-09-29,514.5999755859375,514.5999755859375,441.04998779296875,444.739990234375,444.739990234375,61979
2021-09-30,449.0,449.0,436.0,444.2900085449219,444.2900085449219,212954
2021-10-01,447.95001220703125,447.95001220703125,436.04998779296875,443.54998779296875,443.54998779296875,354479
2021-10-04,416.8999938964844,510.04998779296875,416.8999938964844,449.67999267578125,449.67999267578125,185163
2021-10-05,452.95001220703125,454.5,442.04998779296875,453.5899963378906,453.5899963378906,109878
2021-10-06,462.95001220703125,462.95001220703125,447.04998779296875,449.9700012207031,449.9700012207031,82564
2021-10-07,458.95001220703125,458.95001220703125,447.04998779296875,454.30999755859375,454.30999755859375,69883
2021-10-08,461.0400085449219,461.0400085449219,450.3500061035156,453.0799865722656,453.0799865722656,203870
2021-10-11,459.0,459.0,446.04998779296875,454.760009765625,454.760009765625,93085
2021-10-12,435.3800048828125,459.44000244140625,435.3800048828125,457.9599914550781,457.9599914550781,62686
2021-10-13,462.95001220703125,464.5400085449219,451.04998779296875,462.9599914550781,462.9599914550781,109295
2021-10-14,467.95001220703125,469.8699951171875,463.010009765625,466.8599853515625,466.8599853515625,84043
2021-10-18,406.20001220703125,474.0,406.20001220703125,468.1300048828125,468.1300048828125,134768
2021-10-19,477.0,477.0,455.29998779296875,463.2699890136719,463.2699890136719,110287
2021-10-20,403.0,532.75,403.0,453.3399963378906,453.3399963378906,118641
2021-10-21,462.95001220703125,462.95001220703125,426.1499938964844,450.8800048828125,450.8800048828125,86335
2021-10-22,441.04998779296875,462.8500061035156,441.04998779296875,444.260009765625,444.260009765625,97788
2021-10-25,449.8999938964844,449.95001220703125,433.55999755859375,440.1700134277344,440.1700134277344,117354
2021-10-26,506.1499938964844,506.1499938964844,436.04998779296875,445.4599914550781,445.4599914550781,72755
2021-10-27,525.5499877929688,525.5499877929688,437.04998779296875,447.7200012207031,447.7200012207031,60101
2021-10-28,453.95001220703125,453.95001220703125,438.0,441.55999755859375,441.55999755859375,117266
2021-10-29,446.95001220703125,446.95001220703125,426.3999938964844,440.75,440.75,91245
2021-11-01,498.0,498.0,434.0,445.760009765625,445.760009765625,133024
2021-11-02,454.0,454.0,436.0,447.04998779296875,447.04998779296875,97970
2021-11-03,456.0,456.0,441.04998779296875,448.25,448.25,67845
2021-11-04,506.5,506.5,421.3999938964844,452.1199951171875,452.1199951171875,47688
2021-11-08,459.0,459.0,443.0,456.8999938964844,456.8999938964844,104955
2021-11-09,463.0,463.0,447.0,459.5299987792969,459.5299987792969,61996
2021-11-10,442.0,487.1000061035156,442.0,460.6499938964844,460.6499938964844,74090
2021-11-11,468.0,468.0,451.0,458.82000732421875,458.82000732421875,92226
2021-11-12,518.5,518.5,431.29998779296875,463.6300048828125,463.6300048828125,39997
2021-11-15,472.0,475.7900085449219,456.0,465.75,465.75,81773
2021-11-16,474.0,474.0,460.04998779296875,464.80999755859375,464.80999755859375,73388
2021-11-17,404.3999938964844,469.0,404.3999938964844,464.2699890136719,464.2699890136719,55190
2021-11-18,403.8999938964844,524.5999755859375,403.8999938964844,457.6700134277344,457.6700134277344,97412
2021-11-22,517.2000122070312,517.2000122070312,430.20001220703125,449.1400146484375,449.1400146484375,248142
2021-11-23,390.79998779296875,476.1000061035156,390.79998779296875,455.6700134277344,455.6700134277344,81497
2021-11-24,396.3999938964844,497.5,396.3999938964844,453.42999267578125,453.42999267578125,56512
2021-11-25,480.6000061035156,480.6000061035156,426.20001220703125,457.1099853515625,457.1099853515625,49611
2021-11-26,495.0,495.0,429.70001220703125,446.010009765625,446.010009765625,207509
2021-11-29,419.20001220703125,504.0,419.20001220703125,439.5400085449219,439.5400085449219,165183
2021-11-30,447.0,447.0,430.0,439.739990234375,439.739990234375,159956
2021-12-01,413.3999938964844,496.8999938964844,413.3999938964844,440.95001220703125,440.95001220703125,87010
2021-12-02,498.29998779296875,498.29998779296875,435.0,444.57000732421875,444.57000732421875,84992
2021-12-03,454.0,454.0,436.0,444.6000061035156,444.6000061035156,59119
2021-12-06,471.29998779296875,471.29998779296875,435.5,436.510009765625,436.510009765625,174544
2021-12-07,493.29998779296875,493.29998779296875,434.0,442.30999755859375,442.30999755859375,88843
2021-12-08,402.5,485.0,402.5,447.8500061035156,447.8500061035156,80259
2021-12-09,459.0,459.0,443.1199951171875,448.0799865722656,448.0799865722656,98706
2021-12-10,485.0,485.0,421.20001220703125,450.8399963378906,450.8399963378906,77729
2021-12-13,463.0,463.0,443.0,448.9200134277344,448.9200134277344,77387
2021-12-14,456.0,456.0,441.0,450.010009765625,450.010009765625,66859
2021-12-15,459.0,459.0,443.0,446.30999755859375,446.30999755859375,60437
2021-12-16,485.0,485.0,419.5,445.55999755859375,445.55999755859375,41655
2021-12-17,454.0,454.0,434.1000061035156,434.8299865722656,434.8299865722656,154731
2021-12-20,441.0,441.0,417.25,422.6600036621094,422.6600036621094,486722
2021-12-21,474.0,474.0,397.29998779296875,428.8800048828125,428.8800048828125,182461
2021-12-22,425.0,493.20001220703125,403.1000061035156,435.4100036621094,435.4100036621094,129219
2021-12-23,447.0,447.0,427.0,438.75,438.75,199929
2021-12-24,381.70001220703125,498.6499938964844,381.70001220703125,436.3299865722656,436.3299865722656,107626
2021-12-27,397.1000061035156,501.79998779296875,397.1000061035156,437.54998779296875,437.54998779296875,74468
2021-12-28,485.0,485.0,401.25,441.05999755859375,441.05999755859375,82211
2021-12-29,447.0,447.0,434.0,440.1300048828125,440.1300048828125,267554
2021-12-30,382.8999938964844,484.0,382.8999938964844,437.1600036621094,437.1600036621094,167689
2021-12-31,481.0,484.0,432.0,443.82000732421875,443.82000732421875,337854
2022-01-03,386.1000061035156,464.67999267578125,386.1000061035156,446.80999755859375,446.80999755859375,467591
2022-01-04,468.1300048828125,468.1300048828125,420.0,448.5299987792969,448.5299987792969,201553
2022-01-05,475.3999938964844,475.3999938964844,434.0,447.1600036621094,447.1600036621094,157286
2022-01-06,485.0,485.0,421.55999755859375,446.9100036621094,446.9100036621094,74103
2022-01-07,505.0,505.0,426.0,450.07000732421875,450.07000732421875,59548
2022-01-10,495.0,495.0,430.55999755859375,450.82000732421875,450.82000732421875,106952
2022-01-11,491.3999938964844,491.3999938964844,423.79998779296875,451.75,451.75,81163
2022-01-12,456.8399963378906,478.8999938964844,441.1199951171875,453.2900085449219,453.2900085449219,61867
2022-01-13,463.0,463.0,447.0,456.3399963378906,456.3399963378906,55666
2022-01-14,515.7000122070312,515.7000122070312,442.1600036621094,457.2799987792969,457.2799987792969,50608
2022-01-17,397.79998779296875,516.7000122070312,397.79998779296875,459.07000732421875,459.07000732421875,108143
2022-01-18,480.0,480.0,450.1000061035156,451.5,451.5,199935
2022-01-19,452.0,453.5,445.010009765625,451.29998779296875,451.29998779296875,76217
2022-01-20,457.0,457.0,441.0,450.95001220703125,450.95001220703125,68856
2022-01-21,478.0,478.0,423.8999938964844,443.5400085449219,443.5400085449219,161934
2022-01-24,470.20001220703125,470.20001220703125,385.8999938964844,427.95001220703125,427.95001220703125,504478
2022-01-25,498.6499938964844,498.6499938964844,389.3999938964844,431.4800109863281,431.4800109863281,245133
2022-01-27,435.0,435.0,412.0199890136719,423.3900146484375,423.3900146484375,358434
2022-01-28,436.0,442.79998779296875,417.0,428.739990234375,428.739990234375,215506
2022-01-31,488.70001220703125,488.70001220703125,425.0,432.30999755859375,432.30999755859375,70278
2022-02-01,439.3999938964844,495.0,427.0,437.2200012207031,437.2200012207031,202918
2022-02-02,447.0,447.0,435.0,444.1099853515625,444.1099853515625,93635
2022-02-03,444.5,446.8999938964844,436.0,441.7200012207031,441.7200012207031,111914
2022-02-04,484.0,484.0,402.0,441.5299987792969,441.5299987792969,89623
2022-02-07,484.5,484.5,403.1499938964844,438.6199951171875,438.6199951171875,119174
2022-02-08,445.0,445.0,432.5,437.1199951171875,437.1199951171875,75190
2022-02-09,484.0,484.0,392.5,441.94000244140625,441.94000244140625,165705
2022-02-10,448.0,448.0,437.5,443.19000244140625,443.19000244140625,48965
2022-02-11,500.79998779296875,500.79998779296875,436.0,437.1499938964844,437.1499938964844,95173
2022-02-14,443.0,443.0,421.30999755859375,422.7900085449219,422.7900085449219,262549
2022-02-15,460.79998779296875,460.79998779296875,397.3999938964844,430.7300109863281,430.7300109863281,330518
2022-02-16,443.0,443.0,421.0,431.6600036621094,431.6600036621094,51204
2022-02-17,484.0,484.0,430.0,431.25,431.25,123812
2022-02-18,435.8999938964844,436.0,405.3999938964844,428.05999755859375,428.05999755859375,75701
2022-02-21,477.25,477.25,420.6000061035156,423.05999755859375,423.05999755859375,173944
2022-02-22,472.25,472.25,397.70001220703125,421.7200012207031,421.7200012207031,188016
2022-02-23,434.0,434.0,396.3999938964844,425.6700134277344,425.6700134277344,93815
2022-02-24,400.1000061035156,430.0,399.6499938964844,403.29998779296875,403.29998779296875,989794
2022-02-25,444.25,444.25,379.1000061035156,416.95001220703125,416.95001220703125,408966
2022-02-28,450.0,450.0,407.80999755859375,420.92999267578125,420.92999267578125,146087
2022-03-02,366.20001220703125,450.0,366.20001220703125,420.1000061035156,420.1000061035156,150018
2022-03-03,429.0,429.0,418.0,421.239990234375,421.239990234375,95472
2022-03-04,429.3999938964844,429.3999938964844,408.5,410.2900085449219,410.2900085449219,251072
2022-03-07,406.8999938964844,409.0,391.0,403.9700012207031,403.9700012207031,534229
2022-03-08,411.0,411.0,397.010009765625,405.75,405.75,186596
2022-03-09,415.0,415.0,405.0,412.4100036621094,412.4100036621094,393510
2022-03-10,461.29998779296875,461.29998779296875,387.70001220703125,418.4700012207031,418.4700012207031,230676
2022-03-11,472.8999938964844,472.8999938964844,393.3999938964844,420.6199951171875,420.6199951171875,90630
2022-03-14,448.70001220703125,448.70001220703125,395.3999938964844,421.05999755859375,421.05999755859375,154322
2022-03-15,427.0,427.0,411.0,416.82000732421875,416.82000732421875,134042
2022-03-16,438.70001220703125,438.70001220703125,410.5799865722656,426.20001220703125,426.20001220703125,79293
2022-03-17,445.70001220703125,445.70001220703125,400.6099853515625,431.25,431.25,62254
2022-03-21,458.70001220703125,458.70001220703125,407.1499938964844,427.5899963378906,427.5899963378906,116675
2022-03-22,463.70001220703125,463.70001220703125,402.1499938964844,427.760009765625,427.760009765625,122239
2022-03-23,436.0,436.0,421.0,428.67999267578125,428.67999267578125,198485
2022-03-24,464.70001220703125,464.70001220703125,419.9700012207031,429.79998779296875,429.79998779296875,258116
2022-03-25,468.8999938964844,468.8999938964844,404.0,428.7300109863281,428.7300109863281,221557
2022-03-28,436.0,436.0,421.0,428.2799987792969,428.2799987792969,93076
2022-03-29,464.70001220703125,464.70001220703125,427.0,430.32000732421875,430.32000732421875,79291
2022-03-30,468.70001220703125,468.70001220703125,429.9800109863281,432.9700012207031,432.9700012207031,195681
2022-03-31,464.70001220703125,464.70001220703125,430.80999755859375,434.1300048828125,434.1300048828125,57174
2022-04-01,392.1499938964844,464.67999267578125,392.1499938964844,438.2699890136719,438.2699890136719,203669
2022-04-04,445.0,463.25,434.3599853515625,447.9100036621094,447.9100036621094,164047
2022-04-05,441.0,454.1000061035156,441.0,451.239990234375,451.239990234375,164607
2022-04-06,452.25,464.0,411.54998779296875,452.29998779296875,452.29998779296875,113029
2022-04-07,411.6000061035156,511.1000061035156,411.6000061035156,451.19000244140625,451.19000244140625,121443
2022-04-08,459.0,459.1300048828125,446.0,458.29998779296875,458.29998779296875,86561
2022-04-11,461.04998779296875,468.0,453.1000061035156,463.5299987792969,463.5299987792969,93236
2022-04-12,403.29998779296875,495.0,403.29998779296875,456.0400085449219,456.0400085449219,1119101
2022-04-13,437.010009765625,485.0,437.010009765625,458.6700134277344,458.6700134277344,137689
2022-04-18,456.3500061035156,459.9800109863281,449.8699951171875,455.5799865722656,455.5799865722656,229453
2022-04-19,459.0400085449219,485.0,440.0899963378906,448.989990234375,448.989990234375,174268
2022-04-20,467.2799987792969,467.2799987792969,440.0400085449219,450.2200012207031,450.2200012207031,98732
2022-04-21,456.7799987792969,457.0,448.0400085449219,455.30999755859375,455.30999755859375,100834
2022-04-22,484.0,484.0,441.010009765625,453.1499938964844,453.1499938964844,65331
2022-04-25,453.1000061035156,453.1000061035156,421.260009765625,443.7799987792969,443.7799987792969,143030
2022-04-26,449.94000244140625,501.5,443.7799987792969,453.7699890136719,453.7699890136719,61137
2022-04-27,468.79998779296875,468.79998779296875,445.80999755859375,448.7200012207031,448.7200012207031,74502
2022-04-28,454.2300109863281,475.6000061035156,445.4599914550781,453.57000732421875,453.57000732421875,54142
2022-04-29,462.57000732421875,462.57000732421875,439.4700012207031,449.25,449.25,75695
2022-05-02,507.70001220703125,507.70001220703125,443.0,446.3900146484375,446.3900146484375,146911
2022-05-04,388.3999938964844,486.6000061035156,388.3999938964844,434.4599914550781,434.4599914550781,347068
2022-05-05,408.3999938964844,447.0,408.3999938964844,435.44000244140625,435.44000244140625,78900
2022-05-06,492.0,492.0,423.2200012207031,425.8800048828125,425.8800048828125,287190
2022-05-09,469.69000244140625,481.20001220703125,416.1000061035156,418.70001220703125,418.70001220703125,583558
2022-05-10,474.0,474.0,400.0,408.989990234375,408.989990234375,270742
2022-05-11,458.0,458.0,399.95001220703125,408.3900146484375,408.3900146484375,186072
2022-05-12,458.0,458.0,383.8999938964844,398.3399963378906,398.3399963378906,431920
2022-05-13,458.0,458.0,381.010009765625,395.9700012207031,395.9700012207031,185522
2022-05-16,458.0,458.0,392.0299987792969,401.3800048828125,401.3800048828125,99912
2022-05-17,458.0,458.0,391.1000061035156,410.4200134277344,410.4200134277344,118302
2022-05-18,468.0,468.0,392.25,412.5400085449219,412.5400085449219,80697
2022-05-19,458.0,458.0,396.0,401.3500061035156,401.3500061035156,194301
2022-05-20,444.25,444.25,400.3999938964844,406.25,406.25,72315
2022-05-23,444.0,444.0,396.1000061035156,403.9599914550781,403.9599914550781,123766
2022-05-24,442.25,442.25,398.6000061035156,400.4599914550781,400.4599914550781,99743
2022-05-25,440.0,440.0,392.0,393.8299865722656,393.8299865722656,174063
2022-05-26,400.0,400.0,385.1199951171875,398.0,398.0,132675
2022-05-27,438.0,438.0,396.260009765625,400.6300048828125,400.6300048828125,64082
2022-05-30,438.0,438.0,393.010009765625,410.57000732421875,410.57000732421875,107649
2022-05-31,438.0,438.0,405.0199890136719,411.45001220703125,411.45001220703125,94069
2022-06-01,422.4599914550781,422.4599914550781,386.79998779296875,407.6499938964844,407.6499938964844,100543
2022-06-02,420.0,420.0,404.07000732421875,409.55999755859375,409.55999755859375,53346
2022-06-03,428.0,428.0,403.0299987792969,403.9599914550781,403.9599914550781,103343
2022-06-06,400.80999755859375,428.0,390.0,402.6300048828125,402.6300048828125,144190
2022-06-07,424.0,424.0,397.0,399.3800048828125,399.3800048828125,107083
2022-06-08,415.3500061035156,415.3500061035156,396.04998779296875,399.010009765625,399.010009765625,104961
2022-06-09,399.2300109863281,404.25,395.260009765625,401.2900085449219,401.2900085449219,83305
2022-06-10,418.0,418.0,390.45001220703125,397.67999267578125,397.67999267578125,127199
2022-06-13,414.0,414.0,387.0,389.30999755859375,389.30999755859375,327374
2022-06-14,409.3999938964844,409.3999938964844,382.3500061035156,390.3599853515625,390.3599853515625,141257
2022-06-15,394.239990234375,398.6000061035156,387.4700012207031,391.2300109863281,391.2300109863281,69963
2022-06-16,417.8999938964844,417.8999938964844,381.5,383.17999267578125,383.17999267578125,276833
2022-06-17,403.8999938964844,403.8999938964844,375.55999755859375,377.239990234375,377.239990234375,229579
2022-06-20,383.5899963378906,386.0,370.25,374.260009765625,374.260009765625,198655
2022-06-21,399.95001220703125,399.95001220703125,368.0,382.739990234375,382.739990234375,177678
2022-06-22,386.8900146484375,390.0,371.1700134277344,377.6300048828125,377.6300048828125,106194
2022-06-23,384.0,384.0,372.5,380.6099853515625,380.6099853515625,87430
2022-06-24,387.1400146484375,399.989990234375,376.8599853515625,386.6600036621094,386.6600036621094,51972
2022-06-27,403.989990234375,403.989990234375,383.0,389.9800109863281,389.9800109863281,126932
2022-06-28,399.989990234375,399.989990234375,366.6000061035156,390.44000244140625,390.44000244140625,57961
2022-06-29,392.8900146484375,398.3999938964844,384.20001220703125,387.3800048828125,387.3800048828125,61303
2022-06-30,397.3999938964844,397.3999938964844,384.0,385.510009765625,385.510009765625,95309
2022-07-01,397.3999938964844,397.3999938964844,380.0,390.17999267578125,390.17999267578125,96987
2022-07-04,399.989990234375,399.989990234375,386.17999267578125,392.6400146484375,392.6400146484375,393177
2022-07-05,397.9599914550781,397.9599914550781,385.25,393.9800109863281,393.9800109863281,161099
2022-07-06,398.0,400.3399963378906,386.25,399.67999267578125,399.67999267578125,110619
2022-07-07,413.989990234375,413.989990234375,391.260009765625,404.4200134277344,404.4200134277344,146163
2022-07-08,409.489990234375,409.489990234375,401.0,405.25,405.25,217945
2022-07-11,444.0,444.0,352.6199951171875,410.4599914550781,410.4599914550781,188959
2022-07-12,410.0,412.0,401.010009765625,409.4599914550781,409.4599914550781,89277
2022-07-13,418.8800048828125,418.8800048828125,405.1199951171875,409.9800109863281,409.9800109863281,87630
2022-07-14,402.25,415.94000244140625,402.25,408.3299865722656,408.3299865722656,69338
2022-07-15,419.67999267578125,419.67999267578125,405.0,411.5,411.5,88260
2022-07-18,424.8800048828125,424.8800048828125,410.70001220703125,416.010009765625,416.010009765625,121743
2022-07-19,417.8999938964844,419.9800109863281,411.6199951171875,419.32000732421875,419.32000732421875,183221
2022-07-20,425.95001220703125,425.95001220703125,410.010009765625,420.2099914550781,420.2099914550781,71448
2022-07-21,433.8800048828125,433.8800048828125,411.2099914550781,425.1499938964844,425.1499938964844,197901
2022-07-22,428.8800048828125,428.8800048828125,421.0,424.6300048828125,424.6300048828125,113500
2022-07-25,427.9200134277344,427.9200134277344,420.8800048828125,423.760009765625,423.760009765625,194261
2022-07-26,427.05999755859375,427.05999755859375,416.80999755859375,418.3500061035156,418.3500061035156,590246
2022-07-27,421.8900146484375,422.80999755859375,413.45001220703125,420.8999938964844,420.8999938964844,93676
2022-07-28,426.0,427.0,421.0,425.8399963378906,425.8399963378906,104387
2022-07-29,431.3900146484375,432.79998779296875,424.0,432.1000061035156,432.1000061035156,111258
2022-08-01,435.69000244140625,438.5,424.8599853515625,437.5199890136719,437.5199890136719,147221
2022-08-02,440.239990234375,440.239990234375,434.5,439.3999938964844,439.3999938964844,111052
2022-08-03,443.489990234375,443.489990234375,420.010009765625,437.7200012207031,437.7200012207031,92965
2022-08-04,441.0400085449219,445.0,433.3500061035156,440.0299987792969,440.0299987792969,102023
2022-08-05,431.0299987792969,444.0,431.0299987792969,440.19000244140625,440.19000244140625,89866
2022-08-08,442.0,442.8399963378906,437.0,442.1499938964844,442.1499938964844,101137
2022-08-10,445.44000244140625,445.44000244140625,437.510009765625,441.6300048828125,441.6300048828125,142803
2022-08-11,449.5400085449219,449.5400085449219,435.010009765625,444.0899963378906,444.0899963378906,88782
2022-08-12,446.5,447.5799865722656,441.3800048828125,446.9800109863281,446.9800109863281,355828
2022-08-16,450.8399963378906,454.3999938964844,420.20001220703125,452.75,452.75,115447
2022-08-17,446.0,459.0,446.0,457.5400085449219,457.5400085449219,112497
2022-08-18,398.1000061035156,462.0,398.1000061035156,460.8399963378906,460.8399963378906,214690
2022-08-19,464.489990234375,464.489990234375,433.20001220703125,454.6199951171875,454.6199951171875,253854
2022-08-22,395.5,459.0,395.5,447.2099914550781,447.2099914550781,161212
2022-08-23,411.1099853515625,451.54998779296875,411.1099853515625,450.17999267578125,450.17999267578125,135304
2022-08-24,451.5,452.45001220703125,445.05999755859375,451.489990234375,451.489990234375,271132
2022-08-25,415.5,456.2900085449219,415.5,451.79998779296875,451.79998779296875,78897
2022-08-26,471.0,471.0,450.7099914550781,454.7699890136719,454.7699890136719,88037
2022-08-29,454.7699890136719,454.7699890136719,440.510009765625,452.92999267578125,452.92999267578125,197570
2022-08-30,456.7799987792969,462.67999267578125,451.1199951171875,462.17999267578125,462.17999267578125,119309
2022-09-01,489.8999938964844,489.8999938964844,452.1000061035156,461.19000244140625,461.19000244140625,193624
2022-09-02,484.3999938964844,484.3999938964844,453.1300048828125,460.75,460.75,132851
2022-09-05,465.0,465.0,458.6600036621094,461.04998779296875,461.04998779296875,78881
2022-09-06,464.6300048828125,468.3999938964844,458.05999755859375,464.5899963378906,464.5899963378906,168190
2022-09-07,464.94000244140625,466.5,459.3500061035156,466.010009765625,466.010009765625,50581
2022-09-08,474.70001220703125,474.70001220703125,453.739990234375,467.07000732421875,467.07000732421875,143127
2022-09-09,406.3999938964844,474.3999938964844,406.3999938964844,467.17999267578125,467.17999267578125,74672
2022-09-12,467.5,472.489990234375,460.29998779296875,472.0299987792969,472.0299987792969,93436
2022-09-13,474.8999938964844,478.0,472.04998779296875,475.239990234375,475.239990234375,85761
2022-09-14,474.94000244140625,478.44000244140625,467.25,476.6700134277344,476.6700134277344,91365
2022-09-15,480.5400085449219,480.95001220703125,475.1099853515625,480.3800048828125,480.3800048828125,83200
2022-09-16,486.0,486.0,463.9100036621094,467.1199951171875,467.1199951171875,156130
2022-09-19,469.6000061035156,471.0,462.4100036621094,468.1600036621094,468.1600036621094,113708
2022-09-20,476.0,476.5799865722656,469.510009765625,472.489990234375,472.489990234375,64145
2022-09-21,469.54998779296875,474.989990234375,465.0199890136719,466.2699890136719,466.2699890136719,84778
2022-09-22,466.8999938964844,469.2799987792969,461.3599853515625,468.1700134277344,468.1700134277344,92076
2022-09-23,469.70001220703125,469.70001220703125,459.010009765625,459.95001220703125,459.95001220703125,139187
2022-09-26,464.3999938964844,464.3999938964844,445.1099853515625,447.5199890136719,447.5199890136719,196883
2022-09-27,450.8999938964844,452.8500061035156,443.9599914550781,448.5400085449219,448.5400085449219,89131
2022-09-28,448.95001220703125,450.20001220703125,442.42999267578125,445.5,445.5,75647
2022-09-29,449.8999938964844,451.8699951171875,443.5,444.5299987792969,444.5299987792969,101009
2022-09-30,441.0,511.20001220703125,439.30999755859375,447.75,447.75,350727
2022-10-03,450.70001220703125,451.4800109863281,435.6000061035156,438.5400085449219,438.5400085449219,861872
2022-10-04,445.8900146484375,452.0,441.0,448.8299865722656,448.8299865722656,220071
2022-10-06,452.79998779296875,453.9800109863281,448.95001220703125,452.2699890136719,452.2699890136719,198153
2022-10-07,455.07000732421875,481.989990234375,393.5,451.55999755859375,451.55999755859375,140068
2022-10-10,449.0,449.70001220703125,424.510009765625,447.1600036621094,447.1600036621094,223235
2022-10-11,450.0,455.0,438.6499938964844,441.8999938964844,441.8999938964844,152530
2022-10-12,415.3999938964844,449.3999938964844,415.3999938964844,443.05999755859375,443.05999755859375,95072
2022-10-13,445.0,445.0,437.30999755859375,438.7699890136719,438.7699890136719,94977
2022-10-14,448.0,448.0,436.54998779296875,437.1400146484375,437.1400146484375,104923
2022-10-17,438.95001220703125,441.1499938964844,433.3299865722656,439.6600036621094,439.6600036621094,122372
2022-10-18,444.0,444.8399963378906,440.6600036621094,444.4200134277344,444.4200134277344,113446
2022-10-19,447.20001220703125,447.3399963378906,443.0,443.7200012207031,443.7200012207031,90112
2022-10-20,443.989990234375,449.20001220703125,441.25,448.1400146484375,448.1400146484375,49506
2022-10-21,454.3999938964844,454.3999938964844,440.510009765625,442.3999938964844,442.3999938964844,72645
2022-10-24,499.8999938964844,499.8999938964844,441.3599853515625,445.19000244140625,445.19000244140625,117303
2022-10-25,448.0,449.0,442.25,443.6499938964844,443.6499938964844,97265
2022-10-27,443.6499938964844,454.0,443.6499938964844,447.7799987792969,447.7799987792969,139368
2022-10-28,451.3999938964844,451.3999938964844,444.30999755859375,446.94000244140625,446.94000244140625,70233
2022-10-31,451.7900085449219,451.79998779296875,446.1499938964844,449.4700012207031,449.4700012207031,101784
2022-11-01,452.79998779296875,456.0,450.29998779296875,454.7699890136719,454.7699890136719,139908
2022-11-02,458.0,458.0,452.3299865722656,453.4200134277344,453.4200134277344,80444
2022-11-03,454.5,454.8999938964844,449.5,453.5,453.5,81530
2022-11-04,456.0,456.0,452.6000061035156,454.3800048828125,454.3800048828125,273723
2022-11-07,463.0,463.0,455.0,458.42999267578125,458.42999267578125,106977
2022-11-09,461.20001220703125,462.3999938964844,455.8999938964844,457.5899963378906,457.5899963378906,137217
2022-11-10,459.5,459.5,450.29998779296875,453.010009765625,453.010009765625,110838
2022-11-11,465.0,465.0,455.30999755859375,457.4599914550781,457.4599914550781,83969
2022-11-14,461.0,461.0,456.2699890136719,459.70001220703125,459.70001220703125,139399
2022-11-15,465.0,465.0,457.70001220703125,460.6099853515625,460.6099853515625,63094
2022-11-16,462.8800048828125,462.8800048828125,419.20001220703125,457.07000732421875,457.07000732421875,83342
2022-11-17,397.70001220703125,460.0,397.70001220703125,453.6099853515625,453.6099853515625,65460
2022-11-18,455.9800109863281,455.9800109863281,448.30999755859375,451.32000732421875,451.32000732421875,75850
2022-11-21,392.6000061035156,454.0,392.6000061035156,448.5799865722656,448.5799865722656,77159
2022-11-22,390.29998779296875,451.79998779296875,390.29998779296875,449.3900146484375,449.3900146484375,55404
2022-11-23,451.8999938964844,451.8999938964844,447.1199951171875,450.5299987792969,450.5299987792969,49567
2022-11-24,454.0,454.0,449.6600036621094,452.3299865722656,452.3299865722656,67377
2022-11-25,459.0,459.0,450.1099853515625,453.6000061035156,453.6000061035156,78554
2022-11-28,426.3999938964844,460.0,426.3999938964844,454.5899963378906,454.5899963378906,103572
2022-11-29,456.5,458.0,452.54998779296875,456.8900146484375,456.8900146484375,68755
2022-11-30,459.0,463.5,455.0299987792969,461.2699890136719,461.2699890136719,196360
2022-12-01,468.0,468.0,461.3500061035156,463.17999267578125,463.17999267578125,111937
2022-12-02,469.0,469.0,435.3999938964844,463.989990234375,463.989990234375,94687
2022-12-05,403.70001220703125,468.3999938964844,403.70001220703125,463.739990234375,463.739990234375,114124
2022-12-06,465.69000244140625,465.70001220703125,462.1000061035156,463.6300048828125,463.6300048828125,65164
2022-12-07,462.1000061035156,466.6099853515625,462.1000061035156,464.54998779296875,464.54998779296875,46833
2022-12-08,466.79998779296875,466.9700012207031,461.25,466.4700012207031,466.4700012207031,83802
2022-12-09,469.5,469.5,460.0,463.8699951171875,463.8699951171875,86200
2022-12-12,465.70001220703125,465.70001220703125,459.8299865722656,463.8800048828125,463.8800048828125,67134
2022-12-13,467.7900085449219,491.70001220703125,436.0,463.2300109863281,463.2300109863281,59684
2022-12-14,472.510009765625,472.510009765625,463.2300109863281,465.0899963378906,465.0899963378906,62829
2022-12-15,465.0899963378906,466.94000244140625,458.29998779296875,460.4599914550781,460.4599914550781,91309
2022-12-16,462.45001220703125,462.45001220703125,453.04998779296875,454.1700134277344,454.1700134277344,184674
2022-12-19,456.69000244140625,459.6400146484375,453.5899963378906,458.9800109863281,458.9800109863281,76747
2022-12-20,399.29998779296875,461.0,399.29998779296875,458.8900146484375,458.8900146484375,111970
2022-12-21,459.1300048828125,461.94000244140625,450.0199890136719,451.5199890136719,451.5199890136719,77118
2022-12-22,454.69000244140625,454.8699951171875,445.1700134277344,448.0799865722656,448.0799865722656,98212
2022-12-23,443.260009765625,447.8599853515625,430.3299865722656,431.8599853515625,431.8599853515625,276889
2022-12-26,434.0,443.0,430.5199890136719,441.42999267578125,441.42999267578125,142260
2022-12-27,443.8900146484375,446.0,441.44000244140625,445.010009765625,445.010009765625,99759
2022-12-28,445.989990234375,448.44000244140625,444.4200134277344,447.05999755859375,447.05999755859375,69467
2022-12-29,448.69000244140625,448.69000244140625,441.8999938964844,447.3500061035156,447.3500061035156,57754
2022-12-30,449.7900085449219,451.7300109863281,446.0,447.2300109863281,447.2300109863281,77808
2023-01-02,447.2300109863281,450.0,445.1099853515625,445.6499938964844,445.6499938964844,255683
2023-01-03,447.19000244140625,449.0,445.6400146484375,448.5799865722656,448.5799865722656,111751
2023-01-04,446.54998779296875,449.5,442.6000061035156,443.3699951171875,443.3699951171875,85234
2023-01-05,445.44000244140625,446.8599853515625,441.5299987792969,445.94000244140625,445.94000244140625,170951
2023-01-06,447.6499938964844,447.8999938964844,441.70001220703125,442.45001220703125,442.45001220703125,88498
2023-01-09,444.010009765625,447.1400146484375,443.0199890136719,446.67999267578125,446.67999267578125,228556
2023-01-10,447.9800109863281,447.9800109863281,441.1099853515625,445.1199951171875,445.1199951171875,93989
2023-01-11,431.75,447.4800109863281,431.75,442.79998779296875,442.79998779296875,77685
2023-01-12,444.79998779296875,445.19000244140625,442.1099853515625,443.760009765625,443.760009765625,60807
2023-01-13,445.69000244140625,446.70001220703125,442.6099853515625,445.739990234375,445.739990234375,61585
2023-01-16,448.79998779296875,448.9800109863281,443.3999938964844,446.0899963378906,446.0899963378906,76496
2023-01-17,447.8999938964844,447.8999938964844,443.1099853515625,446.29998779296875,446.29998779296875,48062
2023-01-18,459.70001220703125,459.70001220703125,432.8999938964844,445.489990234375,445.489990234375,138470
2023-01-19,446.45001220703125,446.45001220703125,442.1700134277344,443.7699890136719,443.7699890136719,68258
2023-01-20,443.7699890136719,445.5,442.1600036621094,442.8399963378906,442.8399963378906,62675
2023-01-23,445.69000244140625,446.70001220703125,442.5,443.8399963378906,443.8399963378906,55827
2023-01-24,447.8999938964844,447.8999938964844,442.3500061035156,442.94000244140625,442.94000244140625,61751
2023-01-25,443.8999938964844,443.8999938964844,431.1199951171875,431.9200134277344,431.9200134277344,246420
2023-01-27,444.8999938964844,444.8999938964844,409.8500061035156,415.260009765625,415.260009765625,685555
2023-01-30,425.1000061035156,427.8999938964844,406.1000061035156,410.1000061035156,410.1000061035156,284598
2023-01-31,422.3999938964844,422.3999938964844,407.1199951171875,414.67999267578125,414.67999267578125,146243
2023-02-01,427.1000061035156,427.1000061035156,402.92999267578125,408.4200134277344,408.4200134277344,253135
2023-02-02,414.0,414.0,401.0,407.07000732421875,407.07000732421875,249929
2023-02-03,419.29998779296875,419.29998779296875,394.8500061035156,405.2699890136719,405.2699890136719,403907
2023-02-06,417.45001220703125,417.45001220703125,402.1000061035156,409.5799865722656,409.5799865722656,171521
2023-02-07,413.9800109863281,413.9800109863281,406.5199890136719,409.1000061035156,409.1000061035156,157985
2023-02-08,411.8999938964844,414.4700012207031,409.1000061035156,412.8500061035156,412.8500061035156,302363
2023-02-09,425.25,425.25,408.010009765625,409.1300048828125,409.1300048828125,878108
2023-02-10,410.8999938964844,411.1499938964844,403.0,410.2300109863281,410.2300109863281,92749
2023-02-13,419.0,419.0,403.07000732421875,403.4700012207031,403.4700012207031,1435293
2023-02-14,409.8999938964844,409.8999938964844,401.7099914550781,404.1700134277344,404.1700134277344,1767395
2023-02-15,416.29998779296875,416.29998779296875,402.25,405.3800048828125,405.3800048828125,108065
2023-02-16,417.54998779296875,417.54998779296875,405.3800048828125,409.9100036621094,409.9100036621094,85735
2023-02-17,410.0,410.0,406.5,406.92999267578125,406.92999267578125,121715
2023-02-20,408.8999938964844,409.80999755859375,404.5199890136719,406.0899963378906,406.0899963378906,148727
2023-02-21,408.8999938964844,408.8999938964844,404.25,405.69000244140625,405.69000244140625,99948
2023-02-22,407.0,407.0,398.75,399.82000732421875,399.82000732421875,273887
2023-02-23,411.79998779296875,411.79998779296875,395.5,397.8900146484375,397.8900146484375,175751
2023-02-24,409.8500061035156,409.8500061035156,396.5,397.4200134277344,397.4200134277344,119001
2023-02-27,403.0,403.0,390.79998779296875,393.9599914550781,393.9599914550781,280467
2023-02-28,405.79998779296875,405.80999755859375,392.760009765625,394.4700012207031,394.4700012207031,123327
2023-03-01,406.29998779296875,406.29998779296875,393.20001220703125,398.9700012207031,398.9700012207031,135778
2023-03-02,400.739990234375,401.44000244140625,397.1099853515625,398.8800048828125,398.8800048828125,86358
2023-03-03,410.8500061035156,410.8500061035156,398.8900146484375,402.79998779296875,402.79998779296875,146262
2023-03-06,408.79998779296875,408.79998779296875,403.0400085449219,406.5199890136719,406.5199890136719,131815
2023-03-08,418.70001220703125,418.70001220703125,403.25,406.70001220703125,406.70001220703125,103269
2023-03-09,406.70001220703125,408.6000061035156,403.2799987792969,404.1499938964844,404.1499938964844,79692
2023-03-10,402.8999938964844,404.57000732421875,396.0,403.8299865722656,403.8299865722656,192552
2023-03-13,405.79998779296875,406.79998779296875,398.0,399.3399963378906,399.3399963378906,167297
2023-03-14,401.45001220703125,401.70001220703125,392.75,394.82000732421875,394.82000732421875,397957
2023-03-15,406.6499938964844,406.6499938964844,394.1000061035156,396.510009765625,396.510009765625,146043
2023-03-16,408.3999938964844,408.3999938964844,384.6000061035156,398.04998779296875,398.04998779296875,207844
2023-03-17,410.0,410.0,398.2099914550781,401.010009765625,401.010009765625,80213
2023-03-20,403.4800109863281,403.70001220703125,395.04998779296875,398.0899963378906,398.0899963378906,204267
2023-03-21,410.04998779296875,410.04998779296875,397.7099914550781,399.5,399.5,65093
2023-03-22,387.5,403.1499938964844,387.5,402.8599853515625,402.8599853515625,53331
2023-03-23,407.6600036621094,407.6600036621094,399.010009765625,400.29998779296875,400.29998779296875,78923
2023-03-24,409.8500061035156,409.8500061035156,397.79998779296875,398.2799987792969,398.2799987792969,80702
2023-03-27,401.9100036621094,401.9100036621094,395.0,395.8299865722656,395.8299865722656,150184
2023-03-28,407.70001220703125,407.70001220703125,391.0,392.1199951171875,392.1199951171875,160984
2023-03-29,393.989990234375,397.8999938964844,390.25,394.6199951171875,394.6199951171875,172537
2023-03-31,397.5,401.05999755859375,393.1000061035156,400.42999267578125,400.42999267578125,154582
2023-04-03,403.8999938964844,404.79998779296875,397.1199951171875,400.9200134277344,400.9200134277344,279193
2023-04-05,403.42999267578125,403.70001220703125,398.25,402.9100036621094,402.9100036621094,167917
2023-04-06,415.0,415.0,401.1099853515625,404.8500061035156,404.8500061035156,164847
2023-04-10,407.20001220703125,407.44000244140625,401.1199951171875,406.1199951171875,406.1199951171875,191047
2023-04-11,404.55999755859375,408.6000061035156,404.3299865722656,406.8900146484375,406.8900146484375,102948
2023-04-12,394.70001220703125,408.989990234375,394.70001220703125,408.4800109863281,408.4800109863281,77432
2023-04-13,410.29998779296875,410.29998779296875,406.2200012207031,407.4800109863281,407.4800109863281,98697
2023-04-17,404.6400146484375,411.0,404.6400146484375,409.6099853515625,409.6099853515625,115572
2023-04-18,397.29998779296875,412.3999938964844,397.29998779296875,411.3599853515625,411.3599853515625,99711
2023-04-19,412.3999938964844,412.3999938964844,406.8900146484375,407.5799865722656,407.5799865722656,69440
2023-04-20,408.7799987792969,410.9800109863281,406.510009765625,407.2099914550781,407.2099914550781,75261
2023-04-21,404.79998779296875,409.20001220703125,395.0,406.2900085449219,406.2900085449219,58280
2023-04-24,408.70001220703125,409.0899963378906,405.1600036621094,408.510009765625,408.510009765625,88806
2023-04-25,409.75,410.989990234375,407.1000061035156,410.42999267578125,410.42999267578125,137498
2023-04-26,413.5,413.5,398.1000061035156,411.30999755859375,411.30999755859375,71634
2023-04-27,412.45001220703125,413.6499938964844,409.54998779296875,413.0799865722656,413.0799865722656,96450
2023-04-28,415.6000061035156,418.94000244140625,413.20001220703125,418.3900146484375,418.3900146484375,135304
2023-05-02,419.489990234375,421.95001220703125,417.1000061035156,420.1000061035156,420.1000061035156,242888
2023-05-03,421.3999938964844,423.010009765625,417.3599853515625,421.0799865722656,421.0799865722656,106448
2023-05-04,433.70001220703125,433.70001220703125,419.25,423.8399963378906,423.8399963378906,115172
2023-05-05,423.8399963378906,425.989990234375,421.25,423.55999755859375,423.55999755859375,124365
2023-05-08,426.739990234375,427.7900085449219,422.55999755859375,427.05999755859375,427.05999755859375,177449
2023-05-09,429.489990234375,429.75,424.3500061035156,426.5400085449219,426.5400085449219,94297
2023-05-10,429.69000244140625,429.69000244140625,425.2799987792969,428.2699890136719,428.2699890136719,81222
2023-05-11,429.989990234375,432.0,427.3599853515625,431.6600036621094,431.6600036621094,105222
2023-05-12,433.2099914550781,433.5,430.0,431.1099853515625,431.1099853515625,87626
2023-05-15,432.70001220703125,435.0,429.25,433.04998779296875,433.04998779296875,141457
2023-05-16,420.04998779296875,436.0,420.04998779296875,433.5400085449219,433.5400085449219,94969
2023-05-17,428.9200134277344,435.95001220703125,428.9200134277344,431.1700134277344,431.1700134277344,136537
2023-05-18,433.8999938964844,433.989990234375,426.70001220703125,427.17999267578125,427.17999267578125,103519
2023-05-19,414.3500061035156,429.70001220703125,414.3500061035156,428.760009765625,428.760009765625,74401
2023-05-22,429.79998779296875,433.5899963378906,427.29998779296875,433.1600036621094,433.1600036621094,102590
2023-05-23,446.1499938964844,446.1499938964844,420.1499938964844,434.260009765625,434.260009765625,81482
2023-05-24,447.29998779296875,447.29998779296875,425.29998779296875,433.5,433.5,56197
2023-05-25,434.8999938964844,436.79998779296875,432.54998779296875,435.8699951171875,435.8699951171875,82151
2023-05-26,437.8599853515625,441.0,434.25,440.6300048828125,440.6300048828125,132315
2023-05-29,444.79998779296875,464.989990234375,441.0,443.1099853515625,443.1099853515625,136732
2023-05-30,445.0,445.1000061035156,442.1600036621094,443.3800048828125,443.3800048828125,68857
2023-05-31,444.5,444.79998779296875,441.0,444.2300109863281,444.2300109863281,96160
2023-06-01,442.5,447.989990234375,441.0,446.3500061035156,446.3500061035156,130023
2023-06-02,446.3500061035156,459.75,444.54998779296875,447.989990234375,447.989990234375,101399
2023-06-05,453.1300048828125,453.1300048828125,448.1099853515625,449.0799865722656,449.0799865722656,106129
2023-06-06,462.54998779296875,462.54998779296875,447.3500061035156,451.1099853515625,451.1099853515625,108930
2023-06-07,464.6499938964844,464.6499938964844,451.1099853515625,455.0299987792969,455.0299987792969,92514
2023-06-08,459.0899963378906,459.0899963378906,451.7099914550781,452.3399963378906,452.3399963378906,185959
2023-06-09,454.20001220703125,454.44000244140625,450.69000244140625,452.0799865722656,452.0799865722656,70248
2023-06-12,454.19000244140625,454.44000244140625,451.2200012207031,453.6199951171875,453.6199951171875,117582
2023-06-13,467.25,467.25,453.6199951171875,457.5899963378906,457.5899963378906,84387
2023-06-14,459.3999938964844,460.0,457.2900085449219,459.04998779296875,459.04998779296875,84555
2023-06-15,468.0,468.0,458.1000061035156,458.8900146484375,458.8900146484375,110460
2023-06-16,472.6499938964844,472.6499938964844,458.29998779296875,463.5400085449219,463.5400085449219,110574
2023-06-19,477.45001220703125,477.45001220703125,462.29998779296875,463.2799987792969,463.2799987792969,114321
2023-06-20,472.6499938964844,472.6499938964844,449.3999938964844,465.3999938964844,465.3999938964844,111599
2023-06-21,479.3500061035156,479.3500061035156,462.7699890136719,464.3800048828125,464.3800048828125,138270
2023-06-22,468.0,468.0,457.54998779296875,458.3299865722656,458.3299865722656,193830
2023-06-23,462.0199890136719,462.0199890136719,452.5,453.1099853515625,453.1099853515625,127647
2023-06-26,454.7900085449219,457.0,451.260009765625,455.07000732421875,455.07000732421875,105907
2023-06-27,468.70001220703125,468.70001220703125,450.1000061035156,456.4700012207031,456.4700012207031,92948
2023-06-28,470.1499938964844,470.1499938964844,456.4700012207031,459.760009765625,459.760009765625,88039
2023-06-30,473.54998779296875,473.54998779296875,459.1000061035156,464.260009765625,464.260009765625,188814
2023-07-03,450.3500061035156,467.29998779296875,450.3500061035156,464.7300109863281,464.7300109863281,641160
2023-07-04,478.6499938964844,478.6499938964844,462.29998779296875,463.8500061035156,463.8500061035156,143774
2023-07-05,470.95001220703125,470.95001220703125,455.1000061035156,467.8800048828125,467.8800048828125,154105
2023-07-06,475.25,475.25,465.29998779296875,470.510009765625,470.510009765625,111915
2023-07-07,472.29998779296875,472.29998779296875,465.5,466.42999267578125,466.42999267578125,159296
2023-07-10,480.3999938964844,480.3999938964844,463.1000061035156,463.8299865722656,463.8299865722656,158537
2023-07-11,449.8999938964844,468.70001220703125,449.8999938964844,466.989990234375,466.989990234375,110394
2023-07-12,472.45001220703125,472.45001220703125,465.69000244140625,468.5199890136719,468.5199890136719,73213
2023-07-13,474.0,474.0,464.30999755859375,466.17999267578125,466.17999267578125,140506
2023-07-14,473.95001220703125,473.95001220703125,465.2099914550781,469.3500061035156,469.3500061035156,100295
2023-07-17,483.45001220703125,483.45001220703125,468.1000061035156,470.5799865722656,470.5799865722656,156233
2023-07-18,484.70001220703125,484.70001220703125,467.29998779296875,468.8800048828125,468.8800048828125,77637
2023-07-19,482.95001220703125,482.95001220703125,468.8800048828125,471.05999755859375,471.05999755859375,90468
2023-07-20,485.20001220703125,485.20001220703125,465.25,470.1199951171875,470.1199951171875,110964
2023-07-21,471.20001220703125,471.20001220703125,466.25,467.510009765625,467.510009765625,232335
2023-07-24,481.54998779296875,481.54998779296875,465.79998779296875,467.70001220703125,467.70001220703125,97997
2023-07-25,481.75,481.75,453.6499938964844,469.6300048828125,469.6300048828125,90752
2023-07-26,483.70001220703125,483.70001220703125,469.1000061035156,471.5199890136719,471.5199890136719,73803
2023-07-27,457.3500061035156,488.04998779296875,457.3500061035156,472.8299865722656,472.8299865722656,116861
2023-07-28,487.0,487.0,472.5799865722656,477.8299865722656,477.8299865722656,97093
2023-07-31,492.1499938964844,492.1499938964844,477.1000061035156,480.260009765625,480.260009765625,68531
2023-08-01,494.6499938964844,494.6499938964844,478.42999267578125,479.2699890136719,479.2699890136719,140911
2023-08-02,480.8999938964844,481.0,469.1099853515625,473.5299987792969,473.5299987792969,137166
2023-08-03,459.29998779296875,475.510009765625,459.29998779296875,470.3800048828125,470.3800048828125,131766
2023-08-04,484.5,484.5,469.1600036621094,475.1400146484375,475.1400146484375,137266
2023-08-07,489.3999938964844,489.3999938964844,474.19000244140625,475.82000732421875,475.82000732421875,126848
2023-08-08,478.25,482.79998779296875,461.54998779296875,476.1199951171875,476.1199951171875,57238
2023-08-09,490.3999938964844,490.3999938964844,461.8500061035156,477.20001220703125,477.20001220703125,49589
2023-08-10,491.5,491.5,472.1499938964844,474.6400146484375,474.6400146484375,95027
2023-08-11,460.3999938964844,477.5,460.3999938964844,473.6000061035156,473.6000061035156,102831
2023-08-14,487.79998779296875,487.79998779296875,459.3999938964844,467.6600036621094,467.6600036621094,268833
2023-08-16,481.70001220703125,481.70001220703125,462.25,467.6199951171875,467.6199951171875,96973
2023-08-17,453.6000061035156,481.6499938964844,453.6000061035156,466.45001220703125,466.45001220703125,90025
2023-08-18,475.25,475.25,463.4100036621094,464.30999755859375,464.30999755859375,86987
2023-08-21,450.3999938964844,468.1499938964844,450.3999938964844,466.1600036621094,466.1600036621094,208326
2023-08-22,469.0,471.010009765625,465.260009765625,470.3699951171875,470.3699951171875,64577
2023-08-23,484.5,484.5,470.3699951171875,471.0899963378906,471.0899963378906,63119
2023-08-24,485.20001220703125,485.20001220703125,466.0,470.8500061035156,470.8500061035156,129889
2023-08-25,485.0,485.0,460.8500061035156,467.05999755859375,467.05999755859375,105204
2023-08-28,460.1499938964844,470.9700012207031,460.1499938964844,470.3599853515625,470.3599853515625,78145
2023-08-29,484.45001220703125,484.45001220703125,470.3599853515625,473.29998779296875,473.29998779296875,55516
2023-08-30,487.5,487.5,459.1000061035156,474.8999938964844,474.8999938964844,50483
2023-08-31,464.04998779296875,478.3500061035156,464.04998779296875,471.7799987792969,471.7799987792969,51602
2023-09-01,474.6499938964844,476.3500061035156,470.25,476.0199890136719,476.0199890136719,77278
2023-09-04,490.29998779296875,490.29998779296875,475.1000061035156,480.1499938964844,480.1499938964844,127796
2023-09-05,482.8500061035156,482.8500061035156,479.5,480.9800109863281,480.9800109863281,72938
2023-09-06,483.25,483.8399963378906,473.04998779296875,483.489990234375,483.489990234375,129689
2023-09-07,498.0,498.0,469.0,486.1700134277344,486.1700134277344,104411
2023-09-08,494.25,494.25,471.6000061035156,490.0799865722656,490.0799865722656,127027
2023-09-11,504.79998779296875,504.79998779296875,475.3999938964844,494.2200012207031,494.2200012207031,166583
2023-09-12,497.79998779296875,497.79998779296875,482.05999755859375,483.6600036621094,483.6600036621094,178543
2023-09-13,487.3500061035156,487.3500061035156,479.20001220703125,485.32000732421875,485.32000732421875,117466
2023-09-14,499.8999938964844,499.8999938964844,485.1499938964844,488.510009765625,488.510009765625,70919
2023-09-15,503.1499938964844,503.1499938964844,473.8500061035156,489.0299987792969,489.0299987792969,61763
2023-09-18,503.70001220703125,503.70001220703125,482.05999755859375,488.94000244140625,488.94000244140625,86920
2023-09-20,487.989990234375,489.9200134277344,484.0,484.8599853515625,484.8599853515625,94932
2023-09-21,470.29998779296875,499.3999938964844,470.29998779296875,480.489990234375,480.489990234375,90522
2023-09-22,494.8999938964844,494.8999938964844,475.6000061035156,480.2099914550781,480.2099914550781,130593
2023-09-25,494.6000061035156,494.6000061035156,476.57000732421875,478.6300048828125,478.6300048828125,136396
2023-09-26,487.25,487.25,478.1300048828125,479.5,479.5,80182
2023-09-27,469.54998779296875,493.8999938964844,469.54998779296875,479.8999938964844,479.8999938964844,98302
2023-09-28,494.29998779296875,494.29998779296875,472.6000061035156,474.80999755859375,474.80999755859375,83778
2023-09-29,478.6499938964844,480.0,474.80999755859375,478.92999267578125,478.92999267578125,61170
2023-10-03,464.54998779296875,483.0,464.54998779296875,478.2799987792969,478.2799987792969,913350
2023-10-04,492.6499938964844,492.6499938964844,467.1499938964844,472.989990234375,472.989990234375,240503
2023-10-05,487.20001220703125,487.20001220703125,471.70001220703125,473.19000244140625,473.19000244140625,138830
2023-10-06,487.3999938964844,487.3999938964844,459.0,475.8900146484375,475.8900146484375,104454
2023-10-09,490.1499938964844,490.1499938964844,461.6000061035156,470.57000732421875,470.57000732421875,135659
2023-10-10,456.45001220703125,478.3500061035156,456.45001220703125,476.5,476.5,139036
2023-10-11,482.6000061035156,482.6000061035156,465.1499938964844,477.9800109863281,477.9800109863281,94290
2023-10-12,492.29998779296875,492.29998779296875,475.9800109863281,479.3699951171875,479.3699951171875,79547
2023-10-13,465.0,480.9700012207031,465.0,479.6099853515625,479.6099853515625,77199
2023-10-16,494.0,494.0,465.0,480.9200134277344,480.9200134277344,123142
2023-10-17,493.1499938964844,493.1499938964844,466.5,482.6700134277344,482.6700134277344,65458
2023-10-18,489.0,489.0,477.0,478.6499938964844,478.6499938964844,75918
2023-10-19,464.29998779296875,489.25,464.29998779296875,477.1600036621094,477.1600036621094,60635
2023-10-20,491.45001220703125,491.45001220703125,466.5,473.44000244140625,473.44000244140625,88440
2023-10-23,487.6499938964844,487.6499938964844,463.010009765625,464.55999755859375,464.55999755859375,171639
2023-10-25,478.5,478.5,458.510009765625,460.4599914550781,460.4599914550781,199831
2023-10-26,474.25,474.25,451.0,457.2900085449219,457.2900085449219,189225
2023-10-27,471.0,471.0,443.54998779296875,465.760009765625,465.760009765625,203694
2023-10-30,479.75,479.75,460.0,466.6600036621094,466.6600036621094,75451
2023-10-31,480.6499938964844,480.6499938964844,459.29998779296875,467.7200012207031,467.7200012207031,127862
2023-11-01,481.75,481.75,453.70001220703125,465.239990234375,465.239990234375,125504
2023-11-02,479.20001220703125,479.20001220703125,454.20001220703125,471.4800109863281,471.4800109863281,115470
2023-11-03,471.4800109863281,477.0,468.0,475.79998779296875,475.79998779296875,82901
2023-11-06,480.6000061035156,480.6000061035156,469.6000061035156,479.70001220703125,479.70001220703125,92836
2023-11-07,494.1000061035156,494.1000061035156,465.29998779296875,483.70001220703125,483.70001220703125,103740
2023-11-08,486.6000061035156,487.0,471.04998779296875,486.1199951171875,486.1199951171875,96666
2023-11-09,497.3500061035156,497.3500061035156,483.70001220703125,484.1600036621094,484.1600036621094,152747
2023-11-10,498.70001220703125,498.70001220703125,479.29998779296875,485.3900146484375,485.3900146484375,92841
2023-11-13,498.3999938964844,498.3999938964844,485.2900085449219,488.5299987792969,488.5299987792969,85694
2023-11-15,473.8500061035156,503.20001220703125,473.8500061035156,493.239990234375,493.239990234375,107140
2023-11-16,502.6000061035156,502.6000061035156,491.2200012207031,494.8599853515625,494.8599853515625,118278
2023-11-17,509.70001220703125,509.70001220703125,490.1000061035156,498.20001220703125,498.20001220703125,127859
2023-11-20,500.29998779296875,500.29998779296875,495.0,496.95001220703125,496.95001220703125,100943
2023-11-21,482.04998779296875,500.5,482.04998779296875,497.0899963378906,497.0899963378906,69275
2023-11-22,499.0,499.0,493.1099853515625,495.0400085449219,495.0400085449219,61480
2023-11-23,500.0,500.0,480.20001220703125,496.5199890136719,496.5199890136719,59352
2023-11-24,502.1499938964844,502.1499938964844,481.6000061035156,495.8800048828125,495.8800048828125,54461
2023-11-28,510.75,510.75,481.0,500.0799865722656,500.0799865722656,140988
2023-11-29,515.0999755859375,515.0999755859375,488.6000061035156,504.75,504.75,103379
2023-11-30,519.9000244140625,519.9000244140625,489.6000061035156,510.260009765625,510.260009765625,85830
2023-12-01,525.5499877929688,525.5499877929688,494.95001220703125,515.5599975585938,515.5599975585938,149337
2023-12-04,531.0499877929688,531.0499877929688,518.0999755859375,525.719970703125,525.719970703125,190598
2023-12-05,531.4500122070312,538.219970703125,525.010009765625,531.75,531.75,164489
2023-12-06,529.0800170898438,537.9099731445312,515.7999877929688,537.3800048828125,537.3800048828125,127541
2023-12-07,553.5,553.5,536.1599731445312,541.4500122070312,541.4500122070312,85355
2023-12-08,551.1500244140625,551.1500244140625,525.2000122070312,537.8900146484375,537.8900146484375,142150
2023-12-11,521.75,544.219970703125,521.75,543.8400268554688,543.8400268554688,106970
2023-12-12,560.1500244140625,560.1500244140625,536.6699829101562,540.4600219726562,540.4600219726562,123670
2023-12-13,556.6500244140625,556.6500244140625,532.0,543.969970703125,543.969970703125,94043
2023-12-14,528.02001953125,552.0,527.6500244140625,550.72998046875,550.72998046875,90380
2023-12-15,562.1500244140625,562.1500244140625,550.260009765625,551.6599731445312,551.6599731445312,88659
2023-12-18,568.2000122070312,568.2000122070312,547.0,556.219970703125,556.219970703125,100236
2023-12-19,558.5,558.5,551.5499877929688,556.719970703125,556.719970703125,97011
2023-12-20,570.2999877929688,570.2999877929688,539.1300048828125,541.7100219726562,541.7100219726562,236810
2023-12-21,541.7100219726562,555.25,532.2999877929688,547.739990234375,547.739990234375,102889
2023-12-22,564.1500244140625,564.1500244140625,532.2999877929688,552.4500122070312,552.4500122070312,124029
2023-12-26,540.2999877929688,563.1500244140625,540.2999877929688,557.5900268554688,557.5900268554688,136938
2023-12-27,564.0,574.2999877929688,556.6799926757812,560.25,560.25,144712
2023-12-28,577.0499877929688,577.0499877929688,560.260009765625,562.75,562.75,92767
2023-12-29,579.6500244140625,579.6500244140625,545.8499755859375,567.3599853515625,567.3599853515625,128249
2024-01-01,582.2999877929688,582.2999877929688,550.2999877929688,568.1300048828125,568.1300048828125,366729
2024-01-02,585.1500244140625,585.1500244140625,559.3200073242188,566.6799926757812,566.6799926757812,220026
2024-01-03,568.5,575.0,564.6099853515625,571.7100219726562,571.7100219726562,162026
2024-01-04,588.8499755859375,588.8499755859375,571.72998046875,576.9299926757812,576.9299926757812,102850
2024-01-05,571.72998046875,586.0999755859375,564.5999755859375,576.3300170898438,576.3300170898438,130348
2024-01-08,578.8499755859375,579.8900146484375,570.7000122070312,571.5499877929688,571.5499877929688,201402
2024-01-09,588.2999877929688,588.2999877929688,568.0,573.9400024414062,573.9400024414062,121301
2024-01-10,569.9199829101562,576.5999755859375,559.25,574.760009765625,574.760009765625,114308
2024-01-11,587.5,587.5,562.0999755859375,580.4500122070312,580.4500122070312,76519
2024-01-12,584.5,584.5,580.2899780273438,581.1199951171875,581.1199951171875,124006
2024-01-15,585.7999877929688,585.7999877929688,578.6900024414062,582.47998046875,582.47998046875,134659
2024-01-16,599.9500122070312,599.9500122070312,570.8300170898438,581.8099975585938,581.8099975585938,82701
2024-01-17,599.25,599.25,564.3599853515625,576.1599731445312,576.1599731445312,137378
2024-01-18,592.1500244140625,592.1500244140625,561.0,573.5700073242188,573.5700073242188,141337
2024-01-19,578.7000122070312,581.97998046875,573.5700073242188,581.6199951171875,581.6199951171875,85408
2024-01-23,586.5,586.6199951171875,563.510009765625,566.9400024414062,566.9400024414062,155473
2024-01-24,569.7000122070312,576.989990234375,561.4099731445312,576.219970703125,576.219970703125,131762
2024-01-25,574.2999877929688,585.0,571.8099975585938,579.0900268554688,579.0900268554688,135932
2024-01-29,596.4500122070312,596.4500122070312,578.2999877929688,585.0399780273438,585.0399780273438,123036
2024-01-30,602.5999755859375,602.5999755859375,582.2100219726562,583.0999755859375,583.0999755859375,84117
2024-01-31,599.1500244140625,599.1500244140625,582.0,587.7000122070312,587.7000122070312,66569
2024-02-01,590.7000122070312,593.8800048828125,586.2000122070312,589.9199829101562,589.9199829101562,87232
2024-02-02,607.5999755859375,607.5999755859375,589.9199829101562,594.9199829101562,594.9199829101562,115345
2024-02-05,612.75,612.75,589.47998046875,592.280029296875,592.280029296875,176362
2024-02-06,577.02001953125,600.9600219726562,575.0999755859375,600.3699951171875,600.3699951171875,104233
2024-02-07,586.5999755859375,612.0999755859375,586.5999755859375,610.1699829101562,610.1699829101562,135880
2024-02-08,618.0,618.0,603.2000122070312,611.3099975585938,611.3099975585938,221522
2024-02-09,629.6500244140625,629.6500244140625,596.02001953125,610.6400146484375,610.6400146484375,159569
2024-02-12,610.6400146484375,615.989990234375,597.0,599.6400146484375,599.6400146484375,132535
2024-02-13,601.8499755859375,605.0,592.52001953125,603.469970703125,603.469970703125,350821
2024-02-14,602.0,613.5399780273438,593.0,611.9600219726562,611.9600219726562,78304
2024-02-15,611.9600219726562,618.5499877929688,611.9600219726562,617.8499755859375,617.8499755859375,81658
2024-02-16,636.4000244140625,636.4000244140625,617.8499755859375,622.7100219726562,622.7100219726562,108836
2024-02-19,626.7000122070312,626.7000122070312,621.9400024414062,624.1599731445312,624.1599731445312,114928
2024-02-20,642.9000244140625,642.9000244140625,610.0999755859375,624.9000244140625,624.9000244140625,105565
2024-02-21,643.6500244140625,643.6500244140625,619.3699951171875,621.1900024414062,621.1900024414062,91016
2024-02-22,624.7000122070312,628.8800048828125,617.0,627.9199829101562,627.9199829101562,69003
2024-02-23,631.5,631.5,625.6699829101562,629.5399780273438,629.5399780273438,72395
2024-02-26,631.8499755859375,632.7999877929688,621.5,630.1300048828125,630.1300048828125,156441
2024-02-27,631.9000244140625,634.489990234375,626.3499755859375,629.2899780273438,629.2899780273438,107313
2024-02-28,614.02001953125,648.1500244140625,614.02001953125,621.3099975585938,621.3099975585938,151431
2024-02-29,622.0,639.9500122070312,614.8099975585938,627.760009765625,627.760009765625,85525
2024-03-01,646.5999755859375,646.5999755859375,613.0999755859375,632.469970703125,632.469970703125,132294
2024-03-04,655.1500244140625,655.1500244140625,634.25,637.010009765625,637.010009765625,104974
2024-03-05,646.0,646.0,631.0,638.5399780273438,638.5399780273438,99389
2024-03-06,652.1500244140625,652.1500244140625,621.2999877929688,636.719970703125,636.719970703125,179722
2024-03-07,639.5,644.9000244140625,636.719970703125,642.8800048828125,642.8800048828125,104503
2024-03-11,662.1500244140625,662.1500244140625,623.5900268554688,642.489990234375,642.489990234375,149661
2024-03-12,661.75,661.75,624.5,630.3699951171875,630.3699951171875,331342
2024-03-13,633.7999877929688,634.25,603.8699951171875,609.5900268554688,609.5900268554688,379394
2024-03-14,627.9000244140625,629.8499755859375,601.0,623.1699829101562,623.1699829101562,171573
2024-03-15,641.8499755859375,641.8499755859375,609.010009765625,617.9600219726562,617.9600219726562,176196
2024-03-18,636.5,637.2000122070312,599.4000244140625,621.8099975585938,621.8099975585938,132358
2024-03-19,620.4500122070312,636.0,609.5,610.3499755859375,610.3499755859375,192443
2024-03-20,628.6500244140625,629.0,603.5,612.7999877929688,612.7999877929688,131121
2024-03-21,594.4000244140625,626.5,594.4000244140625,625.72998046875,625.72998046875,125726
2024-03-22,644.5,644.5,610.0999755859375,628.469970703125,628.469970703125,100472
2024-03-26,630.4000244140625,635.5800170898438,613.02001953125,634.4500122070312,634.4500122070312,190884
2024-03-27,619.02001953125,641.4000244140625,619.02001953125,637.1500244140625,637.1500244140625,227358
2024-03-28,656.25,656.25,630.0499877929688,643.8099975585938,643.8099975585938,184687
2024-04-01,659.0,659.0,636.0,655.780029296875,655.780029296875,274750
2024-04-02,675.4500122070312,675.4500122070312,636.0999755859375,662.719970703125,662.719970703125,186563
2024-04-03,682.5999755859375,682.5999755859375,650.0,664.77001953125,664.77001953125,212121
2024-04-04,684.7000122070312,684.7000122070312,660.0,661.6599731445312,661.6599731445312,231651
2024-04-05,681.5,681.5,644.0999755859375,666.0800170898438,666.0800170898438,187784
2024-04-08,672.0,679.0,661.0,670.3400268554688,670.3400268554688,126239
2024-04-09,675.0,675.0,665.0,668.489990234375,668.489990234375,138491
2024-04-10,688.5499877929688,688.5499877929688,653.02001953125,674.469970703125,674.469970703125,126524
2024-04-12,694.7000122070312,694.7000122070312,668.5,670.6599731445312,670.6599731445312,471836
2024-04-15,650.5499877929688,671.5,650.5499877929688,660.530029296875,660.530029296875,986754
2024-04-16,674.1500244140625,674.1500244140625,640.7000122070312,660.9299926757812,660.9299926757812,167595
2024-04-18,680.75,680.75,657.010009765625,659.719970703125,659.719970703125,229165
2024-04-19,679.5,679.5,641.5,659.4299926757812,659.4299926757812,233948
2024-04-22,666.5,668.0,662.0999755859375,667.3900146484375,667.3900146484375,119324
2024-04-23,687.4000244140625,687.4000244140625,665.0,668.97998046875,668.97998046875,162258
2024-04-24,689.0499877929688,689.0499877929688,648.9000244140625,673.8599853515625,673.8599853515625,216901
2024-04-25,694.0999755859375,694.0999755859375,658.02001953125,677.5599975585938,677.5599975585938,121210
2024-04-26,657.25,697.9000244140625,657.25,682.9199829101562,682.9199829101562,185512
2024-04-29,703.4000244140625,703.4000244140625,682.2000122070312,684.8400268554688,684.8400268554688,302013
2024-04-30,705.4000244140625,705.4000244140625,684.4299926757812,690.3300170898438,690.3300170898438,161356
2024-05-02,693.75,701.530029296875,690.3300170898438,700.5700073242188,700.5700073242188,201499
2024-05-03,705.4000244140625,708.0,694.02001953125,700.3300170898438,700.3300170898438,267806
2024-05-06,721.3499755859375,721.3499755859375,685.5,691.280029296875,691.280029296875,347197
2024-05-07,712.0,712.0,676.5999755859375,680.5700073242188,680.5700073242188,253016
2024-05-08,683.8499755859375,692.7899780273438,676.5499877929688,688.25,688.25,224047
2024-05-09,708.9000244140625,708.9000244140625,667.5999755859375,675.3200073242188,675.3200073242188,293118
2024-05-10,674.3499755859375,682.6500244140625,671.6599731445312,681.4199829101562,681.4199829101562,160103
2024-05-13,701.8499755859375,701.8499755859375,661.0,685.4500122070312,685.4500122070312,220006
2024-05-14,706.0,706.0,664.9000244140625,695.239990234375,695.239990234375,183626
2024-05-15,698.7999877929688,700.0,695.239990234375,698.969970703125,698.969970703125,233819
2024-05-16,703.7899780273438,706.0,697.0999755859375,704.0800170898438,704.0800170898438,226430
2024-05-17,725.2000122070312,725.2000122070312,701.8900146484375,714.260009765625,714.260009765625,188106
2024-05-21,741.7999877929688,741.7999877929688,705.0,726.4500122070312,726.4500122070312,173794
2024-05-22,748.25,748.25,715.5499877929688,728.2000122070312,728.2000122070312,186951
2024-05-23,731.9000244140625,732.8499755859375,726.25,732.1400146484375,732.1400146484375,154505
2024-05-24,754.0999755859375,754.0999755859375,727.3499755859375,735.8599853515625,735.8599853515625,360625
2024-05-27,740.0,740.5,720.02001953125,736.1900024414062,736.1900024414062,227509
2024-05-28,714.0999755859375,739.9000244140625,714.0999755859375,730.0499877929688,730.0499877929688,186717
2024-05-29,740.0,740.0,719.0999755859375,725.0800170898438,725.0800170898438,164030
2024-05-30,746.8499755859375,746.8499755859375,715.5499877929688,719.5399780273438,719.5399780273438,227611
2024-05-31,724.5,724.97998046875,712.3400268554688,719.9199829101562,719.9199829101562,215276
2024-06-03,741.5,751.989990234375,730.0,750.2000122070312,750.2000122070312,434759
2024-06-04,749.7000122070312,769.0,651.989990234375,740.260009765625,740.260009765625,1549840
2024-06-05,736.0,750.0,682.0499877929688,712.3499755859375,712.3499755859375,1081909
2024-06-06,724.7000122070312,732.719970703125,702.0,726.6699829101562,726.6699829101562,353016
2024-06-07,748.4500122070312,748.4500122070312,720.510009765625,736.5599975585938,736.5599975585938,302294
2024-06-10,741.5,745.0,733.5499877929688,742.9000244140625,742.9000244140625,226240
2024-06-11,747.7000122070312,747.7000122070312,741.0,742.219970703125,742.219970703125,178970
2024-06-12,736.25,748.3300170898438,736.25,747.510009765625,747.510009765625,186639
2024-06-13,754.1500244140625,754.72998046875,736.5999755859375,753.8200073242188,753.8200073242188,342093
2024-06-14,763.0999755859375,765.9199829101562,744.3099975585938,764.4000244140625,764.4000244140625,265979
2024-06-18,770.7899780273438,770.7999877929688,755.2999877929688,768.8900146484375,768.8900146484375,271496
2024-06-19,780.2999877929688,780.2999877929688,755.0999755859375,762.0999755859375,762.0999755859375,279413
2024-06-20,772.0999755859375,772.0999755859375,756.4500122070312,762.8699951171875,762.8699951171875,187545
2024-06-21,785.75,785.75,756.1300048828125,757.5800170898438,757.5800170898438,169097
2024-06-24,759.2999877929688,762.9600219726562,750.5599975585938,761.9400024414062,761.9400024414062,291966
2024-06-25,761.9400024414062,765.7000122070312,758.3499755859375,759.760009765625,759.760009765625,174941
2024-06-26,764.7999877929688,764.7999877929688,756.3499755859375,759.0999755859375,759.0999755859375,148561
2024-06-27,761.8400268554688,762.469970703125,752.3099975585938,759.0900268554688,759.0900268554688,174210
2024-06-28,764.7999877929688,764.7999877929688,758.2000122070312,761.0399780273438,761.0399780273438,165456
2024-07-01,757.260009765625,769.0,757.25,767.8699951171875,767.8699951171875,422216
2024-07-02,790.9000244140625,790.9000244140625,756.3499755859375,767.7899780273438,767.7899780273438,291238
2024-07-03,768.0999755859375,775.7899780273438,757.2999877929688,772.8599853515625,772.8599853515625,211149
2024-07-04,757.02001953125,779.0900268554688,755.0999755859375,776.9199829101562,776.9199829101562,231721
2024-07-05,779.5900268554688,783.77001953125,772.5,783.1699829101562,783.1699829101562,183325
2024-07-08,783.2000122070312,787.0,780.1400146484375,783.9199829101562,783.9199829101562,262570
2024-07-09,787.489990234375,788.8499755859375,782.0,787.0700073242188,787.0700073242188,237873
2024-07-10,810.7000122070312,810.7000122070312,770.0999755859375,787.260009765625,787.260009765625,303765
2024-07-11,790.7000122070312,790.9000244140625,776.2999877929688,789.2100219726562,789.2100219726562,121508
2024-07-12,789.25,793.0,782.9199829101562,786.1699829101562,786.1699829101562,207789
2024-07-15,809.75,809.75,774.2999877929688,792.2899780273438,792.2899780273438,169727
2024-07-16,795.5,795.5,786.7100219726562,788.239990234375,788.239990234375,227503
2024-07-18,811.9000244140625,811.9000244140625,764.5999755859375,779.489990234375,779.489990234375,352169
2024-07-19,802.8499755859375,802.8499755859375,760.0,761.4099731445312,761.4099731445312,514021
2024-07-22,779.97998046875,779.97998046875,751.0999755859375,770.1799926757812,770.1799926757812,232378
2024-07-23,772.0,774.7000122070312,736.8900146484375,764.4500122070312,764.4500122070312,474819
2024-07-24,760.0,769.52001953125,760.0,766.0399780273438,766.0399780273438,191560
2024-07-25,789.0,789.0,751.0999755859375,768.530029296875,768.530029296875,291032
2024-07-26,775.0,785.0800170898438,753.02001953125,782.52001953125,782.52001953125,411420
2024-07-29,792.5999755859375,792.5999755859375,782.8900146484375,790.1300048828125,790.1300048828125,249256
2024-07-30,775.02001953125,793.7999877929688,766.4500122070312,789.22998046875,789.22998046875,129511
2024-07-31,812.9000244140625,812.9000244140625,785.0,794.510009765625,794.510009765625,148376
2024-08-01,795.2000122070312,799.0,787.1099853515625,791.5,791.5,192589
2024-08-02,781.5499877929688,792.0,781.5499877929688,782.8699951171875,782.8699951171875,339839
2024-08-05,806.3499755859375,806.3499755859375,750.280029296875,767.489990234375,767.489990234375,800045
2024-08-06,745.02001953125,775.7999877929688,745.02001953125,749.8200073242188,749.8200073242188,510202
2024-08-07,762.0,771.030029296875,741.0,769.9400024414062,769.9400024414062,254394
2024-08-08,776.0,776.0,755.25,767.0,767.0,169102
2024-08-09,777.7999877929688,779.1599731445312,768.4299926757812,775.0399780273438,775.0399780273438,269482
2024-08-12,778.5,779.5,767.5,772.4500122070312,772.4500122070312,221899
2024-08-13,776.8499755859375,776.8499755859375,763.2000122070312,764.1699829101562,764.1699829101562,192442
2024-08-14,767.7000122070312,767.7000122070312,759.010009765625,765.1699829101562,765.1699829101562,151985
2024-08-16,773.5,779.0,767.0,776.4600219726562,776.4600219726562,207434
2024-08-19,753.1500244140625,783.5999755859375,753.1500244140625,781.4099731445312,781.4099731445312,167984
2024-08-20,789.0,789.3099975585938,773.0,788.8900146484375,788.8900146484375,155852
2024-08-21,791.9000244140625,792.0,786.3499755859375,791.3699951171875,791.3699951171875,302199
2024-08-22,791.3699951171875,797.5,790.0999755859375,796.8300170898438,796.8300170898438,372576
2024-08-23,796.7999877929688,799.5999755859375,793.75,794.52001953125,794.52001953125,280701
2024-08-26,799.5,800.5,794.52001953125,798.219970703125,798.219970703125,171308
2024-08-27,799.0,799.4299926757812,774.25,798.8800048828125,798.8800048828125,121471
2024-08-28,797.0999755859375,802.7000122070312,796.7999877929688,800.6099853515625,800.6099853515625,158950
2024-08-29,824.6500244140625,824.6500244140625,793.3499755859375,799.030029296875,799.030029296875,148185
2024-08-30,799.030029296875,803.7000122070312,775.0499877929688,801.7999877929688,801.7999877929688,148349
2024-09-02,825.8499755859375,825.8499755859375,777.75,802.489990234375,802.489990234375,203669
2024-09-03,805.5,806.5,801.1500244140625,803.5800170898438,803.5800170898438,181042
2024-09-04,804.5,806.6599731445312,790.9500122070312,805.530029296875,805.530029296875,201989
2024-09-05,808.0,829.7000122070312,781.3499755859375,803.2000122070312,803.2000122070312,507098
2024-09-06,827.2999877929688,827.2999877929688,790.0,795.7899780273438,795.7899780273438,217125
2024-09-09,798.5,798.5,785.4600219726562,796.0700073242188,796.0700073242188,246093
2024-09-10,806.0,806.0,795.510009765625,798.0999755859375,798.0999755859375,136986
2024-09-11,800.7999877929688,801.8699951171875,792.010009765625,793.8099975585938,793.8099975585938,126957
2024-09-12,799.5,804.219970703125,796.0999755859375,803.5599975585938,803.5599975585938,139739
2024-09-13,805.0,807.989990234375,803.3099975585938,804.2899780273438,804.2899780273438,135687
2024-09-16,808.7999877929688,808.7999877929688,803.3499755859375,804.2899780273438,804.2899780273438,177087
2024-09-17,780.1500244140625,809.7999877929688,780.1500244140625,803.1400146484375,803.1400146484375,138931
2024-09-18,827.25,830.0,795.25,800.1500244140625,800.1500244140625,155079
2024-09-19,791.0,809.0,782.5499877929688,794.8099975585938,794.8099975585938,414579
2024-09-20,798.7999877929688,806.5900268554688,794.0999755859375,804.5800170898438,804.5800170898438,197101
2024-09-23,805.0,817.0999755859375,786.25,816.3800048828125,816.3800048828125,310470
2024-09-24,819.8400268554688,819.8499755859375,806.2999877929688,817.280029296875,817.280029296875,181100
2024-09-25,812.0,819.7000122070312,810.9000244140625,814.8499755859375,814.8499755859375,150285
2024-09-26,817.97998046875,820.75,811.25,819.9400024414062,819.9400024414062,147066
2024-09-27,822.7000122070312,827.7999877929688,817.0,825.8599853515625,825.8599853515625,153161
2024-09-30,826.989990234375,828.6500244140625,820.010009765625,821.5999755859375,821.5999755859375,248333
2024-10-01,824.7999877929688,825.1500244140625,818.3699951171875,821.8300170898438,821.8300170898438,374051
2024-10-03,820.7999877929688,820.7999877929688,801.3900146484375,807.6300048828125,807.6300048828125,526815
2024-10-04,801.3499755859375,810.9000244140625,792.25,803.2000122070312,803.2000122070312,424012
2024-10-07,807.6900024414062,807.7000122070312,772.8599853515625,784.969970703125,784.969970703125,907931
2024-10-08,793.969970703125,797.6599731445312,773.2000122070312,796.030029296875,796.030029296875,321118
2024-10-09,801.8499755859375,810.0,786.3499755859375,804.7000122070312,804.7000122070312,248201
2024-10-10,828.8499755859375,828.8499755859375,802.0,803.2999877929688,803.2999877929688,153130
2024-10-11,806.5,806.5,779.1900024414062,804.1500244140625,804.1500244140625,106406
2024-10-14,808.5,808.5,803.260009765625,807.010009765625,807.010009765625,151410
2024-10-15,804.25,811.5,804.25,809.4500122070312,809.4500122070312,193297
2024-10-16,809.4299926757812,811.9000244140625,804.0,807.8099975585938,807.8099975585938,197453
2024-10-17,810.5,810.5,789.0,789.9099731445312,789.9099731445312,459686
2024-10-18,792.7999877929688,794.219970703125,780.510009765625,792.989990234375,792.989990234375,273906
2024-10-21,816.7999877929688,816.7999877929688,781.02001953125,781.989990234375,781.989990234375,325284
2024-10-22,784.7999877929688,786.8699951171875,758.0,759.5499877929688,759.5499877929688,680772
2024-10-23,764.5499877929688,764.8099975585938,749.6599731445312,757.3099975585938,757.3099975585938,427531
2024-10-24,762.7999877929688,762.7999877929688,752.8900146484375,753.6699829101562,753.6699829101562,387006
2024-10-25,776.2999877929688,776.2999877929688,734.3599853515625,744.489990234375,744.489990234375,535364
2024-10-28,766.7999877929688,766.7999877929688,730.02001953125,747.72998046875,747.72998046875,353822
2024-10-29,751.5,753.5999755859375,737.5,752.77001953125,752.77001953125,235014
2024-10-30,755.5,756.530029296875,747.2000122070312,749.9099731445312,749.9099731445312,199333
2024-10-31,751.7999877929688,751.7999877929688,744.1500244140625,746.5900268554688,746.5900268554688,176289
2024-11-01,746.5900268554688,746.5900268554688,746.5900268554688,746.5900268554688,746.5900268554688,0
2024-11-04,778.75,778.75,733.4000244140625,741.010009765625,741.010009765625,544329
2024-11-05,754.0,754.0,731.0,744.9600219726562,744.9600219726562,319271
2024-11-06,754.0,763.2000122070312,733.0,762.02001953125,762.02001953125,391823
2024-11-07,784.9000244140625,798.9400024414062,739.1500244140625,753.9000244140625,753.9000244140625,222106
2024-11-08,770.0,776.5,743.0,744.969970703125,744.969970703125,191280
2024-11-11,725.02001953125,753.6199951171875,725.02001953125,747.4099731445312,747.4099731445312,239459
2024-11-12,753.7000122070312,753.7000122070312,729.2100219726562,730.8499755859375,730.8499755859375,399623
2024-11-13,752.7999877929688,752.7999877929688,708.9000244140625,717.1599731445312,717.1599731445312,531016
2024-11-14,738.6500244140625,738.6500244140625,705.3499755859375,720.3900146484375,720.3900146484375,270469
2024-11-18,698.7999877929688,734.0999755859375,698.7999877929688,719.719970703125,719.719970703125,360782
2024-11-19,741.2999877929688,741.2999877929688,720.0499877929688,723.5700073242188,723.5700073242188,236325
2024-11-21,728.5,728.5,705.0999755859375,713.25,713.25,441139
2024-11-22,734.6500244140625,734.6500244140625,697.25,726.3300170898438,726.3300170898438,322547
2024-11-25,743.0,745.0700073242188,704.5499877929688,740.8400268554688,740.8400268554688,435308
2024-11-26,745.7999877929688,745.7999877929688,735.260009765625,742.52001953125,742.52001953125,214116
2024-11-27,764.7999877929688,764.7999877929688,735.1099853515625,749.3099975585938,749.3099975585938,220932
2024-11-28,753.5,756.0999755859375,745.25,750.1599731445312,750.1599731445312,200986
2024-11-29,753.7999877929688,757.4299926757812,745.5499877929688,754.97998046875,754.97998046875,133510
2024-12-02,774.2000122070312,774.2000122070312,747.0,759.9500122070312,759.9500122070312,242685
2024-12-03,764.7000122070312,768.3400268554688,755.239990234375,767.9400024414062,767.9400024414062,247786
2024-12-04,771.7000122070312,772.27001953125,763.5499877929688,771.3800048828125,771.3800048828125,212631
2024-12-05,755.0,775.5999755859375,748.25,773.469970703125,773.469970703125,208389
2024-12-06,792.4000244140625,792.4000244140625,768.25,778.5,778.5,216151
2024-12-09,782.7999877929688,782.7999877929688,772.5,776.5,776.5,200415
2024-12-10,780.5,780.9000244140625,773.5499877929688,780.6199951171875,780.6199951171875,192396
2024-12-11,780.6199951171875,783.5,757.2000122070312,782.1599731445312,782.1599731445312,177892
2024-12-12,772.2000122070312,787.969970703125,772.2000122070312,780.239990234375,780.239990234375,164570
2024-12-13,803.6500244140625,803.6500244140625,756.8499755859375,779.0599975585938,779.0599975585938,269120
2024-12-16,782.5,782.5,775.25,781.280029296875,781.280029296875,226580
2024-12-17,776.25,782.9000244140625,769.4400024414062,771.0900268554688,771.0900268554688,238899
2024-12-18,794.2000122070312,794.2000122070312,759.0,760.8900146484375,760.8900146484375,250684
2024-12-19,738.0499877929688,756.2000122070312,738.0499877929688,754.1799926757812,754.1799926757812,295978
2024-12-20,750.0999755859375,757.8200073242188,732.27001953125,734.2100219726562,734.2100219726562,328622
2024-12-23,741.9000244140625,741.9000244140625,720.02001953125,735.77001953125,735.77001953125,242772
2024-12-24,713.7000122070312,739.989990234375,713.7000122070312,736.2100219726562,736.2100219726562,161172
2024-12-26,739.7999877929688,739.9500122070312,733.8599853515625,738.219970703125,738.219970703125,214428
2024-12-27,716.0499877929688,757.3800048828125,716.0499877929688,733.0399780273438,733.0399780273438,157947
2024-12-30,755.0499877929688,755.0499877929688,720.3900146484375,727.5,727.5,241638
2024-12-31,712.02001953125,745.25,712.02001953125,726.989990234375,726.989990234375,234575
2025-01-01,748.7999877929688,748.7999877929688,724.3499755859375,729.5499877929688,729.5499877929688,336470
2025-01-02,724.27001953125,751.4500122070312,724.27001953125,738.739990234375,738.739990234375,196273
2025-01-03,716.5999755859375,750.0,716.5999755859375,739.8400268554688,739.8400268554688,158570
2025-01-06,717.6500244140625,744.7999877929688,714.0499877929688,717.1599731445312,717.1599731445312,558805
2025-01-07,738.6500244140625,738.6500244140625,712.0,715.7000122070312,715.7000122070312,256257
2025-01-08,726.0,726.0,704.3099975585938,709.7999877929688,709.7999877929688,339961
2025-01-09,713.7000122070312,713.7000122070312,688.5,700.969970703125,700.969970703125,289225
2025-01-10,705.5,705.5,685.9000244140625,687.8300170898438,687.8300170898438,587849
2025-01-13,691.0,700.0999755859375,656.010009765625,660.9099731445312,660.9099731445312,1163898
2025-01-14,671.7000122070312,676.3699951171875,661.1500244140625,674.6199951171875,674.6199951171875,515655
2025-01-15,694.8499755859375,694.8499755859375,671.2100219726562,680.27001953125,680.27001953125,334298
2025-01-16,666.0,693.6400146484375,666.0,689.3200073242188,689.3200073242188,256893
2025-01-17,692.4000244140625,699.7000122070312,684.25,695.8300170898438,695.8300170898438,230618
2025-01-20,705.0,705.0,691.760009765625,696.5700073242188,696.5700073242188,298966
2025-01-21,699.5999755859375,699.5999755859375,675.0999755859375,678.2999877929688,678.2999877929688,697277
2025-01-22,698.6500244140625,698.6500244140625,661.760009765625,672.25,672.25,525912
2025-01-23,685.2000122070312,685.2000122070312,661.0,679.0,679.0,290988
2025-01-24,682.7899780273438,682.7999877929688,667.0,668.3400268554688,668.3400268554688,390661
2025-01-27,688.4000244140625,688.4000244140625,648.0,649.719970703125,649.719970703125,817673
2025-01-28,666.0,666.0,637.5,651.510009765625,651.510009765625,529416
2025-01-29,671.0499877929688,671.0499877929688,640.0,664.3699951171875,664.3699951171875,304266
2025-01-30,684.2999877929688,684.2999877929688,655.0,664.989990234375,664.989990234375,557135
2025-01-31,678.0,680.0,650.0,676.9099731445312,676.9099731445312,354916
2025-02-01,697.2000122070312,697.2000122070312,668.9099731445312,678.72998046875,678.72998046875,363222
2025-02-03,677.7000122070312,679.2000122070312,664.1099853515625,669.6599731445312,669.6599731445312,479375
2025-02-04,685.0,685.0,670.0700073242188,680.3900146484375,680.3900146484375,288606
2025-02-05,685.0,690.0,680.4000244140625,684.5499877929688,684.5499877929688,264501
2025-02-06,705.0999755859375,705.0999755859375,677.4600219726562,679.3800048828125,679.3800048828125,270504
2025-02-07,697.0,697.0,672.77001953125,679.7100219726562,679.7100219726562,223146
2025-02-10,691.9000244140625,691.9000244140625,664.7000122070312,667.3099975585938,667.3099975585938,381669
2025-02-11,682.0,682.0,647.2899780273438,650.3800048828125,650.3800048828125,1031129
2025-02-12,654.5,654.5,632.5999755859375,650.75,650.75,772405
2025-02-13,665.0,665.0,634.0,651.9400024414062,651.9400024414062,421091
2025-02-14,663.4500122070312,663.4500122070312,632.1099853515625,637.510009765625,637.510009765625,637988
2025-02-17,640.7000122070312,640.7000122070312,624.0,635.6500244140625,635.6500244140625,667908
2025-02-18,639.5,641.0,629.0999755859375,636.8800048828125,636.8800048828125,402268
2025-02-19,656.0,656.0,621.02001953125,643.9400024414062,643.9400024414062,358229
2025-02-20,650.0,653.5399780273438,630.0,653.219970703125,653.219970703125,286368
2025-02-21,653.219970703125,672.7999877929688,633.0,647.2100219726562,647.2100219726562,361960
2025-02-24,647.0,647.0,630.0,639.760009765625,639.760009765625,429138
2025-02-25,642.7999877929688,642.7999877929688,633.6699829101562,634.8400268554688,634.8400268554688,430142
2025-02-27,620.0,650.0,620.0,629.1099853515625,629.1099853515625,401292
2025-02-28,628.0,628.0,609.25,612.0800170898438,612.0800170898438,1043197
2025-03-03,630.4500122070312,630.4500122070312,595.0,616.280029296875,616.280029296875,831868
2025-03-04,634.75,634.75,607.260009765625,620.3599853515625,620.3599853515625,655731
2025-03-05,638.9500122070312,638.9500122070312,618.1699829101562,636.1400146484375,636.1400146484375,584674
2025-03-06,655.2000122070312,655.2000122070312,617.0499877929688,643.9400024414062,643.9400024414062,445447
2025-03-07,646.8499755859375,647.8499755859375,638.8499755859375,641.0900268554688,641.0900268554688,508970
2025-03-10,646.0,646.0,630.5,631.3900146484375,631.3900146484375,433765
2025-03-11,632.4000244140625,636.5999755859375,616.0,634.77001953125,634.77001953125,437242
2025-03-12,650.0,650.0,626.780029296875,634.6099853515625,634.6099853515625,502773
2025-03-13,646.0,646.0,630.5999755859375,631.0800170898438,631.0800170898438,374371
2025-03-17,645.0,645.0,616.02001953125,635.5399780273438,635.5399780273438,411202
2025-03-18,635.5399780273438,635.5399780273438,635.5399780273438,635.5399780273438,635.5399780273438,0
2025-03-19,656.5,664.6500244140625,632.8499755859375,662.989990234375,662.989990234375,710252
2025-03-20,675.0,675.0,660.0,666.9600219726562,666.9600219726562,401090
2025-03-21,686.9500122070312,686.9500122070312,655.8499755859375,671.8300170898438,671.8300170898438,521610
2025-03-24,685.0,687.4400024414062,659.8499755859375,680.5599975585938,680.5599975585938,557688
2025-03-25,692.5,694.25,669.75,670.719970703125,670.719970703125,607446
2025-03-26,650.5999755859375,690.8499755859375,650.5999755859375,667.8900146484375,667.8900146484375,540572
2025-03-27,687.9500122070312,687.9500122070312,661.0499877929688,676.25,676.25,449816
2025-03-28,696.5499877929688,696.5499877929688,655.9500122070312,672.0800170898438,672.0800170898438,409090
2025-04-01,692.25,692.25,655.02001953125,667.8499755859375,667.8499755859375,409123
2025-04-02,687.9000244140625,687.9000244140625,662.6199951171875,675.530029296875,675.530029296875,288364
2025-04-03,692.0,692.0,660.02001953125,675.7000122070312,675.7000122070312,341105
2025-04-04,678.989990234375,680.989990234375,655.0999755859375,658.5,658.5,670078
2025-04-07,678.25,678.25,620.0,640.0,640.0,1812281
2025-04-08,659.2000122070312,659.2000122070312,640.0,651.0900268554688,651.0900268554688,530625
2025-04-09,666.4500122070312,666.4500122070312,640.0,649.8200073242188,649.8200073242188,270401
2025-04-11,669.2999877929688,672.0,655.3499755859375,658.3200073242188,658.3200073242188,486347
2025-04-15,678.25,678.25,663.7000122070312,677.2899780273438,677.2899780273438,472450
2025-04-16,697.5999755859375,697.5999755859375,673.75,681.3900146484375,681.3900146484375,345914
2025-04-17,683.7000122070312,687.3300170898438,677.6599731445312,685.5900268554688,685.5900268554688,439778
2025-04-21,690.0,706.1500244140625,677.3900146484375,698.1599731445312,698.1599731445312,553717
2025-04-22,708.3499755859375,708.3499755859375,688.3499755859375,699.2999877929688,699.2999877929688,424652
2025-04-23,699.2999877929688,711.3499755859375,694.260009765625,704.25,704.25,401694
2025-04-24,715.0,715.0,683.1199951171875,702.9199829101562,702.9199829101562,321371
2025-04-25,707.7999877929688,707.7999877929688,681.8599853515625,687.5999755859375,687.5999755859375,653269
2025-04-28,691.9500122070312,696.1300048828125,683.0999755859375,694.2000122070312,694.2000122070312,309154
2025-04-29,704.5999755859375,704.5999755859375,690.25,693.4099731445312,693.4099731445312,298491
2025-04-30,714.2100219726562,714.2100219726562,685.5,688.47998046875,688.47998046875,329940
2025-05-02,709.1300048828125,709.1300048828125,684.0999755859375,687.0999755859375,687.0999755859375,340426
2025-05-05,684.0,699.1400146484375,684.0,698.3900146484375,698.3900146484375,348555
2025-05-06,714.0,714.0,681.010009765625,683.0800170898438,683.0800170898438,559849
2025-05-07,670.0,689.9000244140625,670.0,686.3099975585938,686.3099975585938,511628
2025-05-08,699.0,699.0,669.219970703125,672.1699829101562,672.1699829101562,451604
2025-05-09,692.3400268554688,692.3400268554688,651.989990234375,670.1500244140625,670.1500244140625,455182
2025-05-12,683.4000244140625,697.5,675.3499755859375,696.77001953125,696.77001953125,667718
2025-05-13,717.6699829101562,717.6699829101562,691.1799926757812,696.72998046875,696.72998046875,421131
2025-05-14,707.0,707.0,696.010009765625,701.9099731445312,701.9099731445312,408676
2025-05-15,722.969970703125,722.969970703125,699.25,708.010009765625,708.010009765625,510126
2025-05-16,729.25,729.25,701.3499755859375,718.280029296875,718.280029296875,739392
2025-05-19,725.8499755859375,725.8499755859375,716.7000122070312,721.8400268554688,721.8400268554688,486755
2025-05-20,730.0,730.0,707.72998046875,708.5399780273438,708.5399780273438,602502
2025-05-21,715.3499755859375,717.0,706.02001953125,716.3699951171875,716.3699951171875,360637
2025-05-22,727.0,727.0,709.0,713.9199829101562,713.9199829101562,278142
2025-05-23,720.3499755859375,720.3499755859375,705.3499755859375,717.7999877929688,717.7999877929688,269910
2025-05-26,717.7999877929688,723.489990234375,717.239990234375,720.8400268554688,720.8400268554688,216825
2025-05-27,742.469970703125,742.469970703125,713.2000122070312,717.5999755859375,717.5999755859375,450453
2025-05-28,720.7000122070312,721.0,715.0,715.8900146484375,715.8900146484375,177290
2025-05-29,724.0,728.3499755859375,715.239990234375,716.9299926757812,716.9299926757812,286446
2025-05-30,730.989990234375,738.4400024414062,712.02001953125,714.9099731445312,714.9099731445312,342588
2025-06-02,736.3599853515625,736.3599853515625,700.010009765625,717.5399780273438,717.5399780273438,275526
2025-06-03,728.0,728.0,713.0999755859375,713.97998046875,713.97998046875,357557
2025-06-04,713.0999755859375,716.989990234375,700.0,716.0999755859375,716.0999755859375,252076
2025-06-05,694.6199951171875,720.9500122070312,694.6199951171875,718.6799926757812,718.6799926757812,271404
2025-06-06,740.239990234375,740.239990234375,708.510009765625,726.6099853515625,726.6099853515625,420725
2025-06-09,748.4099731445312,748.4099731445312,714.3499755859375,735.3300170898438,735.3300170898438,392386
2025-06-10,745.3499755859375,745.3499755859375,732.989990234375,737.4099731445312,737.4099731445312,330223
2025-06-11,746.0,759.530029296875,730.0599975585938,734.7100219726562,734.7100219726562,303590
2025-06-12,732.0,743.989990234375,722.0,723.469970703125,723.469970703125,464938
2025-06-13,720.3499755859375,720.3499755859375,706.3499755859375,718.0,718.0,495630
2025-06-16,728.0,750.989990234375,708.010009765625,722.760009765625,722.760009765625,381522
2025-06-17,729.8499755859375,729.8499755859375,716.6900024414062,717.3200073242188,717.3200073242188,286619
2025-06-18,729.989990234375,729.989990234375,713.5,715.3900146484375,715.3900146484375,213675
2025-06-19,723.260009765625,723.260009765625,704.4000244140625,705.5499877929688,705.5499877929688,358236
2025-06-20,698.489990234375,715.989990234375,698.489990234375,714.9400024414062,714.9400024414062,430404
2025-06-23,721.3499755859375,721.3499755859375,705.010009765625,715.1900024414062,715.1900024414062,643068
2025-06-24,724.0,726.0,715.0999755859375,721.8400268554688,721.8400268554688,428732
2025-06-25,721.8400268554688,731.3499755859375,721.6099853515625,725.030029296875,725.030029296875,271706
2025-06-26,743.0,743.0,711.0,729.77001953125,729.77001953125,295710
2025-06-27,733.8499755859375,735.9500122070312,730.7000122070312,733.9299926757812,733.9299926757812,448882
2025-06-30,726.5900268554688,739.8499755859375,726.0,736.9500122070312,736.9500122070312,319436
2025-07-01,714.8400268554688,745.0599975585938,714.8400268554688,736.47998046875,736.47998046875,243085
2025-07-02,744.3499755859375,744.3499755859375,731.010009765625,736.27001953125,736.27001953125,390733
2025-07-03,744.0,754.6699829101562,728.0,732.8900146484375,732.8900146484375,273754
2025-07-04,714.5599975585938,751.2100219726562,710.9000244140625,735.6599731445312,735.6599731445312,1052567
2025-07-07,728.2999877929688,738.0,710.9000244140625,735.6500244140625,735.6500244140625,513888
2025-07-08,735.5,742.3499755859375,726.0,736.3300170898438,736.3300170898438,261612
2025-07-09,758.4199829101562,758.4199829101562,731.0,736.219970703125,736.219970703125,230953
2025-07-10,755.989990234375,755.989990234375,729.0,734.530029296875,734.530029296875,210828
2025-07-11,756.5700073242188,756.5700073242188,727.5399780273438,728.5800170898438,728.5800170898438,375326
2025-07-14,745.0,745.0,724.5499877929688,731.9199829101562,731.9199829101562,273432
2025-07-15,731.9199829101562,736.8599853515625,724.0,736.0900268554688,736.0900268554688,228448
2025-07-16,743.3499755859375,743.3499755859375,728.7000122070312,737.3599853515625,737.3599853515625,181002
2025-07-17,745.469970703125,745.469970703125,734.1699829101562,736.3900146484375,736.3900146484375,315351
2025-07-18,717.97998046875,744.489990234375,714.2999877929688,731.7000122070312,731.7000122070312,277157
2025-07-21,753.6500244140625,753.6500244140625,718.0,734.52001953125,734.52001953125,271776
2025-07-22,753.97998046875,753.97998046875,728.280029296875,731.7999877929688,731.7999877929688,154922
2025-07-23,753.75,753.75,709.8499755859375,732.4600219726562,732.4600219726562,249810
2025-07-24,754.4299926757812,754.4299926757812,727.9600219726562,731.4500122070312,731.4500122070312,258831
2025-07-25,753.3900146484375,753.3900146484375,719.5999755859375,720.489990234375,720.489990234375,530197
2025-07-28,725.0,728.0599975585938,715.3499755859375,716.4500122070312,716.4500122070312,333048
2025-07-29,732.3499755859375,732.3499755859375,710.0,722.969970703125,722.969970703125,248719
2025-07-30,718.5,730.5,717.1900024414062,723.3499755859375,723.3499755859375,155713
2025-07-31,731.5999755859375,731.5999755859375,715.0,719.8099975585938,719.8099975585938,388785
2025-08-01,741.4000244140625,741.4000244140625,709.5800170898438,711.2000122070312,711.2000122070312,287098
2025-08-04,718.5999755859375,719.3499755859375,704.72998046875,718.989990234375,718.989990234375,259298
2025-08-05,740.5599975585938,740.5599975585938,713.7999877929688,716.75,716.75,232796
2025-08-06,723.75,728.3499755859375,709.0,711.0800170898438,711.0800170898438,303648
2025-08-07,715.0,732.4099731445312,700.4099731445312,712.72998046875,712.72998046875,381743
2025-08-08,729.0,734.1099853515625,701.0,704.1300048828125,704.1300048828125,268994
2025-08-11,718.0,718.0,697.1300048828125,711.7000122070312,711.7000122070312,261331
2025-08-12,713.989990234375,715.0,704.5800170898438,710.8800048828125,710.8800048828125,212869
2025-08-13,714.8499755859375,717.1099853515625,710.7999877929688,715.97998046875,715.97998046875,179928
2025-08-14,705.0,737.4600219726562,705.0,715.239990234375,715.239990234375,122570
2025-08-18,715.239990234375,729.0,715.239990234375,724.4099731445312,724.4099731445312,275260
2025-08-19,717.1699829101562,729.47998046875,717.1699829101562,729.0800170898438,729.0800170898438,168920
2025-08-20,730.0,733.0,726.25,732.1900024414062,732.1900024414062,195616
2025-08-21,754.1599731445312,754.1599731445312,726.3300170898438,729.7000122070312,729.7000122070312,176989
2025-08-22,736.7000122070312,737.0,723.5,725.219970703125,725.219970703125,175697
2025-08-25,719.0599975585938,734.3499755859375,703.4600219726562,727.8699951171875,727.8699951171875,122410
2025-08-26,728.9000244140625,728.9000244140625,717.52001953125,718.5700073242188,718.5700073242188,335015
2025-08-28,740.1300048828125,740.1300048828125,708.7000122070312,709.469970703125,709.469970703125,303050
2025-08-29,708.9500122070312,716.469970703125,702.2999877929688,707.47998046875,707.47998046875,338382
2025-09-01,713.0,724.3499755859375,701.469970703125,716.4600219726562,716.4600219726562,361714
2025-09-02,723.0,723.3499755859375,711.0,719.5999755859375,719.5999755859375,225075
2025-09-03,730.0,730.0,715.6500244140625,723.8699951171875,723.8699951171875,197705
2025-09-04,716.0,734.3400268554688,716.0,721.280029296875,721.280029296875,285313
2025-09-05,728.0,728.0,717.0,721.1300048828125,721.1300048828125,202395
2025-09-08,728.0,749.7000122070312,714.25,724.02001953125,724.02001953125,189824
2025-09-09,728.510009765625,728.6199951171875,721.1500244140625,724.9400024414062,724.9400024414062,106407
2025-09-10,733.3499755859375,733.3499755859375,725.5,728.6599731445312,728.6599731445312,290812
2025-09-11,732.22998046875,732.22998046875,726.3900146484375,729.8800048828125,729.8800048828125,179990
2025-09-12,735.8499755859375,735.8499755859375,730.0,732.219970703125,732.219970703125,135770
2025-09-15,725.0,739.7000122070312,725.0,736.2999877929688,736.2999877929688,231942
2025-09-16,743.0,743.0,730.5,739.8699951171875,739.8699951171875,183863
2025-09-17,743.5700073242188,745.1099853515625,734.97998046875,743.0999755859375,743.0999755859375,260953
2025-09-18,743.0999755859375,746.5499877929688,737.6500244140625,744.9299926757812,744.9299926757812,204706
2025-09-19,767.280029296875,767.280029296875,739.5,748.75,748.75,199109
2025-09-22,754.3499755859375,756.0,743.0,749.8900146484375,749.8900146484375,404323
2025-09-23,756.8900146484375,758.1099853515625,745.1799926757812,748.219970703125,748.219970703125,195576
2025-09-24,748.219970703125,754.5,738.5,740.1900024414062,740.1900024414062,216221
2025-09-25,743.8900146484375,746.8499755859375,733.5,734.7899780273438,734.7899780273438,395742
2025-09-26,737.9500122070312,737.9500122070312,721.4000244140625,722.5900268554688,722.5900268554688,447678
2025-09-29,716.0,729.7100219726562,716.0,728.9500122070312,728.9500122070312,192028
2025-09-30,734.3499755859375,734.3499755859375,723.1199951171875,729.8599853515625,729.8599853515625,212521
2025-10-01,737.3499755859375,737.3499755859375,724.02001953125,731.260009765625,731.260009765625,372893
2025-10-03,738.0,738.0,724.0,734.7899780273438,734.7899780273438,273047
2025-10-06,743.3900146484375,743.3900146484375,728.9099731445312,737.510009765625,737.510009765625,527557
2025-10-07,759.6400146484375,759.6400146484375,731.6099853515625,736.1599731445312,736.1599731445312,322704
2025-10-08,743.0,743.0,730.0499877929688,731.1099853515625,731.1099853515625,234576
2025-10-09,739.0,739.3699951171875,724.0,734.77001953125,734.77001953125,171850
2025-10-10,728.0,756.9000244140625,721.0,736.8800048828125,736.8800048828125,215425
2025-10-13,737.6099853515625,737.9000244140625,731.2100219726562,735.969970703125,735.969970703125,240905
2025-10-14,758.0499877929688,758.0499877929688,730.0800170898438,732.22998046875,732.22998046875,209280
2025-10-15,733.0,741.72998046875,730.9199829101562,741.1900024414062,741.1900024414062,289626
2025-10-16,763.4299926757812,763.4299926757812,738.780029296875,745.02001953125,745.02001953125,200354
2025-10-17,751.1300048828125,751.1300048828125,739.5,745.469970703125,745.469970703125,394356
2025-10-20,753.969970703125,754.0700073242188,741.0,746.7999877929688,746.7999877929688,277177
2025-10-21,755.0,755.0,741.4199829101562,747.739990234375,747.739990234375,126186
2025-10-23,770.1699829101562,777.0,744.5,746.6300048828125,746.6300048828125,385135
2025-10-27,768.52001953125,768.52001953125,740.5,748.72998046875,748.72998046875,230586
2025-10-28,760.0,760.0,736.0,745.0499877929688,745.0499877929688,193570
2025-10-29,745.0499877929688,754.989990234375,744.0,753.6400146484375,753.6400146484375,280254
2025-10-30,765.0,772.0,744.989990234375,751.8900146484375,751.8900146484375,542493
2025-10-31,759.0,759.0,750.0,750.9500122070312,750.9500122070312,268711
2025-11-03,761.0,763.0,742.9500122070312,757.6799926757812,757.6799926757812,294200
2025-11-04,763.3499755859375,763.3499755859375,753.489990234375,754.3900146484375,754.3900146484375,170707
2025-11-06,759.3499755859375,759.3499755859375,745.0,745.7100219726562,745.7100219726562,342814
2025-11-07,752.97998046875,752.97998046875,735.5900268554688,746.3400268554688,746.3400268554688,331370
2025-11-10,746.3900146484375,764.8499755859375,741.0,749.469970703125,749.469970703125,350221
2025-11-11,752.0900268554688,753.6900024414062,742.7999877929688,749.9099731445312,749.9099731445312,224895
2025-11-12,757.3499755859375,757.3499755859375,750.2100219726562,751.4299926757812,751.4299926757812,226514
2025-11-13,754.8900146484375,754.8900146484375,748.9500122070312,751.3300170898438,751.3300170898438,274128
2025-11-14,773.8699951171875,773.8699951171875,743.8200073242188,750.8800048828125,750.8800048828125,258929
2025-11-17,755.0,756.0,749.239990234375,754.510009765625,754.510009765625,234880
2025-11-18,758.3499755859375,758.3499755859375,748.0,749.5999755859375,749.5999755859375,271181
2025-11-19,755.0,755.0,745.6099853515625,749.4099731445312,749.4099731445312,203290
2025-11-20,755.0,755.0,747.2999877929688,748.52001953125,748.52001953125,274326
2025-11-21,750.2999877929688,750.2999877929688,738.5,739.0900268554688,739.0900268554688,379882
2025-11-24,743.989990234375,744.0,731.1500244140625,731.8499755859375,731.8499755859375,305348
2025-11-25,726.3599853515625,738.4400024414062,726.1599731445312,733.5800170898438,733.5800170898438,202459
2025-11-26,755.5900268554688,755.5900268554688,730.0,743.8200073242188,743.8200073242188,260104
2025-11-27,748.0,748.0,741.0999755859375,742.8800048828125,742.8800048828125,234579
2025-11-28,765.1699829101562,765.1699829101562,740.02001953125,744.1199951171875,744.1199951171875,176787
2025-12-01,747.2000122070312,748.5900268554688,741.5499877929688,744.8800048828125,744.8800048828125,368218
2025-12-02,751.5800170898438,751.5800170898438,740.5800170898438,744.3099975585938,744.3099975585938,214322
2025-12-03,741.5800170898438,747.1400146484375,734.0399780273438,734.489990234375,734.489990234375,619394
2025-12-04,740.72998046875,741.489990234375,732.7999877929688,737.8699951171875,737.8699951171875,227338
2025-12-05,741.0,741.0,733.5,739.6400146484375,739.6400146484375,305288
2025-12-08,742.6400146484375,744.6400146484375,721.5999755859375,724.489990234375,724.489990234375,689033
2025-12-09,727.489990234375,729.489990234375,714.7999877929688,728.77001953125,728.77001953125,430196
2025-12-10,732.0,733.8699951171875,723.8099975585938,726.9000244140625,726.9000244140625,233376
2025-12-11,730.989990234375,732.5,723.1400146484375,731.1500244140625,731.1500244140625,240011
2025-12-12,734.1500244140625,737.0,730.010009765625,736.4099731445312,736.4099731445312,295695
2025-12-15,740.0,740.5900268554688,732.0,737.3300170898438,737.3300170898438,223822
2025-12-16,740.3300170898438,740.3300170898438,728.6799926757812,735.760009765625,735.760009765625,201525
2025-12-17,731.0,738.6500244140625,731.0,732.5399780273438,732.5399780273438,212889
2025-12-18,735.530029296875,736.0,723.5800170898438,729.6799926757812,729.6799926757812,279324
2025-12-19,734.8281860351562,734.8281860351562,734.8281860351562,734.8281860351562,734.8281860351562,0
2025-12-22,737.9000244140625,740.0999755859375,734.2000122070312,738.9500122070312,738.9500122070312,345578
2025-12-23,742.0,745.0,736.0,742.7899780273438,742.7899780273438,289357
2025-12-24,742.219970703125,745.9600219726562,738.010009765625,741.4199829101562,741.4199829101562,191512
2025-12-26,744.4099731445312,744.9500122070312,738.0,741.4600219726562,741.4600219726562,261406
2025-12-29,744.5,744.5,737.1199951171875,738.5800170898438,738.5800170898438,273211
2025-12-30,741.5800170898438,741.5800170898438,734.0,739.1199951171875,739.1199951171875,285477
2025-12-31,742.0,746.280029296875,736.1199951171875,744.8800048828125,744.8800048828125,361355
2026-01-01,745.4000244140625,748.469970703125,743.52001953125,747.760009765625,747.760009765625,232825
2026-01-02,750.0,765.0,747.6900024414062,755.8599853515625,755.8599853515625,426982
2026-01-05,760.0800170898438,760.0800170898438,752.780029296875,756.1199951171875,756.1199951171875,405269
2026-01-06,760.0,760.3099975585938,752.0499877929688,759.8499755859375,759.8499755859375,778747
2026-01-07,759.0,762.989990234375,756.8599853515625,760.8400268554688,760.8400268554688,424559
2026-01-08,762.4400024414062,762.4400024414062,743.4099731445312,744.780029296875,744.780029296875,565734
2026-01-09,747.0,748.2999877929688,734.7100219726562,737.3200073242188,737.3200073242188,517148
2026-01-12,740.0,740.0,728.0599975585938,738.6699829101562,738.6699829101562,722511
2026-01-13,740.6699829101562,743.8400268554688,731.3499755859375,737.0599975585938,737.0599975585938,516660
2026-01-14,740.0,745.0,733.760009765625,741.3099975585938,741.3099975585938,465966
2026-01-15,741.3099975585938,741.3099975585938,741.3099975585938,741.3099975585938,741.3099975585938,0
2026-01-16,744.0,746.489990234375,736.7000122070312,740.6900024414062,740.6900024414062,494936
2026-01-19,742.0800170898438,744.5,737.0,738.6300048828125,738.6300048828125,546844
2026-01-20,738.6300048828125,741.1500244140625,720.010009765625,722.6400146484375,722.6400146484375,781740
2026-01-21,725.0,725.02001953125,710.1699829101562,719.0900268554688,719.0900268554688,760440
2026-01-22,722.0,730.9000244140625,716.5900268554688,727.469970703125,727.469970703125,284206
2026-01-23,730.7999877929688,730.7999877929688,711.010009765625,713.2999877929688,713.2999877929688,585613
2026-01-27,714.8200073242188,719.0,709.2000122070312,717.0599975585938,717.0599975585938,643370
2026-01-28,715.0,733.0,715.0,732.0,732.0,499784
2026-01-29,729.0,734.8099975585938,727.2899780273438,733.9500122070312,733.9500122070312,428250
2026-01-30,735.9500122070312,735.9500122070312,725.0499877929688,729.6099853515625,729.6099853515625,780267
2026-02-02,721.219970703125,723.0,705.72998046875,721.2100219726562,721.2100219726562,581845
2026-02-03,739.6699829101562,749.1900024414062,735.0,738.7899780273438,738.7899780273438,697688
2026-02-04,743.0,744.8900146484375,730.5999755859375,744.0499877929688,744.0499877929688,425652
2026-02-05,748.0,748.0,735.5999755859375,740.3300170898438,740.3300170898438,472540
2026-02-06,745.0,745.0,733.0,742.1900024414062,742.1900024414062,503509
2026-02-09,748.0,749.25,738.0,748.6599731445312,748.6599731445312,483720
2026-02-10,748.6599731445312,752.760009765625,747.7000122070312,751.6099853515625,751.6099853515625,393463
2026-02-11,756.8699951171875,756.8699951171875,749.02001953125,753.8499755859375,753.8499755859375,444562
2026-02-12,757.780029296875,757.780029296875,747.5499877929688,751.0399780273438,751.0399780273438,248297
2026-02-13,755.0,755.0,737.2100219726562,740.8900146484375,740.8900146484375,394474
2026-02-16,734.02001953125,763.1199951171875,734.02001953125,747.260009765625,747.260009765625,323804
2026-02-17,749.489990234375,751.6900024414062,743.4600219726562,751.27001953125,751.27001953125,269258
2026-02-18,758.0,758.0,744.0,755.3599853515625,755.3599853515625,297119
2026-02-19,765.0,765.0,741.0,743.4400024414062,743.4400024414062,403130
2026-02-20,745.0800170898438,749.8300170898438,739.010009765625,747.5599975585938,747.5599975585938,196205
2026-02-23,753.0,753.9500122070312,735.0,749.6699829101562,749.6699829101562,262382
2026-02-24,756.0,756.0,743.0,750.280029296875,750.280029296875,289249
2026-02-25,749.72998046875,757.2000122070312,749.72998046875,756.010009765625,756.010009765625,567721
2026-02-26,763.0,763.0,753.5399780273438,758.6699829101562,758.6699829101562,323640
2026-02-27,758.6699829101562,758.6699829101562,748.0,750.47998046875,750.47998046875,408773
2026-03-02,733.0700073242188,753.97998046875,727.0,739.9500122070312,739.9500122070312,1145821
2026-03-04,762.1500244140625,762.1500244140625,716.260009765625,719.9099731445312,719.9099731445312,1063556
2026-03-05,726.75,730.7899780273438,698.3099975585938,729.3099975585938,729.3099975585938,629291
2026-03-06,731.2100219726562,732.6599731445312,707.4299926757812,727.2000122070312,727.2000122070312,338737
2026-03-09,724.3599853515625,724.3599853515625,700.5499877929688,711.5399780273438,711.5399780273438,1262872
2026-03-10,720.0,725.7999877929688,712.5,724.260009765625,724.260009765625,486275
2026-03-11,728.5,729.0,715.2000122070312,716.6199951171875,716.6199951171875,551783
2026-03-12,718.97998046875,719.8900146484375,703.510009765625,715.8400268554688,715.8400268554688,724196
2026-03-13,717.7999877929688,717.7999877929688,696.5999755859375,699.7100219726562,699.7100219726562,1226236
2026-03-16,692.0,705.9400024414062,684.4099731445312,693.6699829101562,693.6699829101562,940865
2026-03-17,701.6500244140625,702.0,691.22998046875,700.6099853515625,700.6099853515625,593145
2026-03-18,706.780029296875,709.4500122070312,697.4299926757812,706.47998046875,706.47998046875,838725
2026-03-19,706.5499877929688,706.5499877929688,683.6099853515625,688.1400146484375,688.1400146484375,1277879
2026-03-20,692.0,699.5,685.0,688.510009765625,688.510009765625,547732
2026-03-23,688.6500244140625,688.6500244140625,660.8400268554688,662.1699829101562,662.1699829101562,1596516
2026-03-24,668.02001953125,679.0,661.7000122070312,672.2899780273438,672.2899780273438,1004778
2026-03-25,681.0,689.9000244140625,673.5,686.239990234375,686.239990234375,569676
2026-03-27,694.489990234375,694.489990234375,670.0,671.0599975585938,671.0599975585938,862625
2026-03-30,668.3099975585938,668.3099975585938,650.0999755859375,651.9000244140625,651.9000244140625,1603413
2026-04-01,640.02001953125,675.9000244140625,632.3400268554688,669.6599731445312,669.6599731445312,541499
2026-04-02,680.0,680.0,647.5,668.77001953125,668.77001953125,1040679
2026-04-06,668.4400024414062,677.6699829101562,663.4199829101562,676.8300170898438,676.8300170898438,1307896
2026-04-07,689.219970703125,689.219970703125,669.0,680.8599853515625,680.8599853515625,614444
2026-04-08,692.0,714.9500122070312,692.0,713.5399780273438,713.5399780273438,872931
2026-04-09,723.0,723.0,707.010009765625,713.9199829101562,713.9199829101562,655578
2026-04-10,720.2899780273438,730.8900146484375,714.780029296875,729.4600219726562,729.4600219726562,923386
2026-04-13,723.1099853515625,725.489990234375,707.5800170898438,723.5999755859375,723.5999755859375,714013
2026-04-15,745.3099975585938,745.3099975585938,730.2999877929688,738.6199951171875,738.6199951171875,585196
2026-04-16,745.2999877929688,747.1699829101562,739.2999877929688,746.1599731445312,746.1599731445312,604233
2026-04-17,749.7999877929688,758.9400024414062,743.489990234375,757.5999755859375,757.5999755859375,692841
2026-04-20,756.9500122070312,762.3699951171875,750.0,756.5499877929688,756.5499877929688,822748
2026-04-21,756.5499877929688,764.9000244140625,756.5499877929688,762.6099853515625,762.6099853515625,440267
2026-04-22,761.8800048828125,769.7999877929688,759.0,768.27001953125,768.27001953125,498602
2026-04-23,767.0,767.0,758.0,759.6500244140625,759.6500244140625,464203
2026-04-24,765.0,765.0,747.0,754.260009765625,754.260009765625,457599
2026-04-27,761.4299926757812,764.2999877929688,755.7999877929688,763.3800048828125,763.3800048828125,364426
2026-04-28,766.0399780273438,766.0399780273438,760.0999755859375,761.6199951171875,761.6199951171875,285565
2026-04-29,764.5599975585938,766.27001953125,758.75,759.760009765625,759.760009765625,362237
2026-04-30,757.7000122070312,759.1900024414062,745.0999755859375,752.7999877929688,752.7999877929688,434879
2026-05-01,752.7999877929688,752.7999877929688,752.7999877929688,752.7999877929688,752.7999877929688,0
2026-05-04,775.3800048828125,775.3800048828125,752.8900146484375,759.219970703125,759.219970703125,373904
2026-05-05,762.7999877929688,763.5,750.5499877929688,762.47998046875,762.47998046875,240316
2026-05-06,775.0599975585938,775.0599975585938,763.3400268554688,773.0700073242188,773.0700073242188,365966
2026-05-07,749.8800048828125,777.2999877929688,749.8800048828125,774.969970703125,774.969970703125,395842
2026-05-08,760.02001953125,777.219970703125,760.02001953125,771.72998046875,771.72998046875,313544
2026-05-11,770.719970703125,770.72998046875,756.260009765625,758.9000244140625,758.9000244140625,629827
2026-05-12,752.2999877929688,759.9500122070312,738.1500244140625,740.489990234375,740.489990234375,686292
2026-05-13,741.989990234375,750.5,732.5,745.8599853515625,745.8599853515625,510378
2026-05-14,750.2999877929688,754.9000244140625,742.0,753.2000122070312,753.2000122070312,389199
2026-05-15,755.9000244140625,755.9000244140625,746.510009765625,747.8599853515625,747.8599853515625,318629
2026-05-18,746.739990234375,746.739990234375,728.6500244140625,740.5999755859375,740.5999755859375,542569
2026-05-19,738.1199951171875,748.25,738.1099853515625,744.7999877929688,744.7999877929688,284574
2026-05-20,744.0599975585938,748.5,735.530029296875,747.489990234375,747.489990234375,225433
2026-05-21,756.2999877929688,756.2999877929688,748.1500244140625,749.5800170898438,749.5800170898438,259355
2026-05-22,748.030029296875,768.3200073242188,748.030029296875,753.3599853515625,753.3599853515625,271801
2026-05-25,755.2999877929688,767.0,755.2999877929688,764.7999877929688,764.7999877929688,517432
2026-05-26,766.7999877929688,768.7999877929688,762.510009765625,765.6799926757812,765.6799926757812,378122
2026-05-27,758.1699829101562,776.9400024414062,758.1699829101562,775.1099853515625,775.1099853515625,485830
2026-05-28,775.1099853515625,775.1099853515625,775.1099853515625,775.1099853515625,775.1099853515625,0
2026-05-29,759.6099853515625,780.8900146484375,759.6099853515625,767.8599853515625,767.8599853515625,718861
2026-06-01,772.2899780273438,772.2999877929688,754.0999755859375,755.2000122070312,755.2000122070312,818907
2026-06-02,753.0,757.8900146484375,747.0,757.3099975585938,757.3099975585938,541297
2026-06-03,761.2999877929688,761.2999877929688,746.530029296875,753.780029296875,753.780029296875,538082
2026-06-04,768.8599853515625,768.8599853515625,747.4600219726562,756.0800170898438,756.0800170898438,226193
2026-06-05,762.0,762.2999877929688,753.7999877929688,757.760009765625,757.760009765625,363807
2026-06-08,757.760009765625,768.0,741.5999755859375,744.8800048828125,744.8800048828125,593024
2026-06-09,752.0,756.0,744.72998046875,755.3499755859375,755.3499755859375,226454
2026-06-10,752.6400146484375,757.6300048828125,743.0,746.6199951171875,746.6199951171875,261961
2026-06-11,757.6300048828125,757.6300048828125,737.5599975585938,738.47998046875,738.47998046875,291787
2026-06-12,749.9000244140625,757.0,743.5,755.72998046875,755.72998046875,440665
2026-06-15,773.2999877929688,776.5499877929688,762.0,773.4199829101562,773.4199829101562,739827
2026-06-16,779.2999877929688,779.2999877929688,770.1900024414062,774.780029296875,774.780029296875,312842
2026-06-17,777.5,780.7000122070312,772.4500122070312,779.8400268554688,779.8400268554688,457488
2026-06-18,778.0800170898438,785.0,775.3200073242188,783.469970703125,783.469970703125,372772
2026-06-19,787.3099975585938,787.3099975585938,777.5,781.0399780273438,781.0399780273438,352600
2026-06-22,787.989990234375,788.0,780.1400146484375,786.8300170898438,786.8300170898438,451146
2026-06-23,774.0,789.969970703125,774.0,778.2000122070312,778.2000122070312,472118
2026-06-24,774.25,780.5,774.0,778.4000244140625,778.4000244140625,302995
2026-06-25,783.5,783.52001953125,779.0,779.6500244140625,779.6500244140625,537720
2026-06-26,779.6500244140625,779.6500244140625,779.6500244140625,779.6500244140625,779.6500244140625,0
2026-06-29,784.5999755859375,784.5999755859375,770.6599731445312,772.9600219726562,772.9600219726562,343731
2026-06-30,778.5,778.5,770.8499755859375,773.97998046875,773.97998046875,276959
2026-07-01,777.989990234375,779.52001953125,758.5,779.1500244140625,779.1500244140625,511310
2026-07-02,784.5,784.5,763.5700073242188,782.4199829101562,782.4199829101562,457530
2026-07-03,798.0700073242188,798.0700073242188,779.6099853515625,780.7100219726562,780.7100219726562,760141
2026-07-06,784.989990234375,786.0,780.7100219726562,784.8400268554688,784.8400268554688,430323
2026-07-07,787.0,787.489990234375,778.6099853515625,780.280029296875,780.280029296875,295254
2026-07-08,779.27001953125,779.5800170898438,761.1099853515625,765.8800048828125,765.8800048828125,697932
2026-07-09,763.4600219726562,774.489990234375,763.4500122070312,771.8200073242188,771.8200073242188,376074
2026-07-10,776.0,782.5,774.010009765625,781.8499755859375,781.8499755859375,390193
2026-07-13,786.0,786.0,772.0,779.1900024414062,779.1900024414062,328470
2026-07-14,779.0,779.0,772.0,776.3900146484375,776.3900146484375,297157
2026-07-15,782.280029296875,782.5,776.0,778.8400268554688,778.8400268554688,267168
2026-07-16,782.0,784.0,776.0,776.97998046875,776.97998046875,279146
2026-07-17,765.5999755859375,779.0,765.5999755859375,776.1099853515625,776.1099853515625,251285
2026-07-20,777.5,782.0,772.0399780273438,781.489990234375,781.489990234375,309091
2026-07-21,797.1199951171875,797.1199951171875,779.3699951171875,784.4299926757812,784.4299926757812,283010
2026-07-22,784.7000122070312,786.0,778.5,779.6099853515625,779.6099853515625,277542
2026-07-23,783.0,784.239990234375,774.3900146484375,776.239990234375,776.239990234375,447617
2026-07-24,775.97998046875,778.0,766.52001953125,776.2999877929688,776.2999877929688,314178
2026-07-27,780.0,784.47998046875,777.3200073242188,783.4500122070312,783.4500122070312,338305
2026-07-28,781.5,785.5,778.52001953125,779.5800170898438,779.5800170898438,271082
2026-07-29,783.7999877929688,784.1500244140625,781.0,783.510009765625,783.510009765625,249083
2026-07-30,799.1799926757812,799.1799926757812,780.0,784.3499755859375,784.3499755859375,265371
2026-07-31,784.3400268554688,796.9000244140625,783.0,795.6500244140625,795.6500244140625,608159
2026-08-03,800.0,805.0,795.0,801.5900268554688,801.5900268554688,548402
2026-08-04,805.5999755859375,810.5999755859375,801.25,802.0,802.0,308254
2026-08-05,818.0399780273438,818.0399780273438,788.0,805.739990234375,805.739990234375,376109
2026-08-06,810.5999755859375,810.5999755859375,803.7999877929688,807.25,807.25,234994
2026-08-07,812.2999877929688,812.2999877929688,803.1099853515625,807.6300048828125,807.6300048828125,361061
2026-08-10,813.5,813.5,791.47998046875,809.0,809.0,255645
2026-08-11,801.0,810.47998046875,792.8200073242188,807.7000122070312,807.7000122070312,307666
2026-08-12,813.2999877929688,813.2999877929688,802.5,806.3099975585938,806.3099975585938,258176
2026-08-13,815.2999877929688,815.2999877929688,782.1199951171875,807.6900024414062,807.6900024414062,217630
2026-08-14,815.0999755859375,815.0999755859375,794.0,807.8099975585938,807.8099975585938,586595
2026-08-17,823.969970703125,823.969970703125,804.2000122070312,808.27001953125,808.27001953125,263187
2026-08-18,815.0,815.0,805.010009765625,805.9000244140625,805.9000244140625,262809
2026-08-19,799.8599853515625,806.0599975585938,799.0999755859375,799.8499755859375,799.8499755859375,1560194
2026-08-20,808.219970703125,808.219970703125,802.2000122070312,803.1099853515625,803.1099853515625,319972
2026-08-21,800.5599975585938,805.3900146484375,799.0900268554688,800.27001953125,800.27001953125,277039
2026-08-24,807.469970703125,807.469970703125,794.27001953125,799.9400024414062,799.9400024414062,365576
2026-08-25,807.1400146484375,807.1400146484375,797.2000122070312,804.1400146484375,804.1400146484375,192124
2026-08-26,811.3800048828125,811.3800048828125,800.1099853515625,806.9000244140625,806.9000244140625,290795
2026-08-27,814.1599731445312,814.1599731445312,803.25,805.780029296875,805.780029296875,369315
2026-08-28,821.9000244140625,821.9000244140625,800.5,801.2899780273438,801.2899780273438,194210
2026-08-31,809.0999755859375,809.0999755859375,792.010009765625,793.8599853515625,793.8599853515625,371018
2026-09-01,809.739990234375,809.739990234375,786.219970703125,788.1699829101562,788.1699829101562,381093
2026-09-02,807.8699951171875,807.8699951171875,778.0,788.4000244140625,788.4000244140625,563104
2026-09-03,793.5,793.5800170898438,787.0,788.739990234375,788.739990234375,438702
2026-09-04,795.8400268554688,795.8400268554688,784.0,791.0700073242188,791.0700073242188,283994
2026-09-07,790.0,796.2999877929688,785.2000122070312,786.260009765625,786.260009765625,260292
2026-09-08,788.780029296875,790.0,783.4600219726562,787.5900268554688,787.5900268554688,233675
2026-09-09,771.8400268554688,791.989990234375,771.8400268554688,789.3699951171875,789.3699951171875,239411
2026-09-10,791.8200073242188,791.8200073242188,784.5,785.7899780273438,785.7899780273438,187309
2026-09-11,787.2999877929688,787.2999877929688,773.5,781.9600219726562,781.9600219726562,470922
2026-09-14,781.9600219726562,781.9600219726562,781.9600219726562,781.9600219726562,781.9600219726562,0
2026-09-15,797.5999755859375,797.5999755859375,757.6799926757812,762.7100219726562,762.7100219726562,586902
2026-09-16,760.0,766.7000122070312,754.4000244140625,764.8200073242188,764.8200073242188,302310
2026-09-17,767.9600219726562,773.4000244140625,761.0,771.9400024414062,771.9400024414062,212891
2026-09-18,778.2999877929688,782.0,766.1500244140625,781.1099853515625,781.1099853515625,180919
2026-09-21,787.2999877929688,787.2999877929688,777.0,782.3099975585938,782.3099975585938,240546
2026-09-22,786.0599975585938,786.0700073242188,777.0,778.5499877929688,778.5499877929688,232951
2026-09-23,782.4400024414062,785.0,778.2100219726562,784.5399780273438,784.5399780273438,258317
2026-09-24,780.6199951171875,781.5399780273438,772.0800170898438,773.760009765625,773.760009765625,322504
2026-09-25,777.2999877929688,777.77001953125,771.6099853515625,776.6900024414062,776.6900024414062,343338
2026-09-28,778.4199829101562,778.4199829101562,757.27001953125,761.9000244140625,761.9000244140625,532878
2026-09-29,765.0,765.0,753.6599731445312,761.6599731445312,761.6599731445312,412917
2026-10-01,775.2100219726562,775.2100219726562,738.0,747.52001953125,747.52001953125,759140
