Date,Open,High,Low,Close,Adj Close,Volume
2014-10-01,1000.0,1000.010009765625,999.989990234375,1000.0,650.3617553710938,0
2014-10-07,1000.0,1025.0,999.989990234375,999.989990234375,650.3554077148438,0
2014-10-08,1000.0,1000.010009765625,999.989990234375,999.989990234375,650.3554077148438,0
2014-10-09,1000.0,1000.010009765625,999.989990234375,1000.0,650.3617553710938,0
2014-10-10,999.989990234375,1000.010009765625,999.989990234375,1000.0,650.3617553710938,0
2014-10-13,999.989990234375,1000.010009765625,999.989990234375,999.989990234375,650.3554077148438,0
2014-10-14,999.989990234375,1000.010009765625,999.989990234375,999.989990234375,650.3554077148438,0
2014-10-15,1000.0,1000.0,1000.0,1000.0,650.3617553710938,0
2014-10-16,999.989990234375,1000.010009765625,999.989990234375,999.989990234375,650.3554077148438,0
2014-10-17,999.989990234375,1000.010009765625,999.989990234375,999.989990234375,650.3554077148438,0
2014-10-20,999.989990234375,1000.010009765625,999.989990234375,1000.0,650.3617553710938,0
2014-10-21,999.989990234375,1000.010009765625,999.989990234375,1000.0,650.3617553710938,0
2014-10-22,1000.0,1000.010009765625,999.989990234375,1000.0,650.3617553710938,0
2014-10-27,999.989990234375,1000.010009765625,999.989990234375,1000.0,650.3617553710938,0
2014-10-28,999.989990234375,1000.010009765625,999.989990234375,1000.0,650.3617553710938,0
2014-10-29,1000.0,1003.989990234375,999.989990234375,1000.010009765625,650.3679809570312,0
2014-10-30,1000.0,1000.010009765625,999.989990234375,1000.0,650.3617553710938,0
2014-10-31,1000.0,1000.010009765625,999.989990234375,1000.0,653.357177734375,0
2014-11-03,1000.0,1000.010009765625,999.989990234375,1000.0,653.357177734375,0
2014-11-05,1000.0,1000.010009765625,999.989990234375,1000.0,653.357177734375,0
2014-11-07,999.989990234375,1000.010009765625,999.989990234375,999.989990234375,653.3509521484375,0
2014-11-10,999.989990234375,1000.010009765625,999.989990234375,999.989990234375,653.3509521484375,0
2014-11-11,999.0,1000.010009765625,999.0,999.989990234375,653.3509521484375,0
2014-11-12,1000.0,1000.010009765625,999.989990234375,999.989990234375,653.3509521484375,0
2014-11-13,1000.0,1000.010009765625,999.989990234375,1000.0,653.357177734375,0
2014-11-14,1000.0,1000.010009765625,999.989990234375,1000.0,653.357177734375,0
2014-11-17,1000.0,1000.010009765625,999.989990234375,999.989990234375,653.3509521484375,0
2014-11-18,1000.0,1000.010009765625,999.989990234375,999.989990234375,653.3509521484375,0
2014-11-19,1000.0,1000.010009765625,999.989990234375,1000.0,653.357177734375,0
2014-11-20,999.989990234375,1000.010009765625,999.989990234375,999.989990234375,653.3509521484375,0
2014-11-21,1000.0,1000.010009765625,999.989990234375,1000.0,653.357177734375,0
2014-11-24,1000.0,1000.010009765625,999.989990234375,1000.0,653.357177734375,0
2014-11-25,1000.0,1000.010009765625,999.989990234375,1000.0,653.357177734375,0
2014-11-26,1000.0,1000.010009765625,999.989990234375,999.989990234375,653.3509521484375,0
2014-11-27,999.989990234375,1000.010009765625,999.989990234375,1000.0,653.357177734375,0
2014-11-28,1000.0,1000.010009765625,999.989990234375,999.989990234375,656.177734375,0
2014-12-01,999.989990234375,1000.010009765625,999.989990234375,1000.0,656.1847534179688,0
2014-12-02,1000.0,1000.010009765625,999.989990234375,999.989990234375,656.177734375,0
2014-12-03,1000.0,1000.010009765625,999.989990234375,999.989990234375,656.177734375,0
2014-12-04,1000.0,1000.010009765625,999.989990234375,999.989990234375,656.177734375,0
2014-12-05,1000.0,1000.010009765625,999.989990234375,999.989990234375,656.177734375,0
2014-12-08,1000.0,1000.010009765625,999.989990234375,999.989990234375,656.177734375,0
2014-12-09,999.989990234375,1000.010009765625,999.989990234375,999.989990234375,656.177734375,0
2014-12-10,999.989990234375,1000.010009765625,999.989990234375,999.989990234375,656.177734375,0
2014-12-11,999.989990234375,1000.010009765625,999.989990234375,999.989990234375,656.177734375,0
2014-12-12,1000.0,1000.010009765625,999.989990234375,999.989990234375,656.177734375,0
2014-12-15,1000.0,1000.010009765625,999.989990234375,999.989990234375,656.177734375,0
2014-12-16,999.989990234375,1000.010009765625,999.989990234375,999.989990234375,656.177734375,0
2014-12-17,999.989990234375,1000.010009765625,999.989990234375,1000.0,656.1847534179688,0
2014-12-18,999.989990234375,1000.010009765625,999.989990234375,1000.0,656.1847534179688,0
2014-12-19,999.989990234375,1000.010009765625,999.989990234375,1000.0,656.1847534179688,0
2014-12-22,1000.0,1000.010009765625,999.989990234375,999.989990234375,656.177734375,0
2014-12-23,1000.0,1000.010009765625,999.989990234375,1000.0,656.1847534179688,0
2014-12-24,1000.010009765625,1000.010009765625,999.989990234375,999.989990234375,656.177734375,0
2014-12-26,1000.0,1000.010009765625,999.989990234375,1000.0,656.1847534179688,0
2014-12-29,1000.0,1000.010009765625,999.989990234375,1000.0,656.1847534179688,0
2014-12-30,1000.0,1000.010009765625,999.989990234375,1000.0,656.1847534179688,0
2014-12-31,1000.0,1000.010009765625,999.989990234375,1000.0,659.257568359375,0
2015-01-01,999.989990234375,1000.0,999.989990234375,999.989990234375,659.250732421875,0
2015-01-02,999.989990234375,1000.010009765625,999.989990234375,1000.0,659.257568359375,0
2015-01-05,1000.0,1000.010009765625,999.989990234375,999.989990234375,659.250732421875,0
2015-01-06,1000.0,1000.010009765625,999.989990234375,1000.0,659.257568359375,0
2015-01-07,1000.0,1000.010009765625,999.989990234375,999.989990234375,659.250732421875,0
2015-01-08,1000.010009765625,1000.010009765625,999.989990234375,1000.0,659.257568359375,0
2015-01-09,999.989990234375,1000.010009765625,999.989990234375,1000.0,659.257568359375,0
2015-01-12,999.989990234375,1000.010009765625,999.989990234375,999.989990234375,659.250732421875,0
2015-01-13,1000.0,1000.010009765625,999.989990234375,1000.0,659.257568359375,0
2015-01-14,1000.0,1000.010009765625,999.989990234375,999.989990234375,659.250732421875,0
2015-01-15,999.989990234375,1000.010009765625,999.989990234375,999.989990234375,659.250732421875,0
2015-01-16,1000.0,1000.010009765625,999.989990234375,1000.0,659.257568359375,0
2015-01-19,1000.0,1000.010009765625,999.989990234375,999.989990234375,659.250732421875,0
2015-01-20,999.989990234375,1000.010009765625,999.989990234375,1000.0,659.257568359375,0
2015-01-21,1000.0,1000.010009765625,999.989990234375,1000.0,659.257568359375,0
2015-01-22,1000.0,1000.010009765625,999.989990234375,999.989990234375,659.250732421875,0
2015-01-23,1000.0,1000.010009765625,999.989990234375,1000.0,659.257568359375,0
2015-01-27,1000.0,1000.010009765625,999.989990234375,1000.0,659.257568359375,0
2015-01-28,1000.0,1000.010009765625,999.989990234375,1000.0,659.257568359375,0
2015-01-29,1000.0,1000.010009765625,999.989990234375,1000.0,659.257568359375,0
2015-01-30,999.989990234375,1000.010009765625,999.989990234375,999.989990234375,662.1886596679688,0
2015-02-02,999.989990234375,1000.010009765625,999.989990234375,999.989990234375,662.1886596679688,0
2015-02-03,1000.0,1000.010009765625,999.989990234375,999.989990234375,662.1886596679688,0
2015-02-04,1000.0,1000.010009765625,999.989990234375,999.989990234375,662.1886596679688,0
2015-02-05,1000.0,1000.010009765625,999.989990234375,1000.0,662.195556640625,0
2015-02-06,1000.0,1000.010009765625,999.989990234375,999.989990234375,662.1886596679688,0
2015-02-09,999.989990234375,1000.010009765625,999.989990234375,999.989990234375,662.1886596679688,0
2015-02-10,999.989990234375,1000.0,999.989990234375,999.989990234375,662.1886596679688,0
2015-02-11,1000.0,1000.010009765625,999.989990234375,999.989990234375,662.1886596679688,0
2015-02-12,1000.0,1000.010009765625,999.989990234375,999.989990234375,662.1886596679688,0
2015-02-13,1000.0,1000.010009765625,999.989990234375,1000.0,662.195556640625,0
2015-02-16,1000.0,1000.010009765625,999.989990234375,1000.0,662.195556640625,0
2015-02-18,1000.0,1000.010009765625,999.989990234375,1000.0,662.195556640625,0
2015-02-19,1000.0,1000.010009765625,999.989990234375,1000.0,662.195556640625,0
2015-02-20,1000.0,1000.010009765625,999.989990234375,1000.0,662.195556640625,0
2015-02-23,1000.0,1000.010009765625,999.989990234375,1000.0,662.195556640625,0
2015-02-24,1000.0,1000.010009765625,999.989990234375,999.989990234375,662.1886596679688,0
2015-02-25,1000.0,1000.010009765625,999.989990234375,999.989990234375,662.1886596679688,0
2015-02-26,1000.0,1000.010009765625,999.989990234375,1000.0,662.195556640625,0
2015-02-27,999.989990234375,1000.010009765625,999.989990234375,1000.0,664.8380126953125,0
2015-03-02,1000.0,1000.010009765625,999.989990234375,999.989990234375,664.8314819335938,0
2015-03-03,1000.0,1000.010009765625,999.989990234375,999.989990234375,664.8314819335938,0
2015-03-04,1000.0,1000.010009765625,999.989990234375,1000.0,664.8380126953125,0
2015-03-05,1000.0,1000.010009765625,999.989990234375,999.989990234375,664.8314819335938,0
2015-03-09,1000.0,1000.010009765625,999.989990234375,1000.0,664.8380126953125,0
2015-03-10,999.989990234375,1000.010009765625,999.989990234375,1000.0,664.8380126953125,0
2015-03-11,1000.0,1000.010009765625,999.989990234375,999.989990234375,664.8314819335938,0
2015-03-12,999.989990234375,1000.010009765625,999.989990234375,1000.0,664.8380126953125,0
2015-03-13,999.989990234375,1000.010009765625,999.989990234375,1000.0,664.8380126953125,0
2015-03-16,1000.0,1000.010009765625,999.989990234375,999.989990234375,664.8314819335938,0
2015-03-17,999.989990234375,1000.010009765625,999.989990234375,999.989990234375,664.8314819335938,0
2015-03-18,999.989990234375,1000.010009765625,999.989990234375,999.989990234375,664.8314819335938,0
2015-03-19,1000.0,1000.010009765625,999.989990234375,1000.0,664.8380126953125,0
2015-03-20,999.989990234375,1000.010009765625,999.0,1000.0,664.8380126953125,0
2015-03-23,999.989990234375,1000.010009765625,999.989990234375,999.989990234375,664.8314819335938,0
2015-03-24,999.989990234375,1000.010009765625,999.989990234375,1000.0,664.8380126953125,0
2015-03-25,999.989990234375,1000.010009765625,999.989990234375,1000.0,664.8380126953125,0
2015-03-26,1000.0,1000.010009765625,999.989990234375,999.989990234375,664.8314819335938,0
2015-03-27,1000.0,1000.010009765625,999.989990234375,1000.0,664.8380126953125,0
2015-03-30,999.0,1000.010009765625,999.0,1000.0,664.8380126953125,0
2015-03-31,1000.0,1000.010009765625,999.989990234375,1000.0,667.7449951171875,0
2015-04-01,999.989990234375,1000.010009765625,999.989990234375,999.989990234375,667.7384033203125,0
2015-04-06,999.989990234375,1000.010009765625,999.989990234375,1000.0,667.7449951171875,0
2015-04-07,1000.0,1000.010009765625,999.989990234375,999.989990234375,667.7384033203125,0
2015-04-08,1000.0,1000.010009765625,999.989990234375,999.989990234375,667.7384033203125,0
2015-04-09,999.989990234375,1000.010009765625,999.989990234375,999.989990234375,667.7384033203125,0
2015-04-10,1000.0,1000.010009765625,1000.0,1000.0,667.7449951171875,0
2015-04-13,1000.0,1000.010009765625,999.989990234375,999.989990234375,667.7384033203125,0
2015-04-15,1000.0,1000.010009765625,999.989990234375,999.989990234375,667.7384033203125,0
2015-04-16,1000.0,1000.010009765625,999.989990234375,1000.0,667.7449951171875,0
2015-04-17,1000.0,1000.010009765625,999.989990234375,999.989990234375,667.7384033203125,0
2015-04-20,999.989990234375,1000.010009765625,999.989990234375,1000.0,667.7449951171875,0
2015-04-21,1000.0,1000.010009765625,999.989990234375,999.989990234375,667.7384033203125,0
2015-04-22,999.989990234375,1000.010009765625,999.989990234375,999.989990234375,667.7384033203125,0
2015-04-23,999.989990234375,1000.010009765625,999.989990234375,1000.0,667.7449951171875,0
2015-04-24,1000.0,1000.010009765625,999.989990234375,1000.0,667.7449951171875,0
2015-04-27,999.989990234375,1000.010009765625,999.0,999.989990234375,667.7384033203125,0
2015-04-28,999.989990234375,1000.010009765625,999.989990234375,999.989990234375,667.7384033203125,0
2015-04-29,999.989990234375,1000.010009765625,999.989990234375,1000.0,670.5609741210938,0
2015-04-30,999.989990234375,1000.010009765625,999.989990234375,999.989990234375,670.554443359375,0
2015-05-04,1000.0,1000.010009765625,999.989990234375,1000.0,670.5609741210938,0
2015-05-05,999.989990234375,1000.010009765625,999.989990234375,1000.0,670.5609741210938,0
2015-05-06,999.989990234375,1000.010009765625,999.989990234375,1000.0,670.5609741210938,0
2015-05-07,1000.0,1000.010009765625,999.989990234375,1000.0,670.5609741210938,0
2015-05-08,1000.0,1000.010009765625,999.989990234375,1000.0,670.5609741210938,0
2015-05-11,999.989990234375,1000.010009765625,999.989990234375,1000.0,670.5609741210938,0
2015-05-12,999.989990234375,1000.010009765625,999.989990234375,1000.0,670.5609741210938,0
2015-05-13,999.989990234375,1000.010009765625,999.989990234375,1000.0,670.5609741210938,0
2015-05-14,1000.0,1000.010009765625,999.989990234375,1000.0,670.5609741210938,0
2015-05-15,1000.0,1000.010009765625,999.989990234375,1000.0,670.5609741210938,0
2015-05-18,1000.0,1000.010009765625,999.989990234375,1000.0,670.5609741210938,0
2015-05-19,999.989990234375,1000.010009765625,999.989990234375,1000.0,670.5609741210938,0
2015-05-20,999.989990234375,1000.010009765625,999.989990234375,1000.0,670.5609741210938,0
2015-05-21,1000.0,1000.010009765625,999.989990234375,1000.0,670.5609741210938,0
2015-05-22,999.989990234375,1000.010009765625,999.989990234375,1000.0,670.5609741210938,0
2015-05-25,1000.0,1000.010009765625,999.989990234375,1000.0,670.5609741210938,0
2015-05-26,999.989990234375,1000.010009765625,999.989990234375,1000.0,670.5609741210938,0
2015-05-27,1000.0,1000.010009765625,999.989990234375,1000.0,670.5609741210938,0
2015-05-28,999.989990234375,1000.010009765625,999.989990234375,1000.0,670.5609741210938,0
2015-05-29,1000.0,1000.010009765625,999.989990234375,999.989990234375,673.3609008789062,0
2015-06-01,1000.0,1000.010009765625,999.989990234375,1000.0,673.3673706054688,0
2015-06-02,1000.0,1000.010009765625,999.989990234375,1000.0,673.3673706054688,0
2015-06-03,999.989990234375,1000.010009765625,999.989990234375,1000.0,673.3673706054688,0
2015-06-04,999.989990234375,1000.010009765625,999.989990234375,999.989990234375,673.3609008789062,0
2015-06-05,999.989990234375,1000.010009765625,999.989990234375,1000.0,673.3673706054688,0
2015-06-08,1000.0,1000.010009765625,999.989990234375,1000.0,673.3673706054688,0
2015-06-09,1000.0,1000.010009765625,999.989990234375,1000.0,673.3673706054688,0
2015-06-10,999.989990234375,1000.010009765625,999.989990234375,1000.0,673.3673706054688,0
2015-06-11,999.989990234375,1000.010009765625,972.0,1000.0,673.3673706054688,0
2015-06-12,999.989990234375,1000.010009765625,999.989990234375,1000.0,673.3673706054688,0
2015-06-15,999.989990234375,1000.010009765625,999.989990234375,1000.0,673.3673706054688,0
2015-06-16,1000.0,1000.010009765625,999.989990234375,1000.0,673.3673706054688,0
2015-06-17,1000.0,1000.010009765625,999.989990234375,1000.0,673.3673706054688,0
2015-06-18,999.989990234375,1000.010009765625,999.989990234375,1000.0,673.3673706054688,0
2015-06-19,999.989990234375,1000.010009765625,999.989990234375,1000.0,673.3673706054688,0
2015-06-22,999.989990234375,1000.010009765625,999.989990234375,999.989990234375,673.3609008789062,0
2015-06-23,1000.0,1000.010009765625,999.989990234375,999.989990234375,673.3609008789062,0
2015-06-24,1000.0,1000.010009765625,999.989990234375,1000.0,673.3673706054688,0
2015-06-25,1000.0,1000.010009765625,999.989990234375,1000.0,673.3673706054688,0
2015-06-26,1000.0,1000.010009765625,999.989990234375,1000.0,673.3673706054688,0
2015-06-29,999.989990234375,1000.010009765625,999.989990234375,1000.0,673.3673706054688,0
2015-06-30,999.989990234375,1000.010009765625,999.989990234375,1000.0,675.9801635742188,0
2015-07-01,999.989990234375,1000.010009765625,999.989990234375,1000.0,675.9801635742188,0
2015-07-02,1000.0,1000.010009765625,999.989990234375,999.989990234375,675.9729614257812,0
2015-07-03,999.989990234375,1000.010009765625,999.989990234375,1000.0,675.9801635742188,0
2015-07-06,1000.0,1000.010009765625,999.989990234375,999.989990234375,675.9729614257812,0
2015-07-07,999.97998046875,1000.010009765625,999.97998046875,999.989990234375,675.9729614257812,0
2015-07-08,1000.0,1000.010009765625,999.989990234375,1000.0,675.9801635742188,0
2015-07-09,999.989990234375,1000.010009765625,999.989990234375,999.989990234375,675.9729614257812,0
2015-07-10,1000.0,1000.010009765625,999.989990234375,1000.0,675.9801635742188,0
2015-07-13,999.989990234375,1000.010009765625,999.989990234375,999.989990234375,675.9729614257812,0
2015-07-14,1000.0,1000.010009765625,999.989990234375,1000.0,675.9801635742188,0
2015-07-15,1000.0,1000.010009765625,999.989990234375,1000.0,675.9801635742188,0
2015-07-16,1000.0,1000.010009765625,999.989990234375,1000.0,675.9801635742188,0
2015-07-17,1000.0,1000.010009765625,999.989990234375,1000.0,675.9801635742188,0
2015-07-20,1000.010009765625,1000.010009765625,999.989990234375,1000.0,675.9801635742188,0
2015-07-21,999.989990234375,1000.010009765625,999.989990234375,1000.0,675.9801635742188,0
2015-07-22,999.989990234375,1000.010009765625,999.989990234375,999.989990234375,675.9729614257812,0
2015-07-23,1000.0,1000.010009765625,999.989990234375,1000.0,675.9801635742188,0
2015-07-24,1000.0,1000.010009765625,999.989990234375,1000.0,675.9801635742188,0
2015-07-27,999.989990234375,1000.010009765625,999.989990234375,999.989990234375,675.9729614257812,0
2015-07-28,999.0,1000.010009765625,999.0,999.989990234375,675.9729614257812,0
2015-07-29,999.989990234375,1000.010009765625,999.989990234375,1000.0,675.9801635742188,0
2015-07-30,999.989990234375,1000.010009765625,999.989990234375,999.989990234375,675.9729614257812,0
2015-07-31,1000.0,1000.010009765625,999.989990234375,999.989990234375,678.6727905273438,0
2015-08-03,1000.0,1000.010009765625,999.989990234375,1000.0,678.6802368164062,0
2015-08-04,1000.0,1000.010009765625,999.989990234375,999.989990234375,678.6727905273438,0
2015-08-05,1000.0,1000.010009765625,999.989990234375,1000.0,678.6802368164062,0
2015-08-06,999.989990234375,1000.010009765625,999.989990234375,999.989990234375,678.6727905273438,0
2015-08-07,1000.0,1000.010009765625,999.989990234375,1000.0,678.6802368164062,0
2015-08-10,1000.0,1000.010009765625,999.989990234375,999.989990234375,678.6727905273438,0
2015-08-11,999.989990234375,1000.010009765625,999.989990234375,999.989990234375,678.6727905273438,0
2015-08-12,1000.010009765625,1000.010009765625,999.989990234375,999.989990234375,678.6727905273438,0
2015-08-13,999.989990234375,1000.010009765625,999.989990234375,1000.0,678.6802368164062,0
2015-08-14,1000.0,1000.010009765625,999.989990234375,1000.0,678.6802368164062,0
2015-08-17,1000.0,1000.010009765625,999.989990234375,1000.0,678.6802368164062,0
2015-08-18,1000.0,1000.010009765625,999.989990234375,1000.0,678.6802368164062,0
2015-08-19,1000.0,1000.010009765625,999.989990234375,1000.0,678.6802368164062,0
2015-08-20,1000.0,1000.010009765625,999.989990234375,1000.0,678.6802368164062,0
2015-08-21,999.989990234375,1000.010009765625,999.989990234375,1000.0,678.6802368164062,0
2015-08-24,999.989990234375,1000.010009765625,999.989990234375,999.989990234375,678.6727905273438,0
2015-08-25,999.989990234375,1000.010009765625,999.989990234375,999.989990234375,678.6727905273438,0
2015-08-26,999.989990234375,1000.010009765625,999.989990234375,1000.0,678.6802368164062,0
2015-08-27,999.9500122070312,1000.010009765625,999.9500122070312,999.989990234375,678.6727905273438,0
2015-08-28,999.989990234375,1000.010009765625,999.989990234375,1000.0,678.6802368164062,0
2015-08-31,1000.0,1000.010009765625,999.989990234375,1000.0,681.3810424804688,0
2015-09-01,1000.0,1000.010009765625,999.989990234375,1000.010009765625,681.3878173828125,0
2015-09-02,999.989990234375,1000.010009765625,999.989990234375,999.989990234375,681.3743286132812,0
2015-09-03,999.989990234375,1000.010009765625,999.989990234375,1000.0,681.3810424804688,0
2015-09-04,1000.0,1000.010009765625,999.989990234375,1000.0,681.3810424804688,0
2015-09-07,999.989990234375,1000.010009765625,999.989990234375,999.989990234375,681.3743286132812,0
2015-09-08,999.989990234375,1000.010009765625,999.989990234375,999.989990234375,681.3743286132812,0
2015-09-09,999.989990234375,1000.010009765625,999.989990234375,1000.0,681.3810424804688,0
2015-09-10,1000.0,1000.010009765625,999.989990234375,1000.0,681.3810424804688,0
2015-09-11,1000.0,1000.010009765625,999.989990234375,1000.0,681.3810424804688,0
2015-09-14,999.989990234375,1000.010009765625,999.989990234375,1000.0,681.3810424804688,0
2015-09-15,1000.0,1000.010009765625,999.989990234375,1000.0,681.3810424804688,0
2015-09-16,1000.0,1000.010009765625,999.989990234375,1000.0,681.3810424804688,0
2015-09-18,1000.0,1000.010009765625,999.989990234375,999.989990234375,681.3743286132812,0
2015-09-21,1000.0,1000.010009765625,999.989990234375,999.989990234375,681.3743286132812,0
2015-09-22,999.989990234375,1000.010009765625,999.989990234375,1000.0,681.3810424804688,0
2015-09-23,1000.0,1000.010009765625,999.989990234375,999.989990234375,681.3743286132812,0
2015-09-24,1000.0,1000.010009765625,999.989990234375,999.989990234375,681.3743286132812,0
2015-09-28,999.0,1000.010009765625,999.0,1000.0,681.3810424804688,0
2015-09-29,999.989990234375,1000.010009765625,999.989990234375,1000.0,681.3810424804688,0
2015-09-30,999.989990234375,1000.010009765625,999.989990234375,999.989990234375,684.0274047851562,0
2015-10-01,1000.0,1000.010009765625,999.989990234375,1000.0,684.0343017578125,0
2015-10-05,1000.0,1000.010009765625,999.989990234375,1000.0,684.0343017578125,0
2015-10-06,1000.0,1000.010009765625,999.989990234375,1000.0,684.0343017578125,0
2015-10-07,1000.0,1000.010009765625,999.989990234375,999.989990234375,684.0274047851562,0
2015-10-08,1000.0,1000.010009765625,999.989990234375,1000.0,684.0343017578125,0
2015-10-09,1000.0,1000.010009765625,999.989990234375,1000.0,684.0343017578125,0
2015-10-12,1000.0,1000.010009765625,999.989990234375,1000.0,684.0343017578125,0
2015-10-13,1000.0,1000.010009765625,999.989990234375,1000.0,684.0343017578125,0
2015-10-14,999.989990234375,1000.010009765625,999.989990234375,999.989990234375,684.0274047851562,0
2015-10-15,1000.0,1000.010009765625,999.989990234375,1000.0,684.0343017578125,0
2015-10-16,1000.0,1000.010009765625,999.989990234375,999.989990234375,684.0274047851562,0
2015-10-19,1000.0,1000.010009765625,999.989990234375,1000.0,684.0343017578125,0
2015-10-20,1000.0,1000.010009765625,999.989990234375,1000.0,684.0343017578125,0
2015-10-21,999.989990234375,1000.010009765625,999.989990234375,1000.0,684.0343017578125,0
2015-10-23,999.989990234375,1000.010009765625,999.989990234375,1000.0,684.0343017578125,0
2015-10-26,999.989990234375,1000.010009765625,999.989990234375,1000.0,684.0343017578125,0
2015-10-27,999.989990234375,1000.010009765625,999.989990234375,999.989990234375,684.0274047851562,0
2015-10-28,1000.0,1000.010009765625,999.989990234375,999.989990234375,684.0274047851562,0
2015-10-29,1000.0,1000.010009765625,999.989990234375,1000.0,684.0343017578125,0
2015-10-30,999.989990234375,1000.010009765625,999.989990234375,1000.0,686.56005859375,0
2015-11-02,979.9500122070312,1000.010009765625,979.9500122070312,999.989990234375,686.5526123046875,0
2015-11-03,999.989990234375,1000.010009765625,999.989990234375,1000.0,686.56005859375,0
2015-11-04,1000.0,1000.010009765625,999.989990234375,999.989990234375,686.5526123046875,0
2015-11-05,999.989990234375,1000.010009765625,999.989990234375,999.989990234375,686.5526123046875,0
2015-11-06,999.989990234375,1000.010009765625,999.989990234375,1000.0,686.56005859375,0
2015-11-09,999.989990234375,1000.0,999.989990234375,999.989990234375,686.5526123046875,0
2015-11-10,999.0,1000.010009765625,999.0,1000.0,686.56005859375,0
2015-11-13,999.989990234375,1000.010009765625,999.989990234375,1000.0,686.56005859375,0
2015-11-16,1000.0,1000.010009765625,999.989990234375,999.989990234375,686.5526123046875,0
2015-11-17,1000.0,1000.010009765625,999.989990234375,1000.0,686.56005859375,0
2015-11-18,1000.0,1000.010009765625,999.989990234375,1000.0,686.56005859375,0
2015-11-19,999.989990234375,1000.010009765625,999.989990234375,1000.0,686.56005859375,0
2015-11-20,999.989990234375,1000.010009765625,999.989990234375,999.989990234375,686.5526123046875,0
2015-11-23,999.989990234375,1000.010009765625,999.989990234375,999.989990234375,686.5526123046875,0
2015-11-24,1000.0,1000.010009765625,999.989990234375,999.989990234375,686.5526123046875,0
2015-11-26,999.989990234375,1000.010009765625,999.989990234375,1000.0,686.56005859375,0
2015-11-27,999.989990234375,1000.010009765625,999.989990234375,999.989990234375,686.5526123046875,0
2015-11-30,1000.0,1000.010009765625,999.989990234375,1000.0,689.1861572265625,0
2015-12-01,1000.0,1000.010009765625,999.989990234375,1000.0,689.1861572265625,0
2015-12-02,1000.0,1000.010009765625,999.989990234375,1000.0,689.1861572265625,0
2015-12-03,999.989990234375,1000.010009765625,999.989990234375,999.989990234375,689.1793823242188,0
2015-12-04,1000.0,1000.010009765625,999.989990234375,1000.0,689.1861572265625,0
2015-12-07,1000.0,1000.010009765625,999.989990234375,999.989990234375,689.1793823242188,0
2015-12-08,1000.0,1000.010009765625,999.989990234375,1000.0,689.1861572265625,0
2015-12-09,999.989990234375,1000.010009765625,999.989990234375,1000.0,689.1861572265625,0
2015-12-10,999.989990234375,1000.010009765625,999.989990234375,999.989990234375,689.1793823242188,0
2015-12-11,999.989990234375,1000.010009765625,999.989990234375,1000.0,689.1861572265625,0
2015-12-14,999.989990234375,1000.010009765625,999.989990234375,1000.0,689.1861572265625,0
2015-12-15,999.989990234375,1000.010009765625,999.989990234375,1000.0,689.1861572265625,0
2015-12-16,1000.0,1000.010009765625,999.989990234375,1000.0,689.1861572265625,0
2015-12-17,1000.0,1000.010009765625,999.989990234375,1000.0,689.1861572265625,0
2015-12-18,1000.0,1000.010009765625,999.989990234375,1000.0,689.1861572265625,0
2015-12-21,1000.0,1000.010009765625,999.989990234375,1000.0,689.1861572265625,0
2015-12-22,1000.0,1000.010009765625,999.989990234375,1000.0,689.1861572265625,0
2015-12-23,1000.0,1000.010009765625,999.989990234375,999.989990234375,689.1793823242188,0
2015-12-24,1000.0,1000.010009765625,999.989990234375,999.989990234375,689.1793823242188,0
2015-12-28,999.989990234375,1000.010009765625,999.989990234375,1000.0,689.1861572265625,0
2015-12-29,1000.0,1000.010009765625,999.989990234375,1000.0,689.1861572265625,0
2015-12-30,1000.0,1000.010009765625,999.989990234375,1000.0,689.1861572265625,0
2015-12-31,999.989990234375,1000.010009765625,999.989990234375,1000.0,691.8040771484375,0
2016-01-01,999.989990234375,1000.010009765625,999.989990234375,999.989990234375,691.7969360351562,0
2016-01-04,999.989990234375,1000.010009765625,999.989990234375,1000.0,691.8040771484375,0
2016-01-05,999.989990234375,1000.010009765625,999.989990234375,999.989990234375,691.7969360351562,0
2016-01-06,1000.0,1000.010009765625,999.989990234375,1000.0,691.8040771484375,0
2016-01-07,999.989990234375,1000.010009765625,999.989990234375,1000.0,691.8040771484375,0
2016-01-08,999.989990234375,1000.010009765625,999.989990234375,999.989990234375,691.7969360351562,0
2016-01-11,999.989990234375,1000.010009765625,999.989990234375,999.989990234375,691.7969360351562,0
2016-01-12,999.989990234375,1000.010009765625,999.989990234375,1000.0,691.8040771484375,0
2016-01-13,999.989990234375,1000.010009765625,999.989990234375,999.989990234375,691.7969360351562,0
2016-01-14,1000.0,1000.010009765625,999.989990234375,1000.0,691.8040771484375,0
2016-01-15,1000.0,1000.010009765625,999.989990234375,1000.0,691.8040771484375,0
2016-01-18,1000.0,1000.010009765625,999.989990234375,999.989990234375,691.7969360351562,0
2016-01-19,1000.0,1000.010009765625,999.989990234375,999.989990234375,691.7969360351562,0
2016-01-20,999.989990234375,1000.010009765625,999.989990234375,1000.0,691.8040771484375,0
2016-01-21,1000.0,1000.010009765625,999.989990234375,1000.0,691.8040771484375,0
2016-01-22,999.989990234375,1000.010009765625,999.989990234375,999.989990234375,691.7969360351562,0
2016-01-25,1000.0,1000.010009765625,999.989990234375,1000.0,691.8040771484375,0
2016-01-27,999.989990234375,1000.010009765625,999.989990234375,1000.0,691.8040771484375,0
2016-01-28,999.989990234375,1000.010009765625,999.989990234375,1000.0,691.8040771484375,0
2016-01-29,999.989990234375,1000.010009765625,950.9000244140625,999.989990234375,694.4761352539062,0
2016-02-01,1000.0,1000.010009765625,999.989990234375,1000.0,694.483154296875,0
2016-02-02,1000.0,1000.010009765625,999.989990234375,999.989990234375,694.4761352539062,0
2016-02-03,999.989990234375,1000.010009765625,999.989990234375,999.989990234375,694.4761352539062,0
2016-02-04,999.989990234375,1000.010009765625,999.989990234375,1000.0,694.483154296875,0
2016-02-05,999.989990234375,1000.010009765625,999.989990234375,999.989990234375,694.4761352539062,0
2016-02-08,999.9000244140625,1000.010009765625,999.9000244140625,1000.0,694.483154296875,0
2016-02-09,1000.0,1000.010009765625,999.989990234375,999.989990234375,694.4761352539062,0
2016-02-10,999.989990234375,1000.010009765625,999.989990234375,999.989990234375,694.4761352539062,0
2016-02-11,999.989990234375,1000.010009765625,999.989990234375,1000.0,694.483154296875,0
2016-02-12,1000.0,1000.010009765625,999.989990234375,1000.0,694.483154296875,0
2016-02-15,1000.0,1000.010009765625,999.989990234375,1000.0,694.483154296875,0
2016-02-16,1000.0,1000.010009765625,999.989990234375,1000.0,694.483154296875,0
2016-02-17,1000.0,1000.010009765625,999.989990234375,999.989990234375,694.4761352539062,0
2016-02-18,999.989990234375,1000.010009765625,999.989990234375,1000.0,694.483154296875,0
2016-02-19,1001.0,1001.0,999.989990234375,999.989990234375,694.4761352539062,0
2016-02-22,999.989990234375,1000.010009765625,999.989990234375,1000.0,694.483154296875,0
2016-02-23,999.989990234375,1000.010009765625,999.989990234375,1000.0,694.483154296875,0
2016-02-24,1000.0,1000.010009765625,999.989990234375,999.989990234375,694.4761352539062,0
2016-02-25,1000.0,1000.010009765625,999.989990234375,999.989990234375,694.4761352539062,0
2016-02-26,999.989990234375,1000.010009765625,999.989990234375,1000.0,694.483154296875,0
2016-02-29,999.989990234375,1000.010009765625,999.989990234375,999.989990234375,696.8856811523438,0
2016-03-01,1000.0,1000.010009765625,999.989990234375,999.989990234375,696.8856811523438,0
2016-03-02,1000.0,1000.010009765625,999.989990234375,1000.0,696.892578125,0
2016-03-03,999.989990234375,1000.010009765625,999.989990234375,1000.0,696.892578125,0
2016-03-04,1000.0,1000.010009765625,999.989990234375,999.989990234375,696.8856811523438,0
2016-03-08,999.989990234375,1000.010009765625,999.989990234375,1000.0,696.892578125,0
2016-03-09,1000.0,1000.010009765625,999.989990234375,999.989990234375,696.8856811523438,0
2016-03-10,999.989990234375,1000.010009765625,999.989990234375,1000.0,696.892578125,0
2016-03-11,999.989990234375,1000.010009765625,999.989990234375,1000.0,696.892578125,0
2016-03-14,1000.0,1000.010009765625,999.989990234375,1000.0,696.892578125,0
2016-03-15,999.989990234375,1000.010009765625,999.97998046875,1000.0,696.892578125,0
2016-03-16,1000.010009765625,1000.010009765625,999.989990234375,1000.0,696.892578125,0
2016-03-17,1000.0,1000.010009765625,999.989990234375,1000.0,696.892578125,0
2016-03-18,1000.0,1000.010009765625,999.989990234375,999.989990234375,696.8856811523438,0
2016-03-21,999.989990234375,1000.010009765625,999.989990234375,1000.0,696.892578125,0
2016-03-22,1000.0,1000.010009765625,999.989990234375,1000.0,696.892578125,0
2016-03-23,1000.0,1000.010009765625,999.989990234375,1000.0,696.892578125,0
2016-03-28,999.989990234375,1000.010009765625,999.989990234375,1000.0,696.892578125,0
2016-03-29,999.989990234375,1000.010009765625,999.989990234375,1000.0,696.892578125,0
2016-03-30,999.989990234375,1000.010009765625,999.989990234375,1000.0,696.892578125,0
2016-03-31,1000.0,1000.010009765625,999.989990234375,1000.0,699.4896850585938,0
2016-04-01,1000.0,1000.010009765625,999.989990234375,999.989990234375,699.4826049804688,0
2016-04-04,999.989990234375,1000.010009765625,999.989990234375,999.989990234375,699.4826049804688,0
2016-04-05,1000.0,1000.010009765625,999.989990234375,1000.0,699.4896850585938,0
2016-04-06,999.989990234375,1000.010009765625,999.989990234375,999.989990234375,699.4826049804688,0
2016-04-07,999.989990234375,1000.010009765625,999.989990234375,1000.0,699.4896850585938,0
2016-04-08,1000.0,1000.010009765625,999.989990234375,999.989990234375,699.4826049804688,0
2016-04-11,999.97998046875,1000.010009765625,999.97998046875,1000.0,699.4896850585938,0
2016-04-12,999.989990234375,1000.010009765625,999.989990234375,1000.0,699.4896850585938,0
2016-04-13,1000.0,1000.010009765625,999.989990234375,1000.0,699.4896850585938,0
2016-04-18,999.989990234375,1000.010009765625,999.989990234375,1000.0,699.4896850585938,0
2016-04-20,1000.0,1000.010009765625,999.989990234375,1000.0,699.4896850585938,0
2016-04-21,1000.0,1000.010009765625,999.989990234375,1000.0,699.4896850585938,0
2016-04-22,1000.0,1000.010009765625,999.989990234375,1000.0,699.4896850585938,0
2016-04-25,1000.0,1000.010009765625,999.989990234375,1000.0,699.4896850585938,0
2016-04-26,1000.0,1000.010009765625,999.989990234375,1000.0,699.4896850585938,0
2016-04-27,1000.0,1018.0,999.989990234375,1000.0,699.4896850585938,0
2016-04-28,999.989990234375,1000.010009765625,999.989990234375,999.989990234375,699.4826049804688,0
2016-04-29,999.989990234375,1000.010009765625,999.989990234375,1000.0,701.771240234375,0
2016-05-02,1000.0,1000.010009765625,999.989990234375,1000.0,701.771240234375,0
2016-05-03,1000.0,1000.010009765625,999.989990234375,1000.0,701.771240234375,0
2016-05-04,999.989990234375,1000.010009765625,999.989990234375,1000.0,701.771240234375,0
2016-05-05,999.989990234375,1000.010009765625,999.989990234375,1000.0,701.771240234375,0
2016-05-06,1000.0,1000.010009765625,999.989990234375,999.989990234375,701.7640991210938,0
2016-05-09,1000.0,1000.010009765625,999.989990234375,1000.0,701.771240234375,0
2016-05-10,1000.0,1000.010009765625,999.989990234375,1000.0,701.771240234375,0
2016-05-11,1000.0,1000.010009765625,999.989990234375,1000.0,701.771240234375,0
2016-05-12,1000.0,1000.010009765625,999.989990234375,1000.0,701.771240234375,0
2016-05-13,999.989990234375,1000.010009765625,999.989990234375,1000.0,701.771240234375,0
2016-05-16,1000.0,1000.010009765625,999.989990234375,999.989990234375,701.7640991210938,0
2016-05-17,1000.0,1000.010009765625,999.989990234375,1000.0,701.771240234375,0
2016-05-18,1000.0,1000.010009765625,999.989990234375,1000.0,701.771240234375,0
2016-05-19,999.989990234375,1000.010009765625,999.989990234375,1000.0,701.771240234375,0
2016-05-20,999.989990234375,1000.010009765625,999.989990234375,999.989990234375,701.7640991210938,0
2016-05-23,999.989990234375,1000.010009765625,999.989990234375,1000.0,701.771240234375,0
2016-05-24,999.989990234375,1000.010009765625,999.989990234375,999.989990234375,701.7640991210938,0
2016-05-25,999.989990234375,1000.010009765625,999.989990234375,999.989990234375,701.7640991210938,0
2016-05-26,1000.0,1000.010009765625,999.989990234375,1000.0,701.771240234375,0
2016-05-27,1000.0,1000.010009765625,999.989990234375,1000.0,701.771240234375,0
2016-05-30,1000.0,1000.010009765625,999.989990234375,1000.0,701.771240234375,0
2016-05-31,1000.0,1000.010009765625,999.989990234375,1000.0,704.275634765625,0
2016-06-01,1000.0,1000.010009765625,999.0,1000.0,704.275634765625,0
2016-06-02,1000.0,1000.010009765625,999.989990234375,1000.0,704.275634765625,0
2016-06-03,999.989990234375,1000.010009765625,999.989990234375,1000.0,704.275634765625,0
2016-06-06,1000.0,1000.010009765625,999.989990234375,999.989990234375,704.2686767578125,0
2016-06-07,1000.0,1000.010009765625,999.989990234375,1000.0,704.275634765625,0
2016-06-08,1000.0,1000.010009765625,999.989990234375,999.989990234375,704.2686767578125,0
2016-06-09,999.989990234375,1000.010009765625,999.989990234375,1000.0,704.275634765625,0
2016-06-10,1000.0,1000.010009765625,999.989990234375,1000.0,704.275634765625,0
2016-06-13,999.989990234375,1000.010009765625,999.989990234375,1000.0,704.275634765625,0
2016-06-14,1000.0,1000.010009765625,999.989990234375,1000.0,704.275634765625,0
2016-06-15,1000.0,1000.010009765625,999.989990234375,1000.0,704.275634765625,0
2016-06-16,1000.0,1000.010009765625,998.0,1000.0,704.275634765625,0
2016-06-17,1000.0,1000.010009765625,999.989990234375,1000.0,704.275634765625,0
2016-06-20,1000.0,1000.010009765625,999.989990234375,1000.0,704.275634765625,0
2016-06-21,1000.0,1000.010009765625,999.989990234375,1000.0,704.275634765625,0
2016-06-22,1000.0,1000.010009765625,999.989990234375,1000.0,704.275634765625,0
2016-06-23,1000.0,1000.010009765625,999.989990234375,1000.0,704.275634765625,0
2016-06-24,999.5,1000.010009765625,999.5,1000.0,704.275634765625,0
2016-06-27,1000.0,1000.010009765625,999.989990234375,1000.0,704.275634765625,0
2016-06-28,999.989990234375,1000.010009765625,999.989990234375,1000.0,704.275634765625,0
2016-06-29,999.989990234375,1000.010009765625,999.989990234375,1000.0,704.275634765625,0
2016-06-30,1000.0,1000.010009765625,999.989990234375,1000.0,706.9305419921875,0
2016-07-01,1000.0,1000.010009765625,999.989990234375,1000.0,706.9305419921875,0
2016-07-04,1000.0,1000.010009765625,999.989990234375,1000.0,706.9305419921875,0
2016-07-05,1000.0,1000.010009765625,999.989990234375,1000.0,706.9305419921875,0
2016-07-07,1000.0,1000.010009765625,999.989990234375,1000.0,706.9305419921875,0
2016-07-08,999.989990234375,1000.010009765625,999.989990234375,1000.0,706.9305419921875,0
2016-07-11,1000.0,1000.010009765625,999.989990234375,1000.0,706.9305419921875,0
2016-07-12,1000.0,1000.010009765625,999.989990234375,1000.0,706.9305419921875,0
2016-07-13,1000.0,1000.010009765625,999.989990234375,1000.0,706.9305419921875,0
2016-07-14,1000.0,1000.010009765625,999.989990234375,1000.0,706.9305419921875,0
2016-07-15,1000.0,1000.010009765625,999.989990234375,1000.0,706.9305419921875,0
2016-07-18,1000.0,1000.010009765625,999.989990234375,1000.0,706.9305419921875,0
2016-07-19,999.989990234375,1000.010009765625,999.989990234375,999.989990234375,706.9237670898438,0
2016-07-20,1000.0,1000.010009765625,999.989990234375,1000.0,706.9305419921875,0
2016-07-21,999.989990234375,1000.010009765625,999.989990234375,1000.0,706.9305419921875,0
2016-07-22,1000.0,1000.010009765625,999.989990234375,1000.0,706.9305419921875,0
2016-07-25,1000.0,1000.010009765625,999.989990234375,1000.0,706.9305419921875,0
2016-07-26,1000.0,1000.010009765625,999.989990234375,1000.0,706.9305419921875,0
2016-07-27,1000.0,1000.010009765625,999.989990234375,1000.0,706.9305419921875,0
2016-07-28,1000.0,1000.010009765625,999.989990234375,1000.0,706.9305419921875,0
2016-07-29,1000.0,1000.010009765625,999.989990234375,1000.0,709.3846435546875,0
2016-08-01,999.989990234375,1003.0,999.989990234375,1000.0,709.3846435546875,0
2016-08-02,1000.0,1000.010009765625,952.0,1000.0,709.3846435546875,0
2016-08-03,1000.0,1000.010009765625,999.989990234375,1000.0,709.3846435546875,0
2016-08-04,1000.0,1000.010009765625,999.989990234375,999.989990234375,709.37744140625,0
2016-08-05,1000.0,1000.010009765625,999.989990234375,1000.0,709.3846435546875,0
2016-08-08,1000.0,1000.010009765625,999.989990234375,1000.0,709.3846435546875,0
2016-08-09,999.989990234375,1000.010009765625,999.989990234375,1000.0,709.3846435546875,0
2016-08-10,1000.0,1000.010009765625,999.989990234375,1000.0,709.3846435546875,0
2016-08-11,999.989990234375,1000.010009765625,999.989990234375,1000.0,709.3846435546875,0
2016-08-12,1000.0,1000.010009765625,999.989990234375,1000.0,709.3846435546875,0
2016-08-16,1000.0,1000.010009765625,999.989990234375,1000.0,709.3846435546875,0
2016-08-17,1000.0,1000.010009765625,999.989990234375,1000.0,709.3846435546875,0
2016-08-18,1000.0,1000.010009765625,999.989990234375,1000.0,709.3846435546875,0
2016-08-19,1000.0,1000.010009765625,999.989990234375,1000.0,709.3846435546875,0
2016-08-22,1000.0,1000.010009765625,999.989990234375,999.989990234375,709.37744140625,0
2016-08-23,1000.0,1000.010009765625,999.989990234375,999.989990234375,709.37744140625,0
2016-08-24,1000.0,1000.010009765625,999.989990234375,999.989990234375,709.37744140625,0
2016-08-25,1000.0,1000.010009765625,999.989990234375,1000.0,709.3846435546875,0
2016-08-26,990.0,1000.010009765625,990.0,999.989990234375,709.37744140625,0
2016-08-29,1000.0,1000.010009765625,999.989990234375,1000.0,709.3846435546875,0
2016-08-30,1000.0,1000.010009765625,999.989990234375,1000.0,709.3846435546875,0
2016-08-31,1000.0,1000.010009765625,999.989990234375,1000.0,711.8173828125,0
2016-09-01,1000.0,1003.9500122070312,999.989990234375,1000.0,711.8173828125,0
2016-09-02,1000.0,1000.010009765625,999.989990234375,1000.0,711.8173828125,0
2016-09-06,1000.0,1000.010009765625,999.989990234375,1000.0,711.8173828125,0
2016-09-07,1000.0,1000.010009765625,999.989990234375,1000.0,711.8173828125,0
2016-09-08,999.989990234375,1000.010009765625,999.989990234375,999.989990234375,711.810546875,0
2016-09-09,1000.0,1000.010009765625,999.989990234375,1000.0,711.8173828125,0
2016-09-12,1000.0,1000.010009765625,999.989990234375,1000.0,711.8173828125,0
2016-09-14,1000.0,1000.010009765625,980.0,1000.0,711.8173828125,0
2016-09-15,999.989990234375,1000.010009765625,999.989990234375,999.989990234375,711.810546875,0
2016-09-16,1000.0,1000.010009765625,999.989990234375,1000.0,711.8173828125,0
2016-09-19,1000.0,1000.010009765625,999.989990234375,1000.0,711.8173828125,0
2016-09-20,999.989990234375,1000.010009765625,999.0,1000.0,711.8173828125,0
2016-09-21,999.989990234375,1000.010009765625,999.989990234375,999.989990234375,711.810546875,0
2016-09-22,990.0,1000.010009765625,990.0,1000.0,711.8173828125,0
2016-09-23,999.989990234375,1000.010009765625,999.989990234375,1000.0,711.8173828125,0
2016-09-26,1000.0,1000.010009765625,999.989990234375,999.989990234375,711.810546875,0
2016-09-27,1000.0,1000.010009765625,999.989990234375,999.989990234375,711.810546875,0
2016-09-28,1000.0,1000.010009765625,999.989990234375,999.989990234375,711.810546875,0
2016-09-29,1000.0,1000.010009765625,999.989990234375,1000.0,711.8173828125,0
2016-09-30,1000.0,1000.010009765625,999.989990234375,1000.0,714.1680908203125,0
2016-10-03,1000.0,1000.0,999.989990234375,999.989990234375,714.1611328125,0
2016-10-04,1000.0,1000.010009765625,999.989990234375,999.989990234375,714.1611328125,0
2016-10-05,1000.0,1000.010009765625,999.989990234375,999.989990234375,714.1611328125,0
2016-10-06,1000.0,1000.010009765625,999.97998046875,1000.0,714.1680908203125,0
2016-10-07,1000.0,1000.010009765625,999.989990234375,1000.0,714.1680908203125,0
2016-10-10,1000.0,1000.010009765625,999.989990234375,999.989990234375,714.1611328125,0
2016-10-13,1000.0,1000.010009765625,999.989990234375,1000.0,714.1680908203125,0
2016-10-14,1000.0,1000.010009765625,995.2000122070312,999.989990234375,714.1611328125,0
2016-10-17,1000.0,1000.010009765625,999.989990234375,1000.0,714.1680908203125,0
2016-10-18,1000.0,1000.010009765625,999.989990234375,999.989990234375,714.1611328125,0
2016-10-19,1000.0,1000.010009765625,960.0,999.989990234375,714.1611328125,0
2016-10-20,999.989990234375,1000.010009765625,999.989990234375,1000.0,714.1680908203125,0
2016-10-21,1000.0,1000.010009765625,998.0,1000.0,714.1680908203125,0
2016-10-24,1000.0,1000.010009765625,999.0900268554688,1000.0,714.1680908203125,0
2016-10-25,1000.0,1000.010009765625,999.989990234375,999.989990234375,714.1611328125,0
2016-10-26,1000.0,1000.010009765625,999.989990234375,1000.0,714.1680908203125,0
2016-10-27,999.989990234375,1000.010009765625,999.989990234375,999.989990234375,714.1611328125,0
2016-10-28,1000.0,1000.010009765625,999.989990234375,1000.0,716.6429443359375,0
2016-11-01,1000.0,1000.010009765625,999.989990234375,1000.0,716.6429443359375,0
2016-11-02,999.989990234375,1000.010009765625,999.989990234375,1000.0,716.6429443359375,0
2016-11-03,999.989990234375,1000.010009765625,999.989990234375,1000.0,716.6429443359375,0
2016-11-04,1000.0,1000.010009765625,999.989990234375,1000.0,716.6429443359375,0
2016-11-07,999.989990234375,1000.010009765625,997.5999755859375,1000.0,716.6429443359375,0
2016-11-08,1000.0,1000.010009765625,999.989990234375,1000.0,716.6429443359375,0
2016-11-09,1000.0,1000.010009765625,999.989990234375,999.989990234375,716.635986328125,0
2016-11-10,1000.0,1000.010009765625,999.989990234375,1000.0,716.6429443359375,0
2016-11-11,1000.0,1000.010009765625,999.989990234375,1000.0,716.6429443359375,0
2016-11-15,999.989990234375,1000.010009765625,999.989990234375,999.989990234375,716.635986328125,0
2016-11-16,1000.0,1000.010009765625,999.989990234375,999.989990234375,716.635986328125,0
2016-11-17,1000.0,1000.010009765625,999.989990234375,1000.0,716.6429443359375,0
2016-11-18,1000.0,1000.010009765625,999.989990234375,1000.0,716.6429443359375,0
2016-11-21,999.989990234375,1000.010009765625,999.989990234375,1000.0,716.6429443359375,0
2016-11-22,1000.0,1000.010009765625,999.989990234375,1000.0,716.6429443359375,0
2016-11-23,999.989990234375,1000.010009765625,999.989990234375,999.989990234375,716.635986328125,0
2016-11-24,1000.0,1000.010009765625,999.989990234375,1000.0,716.6429443359375,0
2016-11-25,999.989990234375,1000.010009765625,999.989990234375,1000.0,716.6429443359375,0
2016-11-28,999.989990234375,1000.010009765625,999.989990234375,1000.0,716.6429443359375,0
2016-11-29,1000.0,1000.010009765625,999.989990234375,999.989990234375,716.635986328125,0
2016-11-30,999.989990234375,1000.010009765625,999.989990234375,999.989990234375,718.9736328125,0
2016-12-01,1000.0,1000.010009765625,999.989990234375,1000.0,718.9806518554688,0
2016-12-02,999.989990234375,1000.010009765625,999.989990234375,1000.0,718.9806518554688,0
2016-12-05,1000.0,1000.010009765625,999.989990234375,999.989990234375,718.9736328125,0
2016-12-06,999.989990234375,1000.010009765625,999.989990234375,1000.0,718.9806518554688,0
2016-12-07,1000.0,1000.010009765625,999.989990234375,1000.0,718.9806518554688,0
2016-12-08,999.989990234375,1000.010009765625,999.989990234375,1000.0,718.9806518554688,0
2016-12-09,1000.0,1000.010009765625,999.989990234375,1000.0,718.9806518554688,0
2016-12-12,999.989990234375,1000.010009765625,999.989990234375,1000.0,718.9806518554688,0
2016-12-13,999.0,1000.010009765625,999.0,1000.0,718.9806518554688,0
2016-12-14,1000.0,1000.010009765625,999.989990234375,1000.0,718.9806518554688,0
2016-12-15,999.989990234375,1000.010009765625,999.989990234375,999.989990234375,718.9736328125,0
2016-12-16,999.989990234375,1000.010009765625,999.989990234375,1000.0,718.9806518554688,0
2016-12-19,999.989990234375,1000.010009765625,999.0,1000.0,718.9806518554688,0
2016-12-20,1000.0,1000.010009765625,999.0,1000.0,718.9806518554688,0
2016-12-21,999.989990234375,1000.010009765625,999.989990234375,1000.0,718.9806518554688,0
2016-12-22,1000.0,1000.010009765625,999.989990234375,1000.0,718.9806518554688,0
2016-12-23,1000.0,1000.010009765625,999.989990234375,999.989990234375,718.9736328125,0
2016-12-26,999.989990234375,1000.010009765625,999.989990234375,1000.0,718.9806518554688,0
2016-12-27,999.989990234375,1000.010009765625,999.989990234375,1000.0,718.9806518554688,0
2016-12-28,999.989990234375,1002.989990234375,999.97998046875,1000.030029296875,719.0021362304688,0
2016-12-29,1000.0,1000.010009765625,999.989990234375,1000.0,718.9806518554688,0
2016-12-30,1000.0,1000.010009765625,999.989990234375,1000.0,721.3154907226562,0
2017-01-02,1000.0,1000.010009765625,999.989990234375,999.989990234375,721.3084716796875,0
2017-01-03,999.989990234375,1000.010009765625,999.989990234375,1000.0,721.3154907226562,0
2017-01-04,999.989990234375,1000.010009765625,999.989990234375,999.989990234375,721.3084716796875,0
2017-01-05,999.989990234375,1000.010009765625,999.989990234375,1000.0,721.3154907226562,0
2017-01-06,1000.0,1000.010009765625,999.989990234375,999.989990234375,721.3084716796875,0
2017-01-09,1000.0,1000.010009765625,999.5,999.989990234375,721.3084716796875,0
2017-01-10,999.989990234375,1000.010009765625,999.989990234375,999.989990234375,721.3084716796875,0
2017-01-11,999.989990234375,1000.010009765625,999.989990234375,999.989990234375,721.3084716796875,0
2017-01-12,999.989990234375,1000.010009765625,999.989990234375,1000.0,721.3154907226562,0
2017-01-13,1000.0,1000.010009765625,999.989990234375,1000.0,721.3154907226562,0
2017-01-16,999.989990234375,1000.010009765625,999.989990234375,999.989990234375,721.3084716796875,0
2017-01-17,999.989990234375,1000.010009765625,999.989990234375,1000.0,721.3154907226562,0
2017-01-18,1000.0,1000.010009765625,999.989990234375,1000.0,721.3154907226562,0
2017-01-19,999.989990234375,1000.010009765625,999.989990234375,1000.0,721.3154907226562,0
2017-01-20,999.989990234375,1000.010009765625,999.989990234375,1000.0,721.3154907226562,0
2017-01-23,999.989990234375,1000.010009765625,999.989990234375,1000.0,721.3154907226562,0
2017-01-24,1000.0,1000.010009765625,999.989990234375,1000.0,721.3154907226562,0
2017-01-25,999.989990234375,1000.010009765625,999.989990234375,1000.0,721.3154907226562,0
2017-01-27,999.989990234375,1000.010009765625,998.0,999.989990234375,721.3084716796875,0
2017-01-30,999.989990234375,1000.010009765625,999.989990234375,1000.0,721.3154907226562,0
2017-01-31,1000.0,1000.010009765625,999.989990234375,1000.0,723.7968139648438,0
2017-02-01,970.0,1000.010009765625,970.0,999.989990234375,723.7899169921875,0
2017-02-02,999.989990234375,1000.010009765625,999.989990234375,1000.0,723.7968139648438,0
2017-02-03,999.989990234375,1000.010009765625,999.989990234375,1000.0,723.7968139648438,0
2017-02-06,1000.0,1000.010009765625,999.989990234375,1000.0,723.7968139648438,0
2017-02-07,1000.0,1000.010009765625,999.989990234375,1000.0,723.7968139648438,0
2017-02-08,999.989990234375,1000.010009765625,999.989990234375,1000.0,723.7968139648438,0
2017-02-09,1000.0,1000.010009765625,1000.0,1000.0,723.7968139648438,0
2017-02-10,1000.0,1000.010009765625,999.989990234375,1000.0,723.7968139648438,0
2017-02-13,999.989990234375,1000.010009765625,999.989990234375,1000.0,723.7968139648438,0
2017-02-14,999.989990234375,1000.0,999.989990234375,999.989990234375,723.7899169921875,0
2017-02-15,1000.0,1000.010009765625,999.989990234375,1000.0,723.7968139648438,0
2017-02-16,1000.0,1000.010009765625,999.989990234375,999.989990234375,723.7899169921875,0
2017-02-17,1000.0,1000.010009765625,999.989990234375,1000.0,723.7968139648438,0
2017-02-20,1000.0,1000.010009765625,999.989990234375,999.989990234375,723.7899169921875,0
2017-02-21,1000.0,1000.010009765625,999.989990234375,999.989990234375,723.7899169921875,0
2017-02-22,1000.0,1000.010009765625,999.989990234375,999.989990234375,723.7899169921875,0
2017-02-23,1000.0,1000.010009765625,999.9000244140625,1000.0,723.7968139648438,0
2017-02-27,1000.0,1000.010009765625,999.989990234375,1000.0,723.7968139648438,0
2017-02-28,1000.0,1000.010009765625,999.989990234375,1000.0,725.8903198242188,0
2017-03-01,1000.0,1000.010009765625,999.989990234375,1000.0,725.8903198242188,0
2017-03-02,999.989990234375,1000.010009765625,999.989990234375,1000.0,725.8903198242188,0
2017-03-03,1000.0,1000.010009765625,999.989990234375,1000.0,725.8903198242188,0
2017-03-06,1000.0,1000.010009765625,999.989990234375,1000.0,725.8903198242188,0
2017-03-07,1000.0,1000.010009765625,999.989990234375,999.989990234375,725.883544921875,0
2017-03-08,999.989990234375,1000.010009765625,999.989990234375,1000.0,725.8903198242188,0
2017-03-09,1000.0,1000.010009765625,999.989990234375,999.989990234375,725.883544921875,0
2017-03-10,1000.0,1000.010009765625,999.989990234375,1000.0,725.8903198242188,0
2017-03-14,1000.0,1000.010009765625,999.989990234375,1000.0,725.8903198242188,0
2017-03-15,999.989990234375,1000.010009765625,999.989990234375,1000.0,725.8903198242188,0
2017-03-16,999.989990234375,1000.010009765625,999.989990234375,1000.0,725.8903198242188,0
2017-03-17,1000.0,1000.010009765625,999.989990234375,1000.0,725.8903198242188,0
2017-03-20,1001.0,1001.0,999.989990234375,999.989990234375,725.883544921875,0
2017-03-21,999.0,1000.010009765625,995.5499877929688,1000.0,725.8903198242188,0
2017-03-22,999.989990234375,1000.010009765625,999.989990234375,999.989990234375,725.883544921875,0
2017-03-23,1000.010009765625,1000.010009765625,999.989990234375,1000.0,725.8903198242188,0
2017-03-24,1000.0,1000.010009765625,999.989990234375,999.989990234375,725.883544921875,0
2017-03-27,1000.0,1000.0,999.989990234375,999.989990234375,725.883544921875,0
2017-03-28,999.989990234375,1000.010009765625,999.989990234375,999.989990234375,725.883544921875,0
2017-03-29,999.989990234375,1000.010009765625,999.989990234375,999.989990234375,725.883544921875,0
2017-03-30,999.989990234375,1000.010009765625,999.989990234375,1000.0,725.8903198242188,0
2017-03-31,1000.0,1000.010009765625,999.989990234375,1000.0,728.1670532226562,0
2017-04-03,1000.0,1000.010009765625,999.989990234375,1000.0,728.1670532226562,0
2017-04-05,999.989990234375,1000.010009765625,999.989990234375,1000.0,728.1670532226562,0
2017-04-06,999.989990234375,1000.010009765625,999.989990234375,999.989990234375,728.1602172851562,0
2017-04-07,1000.0,1000.010009765625,999.989990234375,1000.0,728.1670532226562,0
2017-04-10,999.989990234375,1000.010009765625,999.0,1000.0,728.1670532226562,0
2017-04-11,999.989990234375,1000.010009765625,999.989990234375,1000.0,728.1670532226562,0
2017-04-12,999.989990234375,1000.010009765625,999.989990234375,999.989990234375,728.1602172851562,0
2017-04-13,1000.0,1000.010009765625,999.989990234375,999.989990234375,728.1602172851562,0
2017-04-17,999.989990234375,1000.010009765625,999.989990234375,1000.0,728.1670532226562,0
2017-04-18,1000.0,1000.010009765625,999.989990234375,1000.0,728.1670532226562,0
2017-04-19,1000.0,1000.010009765625,999.989990234375,999.989990234375,728.1602172851562,0
2017-04-20,1000.0,1000.010009765625,999.989990234375,999.989990234375,728.1602172851562,0
2017-04-21,1000.0,1000.010009765625,999.989990234375,1000.0,728.1670532226562,0
2017-04-24,999.989990234375,1000.010009765625,999.989990234375,1000.0,728.1670532226562,0
2017-04-25,1000.0,1000.010009765625,978.0,1000.0,728.1670532226562,0
2017-04-26,1000.0,1000.010009765625,999.989990234375,999.989990234375,728.1602172851562,0
2017-04-27,999.989990234375,1000.010009765625,999.989990234375,1000.0,728.1670532226562,0
2017-04-28,999.989990234375,1000.010009765625,999.989990234375,999.989990234375,730.2686767578125,0
2017-05-02,999.989990234375,1000.010009765625,999.989990234375,999.989990234375,730.2686767578125,0
2017-05-03,1000.0,1000.010009765625,999.989990234375,1000.0,730.2760009765625,0
2017-05-04,1000.0,1000.010009765625,999.989990234375,1000.0,730.2760009765625,0
2017-05-05,1000.0,1000.010009765625,999.989990234375,1000.0,730.2760009765625,0
2017-05-08,990.0,1000.010009765625,980.0,999.989990234375,730.2686767578125,0
2017-05-09,990.0,1000.010009765625,980.5599975585938,1000.0,730.2760009765625,0
2017-05-10,1000.0,1000.010009765625,999.989990234375,1000.0,730.2760009765625,0
2017-05-11,1000.0,1000.010009765625,999.989990234375,1000.0,730.2760009765625,0
2017-05-12,1000.0,1000.010009765625,999.989990234375,1000.0,730.2760009765625,0
2017-05-15,1000.0,1000.010009765625,999.989990234375,1000.0,730.2760009765625,0
2017-05-16,1000.0,1000.010009765625,999.989990234375,1000.0,730.2760009765625,0
2017-05-17,999.97998046875,1000.010009765625,999.97998046875,1000.0,730.2760009765625,0
2017-05-18,1000.0,1000.010009765625,999.989990234375,1000.0,730.2760009765625,0
2017-05-19,999.989990234375,1000.010009765625,999.989990234375,999.989990234375,730.2686767578125,0
2017-05-22,980.5599975585938,1000.010009765625,980.5599975585938,1000.0,730.2760009765625,0
2017-05-23,999.989990234375,1000.010009765625,999.989990234375,1000.0,730.2760009765625,0
2017-05-24,1000.0,1000.010009765625,999.989990234375,999.989990234375,730.2686767578125,0
2017-05-25,1000.0,1000.010009765625,999.989990234375,999.989990234375,730.2686767578125,0
2017-05-26,1000.0,1000.010009765625,999.989990234375,999.989990234375,730.2686767578125,0
2017-05-29,999.989990234375,1000.010009765625,999.989990234375,1000.0,730.2760009765625,0
2017-05-30,1000.0,1000.010009765625,999.989990234375,999.989990234375,730.2686767578125,0
2017-05-31,1000.0,1000.010009765625,999.989990234375,999.989990234375,732.794921875,0
2017-06-01,999.989990234375,1000.010009765625,999.989990234375,1000.0,732.802490234375,0
2017-06-02,1000.0,1000.010009765625,999.989990234375,1000.0,732.802490234375,0
2017-06-05,1000.0,1000.010009765625,999.989990234375,1000.0,732.802490234375,0
2017-06-06,1000.0,1000.010009765625,999.989990234375,1000.0,732.802490234375,0
2017-06-07,1000.0,1000.010009765625,999.989990234375,1000.0,732.802490234375,0
2017-06-08,999.989990234375,1000.010009765625,999.989990234375,1000.0,732.802490234375,0
2017-06-09,1000.0,1000.010009765625,999.989990234375,1000.0,732.802490234375,0
2017-06-12,1000.0,1000.010009765625,999.989990234375,1000.0,732.802490234375,0
2017-06-13,999.989990234375,1000.010009765625,999.989990234375,1000.0,732.802490234375,0
2017-06-14,999.989990234375,1000.010009765625,999.989990234375,999.989990234375,732.794921875,0
2017-06-15,999.989990234375,1000.010009765625,999.989990234375,1000.0,732.802490234375,0
2017-06-16,1000.0,1019.4400024414062,999.989990234375,1000.0,732.802490234375,0
2017-06-19,999.989990234375,1000.010009765625,999.989990234375,999.989990234375,732.794921875,0
2017-06-20,1000.0,1000.010009765625,999.989990234375,1000.0,732.802490234375,0
2017-06-21,999.989990234375,1000.010009765625,999.969970703125,1000.0,732.802490234375,0
2017-06-22,999.989990234375,1000.010009765625,999.989990234375,1000.0,732.802490234375,0
2017-06-23,1000.0,1000.010009765625,999.989990234375,1000.0,732.802490234375,0
2017-06-27,1000.0,1000.010009765625,999.0,1000.0,732.802490234375,0
2017-06-28,1000.0,1000.010009765625,999.989990234375,1000.0,732.802490234375,0
2017-06-29,1000.0,1000.010009765625,999.989990234375,999.989990234375,732.794921875,0
2017-06-30,1000.0,1000.010009765625,999.989990234375,1000.0,735.152099609375,0
2017-07-03,990.0,1000.010009765625,990.0,1000.0,735.152099609375,0
2017-07-04,999.989990234375,1000.010009765625,999.989990234375,999.989990234375,735.1452026367188,0
2017-07-05,999.989990234375,1000.010009765625,999.989990234375,1000.0,735.152099609375,0
2017-07-06,1000.0,1000.010009765625,999.989990234375,1000.0,735.152099609375,0
2017-07-07,1000.0,1000.010009765625,999.989990234375,1000.0,735.152099609375,0
2017-07-10,999.989990234375,1000.010009765625,999.989990234375,1000.0,735.152099609375,0
2017-07-11,999.0,1000.010009765625,999.0,1000.0,735.152099609375,0
2017-07-12,1000.0,1000.010009765625,999.989990234375,999.989990234375,735.1452026367188,0
2017-07-13,1000.0,1000.010009765625,999.989990234375,1000.0,735.152099609375,0
2017-07-14,1000.0,1000.010009765625,999.989990234375,1000.0,735.152099609375,0
2017-07-17,1000.0,1000.010009765625,999.989990234375,1000.0,735.152099609375,0
2017-07-18,999.989990234375,1000.010009765625,999.989990234375,1000.0,735.152099609375,0
2017-07-19,1000.0,1000.010009765625,999.989990234375,1000.0,735.152099609375,0
2017-07-20,1000.0,1000.010009765625,998.5499877929688,1000.0,735.152099609375,0
2017-07-21,1000.0,1000.010009765625,999.989990234375,1000.0,735.152099609375,0
2017-07-24,999.989990234375,1000.010009765625,999.989990234375,1000.0,735.152099609375,0
2017-07-25,1000.0,1000.010009765625,999.989990234375,1000.0,735.152099609375,0
2017-07-26,1000.0,1000.010009765625,999.989990234375,1000.0,735.152099609375,0
2017-07-27,999.989990234375,1000.010009765625,998.1500244140625,1000.0,735.152099609375,0
2017-07-28,999.989990234375,1000.010009765625,999.989990234375,1000.0,735.152099609375,0
2017-07-31,1000.0,1000.010009765625,999.989990234375,1000.0,737.6029052734375,0
2017-08-01,1000.0,1000.010009765625,999.989990234375,1000.0,737.6029052734375,0
2017-08-02,999.989990234375,1000.010009765625,999.989990234375,1000.0,737.6029052734375,0
2017-08-03,1000.0,1000.010009765625,999.989990234375,1000.0,737.6029052734375,0
2017-08-04,1000.0,1000.010009765625,999.989990234375,1000.0,737.6029052734375,0
2017-08-07,1000.0,1000.010009765625,999.989990234375,1000.0,737.6029052734375,0
2017-08-08,999.989990234375,1000.010009765625,999.989990234375,1000.0,737.6029052734375,0
2017-08-09,1000.0,1000.010009765625,999.989990234375,1000.0,737.6029052734375,0
2017-08-10,1000.0,1000.010009765625,999.989990234375,1000.0,737.6029052734375,0
2017-08-11,999.989990234375,1000.010009765625,999.989990234375,1000.0,737.6029052734375,0
2017-08-14,999.989990234375,1000.010009765625,999.989990234375,1000.0,737.6029052734375,0
2017-08-16,999.989990234375,1000.010009765625,999.989990234375,1000.0,737.6029052734375,0
2017-08-17,999.989990234375,1000.010009765625,999.989990234375,1000.0,737.6029052734375,0
2017-08-18,985.5599975585938,1000.010009765625,985.5599975585938,1000.0,737.6029052734375,0
2017-08-21,999.989990234375,1000.010009765625,999.989990234375,1000.0,737.6029052734375,0
2017-08-22,999.0,1000.010009765625,998.5499877929688,1000.0,737.6029052734375,0
2017-08-23,1000.0,1000.010009765625,999.989990234375,999.989990234375,737.5958862304688,0
2017-08-24,1000.0,1000.010009765625,999.989990234375,1000.0,737.6029052734375,0
2017-08-28,985.5599975585938,1000.010009765625,985.5599975585938,999.989990234375,737.5958862304688,0
2017-08-29,999.989990234375,1000.010009765625,999.989990234375,999.989990234375,737.5958862304688,0
2017-08-30,991.75,1000.010009765625,991.75,1000.0,737.6029052734375,0
2017-08-31,1000.0,1000.010009765625,999.989990234375,1000.0,739.9515991210938,0
2017-09-01,1000.0,1000.010009765625,999.989990234375,999.989990234375,739.944580078125,0
2017-09-04,999.989990234375,1000.010009765625,999.989990234375,1000.0,739.9515991210938,0
2017-09-05,1000.0,1000.010009765625,999.989990234375,999.989990234375,739.944580078125,0
2017-09-06,1000.0,1000.010009765625,999.0,1000.0,739.9515991210938,0
2017-09-07,999.989990234375,1000.010009765625,999.989990234375,1000.0,739.9515991210938,0
2017-09-08,1000.0,1000.010009765625,999.989990234375,1000.0,739.9515991210938,0
2017-09-11,999.989990234375,1000.010009765625,999.989990234375,1000.0,739.9515991210938,0
2017-09-12,999.989990234375,1000.0,999.989990234375,999.989990234375,739.944580078125,0
2017-09-13,999.989990234375,1000.010009765625,999.989990234375,1000.0,739.9515991210938,0
2017-09-14,999.989990234375,1000.010009765625,999.989990234375,1000.0,739.9515991210938,0
2017-09-15,1000.0,1000.010009765625,999.989990234375,1000.0,739.9515991210938,0
2017-09-18,999.989990234375,1000.010009765625,997.25,999.989990234375,739.944580078125,0
2017-09-19,999.989990234375,1000.010009765625,999.989990234375,1000.0,739.9515991210938,0
2017-09-20,999.989990234375,1000.010009765625,999.989990234375,999.989990234375,739.944580078125,0
2017-09-21,1000.0,1000.010009765625,999.989990234375,1000.0,739.9515991210938,0
2017-09-22,1000.0,1000.010009765625,999.989990234375,1000.0,739.9515991210938,0
2017-09-25,1000.0,1000.010009765625,999.989990234375,1000.0,739.9515991210938,0
2017-09-26,1000.0,1000.010009765625,998.5499877929688,1000.0,739.9515991210938,0
2017-09-27,1000.0,1000.010009765625,999.989990234375,1000.0,739.9515991210938,0
2017-09-28,999.989990234375,1000.010009765625,999.989990234375,999.989990234375,739.944580078125,0
2017-09-29,1000.0,1000.010009765625,999.989990234375,1000.0,742.1489868164062,0
2017-10-03,1000.0,1000.010009765625,999.989990234375,1000.0,742.1489868164062,0
2017-10-04,1000.0,1000.010009765625,999.989990234375,1000.0,742.1489868164062,0
2017-10-05,1000.0,1000.010009765625,999.989990234375,1000.0,742.1489868164062,0
2017-10-06,999.989990234375,1000.010009765625,999.989990234375,999.989990234375,742.1416625976562,0
2017-10-09,999.989990234375,1000.010009765625,999.989990234375,1000.0,742.1489868164062,0
2017-10-10,999.989990234375,1000.010009765625,999.989990234375,1000.0,742.1489868164062,0
2017-10-11,1000.0,1000.010009765625,999.989990234375,1000.0,742.1489868164062,0
2017-10-12,1000.0,1000.010009765625,999.989990234375,999.989990234375,742.1416625976562,0
2017-10-13,999.989990234375,1000.010009765625,999.989990234375,999.989990234375,742.1416625976562,0
2017-10-16,1000.0,1000.010009765625,999.989990234375,1000.0,742.1489868164062,0
2017-10-17,999.989990234375,1000.010009765625,999.989990234375,1000.0,742.1489868164062,0
2017-10-18,1000.0,1000.010009765625,997.5499877929688,1000.0,742.1489868164062,0
2017-10-19,985.5599975585938,1005.0,985.5599975585938,1000.8800048828125,742.8021240234375,0
2017-10-23,1000.0,1000.010009765625,999.989990234375,1000.0,742.1489868164062,0
2017-10-24,1000.0,1000.010009765625,999.989990234375,999.989990234375,742.1416625976562,0
2017-10-25,999.989990234375,1000.010009765625,999.989990234375,1000.0,742.1489868164062,0
2017-10-26,999.989990234375,1000.010009765625,999.989990234375,999.989990234375,742.1416625976562,0
2017-10-27,1000.0,1000.010009765625,999.989990234375,999.989990234375,742.1416625976562,0
2017-10-30,999.989990234375,1000.010009765625,999.989990234375,1000.0,742.1489868164062,0
2017-10-31,999.989990234375,1000.010009765625,999.989990234375,1000.0,744.5537109375,0
2017-11-01,999.010009765625,1000.010009765625,999.010009765625,1000.0,744.5537109375,0
2017-11-02,999.0,1000.010009765625,999.0,1000.0,744.5537109375,0
2017-11-03,1000.0,1000.010009765625,999.989990234375,1000.0,744.5537109375,0
2017-11-06,999.5999755859375,1000.010009765625,999.1500244140625,1000.0,744.5537109375,0
2017-11-07,999.989990234375,1000.010009765625,999.989990234375,1000.0,744.5537109375,0
2017-11-08,1000.0,1000.010009765625,999.989990234375,999.989990234375,744.5462646484375,0
2017-11-09,999.989990234375,1000.010009765625,999.989990234375,1000.0,744.5537109375,0
2017-11-10,999.989990234375,1000.010009765625,999.989990234375,1000.0,744.5537109375,0
2017-11-13,999.989990234375,1000.010009765625,999.989990234375,1000.0,744.5537109375,0
2017-11-14,1000.0,1000.010009765625,999.989990234375,1000.0,744.5537109375,0
2017-11-15,999.989990234375,1000.010009765625,999.989990234375,1000.0,744.5537109375,0
2017-11-16,999.989990234375,1000.010009765625,999.989990234375,1000.0,744.5537109375,0
2017-11-17,999.989990234375,1000.010009765625,998.5499877929688,1000.0,744.5537109375,0
2017-11-20,999.9500122070312,1000.010009765625,999.9500122070312,1000.0,744.5537109375,0
2017-11-21,999.989990234375,1000.010009765625,999.989990234375,1000.0,744.5537109375,0
2017-11-22,999.989990234375,1000.010009765625,999.989990234375,1000.0,744.5537109375,0
2017-11-23,1000.0,1000.010009765625,999.989990234375,1000.0,744.5537109375,0
2017-11-24,1000.0,1000.010009765625,999.989990234375,1000.0,744.5537109375,0
2017-11-27,999.989990234375,1000.010009765625,999.989990234375,1000.0,744.5537109375,0
2017-11-28,999.989990234375,1000.010009765625,999.9000244140625,999.989990234375,744.5462646484375,0
2017-11-29,1000.0,1000.010009765625,999.989990234375,1000.0,744.5537109375,0
2017-11-30,1000.0,1000.010009765625,999.989990234375,1000.0,746.8936157226562,0
2017-12-01,1000.0,1000.010009765625,999.989990234375,1000.0,746.8936157226562,0
2017-12-04,999.989990234375,1000.010009765625,999.989990234375,999.989990234375,746.8861694335938,0
2017-12-05,999.9500122070312,1000.010009765625,999.9500122070312,1000.0,746.8936157226562,0
2017-12-06,999.5999755859375,1000.010009765625,985.5599975585938,1000.0,746.8936157226562,0
2017-12-07,1000.0,1000.010009765625,999.989990234375,1000.0,746.8936157226562,0
2017-12-08,1000.0,1000.010009765625,999.989990234375,1000.0,746.8936157226562,0
2017-12-11,1000.0,1000.010009765625,999.989990234375,1000.0,746.8936157226562,0
2017-12-12,1000.0,1000.010009765625,999.010009765625,1000.0,746.8936157226562,0
2017-12-13,1000.0,1000.010009765625,999.989990234375,1000.0,746.8936157226562,0
2017-12-14,999.989990234375,1000.010009765625,999.989990234375,1000.0,746.8936157226562,0
2017-12-15,1000.0,1000.010009765625,999.989990234375,1000.0,746.8936157226562,0
2017-12-18,1000.0,1000.010009765625,999.989990234375,1000.0,746.8936157226562,0
2017-12-19,1000.0,1000.010009765625,999.010009765625,1000.0,746.8936157226562,0
2017-12-20,999.989990234375,1000.010009765625,999.989990234375,1000.0,746.8936157226562,0
2017-12-21,999.989990234375,1000.010009765625,999.989990234375,1000.0,746.8936157226562,0
2017-12-22,1000.0,1000.010009765625,999.989990234375,1000.0,746.8936157226562,0
2017-12-26,999.989990234375,1000.010009765625,999.989990234375,999.989990234375,746.8861694335938,0
2017-12-27,999.989990234375,1000.010009765625,999.989990234375,1000.0,746.8936157226562,0
2017-12-28,1000.0,1000.010009765625,999.989990234375,1000.0,746.8936157226562,0
2017-12-29,999.989990234375,1000.010009765625,999.5999755859375,1000.0,749.348876953125,0
2018-01-01,985.5599975585938,1000.010009765625,985.5599975585938,1000.0,749.348876953125,0
2018-01-02,1000.0,1000.010009765625,999.989990234375,1000.0,749.348876953125,0
2018-01-03,1000.0,1000.010009765625,999.989990234375,1000.0,749.348876953125,0
2018-01-04,999.989990234375,1000.010009765625,999.989990234375,1000.0,749.348876953125,0
2018-01-05,1000.0,1000.010009765625,999.989990234375,1000.0,749.348876953125,0
2018-01-08,999.989990234375,1000.010009765625,999.989990234375,999.989990234375,749.3417358398438,0
2018-01-09,999.989990234375,1000.010009765625,999.989990234375,1000.0,749.348876953125,0
2018-01-10,999.989990234375,1000.010009765625,999.989990234375,1000.0,749.348876953125,0
2018-01-11,1000.0,1000.010009765625,999.989990234375,1000.0,749.348876953125,0
2018-01-12,999.989990234375,1000.010009765625,999.989990234375,1000.0,749.348876953125,0
2018-01-15,999.989990234375,1000.010009765625,999.989990234375,1000.0,749.348876953125,0
2018-01-16,987.0,1000.010009765625,987.0,1000.0,749.348876953125,0
2018-01-17,999.75,1000.010009765625,999.510009765625,999.989990234375,749.3417358398438,0
2018-01-18,999.989990234375,1000.010009765625,999.989990234375,1000.0,749.348876953125,0
2018-01-19,1000.0,1000.010009765625,999.989990234375,1000.0,749.348876953125,0
2018-01-22,1000.0,1000.010009765625,999.989990234375,1000.0,749.348876953125,0
2018-01-23,999.989990234375,1000.010009765625,999.989990234375,1000.0,749.348876953125,0
2018-01-24,999.989990234375,1000.010009765625,999.989990234375,999.989990234375,749.3417358398438,0
2018-01-25,999.989990234375,1000.010009765625,999.989990234375,1000.0,749.348876953125,0
2018-01-29,1014.4400024414062,1014.4400024414062,999.989990234375,999.989990234375,749.3417358398438,0
2018-01-30,999.989990234375,1000.010009765625,999.989990234375,1000.0,749.348876953125,0
2018-01-31,1000.0,1000.010009765625,999.989990234375,1000.0,751.7694702148438,0
2018-02-01,999.75,1000.010009765625,999.75,1000.0,751.7694702148438,0
2018-02-02,999.989990234375,1000.010009765625,999.989990234375,1000.0,751.7694702148438,0
2018-02-05,999.989990234375,1000.010009765625,999.989990234375,1000.0,751.7694702148438,0
2018-02-06,999.989990234375,1000.010009765625,999.989990234375,1000.0,751.7694702148438,0
2018-02-07,1000.0,1000.010009765625,999.989990234375,1000.0,751.7694702148438,0
2018-02-08,999.989990234375,1000.010009765625,999.5999755859375,1000.0,751.7694702148438,0
2018-02-09,999.989990234375,1000.010009765625,999.989990234375,1000.0,751.7694702148438,0
2018-02-12,999.989990234375,1000.010009765625,999.989990234375,1000.0,751.7694702148438,0
2018-02-14,999.989990234375,1000.010009765625,999.989990234375,1000.0,751.7694702148438,0
2018-02-15,1000.0,1014.4400024414062,999.989990234375,1000.0,751.7694702148438,0
2018-02-16,999.989990234375,1000.010009765625,999.989990234375,1000.0,751.7694702148438,0
2018-02-19,999.989990234375,1000.010009765625,999.989990234375,1000.0,751.7694702148438,0
2018-02-20,1000.0,1000.010009765625,999.989990234375,999.989990234375,751.7622680664062,0
2018-02-21,999.989990234375,1000.010009765625,999.989990234375,1000.0,751.7694702148438,0
2018-02-22,1000.0,1000.010009765625,999.989990234375,1000.0,751.7694702148438,0
2018-02-23,1000.0,1000.010009765625,999.989990234375,999.989990234375,751.7622680664062,0
2018-02-26,999.989990234375,1000.010009765625,999.989990234375,999.989990234375,751.7622680664062,0
2018-02-27,999.9500122070312,1000.010009765625,999.9500122070312,1000.0,751.7694702148438,0
2018-02-28,999.989990234375,1000.010009765625,999.989990234375,1000.0,753.9766845703125,0
2018-03-01,1000.0,1000.010009765625,999.989990234375,1000.0,753.9766845703125,0
2018-03-05,999.989990234375,1000.010009765625,999.989990234375,1000.0,753.9766845703125,0
2018-03-06,1000.0,1000.010009765625,999.989990234375,1000.0,753.9766845703125,0
2018-03-07,999.989990234375,1000.010009765625,999.989990234375,999.989990234375,753.9691162109375,0
2018-03-08,1000.0,1014.4400024414062,999.989990234375,1000.030029296875,753.9989013671875,0
2018-03-09,999.989990234375,1000.010009765625,999.75,1000.0,753.9766845703125,0
2018-03-12,1000.0,1000.010009765625,999.989990234375,999.989990234375,753.9691162109375,0
2018-03-13,999.989990234375,1000.010009765625,998.5499877929688,999.97998046875,753.9612426757812,0
2018-03-14,999.989990234375,1000.010009765625,999.989990234375,999.989990234375,753.9691162109375,0
2018-03-15,1000.0,1000.010009765625,999.989990234375,1000.0,753.9766845703125,0
2018-03-16,1000.0,1000.010009765625,999.989990234375,999.989990234375,753.9691162109375,0
2018-03-19,1000.0,1000.010009765625,999.989990234375,1000.0,753.9766845703125,0
2018-03-20,1000.0,1000.010009765625,999.989990234375,1000.0,753.9766845703125,0
2018-03-21,999.989990234375,1000.010009765625,999.989990234375,1000.0,753.9766845703125,0
2018-03-22,999.989990234375,1000.010009765625,999.989990234375,1000.0,753.9766845703125,0
2018-03-23,999.9000244140625,1000.010009765625,999.9000244140625,1000.0,753.9766845703125,0
2018-03-26,999.989990234375,1000.010009765625,999.0,999.989990234375,753.9691162109375,0
2018-03-27,1000.0,1000.5,998.5499877929688,1000.0,753.9766845703125,0
2018-03-28,1000.0,1000.4500122070312,999.0499877929688,1000.0,756.482421875,0
2018-04-02,1000.0,1000.010009765625,999.75,1000.0,756.482421875,0
2018-04-03,985.5599975585938,1000.010009765625,985.5599975585938,999.989990234375,756.4746704101562,0
2018-04-04,999.989990234375,1000.010009765625,999.989990234375,1000.0,756.482421875,0
2018-04-05,1000.0,1000.010009765625,999.989990234375,999.989990234375,756.4746704101562,0
2018-04-06,1000.0,1000.010009765625,999.989990234375,1000.0,756.482421875,0
2018-04-09,1000.0,1000.010009765625,999.989990234375,1000.0,756.482421875,0
2018-04-10,1000.0,1000.010009765625,999.989990234375,1000.0,756.482421875,0
2018-04-11,1000.0,1000.010009765625,999.2000122070312,1000.0,756.482421875,0
2018-04-12,1000.0,1000.010009765625,999.989990234375,1000.0,756.482421875,0
2018-04-13,1000.0,1000.010009765625,999.989990234375,1000.0,756.482421875,0
2018-04-16,999.989990234375,1000.010009765625,999.989990234375,999.989990234375,756.4746704101562,0
2018-04-17,999.989990234375,1000.010009765625,999.989990234375,999.989990234375,756.4746704101562,0
2018-04-18,1000.0,1000.010009765625,999.989990234375,1000.0,756.482421875,0
2018-04-19,999.989990234375,1000.010009765625,998.5499877929688,999.989990234375,756.4746704101562,0
2018-04-20,999.989990234375,1000.010009765625,999.989990234375,1000.0,756.482421875,0
2018-04-23,1000.0,1000.010009765625,997.5499877929688,1000.0,756.482421875,0
2018-04-24,999.989990234375,1000.010009765625,998.5499877929688,999.989990234375,756.4746704101562,0
2018-04-25,999.989990234375,1000.010009765625,999.989990234375,1000.0,756.482421875,0
2018-04-26,1000.0,1000.010009765625,999.989990234375,1000.0,756.482421875,0
2018-04-27,999.989990234375,1000.010009765625,999.989990234375,1000.0,758.8095703125,0
2018-04-30,999.989990234375,1000.010009765625,999.989990234375,999.989990234375,758.8021240234375,0
2018-05-02,1000.0,1000.010009765625,999.989990234375,1000.0,758.8095703125,0
2018-05-03,1000.0,1000.010009765625,999.989990234375,1000.0,758.8095703125,0
2018-05-04,1000.0,1000.010009765625,999.989990234375,1000.0,758.8095703125,0
2018-05-07,988.0999755859375,1000.010009765625,988.0999755859375,999.989990234375,758.8021240234375,0
2018-05-08,999.989990234375,1000.010009765625,999.989990234375,1000.0,758.8095703125,0
2018-05-09,1000.0,1000.010009765625,999.989990234375,1000.0,758.8095703125,0
2018-05-10,1000.0,1000.010009765625,999.989990234375,1000.0,758.8095703125,0
2018-05-11,999.9000244140625,1000.010009765625,999.9000244140625,1000.0,758.8095703125,0
2018-05-14,999.989990234375,1000.010009765625,999.989990234375,1000.0,758.8095703125,0
2018-05-15,988.0999755859375,1000.010009765625,988.0999755859375,999.989990234375,758.8021240234375,0
2018-05-16,1000.0,1000.010009765625,999.989990234375,1000.0,758.8095703125,0
2018-05-17,1000.0,1000.010009765625,999.0999755859375,1000.0,758.8095703125,0
2018-05-18,1000.0,1000.010009765625,999.989990234375,1000.0,758.8095703125,0
2018-05-21,999.0999755859375,1000.010009765625,999.0999755859375,1000.0,758.8095703125,0
2018-05-22,999.9500122070312,1000.010009765625,998.6500244140625,999.989990234375,758.8021240234375,0
2018-05-23,999.989990234375,1000.010009765625,999.989990234375,1000.0,758.8095703125,0
2018-05-24,999.989990234375,1000.010009765625,999.989990234375,1000.0,758.8095703125,0
2018-05-25,1000.0,1000.010009765625,999.989990234375,1000.0,758.8095703125,0
2018-05-28,1000.0,1000.010009765625,999.989990234375,1000.0,758.8095703125,0
2018-05-29,1000.010009765625,1000.010009765625,999.989990234375,1000.0,758.8095703125,0
2018-05-30,1000.0,1000.010009765625,999.989990234375,1000.0,758.8095703125,0
2018-05-31,1000.0,1000.010009765625,999.989990234375,1000.0,761.3709716796875,0
2018-06-01,1000.0,1000.010009765625,999.989990234375,1000.0,761.3709716796875,0
2018-06-04,1000.0,1000.010009765625,999.989990234375,1000.0,761.3709716796875,0
2018-06-05,1000.0,1000.010009765625,999.989990234375,1000.0,761.3709716796875,0
2018-06-06,1000.0,1000.010009765625,999.989990234375,999.989990234375,761.3634033203125,0
2018-06-07,999.989990234375,1000.010009765625,999.989990234375,1000.0,761.3709716796875,0
2018-06-08,1014.4400024414062,1014.4400024414062,999.989990234375,1000.0,761.3709716796875,0
2018-06-11,1000.0,1000.010009765625,999.0,1000.0,761.3709716796875,0
2018-06-12,1014.4400024414062,1014.4400024414062,999.989990234375,1000.0,761.3709716796875,0
2018-06-13,1000.0,1000.010009765625,999.989990234375,1000.0,761.3709716796875,0
2018-06-14,1000.0,1000.010009765625,999.989990234375,999.989990234375,761.3634033203125,0
2018-06-15,999.989990234375,1000.010009765625,999.989990234375,1000.0,761.3709716796875,0
2018-06-18,999.989990234375,1000.010009765625,999.989990234375,1000.0,761.3709716796875,0
2018-06-19,999.989990234375,1000.010009765625,999.989990234375,1000.0,761.3709716796875,0
2018-06-20,999.989990234375,1000.010009765625,999.989990234375,1000.0,761.3709716796875,0
2018-06-21,1000.0,1000.010009765625,999.989990234375,999.989990234375,761.3634033203125,0
2018-06-22,1000.0,1000.010009765625,999.989990234375,999.989990234375,761.3634033203125,0
2018-06-25,990.0,1000.010009765625,990.0,1000.0,761.3709716796875,0
2018-06-26,1000.0,1000.010009765625,999.989990234375,1000.0,761.3709716796875,0
2018-06-27,999.989990234375,1000.010009765625,999.989990234375,1000.0,761.3709716796875,0
2018-06-28,999.0,1000.010009765625,999.0,1000.0,761.3709716796875,0
2018-06-29,1000.0,1000.010009765625,999.989990234375,1000.0,763.7610473632812,0
2018-07-02,999.989990234375,1000.010009765625,999.989990234375,1000.0,763.7610473632812,0
2018-07-03,999.0,1000.010009765625,999.0,999.989990234375,763.75341796875,0
2018-07-04,990.0,1000.010009765625,990.0,999.989990234375,763.75341796875,0
2018-07-05,1000.0,1000.010009765625,999.989990234375,1000.0,763.7610473632812,0
2018-07-06,999.989990234375,1000.010009765625,999.989990234375,999.989990234375,763.75341796875,0
2018-07-09,1000.0,1000.010009765625,999.989990234375,999.989990234375,763.75341796875,0
2018-07-10,1000.0,1000.010009765625,999.989990234375,1000.0,763.7610473632812,0
2018-07-11,999.989990234375,1000.010009765625,999.989990234375,1000.0,763.7610473632812,0
2018-07-12,990.2999877929688,1000.010009765625,990.2999877929688,1000.0,763.7610473632812,0
2018-07-13,999.989990234375,1000.010009765625,999.989990234375,1000.0,763.7610473632812,0
2018-07-16,999.989990234375,1000.010009765625,999.989990234375,1000.0,763.7610473632812,0
2018-07-17,999.989990234375,1000.010009765625,999.989990234375,1000.0,763.7610473632812,0
2018-07-18,990.5,1000.010009765625,990.5,1000.0,763.7610473632812,0
2018-07-19,999.989990234375,1000.010009765625,999.989990234375,999.989990234375,763.75341796875,0
2018-07-20,1000.0,1000.010009765625,999.989990234375,999.989990234375,763.75341796875,0
2018-07-23,1000.0,1000.010009765625,999.989990234375,999.989990234375,763.75341796875,0
2018-07-24,991.6500244140625,1000.010009765625,991.6500244140625,999.989990234375,763.75341796875,0
2018-07-25,999.989990234375,1000.010009765625,999.989990234375,1000.0,763.7610473632812,0
2018-07-26,999.989990234375,1000.010009765625,999.989990234375,1000.0,763.7610473632812,0
2018-07-27,1000.0,1000.010009765625,999.989990234375,1000.0,763.7610473632812,0
2018-07-30,999.989990234375,1000.010009765625,999.989990234375,1000.0,763.7610473632812,0
2018-07-31,1000.0,1000.010009765625,999.989990234375,1000.0,766.4674072265625,0
2018-08-01,999.989990234375,1000.010009765625,999.989990234375,1000.0,766.4674072265625,0
2018-08-02,1014.4400024414062,1014.4400024414062,999.989990234375,999.989990234375,766.4598388671875,0
2018-08-03,999.989990234375,1010.2000122070312,999.989990234375,1000.0,766.4674072265625,0
2018-08-06,1000.0,1000.010009765625,995.6500244140625,1000.0,766.4674072265625,0
2018-08-07,1000.0,1000.010009765625,999.989990234375,1000.0,766.4674072265625,0
2018-08-08,999.989990234375,1000.010009765625,999.989990234375,1000.0,766.4674072265625,0
2018-08-09,999.989990234375,1000.010009765625,999.989990234375,1000.0,766.4674072265625,0
2018-08-10,1000.0,1000.010009765625,999.989990234375,1000.0,766.4674072265625,0
2018-08-13,999.989990234375,1000.010009765625,999.989990234375,1000.0,766.4674072265625,0
2018-08-14,999.989990234375,1000.010009765625,999.989990234375,1000.0,766.4674072265625,0
2018-08-16,1000.0,1000.010009765625,999.989990234375,1000.0,766.4674072265625,0
2018-08-17,1000.0,1000.010009765625,999.989990234375,999.989990234375,766.4598388671875,0
2018-08-20,1000.0,1000.010009765625,999.989990234375,1000.0,766.4674072265625,0
2018-08-21,999.989990234375,1000.010009765625,999.989990234375,1000.0,766.4674072265625,0
2018-08-23,1000.0,1000.010009765625,999.989990234375,1000.0,766.4674072265625,0
2018-08-24,1000.0,1000.010009765625,999.989990234375,1000.0,766.4674072265625,0
2018-08-27,999.9000244140625,1000.010009765625,999.9000244140625,1000.0,766.4674072265625,0
2018-08-28,999.0,1000.010009765625,999.0,1000.0,766.4674072265625,0
2018-08-29,999.989990234375,1000.010009765625,999.989990234375,1000.0,766.4674072265625,0
2018-08-30,999.989990234375,1000.010009765625,999.989990234375,1000.0,766.4674072265625,0
2018-08-31,1000.0,1000.010009765625,999.989990234375,999.989990234375,769.1851196289062,0
2018-09-03,1000.0,1000.010009765625,999.989990234375,1000.0,769.19287109375,0
2018-09-04,999.989990234375,1000.010009765625,999.989990234375,1000.0,769.19287109375,0
2018-09-05,999.989990234375,1000.010009765625,999.989990234375,1000.0,769.19287109375,0
2018-09-06,1000.0,1000.010009765625,999.989990234375,1000.0,769.19287109375,0
2018-09-07,1000.0,1000.010009765625,999.989990234375,1000.0,769.19287109375,0
2018-09-10,999.989990234375,1000.010009765625,999.989990234375,1000.0,769.19287109375,0
2018-09-11,991.6500244140625,1000.010009765625,991.6500244140625,1000.0,769.19287109375,0
2018-09-12,999.989990234375,1000.010009765625,999.0,1000.0,769.19287109375,0
2018-09-14,1000.0,1000.010009765625,999.989990234375,1000.0,769.19287109375,0
2018-09-17,1000.0,1000.010009765625,999.989990234375,1000.0,769.19287109375,0
2018-09-18,1000.0,1000.010009765625,999.989990234375,999.989990234375,769.1851196289062,0
2018-09-19,999.989990234375,1000.010009765625,999.989990234375,1000.0,769.19287109375,0
2018-09-21,999.989990234375,1000.010009765625,999.989990234375,1000.0,769.19287109375,0
2018-09-24,999.989990234375,1000.010009765625,999.989990234375,1000.0,769.19287109375,0
2018-09-25,1000.0,1000.010009765625,999.989990234375,1000.0,769.19287109375,0
2018-09-26,999.989990234375,1000.010009765625,999.989990234375,1000.0,769.19287109375,0
2018-09-27,1000.0,1000.010009765625,999.989990234375,1000.0,769.19287109375,0
2018-09-28,1000.0,1000.010009765625,999.0,1000.0,771.8176879882812,0
2018-10-01,999.989990234375,1000.010009765625,999.989990234375,999.989990234375,771.81005859375,0
2018-10-03,995.0,1000.010009765625,991.5599975585938,999.989990234375,771.81005859375,0
2018-10-04,1000.0,1000.010009765625,999.0,1000.0,771.8176879882812,0
2018-10-05,1000.0,1000.010009765625,999.989990234375,1000.0,771.8176879882812,0
2018-10-08,1000.0,1000.010009765625,999.989990234375,1000.0,771.8176879882812,0
2018-10-09,1000.0,1000.010009765625,999.989990234375,1000.0,771.8176879882812,0
2018-10-10,1000.0,1000.010009765625,999.989990234375,1000.0,771.8176879882812,0
2018-10-11,1000.0,1000.010009765625,991.5599975585938,1000.0,771.8176879882812,0
2018-10-12,999.989990234375,1000.010009765625,999.989990234375,1000.0,771.8176879882812,0
2018-10-15,999.989990234375,1000.010009765625,999.989990234375,1000.0,771.8176879882812,0
2018-10-16,999.989990234375,1000.010009765625,999.989990234375,1000.0,771.8176879882812,0
2018-10-17,999.989990234375,1000.010009765625,999.989990234375,1000.0,771.8176879882812,0
2018-10-19,1000.0,1005.0,999.989990234375,999.989990234375,771.81005859375,0
2018-10-22,1000.0,1000.010009765625,997.75,1000.0,771.8176879882812,0
2018-10-23,999.989990234375,1000.010009765625,999.989990234375,999.989990234375,771.81005859375,0
2018-10-24,999.989990234375,1000.010009765625,999.989990234375,999.989990234375,771.81005859375,0
2018-10-25,1000.0,1000.010009765625,999.989990234375,1000.0,771.8176879882812,0
2018-10-26,999.9500122070312,1000.010009765625,999.9500122070312,1000.0,771.8176879882812,0
2018-10-29,1000.0,1000.010009765625,999.989990234375,999.989990234375,771.81005859375,0
2018-10-30,1000.0,1000.010009765625,999.989990234375,1000.0,771.8176879882812,0
2018-10-31,1000.0,1000.010009765625,999.989990234375,1000.0,774.525634765625,0
2018-11-01,992.0,1000.010009765625,992.0,999.989990234375,774.51806640625,0
2018-11-02,1000.0,1000.010009765625,999.989990234375,1000.0,774.525634765625,0
2018-11-05,1000.0,1000.010009765625,995.7000122070312,999.989990234375,774.51806640625,0
2018-11-06,999.989990234375,1000.010009765625,999.989990234375,1000.0,774.525634765625,0
2018-11-07,999.989990234375,1002.0,999.0,1000.02001953125,774.5411987304688,0
2018-11-09,1000.0,1000.010009765625,996.4500122070312,999.989990234375,774.51806640625,0
2018-11-12,999.010009765625,1000.010009765625,999.010009765625,1000.0,774.525634765625,0
2018-11-13,1000.0,1000.010009765625,999.989990234375,999.989990234375,774.51806640625,0
2018-11-14,1000.0,1000.010009765625,999.989990234375,1000.0,774.525634765625,0
2018-11-15,1000.0,1000.010009765625,999.989990234375,1000.0,774.525634765625,0
2018-11-16,999.97998046875,1000.010009765625,999.9400024414062,1000.0,774.525634765625,0
2018-11-19,1000.0,1000.010009765625,999.989990234375,1000.0,774.525634765625,0
2018-11-20,999.989990234375,1000.010009765625,999.989990234375,1000.0,774.525634765625,0
2018-11-21,999.989990234375,1000.010009765625,999.989990234375,999.989990234375,774.51806640625,0
2018-11-22,999.989990234375,1000.010009765625,999.989990234375,1000.0,774.525634765625,0
2018-11-26,1000.0,1000.010009765625,999.010009765625,999.989990234375,774.51806640625,0
2018-11-27,1000.0,1000.010009765625,999.989990234375,999.989990234375,774.51806640625,0
2018-11-28,999.989990234375,1000.010009765625,999.989990234375,1000.0,774.525634765625,0
2018-11-29,999.989990234375,1000.010009765625,999.989990234375,1000.0,774.525634765625,0
2018-11-30,1000.0,1000.010009765625,999.989990234375,1000.0,777.1824340820312,0
2018-12-03,1000.0,1000.010009765625,999.989990234375,999.989990234375,777.1746826171875,0
2018-12-04,999.989990234375,1000.010009765625,999.989990234375,999.989990234375,777.1746826171875,0
2018-12-05,999.989990234375,1000.010009765625,999.010009765625,999.989990234375,777.1746826171875,0
2018-12-06,999.989990234375,1000.010009765625,999.989990234375,1000.0,777.1824340820312,0
2018-12-07,999.989990234375,1000.010009765625,999.989990234375,999.989990234375,777.1746826171875,0
2018-12-10,1000.0,1000.010009765625,999.989990234375,1000.0,777.1824340820312,0
2018-12-11,999.989990234375,1000.010009765625,999.989990234375,999.989990234375,777.1746826171875,0
2018-12-12,999.010009765625,1000.010009765625,999.010009765625,999.989990234375,777.1746826171875,0
2018-12-13,1000.0,1000.010009765625,999.989990234375,1000.0,777.1824340820312,0
2018-12-14,1000.0,1000.010009765625,999.989990234375,1000.0,777.1824340820312,0
2018-12-17,999.989990234375,1000.010009765625,999.989990234375,1000.0,777.1824340820312,0
2018-12-18,1000.0,1000.010009765625,999.989990234375,1000.0,777.1824340820312,0
2018-12-19,999.989990234375,1000.010009765625,999.989990234375,1000.0,777.1824340820312,0
2018-12-20,999.0,1000.010009765625,999.0,1000.0,777.1824340820312,0
2018-12-21,1000.0,1000.010009765625,999.0,1000.0,777.1824340820312,0
2018-12-24,999.010009765625,1000.010009765625,999.010009765625,1000.0,777.1824340820312,0
2018-12-26,1000.0,1000.010009765625,999.010009765625,1000.0,777.1824340820312,0
2018-12-27,1000.0,1000.010009765625,999.989990234375,1000.0,777.1824340820312,0
2018-12-28,999.989990234375,1000.010009765625,999.989990234375,999.989990234375,777.1746826171875,0
2018-12-31,1000.0,1000.010009765625,999.989990234375,999.989990234375,779.940185546875,0
2019-01-01,1000.0,1000.010009765625,999.989990234375,1000.0,779.9478149414062,0
2019-01-02,999.989990234375,1000.010009765625,999.989990234375,1000.0,779.9478149414062,0
2019-01-03,1000.0,1000.010009765625,999.989990234375,1000.0,779.9478149414062,0
2019-01-04,1000.0,1000.010009765625,999.989990234375,1000.0,779.9478149414062,0
2019-01-07,1000.0,1000.010009765625,999.010009765625,999.989990234375,779.940185546875,0
2019-01-08,1000.0,1000.010009765625,999.989990234375,1000.0,779.9478149414062,0
2019-01-09,1000.0,1000.010009765625,999.1099853515625,1000.0,779.9478149414062,0
2019-01-10,1000.0,1000.010009765625,999.9000244140625,1000.0,779.9478149414062,0
2019-01-11,1000.0,1000.010009765625,999.9600219726562,1000.0,779.9478149414062,0
2019-01-14,999.010009765625,1000.010009765625,999.010009765625,999.989990234375,779.940185546875,0
2019-01-15,999.989990234375,1000.010009765625,999.989990234375,1000.0,779.9478149414062,0
2019-01-16,999.989990234375,1000.010009765625,999.989990234375,1000.0,779.9478149414062,0
2019-01-17,1000.0,1000.010009765625,999.989990234375,1000.0,779.9478149414062,0
2019-01-18,1000.0,1000.010009765625,999.989990234375,1000.0,779.9478149414062,0
2019-01-21,999.25,1000.010009765625,999.1599731445312,1000.0,779.9478149414062,0
2019-01-22,1000.0,1000.010009765625,999.989990234375,999.989990234375,779.940185546875,0
2019-01-23,1000.0,1000.010009765625,999.510009765625,999.989990234375,779.940185546875,0
2019-01-24,999.989990234375,1000.010009765625,999.510009765625,1000.0,779.9478149414062,0
2019-01-25,1000.0,1000.010009765625,999.260009765625,1000.0,779.9478149414062,0
2019-01-28,1000.0,1000.010009765625,999.510009765625,999.989990234375,779.940185546875,0
2019-01-29,999.3599853515625,1000.010009765625,999.3599853515625,999.989990234375,779.940185546875,0
2019-01-30,1000.0,1000.010009765625,999.989990234375,1000.0,779.9478149414062,0
2019-01-31,1000.0,1000.010009765625,999.989990234375,1000.0,782.7010498046875,0
2019-02-01,1000.0,1000.010009765625,999.989990234375,1000.0,782.7010498046875,0
2019-02-04,999.9500122070312,1000.010009765625,999.9500122070312,999.989990234375,782.6935424804688,0
2019-02-05,1000.0,1000.010009765625,999.989990234375,1000.0,782.7010498046875,0
2019-02-06,1000.0,1000.010009765625,999.989990234375,1000.0,782.7010498046875,0
2019-02-07,999.989990234375,1000.010009765625,999.3300170898438,1000.0,782.7010498046875,0
2019-02-08,1000.0,1000.010009765625,999.989990234375,1000.0,782.7010498046875,0
2019-02-11,999.989990234375,1000.010009765625,999.3499755859375,999.989990234375,782.6935424804688,0
2019-02-12,999.5499877929688,1000.010009765625,999.5499877929688,1000.0,782.7010498046875,0
2019-02-14,999.989990234375,1000.010009765625,999.989990234375,999.989990234375,782.6935424804688,0
2019-02-15,999.989990234375,1000.010009765625,999.5499877929688,1000.0,782.7010498046875,0
2019-02-18,991.5599975585938,1000.010009765625,991.5599975585938,999.989990234375,782.6935424804688,0
2019-02-19,1000.0,1000.010009765625,999.5599975585938,1000.0,782.7010498046875,0
2019-02-20,999.989990234375,1000.010009765625,999.5800170898438,1000.0,782.7010498046875,0
2019-02-21,999.989990234375,1000.010009765625,999.5700073242188,1000.0,782.7010498046875,0
2019-02-22,999.989990234375,1000.010009765625,999.989990234375,1000.0,782.7010498046875,0
2019-02-25,1000.0,1000.010009765625,999.5599975585938,999.989990234375,782.6935424804688,0
2019-02-26,999.989990234375,1000.010009765625,999.989990234375,1000.0,782.7010498046875,0
2019-02-27,1000.3499755859375,1000.3499755859375,999.6099853515625,1000.0,782.7010498046875,0
2019-02-28,1000.0,1000.010009765625,999.989990234375,1000.0,785.1689453125,0
2019-03-01,1000.0,1000.010009765625,999.989990234375,1000.0,785.1689453125,0
2019-03-05,999.9500122070312,1000.010009765625,999.9000244140625,999.989990234375,785.1612548828125,0
2019-03-06,999.989990234375,1000.010009765625,999.989990234375,1000.0,785.1689453125,0
2019-03-07,1000.0,1000.010009765625,999.989990234375,1000.0,785.1689453125,0
2019-03-08,999.989990234375,1000.010009765625,999.989990234375,999.989990234375,785.1612548828125,0
2019-03-11,999.5499877929688,1000.010009765625,999.25,999.989990234375,785.1612548828125,0
2019-03-12,1000.0,1000.010009765625,999.989990234375,999.989990234375,785.1612548828125,0
2019-03-13,999.989990234375,1000.010009765625,999.989990234375,1000.0,785.1689453125,0
2019-03-14,1000.0,1000.010009765625,999.1500244140625,1000.0,785.1689453125,0
2019-03-15,1000.0,1000.010009765625,999.989990234375,1000.0,785.1689453125,0
2019-03-18,999.989990234375,1000.010009765625,999.989990234375,999.989990234375,785.1612548828125,0
2019-03-19,1000.0,1000.010009765625,999.989990234375,999.989990234375,785.1612548828125,0
2019-03-20,1000.0,1000.010009765625,999.989990234375,1000.0,785.1689453125,0
2019-03-22,1000.0,1000.010009765625,999.989990234375,1000.0,785.1689453125,0
2019-03-25,1000.0,1000.010009765625,999.5499877929688,1000.0,785.1689453125,0
2019-03-26,999.989990234375,1000.010009765625,999.989990234375,999.989990234375,785.1612548828125,0
2019-03-27,1000.0,1000.010009765625,999.989990234375,999.989990234375,785.1612548828125,0
2019-03-28,1000.0,1000.010009765625,999.5599975585938,1000.0,787.8593139648438,0
2019-04-01,999.989990234375,1000.010009765625,999.989990234375,1000.0,787.8593139648438,0
2019-04-02,999.989990234375,1000.010009765625,999.989990234375,999.989990234375,787.8515625,0
2019-04-03,1000.0,1000.010009765625,999.989990234375,999.989990234375,787.8515625,0
2019-04-04,999.989990234375,1000.010009765625,999.2999877929688,999.989990234375,787.8515625,0
2019-04-05,1000.0,1000.010009765625,999.989990234375,999.989990234375,787.8515625,0
2019-04-08,999.989990234375,1000.010009765625,999.989990234375,999.989990234375,787.8515625,0
2019-04-09,999.5499877929688,1000.010009765625,999.25,1000.0,787.8593139648438,0
2019-04-10,1000.0,1000.010009765625,999.2899780273438,1000.0,787.8593139648438,0
2019-04-11,999.989990234375,1000.010009765625,999.2999877929688,1000.0,787.8593139648438,0
2019-04-12,1000.010009765625,1000.010009765625,999.989990234375,1000.0,787.8593139648438,0
2019-04-15,999.3099975585938,1000.010009765625,999.3099975585938,999.989990234375,787.8515625,0
2019-04-16,992.010009765625,1000.010009765625,992.010009765625,1000.0,787.8593139648438,0
2019-04-18,999.989990234375,1000.0999755859375,997.9000244140625,1000.0,787.8593139648438,0
2019-04-22,1000.0,1000.010009765625,999.0,1000.0,787.8593139648438,0
2019-04-23,995.010009765625,1000.010009765625,995.010009765625,1000.0,787.8593139648438,0
2019-04-24,1000.0,1000.010009765625,999.989990234375,1000.0,787.8593139648438,0
2019-04-25,999.989990234375,1000.010009765625,999.989990234375,999.989990234375,787.8515625,0
2019-04-26,1000.0,1000.010009765625,999.989990234375,1000.0,787.8593139648438,0
2019-04-30,1000.0,1000.010009765625,999.3200073242188,1000.0,790.3792114257812,0
2019-05-02,999.989990234375,1000.010009765625,999.989990234375,1000.0,790.3792114257812,0
2019-05-03,1000.0,1000.010009765625,999.3200073242188,1000.0,790.3792114257812,0
2019-05-06,999.989990234375,1000.010009765625,999.989990234375,999.989990234375,790.3711547851562,0
2019-05-07,1000.0,1000.010009765625,999.989990234375,1000.0,790.3792114257812,0
2019-05-08,1000.0,1000.010009765625,999.3200073242188,1000.0,790.3792114257812,0
2019-05-09,999.9000244140625,1000.010009765625,999.9000244140625,1000.0,790.3792114257812,0
2019-05-10,1000.0,1000.010009765625,999.989990234375,1000.0,790.3792114257812,0
2019-05-13,991.5599975585938,1000.010009765625,991.5599975585938,1000.0,790.3792114257812,0
2019-05-14,1000.0,1000.010009765625,999.4000244140625,1000.0,790.3792114257812,0
2019-05-15,995.0,1000.010009765625,994.5499877929688,1000.0,790.3792114257812,0
2019-05-16,999.510009765625,1000.010009765625,999.510009765625,1000.0,790.3792114257812,0
2019-05-17,999.5499877929688,1000.010009765625,999.5499877929688,1000.0,790.3792114257812,0
2019-05-20,999.989990234375,1000.010009765625,999.989990234375,999.989990234375,790.3711547851562,0
2019-05-21,1000.0,1000.010009765625,999.989990234375,1000.0,790.3792114257812,0
2019-05-22,999.989990234375,1000.010009765625,999.989990234375,1000.0,790.3792114257812,0
2019-05-23,999.5499877929688,1000.010009765625,999.3599853515625,1000.0,790.3792114257812,0
2019-05-24,1000.0,1000.010009765625,999.989990234375,1000.0,790.3792114257812,0
2019-05-27,999.3699951171875,1000.010009765625,999.3699951171875,1000.0,790.3792114257812,0
2019-05-28,1000.0,1000.010009765625,999.989990234375,999.989990234375,790.3711547851562,0
2019-05-29,1000.0,1000.010009765625,999.989990234375,1000.0,790.3792114257812,0
2019-05-30,999.0,1000.010009765625,999.0,1000.0,790.3792114257812,0
2019-05-31,1000.0,1000.010009765625,999.5599975585938,1000.0,793.0308227539062,0
2019-06-03,1000.0,1000.010009765625,999.6300048828125,999.989990234375,793.0227661132812,0
2019-06-04,1000.0,1000.010009765625,999.6500244140625,1000.0,793.0308227539062,0
2019-06-06,1000.0,1000.010009765625,999.989990234375,999.989990234375,793.0227661132812,0
2019-06-07,999.989990234375,1000.010009765625,999.989990234375,1000.0,793.0308227539062,0
2019-06-10,1000.0,1000.010009765625,999.989990234375,1000.0,793.0308227539062,0
2019-06-11,999.989990234375,1000.010009765625,999.989990234375,1000.0,793.0308227539062,0
2019-06-12,1000.0,1000.010009765625,999.9600219726562,1000.0,793.0308227539062,0
2019-06-13,1000.0,1000.010009765625,999.02001953125,1000.0,793.0308227539062,0
2019-06-14,999.97998046875,1000.010009765625,999.97998046875,1000.0,793.0308227539062,0
2019-06-17,1000.0,1000.010009765625,999.3599853515625,999.989990234375,793.0227661132812,0
2019-06-18,999.989990234375,1000.010009765625,999.989990234375,1000.0,793.0308227539062,0
2019-06-19,999.989990234375,1000.010009765625,999.989990234375,999.989990234375,793.0227661132812,0
2019-06-20,1000.0,1000.010009765625,999.2000122070312,999.989990234375,793.0227661132812,0
2019-06-21,999.5599975585938,1000.010009765625,999.5599975585938,1000.0,793.0308227539062,0
2019-06-24,1000.0,1000.010009765625,999.989990234375,999.989990234375,793.0227661132812,0
2019-06-25,1000.0,1000.010009765625,999.9600219726562,1000.0,793.0308227539062,0
2019-06-26,1000.0,1000.010009765625,999.989990234375,1000.0,793.0308227539062,0
2019-06-27,1000.0,1000.0,999.5599975585938,999.989990234375,793.0227661132812,0
2019-06-28,999.989990234375,1000.010009765625,999.989990234375,999.989990234375,795.4251708984375,0
2019-07-01,1000.0,1000.4500122070312,999.989990234375,1000.0,795.4332885742188,0
2019-07-02,1000.0,1000.010009765625,999.5599975585938,1000.0,795.4332885742188,0
2019-07-03,1000.0,1000.010009765625,999.7999877929688,1000.0,795.4332885742188,0
2019-07-04,1000.0,1000.010009765625,999.989990234375,1000.0,795.4332885742188,0
2019-07-05,1000.0,1000.010009765625,999.989990234375,1000.0,795.4332885742188,0
2019-07-08,1000.0,1000.010009765625,999.989990234375,1000.0,795.4332885742188,0
2019-07-09,999.989990234375,1000.010009765625,999.5999755859375,1000.0,795.4332885742188,0
2019-07-10,1000.010009765625,1000.010009765625,999.9000244140625,1000.0,795.4332885742188,0
2019-07-11,1000.0,1000.010009765625,999.7000122070312,999.989990234375,795.4251708984375,0
2019-07-12,999.9000244140625,1000.010009765625,999.9000244140625,999.989990234375,795.4251708984375,0
2019-07-15,1000.0,1000.010009765625,999.9400024414062,1000.0,795.4332885742188,0
2019-07-16,999.989990234375,1000.010009765625,999.1500244140625,999.989990234375,795.4251708984375,0
2019-07-17,999.989990234375,1000.010009765625,999.7999877929688,1000.0,795.4332885742188,0
2019-07-18,1000.0,1000.010009765625,999.989990234375,1000.0,795.4332885742188,0
2019-07-19,1000.0,1000.010009765625,999.989990234375,1000.0,795.4332885742188,0
2019-07-22,1000.0,1000.010009765625,999.22998046875,999.989990234375,795.4251708984375,0
2019-07-23,999.989990234375,1000.010009765625,999.9500122070312,1000.0,795.4332885742188,0
2019-07-24,999.3200073242188,1000.010009765625,999.3200073242188,1000.0,795.4332885742188,0
2019-07-25,999.3200073242188,1000.010009765625,999.3200073242188,1000.0,795.4332885742188,0
2019-07-26,1000.0,1000.010009765625,999.6300048828125,1000.0,795.4332885742188,0
2019-07-29,1000.0,1000.010009765625,999.3200073242188,1000.0,795.4332885742188,0
2019-07-30,1000.0,1000.010009765625,999.989990234375,1000.0,795.4332885742188,0
2019-07-31,999.3200073242188,1000.010009765625,999.3200073242188,1000.0,797.853515625,0
2019-08-01,1000.0,1000.010009765625,999.3300170898438,1000.0,797.853515625,0
2019-08-02,999.989990234375,1000.010009765625,999.3499755859375,1000.0,797.853515625,0
2019-08-05,1000.0,1000.010009765625,999.5999755859375,999.989990234375,797.84521484375,0
2019-08-06,1000.0,1000.010009765625,999.9400024414062,1000.0,797.853515625,0
2019-08-07,999.989990234375,1002.5499877929688,999.5,1000.010009765625,797.8615112304688,0
2019-08-08,1000.0,1001.0,999.4199829101562,1000.0,797.853515625,0
2019-08-09,1000.0,1010.0,999.0,1000.030029296875,797.8773193359375,0
2019-08-13,999.989990234375,1000.010009765625,997.75,1000.0,797.853515625,0
2019-08-14,999.989990234375,1000.010009765625,999.9400024414062,1000.0,797.853515625,0
2019-08-16,999.5499877929688,1000.010009765625,999.5499877929688,1000.0,797.853515625,0
2019-08-19,1000.0,1000.010009765625,999.9000244140625,1000.0,797.853515625,0
2019-08-20,999.9400024414062,1000.010009765625,999.5999755859375,1000.0,797.853515625,0
2019-08-21,996.2999877929688,1000.010009765625,996.2999877929688,999.989990234375,797.84521484375,0
2019-08-22,999.5499877929688,1000.010009765625,999.5499877929688,1000.0,797.853515625,0
2019-08-23,999.989990234375,1000.010009765625,999.9600219726562,999.989990234375,797.84521484375,0
2019-08-26,1000.0,1000.010009765625,999.7000122070312,999.989990234375,797.84521484375,0
2019-08-27,1000.0,1000.010009765625,999.989990234375,999.989990234375,797.84521484375,0
2019-08-28,999.989990234375,1000.010009765625,999.989990234375,1000.0,797.853515625,0
2019-08-29,999.989990234375,1000.010009765625,999.7999877929688,999.989990234375,797.84521484375,0
2019-08-30,1000.0,1000.010009765625,999.9400024414062,1000.0,800.0849609375,0
2019-09-03,1000.0,1000.010009765625,999.3300170898438,1000.0,800.0849609375,0
2019-09-04,999.9400024414062,1000.010009765625,999.9400024414062,999.989990234375,800.0767822265625,0
2019-09-05,995.5499877929688,1000.010009765625,995.5499877929688,999.989990234375,800.0767822265625,0
2019-09-06,1000.0,1000.010009765625,999.5999755859375,999.989990234375,800.0767822265625,0
2019-09-09,999.9400024414062,1000.010009765625,999.3200073242188,1000.0,800.0849609375,0
2019-09-11,999.989990234375,1000.010009765625,999.510009765625,999.989990234375,800.0767822265625,0
2019-09-12,999.989990234375,1000.010009765625,999.3599853515625,1000.0,800.0849609375,0
2019-09-13,1000.0,1000.010009765625,999.989990234375,1000.0,800.0849609375,0
2019-09-16,999.989990234375,1000.010009765625,999.3599853515625,1000.0,800.0849609375,0
2019-09-17,1000.0,1000.010009765625,999.9500122070312,1000.0,800.0849609375,0
2019-09-18,1000.0,1000.010009765625,999.989990234375,999.989990234375,800.0767822265625,0
2019-09-19,999.989990234375,1000.010009765625,999.989990234375,1000.0,800.0849609375,0
2019-09-20,1000.0,1000.010009765625,999.6199951171875,999.989990234375,800.0767822265625,0
2019-09-23,999.5,1000.010009765625,999.5,999.989990234375,800.0767822265625,0
2019-09-24,995.5499877929688,1000.010009765625,995.5499877929688,999.97998046875,800.0690307617188,0
2019-09-25,999.0,1000.010009765625,998.25,1000.0,800.0849609375,0
2019-09-26,1000.0,1000.010009765625,999.5,1000.0,800.0849609375,0
2019-09-27,1000.0,1000.010009765625,999.1300048828125,1000.0,800.0849609375,0
2019-09-30,1000.0,1000.010009765625,999.989990234375,1000.0,802.354248046875,0
2019-10-01,1000.0,1000.010009765625,999.52001953125,1000.0,802.354248046875,0
2019-10-03,999.5,1000.010009765625,999.5,999.989990234375,802.34619140625,0
2019-10-04,999.989990234375,1000.010009765625,999.52001953125,1000.0,802.354248046875,0
2019-10-07,1000.0,1000.010009765625,999.9000244140625,1000.0,802.354248046875,0
2019-10-09,999.0,1001.0,999.0,999.989990234375,802.34619140625,0
2019-10-10,999.9500122070312,1000.010009765625,999.5999755859375,1000.0,802.354248046875,0
2019-10-11,1000.0,1000.030029296875,999.5999755859375,999.989990234375,802.34619140625,0
2019-10-14,999.02001953125,1000.010009765625,999.02001953125,1000.0,802.354248046875,0
2019-10-15,1000.0,1000.010009765625,999.5999755859375,999.989990234375,802.34619140625,0
2019-10-16,1000.0,1000.010009765625,999.6199951171875,999.989990234375,802.34619140625,0
2019-10-17,1008.0,1008.0,999.989990234375,999.989990234375,802.34619140625,0
2019-10-18,1000.0,1000.010009765625,999.9000244140625,999.989990234375,802.34619140625,0
2019-10-22,1000.0,1000.010009765625,999.25,999.989990234375,802.34619140625,0
2019-10-23,999.6599731445312,1000.010009765625,999.3200073242188,1000.0,802.354248046875,0
2019-10-24,999.97998046875,1000.010009765625,999.97998046875,1000.0,802.354248046875,0
2019-10-25,1000.010009765625,1000.010009765625,999.0999755859375,1000.0,802.354248046875,0
2019-10-27,1000.0,1010.0,999.2999877929688,1000.0399780273438,802.3865966796875,0
2019-10-29,1000.0,1000.010009765625,999.989990234375,1000.0,802.354248046875,0
2019-10-30,999.9000244140625,1000.010009765625,999.3499755859375,1000.0,802.354248046875,0
2019-10-31,995.5499877929688,1000.010009765625,995.5499877929688,1000.0,804.4303588867188,0
2019-11-01,999.6099853515625,1000.010009765625,999.3200073242188,1000.0,804.4303588867188,0
2019-11-04,1000.0,1000.010009765625,999.6199951171875,999.989990234375,804.4222412109375,0
2019-11-05,1000.0,1000.010009765625,999.989990234375,999.989990234375,804.4222412109375,0
2019-11-06,1000.0,1000.010009765625,999.989990234375,1000.0,804.4303588867188,0
2019-11-07,1000.0,1000.010009765625,999.6500244140625,1000.0,804.4303588867188,0
2019-11-08,1000.010009765625,1000.010009765625,999.989990234375,1000.0,804.4303588867188,0
2019-11-11,1000.0,1000.010009765625,999.72998046875,1000.0,804.4303588867188,0
2019-11-13,995.5499877929688,1000.010009765625,995.5499877929688,1000.0,804.4303588867188,0
2019-11-14,1000.0,1000.010009765625,999.8499755859375,999.989990234375,804.4222412109375,0
2019-11-15,1008.0,1008.0,999.989990234375,999.989990234375,804.4222412109375,0
2019-11-18,1000.0,1002.25,999.7000122070312,999.989990234375,804.4222412109375,0
2019-11-19,999.8599853515625,1000.010009765625,999.8599853515625,999.989990234375,804.4222412109375,0
2019-11-20,997.5499877929688,1000.010009765625,997.5499877929688,999.989990234375,804.4222412109375,0
2019-11-21,1000.0,1000.010009765625,999.7000122070312,999.989990234375,804.4222412109375,0
2019-11-22,1000.0,1000.010009765625,999.989990234375,1000.0,804.4303588867188,0
2019-11-25,1000.0,1000.010009765625,999.9299926757812,1000.0,804.4303588867188,0
2019-11-26,1000.010009765625,1000.010009765625,999.97998046875,999.989990234375,804.4222412109375,0
2019-11-27,999.989990234375,1000.010009765625,999.9600219726562,999.989990234375,804.4222412109375,0
2019-11-28,1000.0,1000.010009765625,999.989990234375,1000.0,804.4303588867188,0
2019-11-29,995.5499877929688,1000.010009765625,995.5499877929688,1000.0,806.416015625,0
2019-12-02,1000.0,1000.010009765625,999.6199951171875,999.989990234375,806.40771484375,0
2019-12-03,995.5499877929688,1000.010009765625,995.5499877929688,999.989990234375,806.40771484375,0
2019-12-04,999.989990234375,1000.010009765625,999.97998046875,999.989990234375,806.40771484375,0
2019-12-05,1000.010009765625,1000.010009765625,999.9000244140625,1000.0,806.416015625,0
2019-12-06,1000.0,1000.010009765625,999.9000244140625,1000.0,806.416015625,0
2019-12-09,1000.0,1000.0,999.6199951171875,999.989990234375,806.40771484375,0
2019-12-10,1000.0,1000.010009765625,999.6500244140625,999.989990234375,806.40771484375,0
2019-12-11,999.7000122070312,1000.010009765625,999.6500244140625,1000.0,806.416015625,0
2019-12-12,1000.0,1000.010009765625,999.6599731445312,999.989990234375,806.40771484375,0
2019-12-13,999.989990234375,1000.010009765625,999.989990234375,999.989990234375,806.40771484375,0
2019-12-16,1009.9000244140625,1009.9000244140625,999.5999755859375,1000.0,806.416015625,0
2019-12-17,1000.0,1000.010009765625,999.989990234375,1000.0,806.416015625,0
2019-12-18,1000.010009765625,1000.010009765625,999.989990234375,1000.0,806.416015625,0
2019-12-19,1000.010009765625,1000.010009765625,999.989990234375,1000.0,806.416015625,0
2019-12-20,1000.0,1000.010009765625,999.8099975585938,999.989990234375,806.40771484375,0
2019-12-23,999.25,1000.010009765625,999.25,1000.0,806.416015625,0
2019-12-24,999.8400268554688,1000.010009765625,999.5999755859375,1000.0,806.416015625,0
2019-12-26,1000.0,1001.0,999.9400024414062,1000.0,806.416015625,0
2019-12-27,1000.0,1000.010009765625,999.989990234375,1000.0,806.416015625,0
2019-12-30,1000.0,1000.010009765625,999.989990234375,999.989990234375,806.40771484375,0
2019-12-31,1000.0,1000.010009765625,999.989990234375,999.989990234375,808.5233154296875,0
2020-01-01,1001.0,1001.0,999.989990234375,999.989990234375,808.5233154296875,0
2020-01-02,999.989990234375,1000.010009765625,999.25,1000.0,808.5315551757812,0
2020-01-03,1000.0,1000.010009765625,999.27001953125,1000.0,808.5315551757812,0
2020-01-06,997.5499877929688,1001.0,997.5499877929688,1000.0,808.5315551757812,0
2020-01-07,1000.0,1000.010009765625,999.5999755859375,1000.0,808.5315551757812,0
2020-01-08,1000.0,1000.010009765625,999.9500122070312,999.989990234375,808.5233154296875,0
2020-01-09,1000.0,1000.010009765625,999.989990234375,999.989990234375,808.5233154296875,0
2020-01-10,1000.0,1000.010009765625,999.5999755859375,1000.0,808.5315551757812,0
2020-01-13,1000.0,1000.010009765625,999.989990234375,999.989990234375,808.5233154296875,0
2020-01-14,1000.0,1000.010009765625,999.9000244140625,1000.0,808.5315551757812,0
2020-01-15,1000.0,1000.5,999.989990234375,999.989990234375,808.5233154296875,0
2020-01-16,1000.0,1000.010009765625,999.3200073242188,1000.0,808.5315551757812,0
2020-01-17,1000.0,1000.010009765625,999.4000244140625,1000.0,808.5315551757812,0
2020-01-20,999.989990234375,1000.010009765625,999.25,999.989990234375,808.5233154296875,0
2020-01-21,1000.0,1000.010009765625,999.989990234375,1000.0,808.5315551757812,0
2020-01-22,1000.0,1000.010009765625,999.25,1000.0,808.5315551757812,0
2020-01-23,1000.0,1000.010009765625,999.25,999.989990234375,808.5233154296875,0
2020-01-24,1000.0,1000.010009765625,999.9400024414062,1000.0,808.5315551757812,0
2020-01-27,1001.0,1001.0,999.9400024414062,1000.0,808.5315551757812,0
2020-01-28,999.989990234375,1000.010009765625,999.3200073242188,999.989990234375,808.5233154296875,0
2020-01-29,999.25,1000.010009765625,999.25,1000.0,808.5315551757812,0
2020-01-30,999.25,1000.010009765625,999.25,1000.0,808.5315551757812,0
2020-01-31,1000.0,1000.010009765625,999.5800170898438,1000.0,810.53564453125,0
2020-02-03,1000.0,1000.010009765625,999.25,1000.0,810.53564453125,0
2020-02-04,1001.0,1001.0,999.9500122070312,1000.0,810.53564453125,0
2020-02-05,1000.0,1000.010009765625,999.6500244140625,1000.0,810.53564453125,0
2020-02-06,1000.0,1000.010009765625,999.989990234375,1000.0,810.53564453125,0
2020-02-07,1000.0,1000.010009765625,999.9400024414062,1000.0,810.53564453125,0
2020-02-10,1000.0,1000.010009765625,999.6500244140625,999.989990234375,810.5272216796875,0
2020-02-11,1000.0,1000.010009765625,999.6599731445312,999.989990234375,810.5272216796875,0
2020-02-12,1000.0,1000.010009765625,999.989990234375,999.989990234375,810.5272216796875,0
2020-02-13,997.5499877929688,1000.010009765625,997.5499877929688,1000.0,810.53564453125,0
2020-02-14,1000.0,1000.010009765625,999.5,1000.0,810.53564453125,0
2020-02-17,999.989990234375,1000.010009765625,999.989990234375,999.989990234375,810.5272216796875,0
2020-02-18,999.989990234375,1000.010009765625,999.2999877929688,999.989990234375,810.5272216796875,0
2020-02-19,1000.0,1000.010009765625,999.9400024414062,999.989990234375,810.5272216796875,0
2020-02-20,1000.010009765625,1000.010009765625,999.9000244140625,1000.0,810.53564453125,0
2020-02-24,1000.0,1001.0,999.989990234375,1000.0,810.53564453125,0
2020-02-25,1000.0,1000.0,999.6599731445312,999.989990234375,810.5272216796875,0
2020-02-26,999.989990234375,1000.010009765625,999.9400024414062,1000.0,810.53564453125,0
2020-02-27,1000.0,1000.010009765625,999.989990234375,1000.0,810.53564453125,0
2020-02-28,1000.0,1000.010009765625,997.5499877929688,999.8400268554688,812.1124267578125,0
2020-03-02,1000.0,1000.010009765625,999.25,1000.0,812.2423706054688,0
2020-03-03,1000.0,1000.010009765625,999.4500122070312,1000.0,812.2423706054688,0
2020-03-04,1000.0,1000.010009765625,999.4000244140625,1000.0,812.2423706054688,0
2020-03-05,1000.0,1000.010009765625,999.52001953125,1000.0,812.2423706054688,0
2020-03-06,1000.0,1001.0,999.5499877929688,1000.0,812.2423706054688,0
2020-03-09,999.989990234375,1000.010009765625,999.75,999.989990234375,812.2340087890625,0
2020-03-11,999.989990234375,1000.010009765625,999.6599731445312,1000.0,812.2423706054688,0
2020-03-12,1000.0,1000.010009765625,999.5,1000.0,812.2423706054688,0
2020-03-13,1003.5499877929688,1003.5499877929688,999.0,1000.0,812.2423706054688,0
2020-03-16,1000.010009765625,1000.010009765625,999.25,1000.0,812.2423706054688,0
2020-03-17,999.0,1000.010009765625,999.0,1000.0,812.2423706054688,0
2020-03-18,1000.0,1000.010009765625,999.0999755859375,999.989990234375,812.2340087890625,0
2020-03-19,1000.0,1000.010009765625,999.510009765625,1000.0,812.2423706054688,0
2020-03-20,1000.0,1000.010009765625,999.5,1000.0,812.2423706054688,0
2020-03-23,999.989990234375,1000.010009765625,999.0,1000.0,812.2423706054688,0
2020-03-24,999.0,1005.0,998.0,999.989990234375,812.2340087890625,0
2020-03-25,1009.9000244140625,1009.9000244140625,999.6500244140625,999.989990234375,812.2340087890625,0
2020-03-26,1000.0,1000.010009765625,999.6599731445312,999.989990234375,812.2340087890625,0
2020-03-27,1000.0,1000.0499877929688,999.989990234375,1000.0,812.2423706054688,0
2020-03-30,1000.0,1000.010009765625,999.5,1000.0,812.2423706054688,0
2020-03-31,1000.0,1000.010009765625,999.989990234375,1000.0,813.5632934570312,0
2020-04-01,1000.0,1000.010009765625,999.6599731445312,1000.0,813.5632934570312,0
2020-04-03,999.989990234375,1000.010009765625,999.9400024414062,1000.0,813.5632934570312,0
2020-04-07,1000.0,1000.010009765625,999.9000244140625,999.989990234375,813.5550537109375,0
2020-04-08,999.989990234375,1000.010009765625,999.5,1000.0,813.5632934570312,0
2020-04-09,1000.0,1000.010009765625,999.989990234375,1000.0,813.5632934570312,0
2020-04-13,1000.0,1000.010009765625,999.5,1000.0,813.5632934570312,0
2020-04-15,1000.0,1009.9000244140625,999.989990234375,1000.0,813.5632934570312,0
2020-04-16,1000.0,1001.0,999.9400024414062,999.989990234375,813.5550537109375,0
2020-04-17,1000.010009765625,1008.0,999.6599731445312,1000.030029296875,813.5875854492188,0
2020-04-20,1000.0,1000.010009765625,999.6599731445312,1000.0,813.5632934570312,0
2020-04-21,1000.0,1000.010009765625,999.5,1000.0,813.5632934570312,0
2020-04-22,1001.0,1001.0,999.989990234375,999.989990234375,813.5550537109375,0
2020-04-23,999.5,1000.010009765625,999.5,1000.0,813.5632934570312,0
2020-04-24,1000.0,1000.010009765625,999.530029296875,1000.0,813.5632934570312,0
2020-04-27,999.989990234375,1000.010009765625,999.5499877929688,999.989990234375,813.5550537109375,0
2020-04-28,1001.760009765625,1001.760009765625,999.989990234375,999.989990234375,813.5550537109375,0
2020-04-29,1000.97998046875,1000.97998046875,999.989990234375,1000.0,813.5632934570312,0
2020-04-30,999.9500122070312,1000.010009765625,999.5599975585938,1000.0,814.7728881835938,0
2020-05-04,1000.0,1000.010009765625,999.5,1000.0,814.7728881835938,0
2020-05-05,1000.0,1001.0,999.989990234375,1000.0,814.7728881835938,0
2020-05-06,1000.969970703125,1000.969970703125,999.9400024414062,1000.0,814.7728881835938,0
2020-05-07,1003.5499877929688,1003.5499877929688,999.9000244140625,1000.0,814.7728881835938,0
2020-05-08,1000.0,1000.010009765625,999.5,1000.0,814.7728881835938,0
2020-05-11,1000.0,1000.010009765625,999.5,999.989990234375,814.764892578125,0
2020-05-12,1000.0,1000.010009765625,999.989990234375,1000.0,814.7728881835938,0
2020-05-13,1000.0,1000.010009765625,999.25,999.989990234375,814.764892578125,0
2020-05-14,1003.5499877929688,1003.5499877929688,999.989990234375,1000.0,814.7728881835938,0
2020-05-15,1000.8400268554688,1000.8400268554688,999.5499877929688,1000.0,814.7728881835938,0
2020-05-18,1000.0,1000.010009765625,999.5499877929688,1000.0,814.7728881835938,0
2020-05-19,1000.0,1000.010009765625,999.5499877929688,1000.0,814.7728881835938,0
2020-05-20,1000.0,1000.010009765625,999.989990234375,999.989990234375,814.764892578125,0
2020-05-21,1000.0,1000.97998046875,999.7000122070312,1000.0,814.7728881835938,0
2020-05-22,1000.0,1000.010009765625,999.5499877929688,999.989990234375,814.764892578125,0
2020-05-26,1000.0,1000.010009765625,999.5,1000.0,814.7728881835938,0
2020-05-27,1000.0,1000.010009765625,999.5599975585938,999.989990234375,814.764892578125,0
2020-05-28,1001.0,1001.0,999.5999755859375,1000.0,814.7728881835938,0
2020-05-29,1000.0,1000.010009765625,999.989990234375,1000.0,816.2672729492188,0
2020-06-01,1000.0,1000.010009765625,999.5999755859375,1000.0,816.2672729492188,0
2020-06-02,1000.0,1000.010009765625,999.7000122070312,999.989990234375,816.259033203125,0
2020-06-03,1000.0,1000.010009765625,999.989990234375,1000.0,816.2672729492188,0
2020-06-04,1000.9500122070312,1000.9500122070312,999.989990234375,999.989990234375,816.259033203125,0
2020-06-05,1000.0,1000.010009765625,999.989990234375,999.989990234375,816.259033203125,0
2020-06-08,1000.0,1000.010009765625,997.2999877929688,1000.0,816.2672729492188,0
2020-06-09,1000.0,1000.010009765625,999.6099853515625,1000.0,816.2672729492188,0
2020-06-10,1000.9600219726562,1000.9600219726562,999.5499877929688,1000.0,816.2672729492188,0
2020-06-11,1000.0,1000.010009765625,999.5999755859375,1000.0,816.2672729492188,0
2020-06-12,999.989990234375,1000.010009765625,999.3599853515625,1000.0,816.2672729492188,0
2020-06-15,1000.0,1001.0,999.0999755859375,1000.0,816.2672729492188,0
2020-06-16,1000.010009765625,1000.8400268554688,999.989990234375,1000.0,816.2672729492188,0
2020-06-17,1000.0,1000.010009765625,999.1300048828125,999.989990234375,816.259033203125,0
2020-06-18,1000.0,1000.010009765625,999.5499877929688,999.989990234375,816.259033203125,0
2020-06-19,1001.8599853515625,1001.8599853515625,999.989990234375,1000.0,816.2672729492188,0
2020-06-22,1000.0,1000.010009765625,999.3599853515625,1000.0,816.2672729492188,0
2020-06-23,1000.010009765625,1000.010009765625,999.5,999.989990234375,816.259033203125,0
2020-06-24,999.989990234375,1000.9000244140625,999.989990234375,1000.0,816.2672729492188,0
2020-06-25,1003.7000122070312,1003.7000122070312,999.989990234375,1000.0,816.2672729492188,0
2020-06-26,999.0,1000.010009765625,999.0,1000.0,816.2672729492188,0
2020-06-29,1000.0,1000.010009765625,999.3599853515625,999.989990234375,816.259033203125,0
2020-06-30,999.989990234375,1000.010009765625,999.989990234375,1000.0,817.7864990234375,0
2020-07-01,1000.010009765625,1000.010009765625,999.0999755859375,1000.0,817.7864990234375,0
2020-07-02,1000.010009765625,1000.010009765625,999.9000244140625,1000.0,817.7864990234375,0
2020-07-03,1000.0,1003.7000122070312,999.9500122070312,1000.0,817.7864990234375,0
2020-07-06,999.9000244140625,1000.010009765625,999.9000244140625,999.989990234375,817.7781372070312,0
2020-07-07,1000.0,1000.010009765625,999.5,1000.0,817.7864990234375,0
2020-07-08,1000.0,1000.010009765625,999.9000244140625,1000.0,817.7864990234375,0
2020-07-09,1000.0,1000.010009765625,999.989990234375,1000.0,817.7864990234375,0
2020-07-10,1000.0,1000.010009765625,999.989990234375,1000.0,817.7864990234375,0
2020-07-13,1000.0,1000.010009765625,999.8499755859375,1000.0,817.7864990234375,0
2020-07-14,999.97998046875,1000.010009765625,997.2999877929688,1000.0,817.7864990234375,0
2020-07-15,1000.0,1000.010009765625,999.989990234375,1000.0,817.7864990234375,0
2020-07-16,1000.0,1000.010009765625,999.989990234375,1000.0,817.7864990234375,0
2020-07-17,1000.0,1000.010009765625,999.989990234375,1000.0,817.7864990234375,0
2020-07-20,1000.0,1000.010009765625,999.52001953125,999.989990234375,817.7781372070312,0
2020-07-21,1000.010009765625,1003.7000122070312,999.52001953125,1000.0,817.7864990234375,0
2020-07-22,1000.010009765625,1000.010009765625,999.989990234375,999.989990234375,817.7781372070312,0
2020-07-23,1000.0,1000.010009765625,999.989990234375,999.989990234375,817.7781372070312,0
2020-07-24,999.989990234375,1000.010009765625,999.989990234375,1000.0,817.7864990234375,0
2020-07-27,1000.0,1000.010009765625,999.030029296875,999.989990234375,817.7781372070312,0
2020-07-28,999.989990234375,1000.010009765625,999.989990234375,999.989990234375,817.7781372070312,0
2020-07-29,997.2999877929688,1000.010009765625,997.2999877929688,1000.0,817.7864990234375,0
2020-07-30,999.989990234375,1000.010009765625,998.27001953125,1000.0,817.7864990234375,0
2020-07-31,999.9000244140625,1000.010009765625,997.2999877929688,1000.0,819.4692993164062,0
2020-08-03,1000.0,1000.010009765625,999.2999877929688,999.989990234375,819.4609985351562,0
2020-08-04,1003.5499877929688,1003.5499877929688,999.9400024414062,1000.0,819.4692993164062,0
2020-08-05,1000.010009765625,1000.010009765625,999.989990234375,1000.0,819.4692993164062,0
2020-08-06,997.2999877929688,1000.010009765625,997.2999877929688,999.989990234375,819.4609985351562,0
2020-08-07,1000.0,1000.010009765625,998.280029296875,999.989990234375,819.4609985351562,0
2020-08-10,1003.5499877929688,1003.5499877929688,999.52001953125,1000.0,819.4692993164062,0
2020-08-11,1000.010009765625,1000.010009765625,999.989990234375,1000.0,819.4692993164062,0
2020-08-12,1003.4000244140625,1003.4000244140625,999.510009765625,1000.0,819.4692993164062,0
2020-08-13,1000.0,1000.010009765625,999.989990234375,999.989990234375,819.4609985351562,0
2020-08-14,999.0,1000.5,999.0,1000.0,819.4692993164062,0
2020-08-17,1000.0,1000.010009765625,997.2999877929688,999.989990234375,819.4609985351562,0
2020-08-18,1000.0,1000.010009765625,999.2999877929688,999.989990234375,819.4609985351562,0
2020-08-19,999.989990234375,1000.5,999.989990234375,999.989990234375,819.4609985351562,0
2020-08-20,1000.0,1000.010009765625,999.52001953125,1000.0,819.4692993164062,0
2020-08-21,1002.989990234375,1002.989990234375,999.5499877929688,1000.0,819.4692993164062,0
2020-08-24,1003.4000244140625,1003.4000244140625,999.75,999.989990234375,819.4609985351562,0
2020-08-25,1000.010009765625,1002.989990234375,999.7999877929688,1000.0,819.4692993164062,0
2020-08-26,1000.010009765625,1000.010009765625,997.2999877929688,1000.0,819.4692993164062,0
2020-08-27,1002.989990234375,1002.989990234375,999.989990234375,1000.0,819.4692993164062,0
2020-08-28,999.5,1000.010009765625,999.5,1000.0,819.4692993164062,0
2020-08-31,1002.989990234375,1002.989990234375,999.989990234375,999.989990234375,820.8385009765625,0
2020-09-01,1003.4000244140625,1003.4000244140625,997.2999877929688,999.989990234375,820.8385009765625,0
2020-09-02,1002.989990234375,1002.989990234375,999.5,999.989990234375,820.8385009765625,0
2020-09-03,1002.989990234375,1002.989990234375,999.989990234375,999.989990234375,820.8385009765625,0
2020-09-04,1002.989990234375,1002.989990234375,997.2999877929688,999.989990234375,820.8385009765625,0
2020-09-07,1002.989990234375,1002.989990234375,999.9500122070312,1000.0,820.8467407226562,0
2020-09-08,1002.8900146484375,1002.8900146484375,999.9500122070312,1000.0,820.8467407226562,0
2020-09-09,1000.0,1000.010009765625,999.3200073242188,1000.0,820.8467407226562,0
2020-09-10,1002.7000122070312,1002.7000122070312,999.989990234375,999.989990234375,820.8385009765625,0
2020-09-11,1000.0,1000.010009765625,999.989990234375,1000.0,820.8467407226562,0
2020-09-14,1000.010009765625,1000.010009765625,997.75,999.989990234375,820.8385009765625,0
2020-09-15,1002.75,1002.75,999.2999877929688,1000.0,820.8467407226562,0
2020-09-16,1000.0,1000.010009765625,998.0499877929688,999.989990234375,820.8385009765625,0
2020-09-17,1002.6500244140625,1002.6500244140625,998.5499877929688,999.989990234375,820.8385009765625,0
2020-09-18,1002.5999755859375,1002.5999755859375,999.0,1000.0,820.8467407226562,0
2020-09-21,1002.5999755859375,1002.5999755859375,999.010009765625,1000.0,820.8467407226562,0
2020-09-22,999.0,1000.0499877929688,999.0,999.989990234375,820.8385009765625,0
2020-09-23,999.989990234375,1000.010009765625,999.0,999.989990234375,820.8385009765625,0
2020-09-24,997.2999877929688,1002.5999755859375,997.2999877929688,999.989990234375,820.8385009765625,0
2020-09-25,998.7999877929688,1000.7999877929688,998.2999877929688,1000.0,820.8467407226562,0
2020-09-28,1000.0,1000.010009765625,998.2999877929688,999.989990234375,820.8385009765625,0
2020-09-29,1000.0,1000.010009765625,999.8499755859375,999.989990234375,820.8385009765625,0
2020-09-30,1002.5999755859375,1002.5999755859375,999.989990234375,1000.0,822.53955078125,0
2020-10-01,1002.5999755859375,1002.5999755859375,999.989990234375,1000.0,822.53955078125,0
2020-10-05,1002.6500244140625,1002.6500244140625,998.5499877929688,1000.0,822.53955078125,0
2020-10-06,995.0,1000.010009765625,995.0,1000.0,822.53955078125,0
2020-10-07,1002.4400024414062,1002.4400024414062,999.02001953125,999.989990234375,822.531494140625,0
2020-10-08,1002.4400024414062,1002.4400024414062,999.2000122070312,999.989990234375,822.531494140625,0
2020-10-09,1002.5999755859375,1002.5999755859375,999.2100219726562,1000.0,822.53955078125,0
2020-10-12,1002.4400024414062,1002.4400024414062,998.2999877929688,999.989990234375,822.531494140625,0
2020-10-13,1002.4400024414062,1002.4400024414062,999.989990234375,999.989990234375,822.531494140625,0
2020-10-14,1002.4400024414062,1002.4400024414062,999.010009765625,1000.0,822.53955078125,0
2020-10-15,1001.97998046875,1001.97998046875,999.989990234375,1000.0,822.53955078125,0
2020-10-16,1002.4400024414062,1002.4400024414062,999.989990234375,1000.0,822.53955078125,0
2020-10-19,1002.6500244140625,1002.6500244140625,999.0999755859375,1000.0,822.53955078125,0
2020-10-20,1002.4400024414062,1002.4400024414062,999.9500122070312,999.989990234375,822.531494140625,0
2020-10-21,1001.9600219726562,1001.9600219726562,999.989990234375,999.989990234375,822.531494140625,0
2020-10-22,1000.010009765625,1000.010009765625,999.989990234375,999.989990234375,822.531494140625,0
2020-10-23,1002.4400024414062,1002.4400024414062,999.0999755859375,999.989990234375,822.531494140625,0
2020-10-26,1001.97998046875,1001.97998046875,999.0999755859375,1000.0,822.53955078125,0
2020-10-27,999.0999755859375,1000.010009765625,999.0999755859375,1000.0,822.53955078125,0
2020-10-28,1002.4400024414062,1002.4400024414062,998.2999877929688,1000.0,822.53955078125,0
2020-10-29,1001.9400024414062,1002.0,999.0999755859375,1000.0,824.0101928710938,0
2020-10-30,1002.4000244140625,1002.4000244140625,999.3499755859375,1000.0,824.0101928710938,0
2020-11-02,1002.0,1002.0,999.989990234375,1000.0,824.0101928710938,0
2020-11-03,1001.8699951171875,1001.8699951171875,999.1199951171875,999.989990234375,824.002197265625,0
2020-11-04,1002.5999755859375,1002.5999755859375,999.989990234375,999.989990234375,824.002197265625,0
2020-11-05,1002.4400024414062,1002.4400024414062,999.0999755859375,999.989990234375,824.002197265625,0
2020-11-06,1002.4000244140625,1002.4000244140625,999.9500122070312,999.989990234375,824.002197265625,0
2020-11-09,1002.4000244140625,1002.4000244140625,999.0999755859375,1000.0,824.0101928710938,0
2020-11-10,1001.6799926757812,1001.6799926757812,999.989990234375,999.989990234375,824.002197265625,0
2020-11-11,999.989990234375,1000.010009765625,998.1099853515625,999.989990234375,824.002197265625,0
2020-11-12,1001.7999877929688,1001.7999877929688,999.989990234375,999.989990234375,824.002197265625,0
2020-11-13,1002.3400268554688,1002.3400268554688,999.1300048828125,1000.0,824.0101928710938,0
2020-11-14,1004.9000244140625,1004.9000244140625,998.2999877929688,1000.0,824.0101928710938,0
2020-11-17,1003.0599975585938,1003.0599975585938,991.1099853515625,1000.0,824.0101928710938,0
2020-11-18,1000.989990234375,1000.989990234375,999.030029296875,999.989990234375,824.002197265625,0
2020-11-19,1001.9600219726562,1001.9600219726562,998.4000244140625,1000.0,824.0101928710938,0
2020-11-20,1002.4000244140625,1002.4000244140625,999.989990234375,1000.0,824.0101928710938,0
2020-11-23,1002.4000244140625,1002.4000244140625,999.1099853515625,1000.0,824.0101928710938,0
2020-11-24,1003.0599975585938,1003.0599975585938,999.1500244140625,999.989990234375,824.002197265625,0
2020-11-25,1002.4000244140625,1002.4000244140625,998.2999877929688,999.989990234375,824.002197265625,0
2020-11-26,1000.9299926757812,1000.9299926757812,999.989990234375,1000.0,824.0101928710938,0
2020-11-27,1002.4000244140625,1002.4000244140625,998.2999877929688,1000.0,825.5691528320312,0
2020-12-01,1007.97998046875,1007.97998046875,999.9000244140625,999.989990234375,825.560791015625,0
2020-12-02,1002.4000244140625,1002.4000244140625,999.5,999.989990234375,825.560791015625,0
2020-12-03,1002.4000244140625,1002.4000244140625,999.989990234375,999.989990234375,825.560791015625,0
2020-12-04,1002.3900146484375,1002.3900146484375,999.989990234375,1000.0,825.5691528320312,0
2020-12-07,1002.6500244140625,1002.6500244140625,999.5,1000.0,825.5691528320312,0
2020-12-08,1000.0,1000.010009765625,999.1500244140625,1000.0,825.5691528320312,0
2020-12-09,1000.9199829101562,1000.9199829101562,999.989990234375,999.989990234375,825.560791015625,0
2020-12-10,1002.4000244140625,1002.4000244140625,999.989990234375,1000.0,825.5691528320312,0
2020-12-11,1000.9299926757812,1002.4000244140625,999.1300048828125,1000.0,825.5691528320312,0
2020-12-14,1000.0,1000.010009765625,999.1300048828125,1000.0,825.5691528320312,0
2020-12-15,1002.3900146484375,1002.3900146484375,999.989990234375,1000.0,825.5691528320312,0
2020-12-16,1002.3900146484375,1002.3900146484375,999.1300048828125,1000.0,825.5691528320312,0
2020-12-17,1002.3900146484375,1002.3900146484375,999.989990234375,1000.0,825.5691528320312,0
2020-12-18,1002.2999877929688,1002.2999877929688,999.5999755859375,1000.0,825.5691528320312,0
2020-12-21,1000.9299926757812,1000.9299926757812,999.1300048828125,1000.0,825.5691528320312,0
2020-12-22,999.0999755859375,1001.5,998.2999877929688,999.989990234375,825.560791015625,0
2020-12-23,1002.2999877929688,1002.2999877929688,999.989990234375,999.989990234375,825.560791015625,0
2020-12-24,1000.9299926757812,1000.9299926757812,999.1300048828125,1000.0,825.5691528320312,0
2020-12-28,1000.0,1002.4000244140625,998.2999877929688,999.989990234375,825.560791015625,0
2020-12-29,1002.4000244140625,1002.4000244140625,999.1300048828125,1000.0,825.5691528320312,0
2020-12-30,1002.2999877929688,1002.2999877929688,999.1300048828125,1000.0,825.5691528320312,0
2020-12-31,1002.3900146484375,1002.3900146484375,998.1099853515625,1000.0,827.1217041015625,0
2021-01-01,1002.2999877929688,1002.2999877929688,999.989990234375,1000.0,827.1217041015625,0
2021-01-04,1001.9500122070312,1001.9500122070312,999.1099853515625,999.989990234375,827.1133422851562,0
2021-01-05,1000.9299926757812,1000.9299926757812,999.989990234375,999.989990234375,827.1133422851562,0
2021-01-06,1002.2999877929688,1002.2999877929688,999.1500244140625,999.989990234375,827.1133422851562,0
2021-01-07,1001.9000244140625,1001.9000244140625,999.969970703125,999.989990234375,827.1133422851562,0
2021-01-08,1001.9000244140625,1001.9000244140625,999.3200073242188,1000.0,827.1217041015625,0
2021-01-11,1001.9000244140625,1001.9000244140625,999.2000122070312,1000.0,827.1217041015625,0
2021-01-12,1000.9299926757812,1000.9299926757812,999.989990234375,999.989990234375,827.1133422851562,0
2021-01-13,1000.9299926757812,1000.9299926757812,999.989990234375,1000.0,827.1217041015625,0
2021-01-14,1001.9000244140625,1001.9000244140625,999.989990234375,1000.0,827.1217041015625,0
2021-01-15,1001.9000244140625,1001.9000244140625,999.5,1000.0,827.1217041015625,0
2021-01-18,1001.9000244140625,1001.9000244140625,998.2999877929688,1000.0,827.1217041015625,0
2021-01-19,1001.9000244140625,1001.9000244140625,999.25,1000.0,827.1217041015625,0
2021-01-20,1001.9000244140625,1001.9000244140625,999.25,999.989990234375,827.1133422851562,0
2021-01-21,1001.9000244140625,1001.9000244140625,999.989990234375,999.989990234375,827.1133422851562,0
2021-01-22,1000.0,1000.010009765625,999.2999877929688,1000.0,827.1217041015625,0
2021-01-25,1001.9000244140625,1001.9000244140625,999.989990234375,999.989990234375,827.1133422851562,0
2021-01-27,1001.7000122070312,1001.7000122070312,998.2999877929688,1000.0,827.1217041015625,0
2021-01-28,1001.9000244140625,1001.9000244140625,999.989990234375,1000.0,827.1217041015625,0
2021-01-29,1001.9500122070312,1001.9500122070312,999.3200073242188,999.989990234375,828.6820678710938,0
2021-02-01,1002.6500244140625,1002.6500244140625,999.989990234375,999.989990234375,828.6820678710938,0
2021-02-02,1001.9000244140625,1001.9000244140625,999.2000122070312,999.989990234375,828.6820678710938,0
2021-02-03,1001.9000244140625,1001.9000244140625,999.5,999.989990234375,828.6820678710938,0
2021-02-04,1000.0,1000.010009765625,998.2999877929688,1000.0,828.6903076171875,0
2021-02-05,998.2999877929688,1001.9000244140625,998.2999877929688,1000.0,828.6903076171875,0
2021-02-08,1000.0,1000.9299926757812,999.1300048828125,999.989990234375,828.6820678710938,0
2021-02-09,1002.6500244140625,1002.6500244140625,999.25,999.989990234375,828.6820678710938,0
2021-02-10,1000.0,1001.9000244140625,999.1300048828125,1000.0,828.6903076171875,0
2021-02-11,999.1300048828125,1000.8300170898438,999.1300048828125,1000.0,828.6903076171875,0
2021-02-12,999.2100219726562,1000.9299926757812,990.0,1000.0,828.6903076171875,0
2021-02-15,998.1099853515625,1002.3900146484375,998.1099853515625,1000.0,828.6903076171875,0
2021-02-16,1000.0,1000.9299926757812,999.0,999.989990234375,828.6820678710938,0
2021-02-17,1002.2999877929688,1002.2999877929688,999.1300048828125,1000.0,828.6903076171875,0
2021-02-18,1002.2999877929688,1002.2999877929688,998.2999877929688,999.989990234375,828.6820678710938,0
2021-02-19,1002.2999877929688,1002.2999877929688,999.2999877929688,1000.0,828.6903076171875,0
2021-02-22,1000.9299926757812,1000.9299926757812,999.25,1000.0,828.6903076171875,0
2021-02-23,1000.0,1000.010009765625,998.2999877929688,999.989990234375,828.6820678710938,0
2021-02-24,1002.2999877929688,1002.2999877929688,998.8699951171875,999.989990234375,828.6820678710938,0
2021-02-25,999.989990234375,1000.010009765625,999.989990234375,999.989990234375,828.6820678710938,0
2021-02-26,1000.0,1000.010009765625,999.3499755859375,1000.0,830.1768188476562,0
2021-03-01,1002.2999877929688,1002.2999877929688,999.2999877929688,999.989990234375,830.1687622070312,0
2021-03-02,1000.0,1000.010009765625,999.3200073242188,999.989990234375,830.1687622070312,0
2021-03-03,1000.0,1000.010009765625,999.7999877929688,999.989990234375,830.1687622070312,0
2021-03-04,1000.0,1000.010009765625,999.7999877929688,1000.0,830.1768188476562,0
2021-03-05,1002.3900146484375,1002.3900146484375,999.989990234375,1000.0,830.1768188476562,0
2021-03-08,1002.2999877929688,1002.2999877929688,999.989990234375,1000.0,830.1768188476562,0
2021-03-09,1002.2999877929688,1002.2999877929688,999.25,999.989990234375,830.1687622070312,0
2021-03-10,1002.2999877929688,1002.2999877929688,999.989990234375,1000.0,830.1768188476562,0
2021-03-12,1002.3900146484375,1002.3900146484375,998.1099853515625,1000.0,830.1768188476562,0
2021-03-15,1002.2999877929688,1002.2999877929688,999.97998046875,1000.0,830.1768188476562,0
2021-03-16,1000.0,1000.8800048828125,999.280029296875,1000.0,830.1768188476562,0
2021-03-17,1002.2999877929688,1002.2999877929688,999.989990234375,1000.0,830.1768188476562,0
2021-03-18,1000.8300170898438,1000.8300170898438,999.280029296875,1000.0,830.1768188476562,0
2021-03-19,1000.0,1000.8699951171875,999.5599975585938,1000.0,830.1768188476562,0
2021-03-22,1002.2999877929688,1002.2999877929688,999.3300170898438,1000.0,830.1768188476562,0
2021-03-23,1000.0,1003.0599975585938,999.9099731445312,999.989990234375,830.1687622070312,0
2021-03-24,1002.2999877929688,1002.2999877929688,999.9000244140625,1000.0,830.1768188476562,0
2021-03-25,1000.0,1000.010009765625,999.2999877929688,1000.0,830.1768188476562,0
2021-03-26,1002.2999877929688,1002.2999877929688,999.989990234375,1000.0,830.1768188476562,0
2021-03-30,1002.2999877929688,1002.2999877929688,999.2999877929688,999.989990234375,830.1687622070312,0
2021-03-31,1001.7999877929688,1001.7999877929688,999.3499755859375,1000.0,831.9503173828125,0
2021-04-01,1002.2999877929688,1002.2999877929688,998.2999877929688,999.989990234375,831.9418334960938,0
2021-04-05,1002.2999877929688,1002.2999877929688,999.3599853515625,1000.0,831.9503173828125,0
2021-04-06,1000.0,1000.010009765625,999.3599853515625,1000.0,831.9503173828125,0
2021-04-07,1000.8699951171875,1000.9299926757812,999.3599853515625,1000.0,831.9503173828125,0
2021-04-08,1002.2999877929688,1002.2999877929688,999.989990234375,1000.0,831.9503173828125,0
2021-04-09,1002.2999877929688,1002.2999877929688,999.3499755859375,999.989990234375,831.9418334960938,0
2021-04-12,1000.8699951171875,1000.8699951171875,999.97998046875,1000.0,831.9503173828125,0
2021-04-13,1002.2999877929688,1002.2999877929688,999.3599853515625,1000.0,831.9503173828125,0
2021-04-15,1002.2999877929688,1002.2999877929688,998.2999877929688,1000.0,831.9503173828125,0
2021-04-16,1002.2999877929688,1002.2999877929688,999.3699951171875,999.989990234375,831.9418334960938,0
2021-04-19,1002.2999877929688,1002.2999877929688,999.4000244140625,1000.0,831.9503173828125,0
2021-04-20,1002.2999877929688,1002.2999877929688,999.989990234375,1000.0,831.9503173828125,0
2021-04-22,1002.2999877929688,1002.2999877929688,999.989990234375,1000.0,831.9503173828125,0
2021-04-23,1000.0,1000.010009765625,999.989990234375,1000.0,831.9503173828125,0
2021-04-26,1002.2999877929688,1002.2999877929688,999.27001953125,999.989990234375,831.9418334960938,0
2021-04-27,1002.2999877929688,1002.2999877929688,999.4000244140625,999.989990234375,831.9418334960938,0
2021-04-28,1002.2899780273438,1002.2899780273438,999.4000244140625,999.989990234375,831.9418334960938,0
2021-04-29,1002.2999877929688,1002.2999877929688,998.2999877929688,1000.0,831.9503173828125,0
2021-04-30,1003.0599975585938,1003.0599975585938,999.5,1000.0,833.5757446289062,0
2021-05-03,1000.0,1000.010009765625,999.0,1000.0,833.5757446289062,0
2021-05-04,1000.0,1000.8699951171875,999.989990234375,1000.0,833.5757446289062,0
2021-05-05,1000.0,1000.010009765625,999.989990234375,1000.0,833.5757446289062,0
2021-05-06,999.989990234375,1000.8699951171875,999.0,999.989990234375,833.5673828125,0
2021-05-07,1000.0,1000.010009765625,999.989990234375,1000.0,833.5757446289062,0
2021-05-10,1000.0,1000.010009765625,999.4099731445312,1000.0,833.5757446289062,0
2021-05-11,1000.8699951171875,1000.8699951171875,999.4000244140625,999.989990234375,833.5673828125,0
2021-05-12,1002.0,1002.0,999.4099731445312,1000.0,833.5757446289062,0
2021-05-14,1000.8699951171875,1000.8699951171875,995.3300170898438,1000.0,833.5757446289062,0
2021-05-17,1000.8699951171875,1000.8699951171875,999.3300170898438,1000.0,833.5757446289062,0
2021-05-18,1000.8699951171875,1000.8699951171875,999.989990234375,999.989990234375,833.5673828125,0
2021-05-19,1000.8699951171875,1000.8699951171875,999.989990234375,999.989990234375,833.5673828125,0
2021-05-20,1000.8699951171875,1000.8699951171875,999.3300170898438,1000.0,833.5757446289062,0
2021-05-21,997.0999755859375,1000.010009765625,997.0999755859375,1000.0,833.5757446289062,0
2021-05-24,1001.0,1001.0,999.4099731445312,999.989990234375,833.5673828125,0
2021-05-25,1002.2999877929688,1002.2999877929688,997.0999755859375,1000.0,833.5757446289062,0
2021-05-26,999.0,1000.010009765625,999.0,999.989990234375,833.5673828125,0
2021-05-27,1000.8699951171875,1000.8699951171875,999.510009765625,999.989990234375,833.5673828125,0
2021-05-28,1000.75,1000.75,999.8900146484375,1000.010009765625,833.584228515625,0
2021-05-31,1002.2000122070312,1002.2000122070312,999.3300170898438,999.989990234375,835.0630493164062,0
2021-06-01,1003.4000244140625,1003.4000244140625,999.5599975585938,1000.0,835.0714111328125,0
2021-06-02,1003.4000244140625,1003.4000244140625,996.4000244140625,1000.0,835.0714111328125,0
2021-06-03,1003.4000244140625,1003.4000244140625,996.4000244140625,1000.0,835.0714111328125,0
2021-06-04,1002.2999877929688,1002.2999877929688,998.2999877929688,1000.0,835.0714111328125,0
2021-06-07,1000.0,1000.010009765625,999.4000244140625,1000.0,835.0714111328125,0
2021-06-08,1000.0,1000.010009765625,999.4099731445312,1000.0,835.0714111328125,0
2021-06-09,1002.9500122070312,1002.9500122070312,999.27001953125,999.989990234375,835.0630493164062,0
2021-06-10,1000.0,1000.010009765625,999.3699951171875,999.989990234375,835.0630493164062,0
2021-06-11,1002.4000244140625,1002.4000244140625,999.989990234375,999.989990234375,835.0630493164062,0
2021-06-14,1000.8699951171875,1000.8699951171875,999.510009765625,999.989990234375,835.0630493164062,0
2021-06-15,1002.4000244140625,1002.4000244140625,999.4099731445312,1000.0,835.0714111328125,0
2021-06-16,1003.4000244140625,1003.4000244140625,998.4500122070312,1000.0,835.0714111328125,0
2021-06-17,1000.8699951171875,1000.8699951171875,999.27001953125,1000.0,835.0714111328125,0
2021-06-18,999.5499877929688,1000.010009765625,999.5499877929688,1000.0,835.0714111328125,0
2021-06-21,1000.0,1000.010009765625,999.5499877929688,999.989990234375,835.0630493164062,0
2021-06-22,1000.0,1000.9000244140625,999.989990234375,1000.0,835.0714111328125,0
2021-06-23,1002.7000122070312,1002.7000122070312,999.4000244140625,1000.0,835.0714111328125,0
2021-06-24,1002.4000244140625,1002.4000244140625,999.5499877929688,1000.0,835.0714111328125,0
2021-06-25,1000.0,1000.010009765625,998.1500244140625,999.989990234375,835.0630493164062,0
2021-06-28,1002.4000244140625,1002.4000244140625,999.3300170898438,999.989990234375,835.0630493164062,0
2021-06-29,999.0,1000.8699951171875,999.0,999.989990234375,835.0630493164062,0
2021-06-30,1000.010009765625,1000.47998046875,998.1500244140625,999.989990234375,836.848876953125,0
2021-07-01,1000.0,1000.010009765625,999.510009765625,1000.0,836.8570556640625,0
2021-07-02,1002.3800048828125,1002.3800048828125,998.4500122070312,1000.0,836.8570556640625,0
2021-07-05,1003.4000244140625,1003.4000244140625,996.4000244140625,999.989990234375,836.848876953125,0
2021-07-06,1002.3599853515625,1002.3599853515625,998.2000122070312,1000.0,836.8570556640625,0
2021-07-07,1000.0,1000.010009765625,998.2000122070312,1000.0,836.8570556640625,0
2021-07-08,1003.4000244140625,1003.4000244140625,999.989990234375,1000.0,836.8570556640625,0
2021-07-09,1002.9000244140625,1002.9000244140625,998.2000122070312,1000.0,836.8570556640625,0
2021-07-12,999.0,1002.0,999.0,1000.0,836.8570556640625,0
2021-07-13,1002.3800048828125,1002.3800048828125,999.989990234375,1000.0,836.8570556640625,0
2021-07-14,1000.0,1000.47998046875,999.510009765625,999.989990234375,836.848876953125,0
2021-07-15,998.2100219726562,1000.010009765625,998.2100219726562,999.989990234375,836.848876953125,0
2021-07-16,1003.4000244140625,1003.4000244140625,996.4000244140625,1000.0,836.8570556640625,0
2021-07-19,1000.8699951171875,1000.8699951171875,999.989990234375,1000.0,836.8570556640625,0
2021-07-20,1003.4000244140625,1003.4000244140625,999.510009765625,1000.0,836.8570556640625,0
2021-07-22,1003.4000244140625,1003.4000244140625,999.0,999.989990234375,836.848876953125,0
2021-07-23,996.4000244140625,1002.760009765625,996.4000244140625,1000.0,836.8570556640625,0
2021-07-26,998.1599731445312,1002.3800048828125,998.1599731445312,999.989990234375,836.848876953125,0
2021-07-27,1003.4000244140625,1003.4000244140625,996.4000244140625,1000.0,836.8570556640625,0
2021-07-28,998.4000244140625,1002.4000244140625,998.4000244140625,999.989990234375,836.848876953125,0
2021-07-29,1002.3599853515625,1002.3599853515625,999.510009765625,999.989990234375,836.848876953125,0
2021-07-30,1003.4000244140625,1003.4000244140625,999.3300170898438,1000.0,838.1500854492188,0
2021-08-02,1002.0,1002.0,997.6099853515625,999.989990234375,838.1419067382812,0
2021-08-03,997.6199951171875,1002.8800048828125,997.6199951171875,1000.0,838.1500854492188,0
2021-08-04,1002.6500244140625,1002.6500244140625,999.3200073242188,1000.0,838.1500854492188,0
2021-08-05,1002.5900268554688,1002.5900268554688,999.989990234375,999.989990234375,838.1419067382812,0
2021-08-06,1001.989990234375,1001.989990234375,999.989990234375,999.989990234375,838.1419067382812,0
2021-08-09,1001.989990234375,1001.989990234375,999.3300170898438,1000.0,838.1500854492188,0
2021-08-10,998.4000244140625,1001.0,998.4000244140625,1000.0,838.1500854492188,0
2021-08-11,1002.6400146484375,1002.6400146484375,997.2100219726562,999.989990234375,838.1419067382812,0
2021-08-12,1003.4000244140625,1003.4000244140625,998.4500122070312,1000.0,838.1500854492188,0
2021-08-13,1002.0,1002.0,999.510009765625,1000.0,838.1500854492188,0
2021-08-16,1002.8800048828125,1002.8800048828125,999.3300170898438,1000.0,838.1500854492188,0
2021-08-17,1003.0,1003.0,998.6500244140625,1000.0,838.1500854492188,0
2021-08-18,1002.8800048828125,1002.8800048828125,999.3300170898438,999.989990234375,838.1419067382812,0
2021-08-20,1002.8699951171875,1002.8699951171875,999.510009765625,1000.0,838.1500854492188,0
2021-08-23,1002.5,1002.5,999.3300170898438,999.989990234375,838.1419067382812,0
2021-08-24,1003.4000244140625,1003.4000244140625,999.989990234375,999.989990234375,838.1419067382812,0
2021-08-25,1000.9000244140625,1000.9000244140625,997.1099853515625,999.989990234375,838.1419067382812,0
2021-08-26,999.989990234375,1000.9000244140625,999.989990234375,999.989990234375,838.1419067382812,0
2021-08-27,1003.1799926757812,1003.1799926757812,997.1599731445312,1000.0,838.1500854492188,0
2021-08-30,1002.4000244140625,1002.4000244140625,999.27001953125,999.989990234375,838.1419067382812,0
2021-08-31,1003.4000244140625,1003.4000244140625,997.2100219726562,1000.0,839.8478393554688,0
2021-09-01,1003.4000244140625,1003.4000244140625,997.1799926757812,999.989990234375,839.839599609375,0
2021-09-02,1000.9000244140625,1000.9000244140625,999.5499877929688,999.989990234375,839.839599609375,0
2021-09-03,1000.0,1000.9000244140625,999.989990234375,999.989990234375,839.839599609375,0
2021-09-06,1002.0,1002.0,999.510009765625,1000.0,839.8478393554688,0
2021-09-07,1003.1400146484375,1003.1400146484375,999.9500122070312,1000.0,839.8478393554688,0
2021-09-08,1000.7999877929688,1000.7999877929688,999.989990234375,1000.0,839.8478393554688,0
2021-09-09,1000.0,1000.010009765625,999.3300170898438,1000.0,839.8478393554688,0
2021-09-13,998.4000244140625,1000.010009765625,998.4000244140625,1000.0,839.8478393554688,0
2021-09-14,1003.4000244140625,1003.4000244140625,998.0,999.989990234375,839.839599609375,0
2021-09-15,1000.0,1000.010009765625,999.75,999.989990234375,839.839599609375,0
2021-09-16,999.3300170898438,1000.010009765625,999.3300170898438,1000.0,839.8478393554688,0
2021-09-17,997.5999755859375,1002.7899780273438,997.5999755859375,1000.0,839.8478393554688,0
2021-09-20,1003.1799926757812,1003.1799926757812,997.1599731445312,1000.0,839.8478393554688,0
2021-09-21,1002.0,1002.0,999.510009765625,999.989990234375,839.839599609375,0
2021-09-22,1002.4000244140625,1002.4000244140625,998.4000244140625,999.989990234375,839.839599609375,0
2021-09-23,1003.1799926757812,1003.1799926757812,999.3200073242188,999.989990234375,839.839599609375,0
2021-09-24,1002.7899780273438,1002.7899780273438,999.2999877929688,1000.010009765625,839.8563232421875,0
2021-09-27,1002.7899780273438,1002.7899780273438,997.1599731445312,999.989990234375,839.839599609375,0
2021-09-28,1002.2999877929688,1002.2999877929688,999.989990234375,1000.0,839.8478393554688,0
2021-09-29,1000.0,1000.010009765625,998.9000244140625,999.969970703125,839.822509765625,0
2021-09-30,1002.4000244140625,1002.4000244140625,999.969970703125,1000.0,841.1826171875,0
2021-10-01,1003.4000244140625,1003.4000244140625,999.5999755859375,1000.0,841.1826171875,0
2021-10-04,1002.2999877929688,1002.2999877929688,998.2999877929688,1000.0,841.1826171875,0
2021-10-05,1002.2999877929688,1002.2999877929688,998.2999877929688,999.989990234375,841.17431640625,0
2021-10-06,1000.8699951171875,1000.8699951171875,999.989990234375,1000.0,841.1826171875,0
2021-10-07,1002.2999877929688,1002.2999877929688,998.2999877929688,999.989990234375,841.17431640625,0
2021-10-08,1001.77001953125,1001.77001953125,999.989990234375,1000.0,841.1826171875,0
2021-10-11,1002.2999877929688,1002.2999877929688,998.97998046875,1000.0,841.1826171875,0
2021-10-12,1001.739990234375,1001.739990234375,999.2000122070312,1000.0,841.1826171875,0
2021-10-13,1002.9000244140625,1002.9000244140625,999.3200073242188,999.989990234375,841.17431640625,0
2021-10-14,1002.2100219726562,1002.2100219726562,999.989990234375,1000.0,841.1826171875,0
2021-10-18,1000.0,1001.0,998.2999877929688,999.989990234375,841.17431640625,0
2021-10-19,1000.0,1000.489990234375,999.27001953125,999.989990234375,841.17431640625,0
2021-10-20,1001.8099975585938,1002.0,999.25,999.989990234375,841.17431640625,0
2021-10-21,1008.9000244140625,1008.9000244140625,997.1599731445312,999.989990234375,841.17431640625,0
2021-10-22,1002.2000122070312,1002.2000122070312,999.510009765625,1000.0,841.1826171875,0
2021-10-25,1001.0,1002.9000244140625,999.510009765625,1000.0,841.1826171875,0
2021-10-26,1002.2000122070312,1002.2000122070312,999.989990234375,999.989990234375,841.17431640625,0
2021-10-27,1000.0,1001.8699951171875,999.510009765625,1000.0,841.1826171875,0
2021-10-28,1003.1799926757812,1003.1799926757812,997.1599731445312,1000.0,841.1826171875,0
2021-10-29,1002.2000122070312,1002.2000122070312,998.2999877929688,1000.0,843.0267333984375,0
2021-11-01,1000.8699951171875,1000.8699951171875,999.3499755859375,999.989990234375,843.0183715820312,0
2021-11-02,1002.2000122070312,1002.2000122070312,998.2999877929688,999.989990234375,843.0183715820312,0
2021-11-03,999.989990234375,1001.7999877929688,998.2999877929688,1000.010009765625,843.0352172851562,0
2021-11-04,1006.7000122070312,1006.7000122070312,997.3499755859375,999.989990234375,843.0183715820312,0
2021-11-08,1002.2000122070312,1002.2000122070312,997.3499755859375,999.989990234375,843.0183715820312,0
2021-11-09,1002.2000122070312,1002.2000122070312,999.0,999.989990234375,843.0183715820312,0
2021-11-10,1001.0,1001.0,998.2999877929688,1000.0,843.0267333984375,0
2021-11-11,1002.9000244140625,1002.9000244140625,991.1099853515625,1000.0,843.0267333984375,0
2021-11-12,1002.2999877929688,1002.2999877929688,999.510009765625,999.989990234375,843.0183715820312,0
2021-11-15,1001.0,1001.0,997.1599731445312,999.989990234375,843.0183715820312,0
2021-11-16,999.989990234375,1002.9000244140625,998.22998046875,1000.0,843.0267333984375,0
2021-11-17,1001.0,1001.0,998.2999877929688,1000.010009765625,843.0352172851562,0
2021-11-18,1002.2999877929688,1002.2999877929688,998.2999877929688,1000.0,843.0267333984375,0
2021-11-22,1003.1799926757812,1003.1799926757812,990.0,1000.0,843.0267333984375,0
2021-11-23,1002.2999877929688,1002.2999877929688,998.2999877929688,999.989990234375,843.0183715820312,0
2021-11-24,1002.0,1002.0,999.3300170898438,1000.0,843.0267333984375,0
2021-11-25,1002.9000244140625,1002.9000244140625,997.1599731445312,1000.0,843.0267333984375,0
2021-11-26,1002.2999877929688,1002.2999877929688,999.3200073242188,1000.0,843.0267333984375,0
2021-11-29,1000.5,1000.5,999.3599853515625,999.989990234375,843.0183715820312,0
2021-11-30,1002.2999877929688,1002.2999877929688,998.2999877929688,999.989990234375,844.7962036132812,0
2021-12-01,1008.9000244140625,1008.9000244140625,999.3599853515625,999.989990234375,844.7962036132812,0
2021-12-02,1002.2999877929688,1002.2999877929688,999.6500244140625,999.989990234375,844.7962036132812,0
2021-12-03,1002.2999877929688,1002.2999877929688,999.3200073242188,999.989990234375,844.7962036132812,0
2021-12-06,1002.2999877929688,1002.2999877929688,998.2999877929688,1000.0,844.8046875,0
2021-12-07,1002.2999877929688,1002.2999877929688,999.989990234375,999.989990234375,844.7962036132812,0
2021-12-08,1003.1799926757812,1003.1799926757812,997.1599731445312,999.989990234375,844.7962036132812,0
2021-12-09,1002.2999877929688,1002.2999877929688,999.510009765625,999.989990234375,844.7962036132812,0
2021-12-10,1002.2999877929688,1002.2999877929688,998.2999877929688,1000.0,844.8046875,0
2021-12-13,1002.2999877929688,1002.2999877929688,998.1699829101562,999.989990234375,844.7962036132812,0
2021-12-14,997.2999877929688,1001.9400024414062,997.2999877929688,1000.0,844.8046875,0
2021-12-15,1002.2999877929688,1002.2999877929688,998.0,1000.0,844.8046875,0
2021-12-16,1002.2999877929688,1002.2999877929688,999.3499755859375,999.989990234375,844.7962036132812,0
2021-12-17,1003.2999877929688,1003.2999877929688,999.989990234375,1000.0,844.8046875,0
2021-12-20,1002.2999877929688,1002.2999877929688,999.510009765625,1000.0,844.8046875,0
2021-12-21,1002.2999877929688,1002.2999877929688,999.3499755859375,999.989990234375,844.7962036132812,0
2021-12-22,1002.0,1002.0,997.2999877929688,999.989990234375,844.7962036132812,0
2021-12-23,1001.9400024414062,1001.9400024414062,999.3499755859375,999.989990234375,844.7962036132812,0
2021-12-24,1002.2999877929688,1002.2999877929688,999.3200073242188,1000.0,844.8046875,0
2021-12-27,1002.2999877929688,1002.2999877929688,998.2999877929688,999.989990234375,844.7962036132812,0
2021-12-28,1002.2999877929688,1002.2999877929688,999.9000244140625,999.989990234375,844.7962036132812,0
2021-12-29,1002.0999755859375,1002.0999755859375,999.9000244140625,1000.0,844.8046875,0
2021-12-30,1002.2999877929688,1002.2999877929688,999.9000244140625,1000.0,844.8046875,0
2021-12-31,1002.2999877929688,1002.2999877929688,999.3200073242188,1000.0,846.5172729492188,0
2022-01-03,1002.2999877929688,1002.2999877929688,998.8499755859375,999.989990234375,846.5088500976562,0
2022-01-04,1000.030029296875,1002.0,998.2999877929688,999.989990234375,846.5088500976562,0
2022-01-05,1001.5,1001.5,998.2999877929688,999.989990234375,846.5088500976562,0
2022-01-06,1001.0,1001.9500122070312,999.2999877929688,999.989990234375,846.5088500976562,0
2022-01-07,1002.2999877929688,1002.2999877929688,999.510009765625,1000.0,846.5172729492188,0
2022-01-10,1000.0,1000.489990234375,999.3499755859375,999.989990234375,846.5088500976562,0
2022-01-11,1001.0,1001.0,999.2000122070312,1000.0,846.5172729492188,0
2022-01-12,1002.2999877929688,1002.2999877929688,999.3499755859375,1000.0,846.5172729492188,0
2022-01-13,1002.2999877929688,1002.2999877929688,999.989990234375,999.989990234375,846.5088500976562,0
2022-01-14,1002.9500122070312,1002.9500122070312,999.989990234375,999.989990234375,846.5088500976562,0
2022-01-17,1000.0,1000.8099975585938,998.2999877929688,999.989990234375,846.5088500976562,0
2022-01-18,1002.0,1002.0,999.3499755859375,1000.0,846.5172729492188,0
2022-01-19,1002.2999877929688,1002.2999877929688,999.989990234375,999.989990234375,846.5088500976562,0
2022-01-20,1002.2999877929688,1002.2999877929688,999.3499755859375,999.989990234375,846.5088500976562,0
2022-01-21,1002.0,1002.0,999.3499755859375,1000.0,846.5172729492188,0
2022-01-24,1002.0,1002.0,999.2999877929688,1000.0,846.5172729492188,0
2022-01-25,1002.2999877929688,1002.2999877929688,998.2999877929688,999.989990234375,846.5088500976562,0
2022-01-27,1000.0,1000.010009765625,999.3499755859375,1000.0,846.5172729492188,0
2022-01-28,1000.0,1002.2899780273438,999.3499755859375,1000.0,846.5172729492188,0
2022-01-31,1002.2999877929688,1002.2999877929688,999.3499755859375,1000.0,848.540771484375,0
2022-02-01,1002.2999877929688,1002.2999877929688,999.989990234375,999.989990234375,848.5323486328125,0
2022-02-02,1000.0,1000.010009765625,999.3300170898438,999.989990234375,848.5323486328125,0
2022-02-03,1000.0,1000.010009765625,999.989990234375,1000.0,848.540771484375,0
2022-02-04,1008.9000244140625,1008.9000244140625,999.510009765625,1000.0,848.540771484375,0
2022-02-07,1002.25,1002.25,998.25,1000.0,848.540771484375,0
2022-02-08,1003.5999755859375,1003.5999755859375,999.3499755859375,999.989990234375,848.5323486328125,0
2022-02-09,1003.1599731445312,1003.1599731445312,998.3499755859375,999.989990234375,848.5323486328125,0
2022-02-10,1008.9000244140625,1008.9000244140625,999.97998046875,999.989990234375,848.5323486328125,0
2022-02-11,1002.25,1002.25,999.3499755859375,1000.0,848.540771484375,0
2022-02-14,1003.2000122070312,1003.2000122070312,998.3499755859375,1000.0,848.540771484375,0
2022-02-15,1002.25,1002.25,999.989990234375,999.989990234375,848.5323486328125,0
2022-02-16,997.5999755859375,1002.25,997.5999755859375,1000.0,848.540771484375,0
2022-02-17,1003.2000122070312,1003.2000122070312,999.2999877929688,1000.0,848.540771484375,0
2022-02-18,1002.0,1002.0,999.2999877929688,1000.0,848.540771484375,0
2022-02-21,1003.1799926757812,1003.1799926757812,999.5499877929688,1000.0,848.540771484375,0
2022-02-22,1000.0,1000.010009765625,999.510009765625,1000.0,848.540771484375,0
2022-02-23,1002.0,1002.0,999.3499755859375,1000.0,848.540771484375,0
2022-02-24,999.010009765625,1002.25,999.010009765625,999.989990234375,848.5323486328125,0
2022-02-25,1000.0,1000.010009765625,999.3499755859375,1000.0,848.540771484375,0
2022-02-28,1000.0,1000.010009765625,999.510009765625,1000.0,848.601318359375,0
2022-03-02,1003.2000122070312,1003.2000122070312,997.2999877929688,999.989990234375,848.5929565429688,0
2022-03-03,1002.25,1003.1599731445312,999.3499755859375,999.989990234375,848.5929565429688,0
2022-03-04,1002.25,1002.25,999.5499877929688,1000.0,848.601318359375,0
2022-03-07,1002.5999755859375,1002.5999755859375,998.25,999.989990234375,848.5929565429688,0
2022-03-08,1001.0,1001.0,999.25,999.989990234375,848.5929565429688,0
2022-03-09,999.989990234375,1001.0,999.989990234375,999.989990234375,848.5929565429688,0
2022-03-10,1008.9000244140625,1008.9000244140625,997.3499755859375,999.989990234375,848.5929565429688,0
2022-03-11,1003.1599731445312,1003.1599731445312,997.1599731445312,1000.0,848.601318359375,0
2022-03-14,1001.0,1001.0,997.3499755859375,1000.0,848.601318359375,0
2022-03-15,1002.5999755859375,1002.5999755859375,997.2999877929688,1000.0,848.601318359375,0
2022-03-16,1001.9000244140625,1001.9000244140625,999.3499755859375,999.989990234375,848.5929565429688,0
2022-03-17,999.0,1002.0,997.1599731445312,1000.0,848.601318359375,0
2022-03-21,1002.5999755859375,1002.5999755859375,999.3499755859375,999.989990234375,848.5929565429688,0
2022-03-22,1003.1599731445312,1003.1599731445312,999.3499755859375,999.989990234375,848.5929565429688,0
2022-03-23,1002.5999755859375,1002.5999755859375,997.2999877929688,1000.0,848.601318359375,0
2022-03-24,997.1599731445312,1003.1599731445312,997.1599731445312,1000.0,848.601318359375,0
2022-03-25,1003.1599731445312,1003.1599731445312,997.1599731445312,1000.0,848.601318359375,0
2022-03-28,1001.9600219726562,1001.9600219726562,999.3499755859375,1000.0,848.601318359375,0
2022-03-29,1001.9500122070312,1001.9500122070312,999.989990234375,1000.0,848.601318359375,0
2022-03-30,1001.9299926757812,1001.9299926757812,999.989990234375,1000.0,848.601318359375,0
2022-03-31,1003.1599731445312,1003.1599731445312,999.510009765625,1000.0,850.570068359375,0
2022-04-01,1008.9000244140625,1008.9000244140625,999.3499755859375,1000.0,850.570068359375,0
2022-04-04,1001.0,1001.0,998.0,999.989990234375,850.5617065429688,0
2022-04-05,1003.1599731445312,1003.1599731445312,999.989990234375,999.989990234375,850.5617065429688,0
2022-04-06,1000.010009765625,1000.010009765625,999.6300048828125,1000.0,850.570068359375,0
2022-04-07,1003.1599731445312,1003.1599731445312,999.989990234375,999.989990234375,850.5617065429688,0
2022-04-08,999.3499755859375,1003.1599731445312,999.3499755859375,1000.0,850.570068359375,0
2022-04-11,1003.1599731445312,1003.1599731445312,999.3499755859375,1000.0,850.570068359375,0
2022-04-12,999.510009765625,1000.010009765625,999.510009765625,1000.0,850.570068359375,0
2022-04-13,1002.5999755859375,1002.5999755859375,999.530029296875,1000.0,850.570068359375,0
2022-04-18,1000.0,1000.489990234375,999.989990234375,999.989990234375,850.5617065429688,0
2022-04-19,999.989990234375,1000.010009765625,999.6099853515625,1000.0,850.570068359375,0
2022-04-20,1000.0,1000.010009765625,999.989990234375,1000.0,850.570068359375,0
2022-04-21,1003.1599731445312,1003.1599731445312,999.3499755859375,999.989990234375,850.5617065429688,0
2022-04-22,1002.0,1002.0,999.989990234375,1000.0,850.570068359375,0
2022-04-25,1002.0,1002.0,999.7100219726562,1000.0,850.570068359375,0
2022-04-26,1002.0,1002.0,999.3499755859375,999.989990234375,850.5617065429688,0
2022-04-27,1002.0,1002.0,999.989990234375,999.989990234375,850.5617065429688,0
2022-04-28,999.3499755859375,1000.010009765625,999.3499755859375,1000.0,850.570068359375,0
2022-04-29,1001.1599731445312,1001.1599731445312,999.97998046875,1000.0,852.421630859375,0
2022-05-02,1000.0,1000.010009765625,999.3499755859375,999.989990234375,852.4127807617188,0
2022-05-04,1002.0,1002.0,999.3499755859375,1000.0,852.421630859375,0
2022-05-05,1003.1599731445312,1003.1599731445312,999.5599975585938,999.989990234375,852.4127807617188,0
2022-05-06,1003.1599731445312,1003.1599731445312,999.3499755859375,1000.0,852.421630859375,0
2022-05-09,1001.0,1001.0,999.989990234375,1000.0,852.421630859375,0
2022-05-10,1003.1599731445312,1003.1599731445312,999.3499755859375,1000.0,852.421630859375,0
2022-05-11,999.3499755859375,1002.0,999.3499755859375,999.989990234375,852.4127807617188,0
2022-05-12,1000.010009765625,1003.1599731445312,999.989990234375,1000.0,852.421630859375,0
2022-05-13,1000.0,1003.1599731445312,998.1599731445312,1000.0,852.421630859375,0
2022-05-16,1002.0,1002.0,999.3499755859375,1000.0,852.421630859375,0
2022-05-17,1003.1599731445312,1003.1599731445312,999.6199951171875,999.989990234375,852.4127807617188,0
2022-05-18,1002.0,1002.5999755859375,999.4400024414062,1000.0,852.421630859375,0
2022-05-19,1002.0,1002.0,999.530029296875,1000.0,852.421630859375,0
2022-05-20,999.530029296875,1000.010009765625,999.530029296875,999.989990234375,852.4127807617188,0
2022-05-23,1003.1599731445312,1003.1599731445312,999.4500122070312,999.989990234375,852.4127807617188,0
2022-05-24,1000.0,1000.010009765625,999.4500122070312,1000.0,852.421630859375,0
2022-05-25,1002.5999755859375,1002.5999755859375,997.2999877929688,1000.0,852.421630859375,0
2022-05-26,1000.4000244140625,1000.4000244140625,999.510009765625,999.989990234375,852.4127807617188,0
2022-05-27,1000.0,1000.010009765625,999.989990234375,1000.0,852.421630859375,0
2022-05-30,1002.5999755859375,1002.5999755859375,999.530029296875,999.989990234375,852.4127807617188,0
2022-05-31,1003.1599731445312,1003.1599731445312,999.989990234375,999.989990234375,854.7808227539062,0
2022-06-01,1000.0,1001.9000244140625,999.3499755859375,1000.0,854.789306640625,0
2022-06-02,1002.4500122070312,1002.4500122070312,999.989990234375,999.989990234375,854.7808227539062,0
2022-06-03,1000.0,1000.010009765625,999.989990234375,999.989990234375,854.7808227539062,0
2022-06-06,1001.9600219726562,1001.9600219726562,999.7000122070312,999.989990234375,854.7808227539062,0
2022-06-07,999.3499755859375,1003.1599731445312,999.3499755859375,1000.0,854.789306640625,0
2022-06-08,1003.1599731445312,1003.1599731445312,999.969970703125,1000.0,854.789306640625,0
2022-06-09,1000.9000244140625,1000.9000244140625,998.1599731445312,1000.0,854.789306640625,0
2022-06-10,1000.47998046875,1000.47998046875,999.75,999.989990234375,854.7808227539062,0
2022-06-13,1003.1599731445312,1003.1599731445312,999.6099853515625,1000.0,854.789306640625,0
2022-06-14,1000.010009765625,1000.010009765625,999.47998046875,999.989990234375,854.7808227539062,0
2022-06-15,999.0,1000.010009765625,999.0,999.989990234375,854.7808227539062,0
2022-06-16,1002.0,1002.0,998.0,1000.0,854.789306640625,0
2022-06-17,1000.0,1000.010009765625,999.989990234375,999.989990234375,854.7808227539062,0
2022-06-20,1000.010009765625,1002.0,999.5499877929688,999.989990234375,854.7808227539062,0
2022-06-21,1000.0,1000.010009765625,999.969970703125,999.989990234375,854.7808227539062,0
2022-06-22,999.7999877929688,1000.010009765625,999.7999877929688,1000.0,854.789306640625,0
2022-06-23,1000.010009765625,1003.1599731445312,998.1599731445312,1000.0,854.789306640625,0
2022-06-24,1000.010009765625,1000.010009765625,999.989990234375,999.989990234375,854.7808227539062,0
2022-06-27,1000.0,1000.010009765625,998.1599731445312,999.989990234375,854.7808227539062,0
2022-06-28,1002.5999755859375,1002.5999755859375,999.9500122070312,1000.0,854.789306640625,0
2022-06-29,997.2999877929688,1002.5999755859375,997.2999877929688,1000.0,854.789306640625,0
2022-06-30,1002.0,1002.0,999.989990234375,1000.0,857.1085815429688,0
2022-07-01,1002.0,1002.0,999.989990234375,1000.0,857.1085815429688,0
2022-07-04,1002.0,1002.0,999.989990234375,999.989990234375,857.1002807617188,0
2022-07-05,1000.010009765625,1003.1599731445312,999.3499755859375,1000.0,857.1085815429688,0
2022-07-06,1002.0,1002.0,999.3499755859375,999.989990234375,857.1002807617188,0
2022-07-07,1000.010009765625,1002.0,999.989990234375,999.989990234375,857.1002807617188,0
2022-07-08,1003.1599731445312,1003.1599731445312,998.1599731445312,1000.0,857.1085815429688,0
2022-07-11,1002.0,1002.0,999.4500122070312,999.989990234375,857.1002807617188,0
2022-07-12,1000.010009765625,1000.010009765625,999.3499755859375,999.989990234375,857.1002807617188,0
2022-07-13,1003.1599731445312,1003.1599731445312,999.3499755859375,999.989990234375,857.1002807617188,0
2022-07-14,1000.010009765625,1001.97998046875,999.989990234375,1000.0,857.1085815429688,0
2022-07-15,1000.0,1000.010009765625,999.3499755859375,999.989990234375,857.1002807617188,0
2022-07-18,1002.5999755859375,1002.5999755859375,999.510009765625,999.989990234375,857.1002807617188,0
2022-07-19,1000.0,1002.0,999.6300048828125,999.989990234375,857.1002807617188,0
2022-07-20,1000.010009765625,1000.010009765625,999.989990234375,1000.0,857.1085815429688,0
2022-07-21,999.3499755859375,1003.1599731445312,999.3499755859375,1000.0,857.1085815429688,0
2022-07-22,1001.6500244140625,1001.6500244140625,999.75,1000.0,857.1085815429688,0
2022-07-25,1000.0,1000.010009765625,999.3499755859375,999.989990234375,857.1002807617188,0
2022-07-26,1001.0,1001.0,999.510009765625,999.989990234375,857.1002807617188,0
2022-07-27,1001.0,1001.0,999.989990234375,999.989990234375,857.1002807617188,0
2022-07-28,1000.0,1000.010009765625,999.3499755859375,999.989990234375,857.1002807617188,0
2022-07-29,1000.0,1000.010009765625,990.0,1000.0,859.9845581054688,0
2022-08-01,998.5,1000.010009765625,998.5,999.989990234375,859.97607421875,0
2022-08-02,1000.010009765625,1000.010009765625,999.989990234375,999.989990234375,859.97607421875,0
2022-08-03,1003.1599731445312,1003.1599731445312,999.989990234375,1000.0,859.9845581054688,0
2022-08-04,1000.0,1000.010009765625,999.989990234375,1000.0,859.9845581054688,0
2022-08-05,1002.0,1002.0,999.989990234375,999.989990234375,859.97607421875,0
2022-08-08,999.989990234375,1000.010009765625,999.989990234375,1000.0,859.9845581054688,0
2022-08-10,1000.010009765625,1000.010009765625,999.989990234375,1000.0,859.9845581054688,0
2022-08-11,1000.010009765625,1000.010009765625,999.989990234375,1000.0,859.9845581054688,0
2022-08-12,1000.0,1000.010009765625,999.989990234375,1000.0,859.9845581054688,0
2022-08-16,1003.1599731445312,1003.1599731445312,999.989990234375,1000.0,859.9845581054688,0
2022-08-17,1003.1599731445312,1003.1599731445312,999.989990234375,1000.0,859.9845581054688,0
2022-08-18,1000.0,1000.010009765625,999.989990234375,1000.0,859.9845581054688,0
2022-08-19,1000.010009765625,1000.25,999.989990234375,1000.010009765625,859.9931640625,0
2022-08-22,999.989990234375,1000.010009765625,999.989990234375,1000.0,859.9845581054688,0
2022-08-23,1000.0,1000.010009765625,999.989990234375,999.989990234375,859.97607421875,0
2022-08-24,1000.0,1000.010009765625,999.989990234375,999.989990234375,859.97607421875,0
2022-08-25,1000.010009765625,1000.010009765625,999.989990234375,1000.0,859.9845581054688,0
2022-08-26,1002.8099975585938,1002.8099975585938,999.989990234375,1000.0,859.9845581054688,0
2022-08-29,1000.010009765625,1000.010009765625,999.989990234375,1000.0,859.9845581054688,0
2022-08-30,1000.010009765625,1000.010009765625,999.510009765625,999.989990234375,863.2193603515625,0
2022-09-01,1000.0,1000.9500122070312,998.0,1000.0,863.2279663085938,0
2022-09-02,1000.010009765625,1000.010009765625,999.989990234375,1000.0,863.2279663085938,0
2022-09-05,1000.010009765625,1000.010009765625,999.3499755859375,999.989990234375,863.2193603515625,0
2022-09-06,1000.010009765625,1000.010009765625,999.989990234375,999.989990234375,863.2193603515625,0
2022-09-07,1002.0,1002.0,999.3499755859375,1000.0,863.2279663085938,0
2022-09-08,1000.010009765625,1000.010009765625,999.989990234375,999.989990234375,863.2193603515625,0
2022-09-09,1000.010009765625,1000.010009765625,999.989990234375,1000.0,863.2279663085938,0
2022-09-12,1000.0,1000.010009765625,999.989990234375,999.989990234375,863.2193603515625,0
2022-09-13,1000.9500122070312,1000.9500122070312,999.510009765625,1000.0,863.2279663085938,0
2022-09-14,1000.0,1000.010009765625,998.0,1000.0,863.2279663085938,0
2022-09-15,1000.0,1000.010009765625,999.989990234375,1000.0,863.2279663085938,0
2022-09-16,999.989990234375,1002.0,999.989990234375,1000.0,863.2279663085938,0
2022-09-19,1000.010009765625,1000.010009765625,999.989990234375,1000.0,863.2279663085938,0
2022-09-20,1000.0,1000.489990234375,999.989990234375,999.989990234375,863.2193603515625,0
2022-09-21,999.989990234375,1000.010009765625,999.989990234375,1000.0,863.2279663085938,0
2022-09-22,1000.0,1000.010009765625,999.989990234375,999.989990234375,863.2193603515625,0
2022-09-23,1000.3900146484375,1000.3900146484375,999.6099853515625,1000.0,863.2279663085938,0
2022-09-26,1000.0,1000.010009765625,999.989990234375,1000.0,863.2279663085938,0
2022-09-27,1000.010009765625,1000.010009765625,999.989990234375,999.989990234375,863.2193603515625,0
2022-09-28,1000.010009765625,1000.010009765625,999.989990234375,1000.0,863.2279663085938,0
2022-09-29,1000.0,1000.010009765625,999.989990234375,1000.0,863.2279663085938,0
2022-09-30,999.7999877929688,1000.0399780273438,999.7999877929688,1000.0,866.3330078125,0
2022-10-03,1000.0,1000.010009765625,999.989990234375,1000.0,866.3330078125,0
2022-10-04,1000.010009765625,1000.010009765625,999.989990234375,1000.0,866.3330078125,0
2022-10-06,1000.010009765625,1000.25,999.989990234375,1000.010009765625,866.3416137695312,0
2022-10-07,1000.0,1000.010009765625,999.989990234375,1000.0,866.3330078125,0
2022-10-10,1000.0,1000.010009765625,991.75,999.989990234375,866.32421875,0
2022-10-11,1000.010009765625,1000.010009765625,999.989990234375,1000.0,866.3330078125,0
2022-10-12,1000.0,1000.010009765625,999.989990234375,999.989990234375,866.32421875,0
2022-10-13,1000.010009765625,1000.010009765625,999.989990234375,999.989990234375,866.32421875,0
2022-10-14,1000.010009765625,1000.010009765625,999.989990234375,999.989990234375,866.32421875,0
2022-10-17,1000.9500122070312,1000.9500122070312,999.989990234375,999.989990234375,866.32421875,0
2022-10-18,1000.010009765625,1000.010009765625,999.75,999.989990234375,866.32421875,0
2022-10-19,1000.010009765625,1000.010009765625,999.989990234375,999.989990234375,866.32421875,0
2022-10-20,1000.0,1000.25,998.0,1000.0,866.3330078125,0
2022-10-21,1000.010009765625,1002.0,999.989990234375,999.989990234375,866.32421875,0
2022-10-24,1000.0,1002.0,998.0,999.989990234375,866.32421875,0
2022-10-25,1002.0,1002.0,999.989990234375,999.989990234375,866.32421875,0
2022-10-27,999.989990234375,1000.010009765625,999.75,999.989990234375,866.32421875,0
2022-10-28,1000.010009765625,1000.010009765625,999.989990234375,1000.0,866.3330078125,0
2022-10-31,1002.0,1002.0,999.989990234375,999.989990234375,870.2660522460938,0
2022-11-01,1000.010009765625,1000.010009765625,999.989990234375,999.989990234375,870.2660522460938,0
2022-11-02,1000.010009765625,1000.010009765625,999.989990234375,1000.0,870.2747802734375,0
2022-11-03,1000.0,1000.010009765625,999.0,1000.0,870.2747802734375,0
2022-11-04,1000.010009765625,1000.010009765625,999.989990234375,1000.0,870.2747802734375,0
2022-11-07,1000.0,1000.010009765625,999.75,1000.0,870.2747802734375,0
2022-11-09,1000.0,1000.010009765625,999.989990234375,1000.0,870.2747802734375,0
2022-11-10,1000.010009765625,1000.010009765625,980.0,1000.0,870.2747802734375,0
2022-11-11,1000.010009765625,1000.010009765625,999.989990234375,1000.0,870.2747802734375,0
2022-11-14,1000.010009765625,1000.010009765625,999.989990234375,1000.0,870.2747802734375,0
2022-11-15,1000.0,1000.010009765625,999.989990234375,1000.0,870.2747802734375,0
2022-11-16,1000.489990234375,1000.489990234375,999.989990234375,1000.0,870.2747802734375,0
2022-11-17,1000.010009765625,1000.010009765625,999.989990234375,999.989990234375,870.2660522460938,0
2022-11-18,1000.010009765625,1000.010009765625,999.989990234375,1000.0,870.2747802734375,0
2022-11-21,1002.0,1002.0,999.989990234375,1000.0,870.2747802734375,0
2022-11-22,1002.0,1002.0,999.989990234375,1000.0,870.2747802734375,0
2022-11-23,1000.010009765625,1000.010009765625,999.989990234375,1000.0,870.2747802734375,0
2022-11-24,999.989990234375,1000.010009765625,999.989990234375,1000.0,870.2747802734375,0
2022-11-25,1000.0,1002.0,999.989990234375,1000.0,870.2747802734375,0
2022-11-28,1000.010009765625,1000.010009765625,999.989990234375,1000.0,870.2747802734375,0
2022-11-29,999.989990234375,1002.0,999.989990234375,1000.0,870.2747802734375,0
2022-11-30,1000.010009765625,1000.010009765625,999.989990234375,1000.0,873.71142578125,0
2022-12-01,1000.010009765625,1000.010009765625,999.989990234375,1000.0,873.71142578125,0
2022-12-02,1000.010009765625,1000.010009765625,999.989990234375,1000.0,873.71142578125,0
2022-12-05,999.989990234375,1000.010009765625,999.989990234375,999.989990234375,873.70263671875,0
2022-12-06,1000.489990234375,1000.489990234375,999.989990234375,1000.0,873.71142578125,0
2022-12-07,1000.010009765625,1000.010009765625,999.989990234375,999.989990234375,873.70263671875,0
2022-12-08,1000.0,1000.010009765625,999.989990234375,999.989990234375,873.70263671875,0
2022-12-09,1000.0,1000.010009765625,999.989990234375,1000.0,873.71142578125,0
2022-12-12,999.989990234375,1000.489990234375,999.989990234375,999.989990234375,873.70263671875,0
2022-12-13,1000.010009765625,1000.010009765625,999.0,1000.0,873.71142578125,0
2022-12-14,1000.010009765625,1000.010009765625,999.989990234375,1000.0,873.71142578125,0
2022-12-15,1000.010009765625,1000.010009765625,999.989990234375,999.989990234375,873.70263671875,0
2022-12-16,1000.010009765625,1000.010009765625,999.989990234375,1000.0,873.71142578125,0
2022-12-19,1000.0,1000.010009765625,999.510009765625,1000.0,873.71142578125,0
2022-12-20,999.0,1000.010009765625,999.0,999.989990234375,873.70263671875,0
2022-12-21,1000.010009765625,1000.010009765625,999.989990234375,1000.0,873.71142578125,0
2022-12-22,1001.0,1001.0,999.989990234375,1000.0,873.71142578125,0
2022-12-23,1000.0,1000.010009765625,999.989990234375,999.989990234375,873.70263671875,0
2022-12-26,1002.0,1002.0,997.5499877929688,1000.0,873.71142578125,0
2022-12-27,1000.0,1000.010009765625,999.989990234375,1000.0,873.71142578125,0
2022-12-28,1000.010009765625,1000.010009765625,999.989990234375,1000.0,873.71142578125,0
2022-12-29,1000.010009765625,1000.010009765625,999.989990234375,1000.0,873.71142578125,0
2022-12-30,1000.0,1002.0,999.989990234375,1000.0,877.6157836914062,0
2023-01-02,1002.0,1002.0,999.75,1000.0,877.6157836914062,0
2023-01-03,1002.0,1002.0,999.989990234375,1000.0,877.6157836914062,0
2023-01-04,1000.0,1000.010009765625,999.989990234375,1000.0,877.6157836914062,0
2023-01-05,1000.010009765625,1000.010009765625,999.989990234375,1000.0,877.6157836914062,0
2023-01-06,1000.010009765625,1000.510009765625,999.989990234375,1000.0,877.6157836914062,0
2023-01-09,999.989990234375,1000.010009765625,988.0,999.989990234375,877.6068725585938,0
2023-01-10,999.989990234375,1000.010009765625,999.989990234375,999.989990234375,877.6068725585938,0
2023-01-11,1000.0,1000.010009765625,999.989990234375,999.989990234375,877.6068725585938,0
2023-01-12,970.0,1002.0,970.0,1000.0,877.6157836914062,0
2023-01-13,1000.0,1000.010009765625,999.989990234375,1000.0,877.6157836914062,0
2023-01-16,999.9000244140625,1000.010009765625,999.9000244140625,1000.0,877.6157836914062,0
2023-01-17,1000.010009765625,1000.010009765625,999.989990234375,1000.0,877.6157836914062,0
2023-01-18,1000.010009765625,1000.010009765625,999.989990234375,999.989990234375,877.6068725585938,0
2023-01-19,999.989990234375,1000.010009765625,999.989990234375,1000.0,877.6157836914062,0
2023-01-20,1000.010009765625,1000.6500244140625,999.989990234375,999.989990234375,877.6068725585938,0
2023-01-23,999.010009765625,1000.010009765625,999.010009765625,999.989990234375,877.6068725585938,0
2023-01-24,1000.010009765625,1000.010009765625,999.989990234375,999.989990234375,877.6068725585938,0
2023-01-25,999.0,1000.9500122070312,999.0,999.989990234375,877.6068725585938,0
2023-01-27,1000.0,1000.010009765625,999.989990234375,1000.0,877.6157836914062,0
2023-01-30,999.989990234375,1000.010009765625,999.989990234375,1000.0,877.6157836914062,0
2023-01-31,1030.0,1030.0,999.989990234375,999.989990234375,881.3129272460938,0
2023-02-01,1000.010009765625,1000.010009765625,998.0,1000.0,881.3218383789062,0
2023-02-02,1000.0,1000.010009765625,999.989990234375,1000.0,881.3218383789062,0
2023-02-03,1030.0,1030.0,998.0,1000.0,881.3218383789062,0
2023-02-06,1001.0,1001.0,999.989990234375,1000.0,881.3218383789062,0
2023-02-07,1000.6500244140625,1000.6500244140625,999.989990234375,1000.0,881.3218383789062,0
2023-02-08,1000.010009765625,1000.010009765625,999.989990234375,1000.0,881.3218383789062,0
2023-02-09,1000.0,1000.010009765625,999.989990234375,1000.0,881.3218383789062,0
2023-02-10,970.0,1000.010009765625,970.0,1000.0,881.3218383789062,0
2023-02-13,997.5,1000.010009765625,997.5,1000.0,881.3218383789062,0
2023-02-14,1000.0,1000.6500244140625,997.5,999.989990234375,881.3129272460938,0
2023-02-15,1000.0,1000.010009765625,999.75,999.989990234375,881.3129272460938,0
2023-02-16,999.989990234375,1000.010009765625,999.97998046875,999.989990234375,881.3129272460938,0
2023-02-17,1002.0,1002.5,998.5,1000.0,881.3218383789062,0
2023-02-20,1000.0,1000.010009765625,998.0,999.989990234375,881.3129272460938,0
2023-02-21,1030.0,1030.0,999.010009765625,1000.0,881.3218383789062,0
2023-02-22,1000.0,1000.010009765625,999.989990234375,1000.0,881.3218383789062,0
2023-02-23,1025.0,1025.0,998.02001953125,999.989990234375,881.3129272460938,0
2023-02-24,1000.010009765625,1000.010009765625,998.0499877929688,1000.0,881.3218383789062,0
2023-02-27,1030.0,1030.0,998.0499877929688,1000.0,881.3218383789062,0
2023-02-28,1000.010009765625,1000.010009765625,999.989990234375,999.989990234375,885.1548461914062,0
2023-03-01,1030.0,1030.0,999.0,1000.0,885.1636352539062,0
2023-03-02,1000.0,1000.010009765625,999.989990234375,1000.0,885.1636352539062,0
2023-03-03,1000.010009765625,1000.010009765625,999.989990234375,1000.0,885.1636352539062,0
2023-03-06,1001.6500244140625,1001.6500244140625,998.0999755859375,1000.0,885.1636352539062,0
2023-03-08,1001.9000244140625,1001.9000244140625,970.0,999.989990234375,885.1548461914062,0
2023-03-09,1000.0,1000.010009765625,999.010009765625,1000.0,885.1636352539062,0
2023-03-10,1001.6500244140625,1001.6500244140625,999.989990234375,1000.0,885.1636352539062,0
2023-03-13,1000.0,1000.010009765625,999.989990234375,1000.0,885.1636352539062,0
2023-03-14,999.989990234375,1000.010009765625,999.1500244140625,999.989990234375,885.1548461914062,0
2023-03-15,999.3499755859375,1001.5499877929688,999.010009765625,999.989990234375,885.1548461914062,0
2023-03-16,1000.0,1000.010009765625,999.989990234375,1000.0,885.1636352539062,0
2023-03-17,1000.010009765625,1000.010009765625,999.989990234375,999.989990234375,885.1548461914062,0
2023-03-20,1000.010009765625,1000.010009765625,999.010009765625,1000.0,885.1636352539062,0
2023-03-21,1000.010009765625,1000.010009765625,998.1500244140625,999.989990234375,885.1548461914062,0
2023-03-22,999.989990234375,1000.9500122070312,999.989990234375,1000.0,885.1636352539062,0
2023-03-23,998.0999755859375,1000.010009765625,970.0,1000.0,885.1636352539062,0
2023-03-24,1002.0,1002.0,999.989990234375,1000.0,885.1636352539062,0
2023-03-27,1000.5,1001.6500244140625,999.010009765625,999.989990234375,885.1548461914062,0
2023-03-28,999.989990234375,1002.0,998.1099853515625,1000.0,885.1636352539062,0
2023-03-29,1000.010009765625,1000.010009765625,999.97998046875,999.989990234375,885.1548461914062,0
2023-03-31,1000.0,1000.25,999.1099853515625,1000.010009765625,889.3947143554688,0
2023-04-03,1000.010009765625,1000.010009765625,998.1599731445312,1000.0,889.3858032226562,0
2023-04-05,1000.010009765625,1000.969970703125,998.25,1000.0,889.3858032226562,0
2023-04-06,1000.0,1001.7000122070312,999.989990234375,1000.0,889.3858032226562,0
2023-04-10,1000.0,1000.010009765625,998.1500244140625,999.989990234375,889.376953125,0
2023-04-11,999.989990234375,1000.010009765625,999.1799926757812,999.989990234375,889.376953125,0
2023-04-12,1000.0,1000.010009765625,999.1199951171875,1000.0,889.3858032226562,0
2023-04-13,1000.0,1000.010009765625,999.989990234375,1000.0,889.3858032226562,0
2023-04-17,1000.9000244140625,1030.0,999.989990234375,999.989990234375,889.376953125,0
2023-04-18,999.5499877929688,1000.010009765625,998.6799926757812,1000.0,889.3858032226562,0
2023-04-19,1000.010009765625,1000.9500122070312,999.989990234375,1000.0,889.3858032226562,0
2023-04-20,1000.0,1000.010009765625,999.25,999.989990234375,889.376953125,0
2023-04-21,999.1500244140625,1000.010009765625,998.0,1000.0,889.3858032226562,0
2023-04-24,1000.0,1000.010009765625,999.4000244140625,1000.0,889.3858032226562,0
2023-04-25,1000.0,1000.6500244140625,999.0,999.989990234375,889.376953125,0
2023-04-26,999.9500122070312,1000.010009765625,999.4000244140625,1000.0,889.3858032226562,0
2023-04-27,999.97998046875,1000.010009765625,999.97998046875,999.989990234375,889.376953125,0
2023-04-28,1000.0,1000.010009765625,999.989990234375,1000.0,893.3837890625,0
2023-05-02,1030.0,1030.0,999.97998046875,999.989990234375,893.3750610351562,0
2023-05-03,999.989990234375,1000.010009765625,999.25,1000.0,893.3837890625,0
2023-05-04,1000.0,1000.6500244140625,999.25,1000.0,893.3837890625,0
2023-05-05,1000.0,1000.6500244140625,999.989990234375,1000.0,893.3837890625,0
2023-05-08,1000.010009765625,1000.010009765625,999.97998046875,1000.0,893.3837890625,0
2023-05-09,1000.7899780273438,1000.7899780273438,999.989990234375,1000.0,893.3837890625,0
2023-05-10,1000.010009765625,1000.010009765625,999.4000244140625,999.989990234375,893.3750610351562,0
2023-05-11,1001.6799926757812,1001.6799926757812,999.97998046875,1000.0,893.3837890625,0
2023-05-12,1000.0,1000.6500244140625,999.4000244140625,1000.0,893.3837890625,0
2023-05-15,1000.0,1000.6500244140625,999.4500122070312,999.989990234375,893.3750610351562,0
2023-05-16,999.4500122070312,1001.7000122070312,999.4500122070312,1000.0,893.3837890625,0
2023-05-17,1030.0,1030.0,999.4000244140625,1000.0,893.3837890625,0
2023-05-18,999.4000244140625,1000.6500244140625,999.4000244140625,999.989990234375,893.3750610351562,0
2023-05-19,1000.0,1000.4000244140625,999.989990234375,1000.0,893.3837890625,0
2023-05-22,1000.0,1000.5999755859375,999.989990234375,999.989990234375,893.3750610351562,0
2023-05-23,1030.0,1030.0,999.989990234375,999.989990234375,893.3750610351562,0
2023-05-24,999.989990234375,1000.010009765625,999.989990234375,1000.0,893.3837890625,1183731
2023-05-25,1000.0,1000.7999877929688,999.989990234375,1000.0,893.3837890625,1412309
2023-05-26,1000.0,1000.010009765625,981.0,1000.0,893.3837890625,1718450
2023-05-29,1000.0,1000.6500244140625,999.989990234375,999.989990234375,893.3750610351562,1383559
2023-05-30,1000.010009765625,1000.010009765625,999.989990234375,1000.0,893.3837890625,1400346
2023-05-31,1000.6900024414062,1000.6900024414062,999.7100219726562,1000.0,898.1329345703125,1789706
2023-06-01,1000.010009765625,1000.2999877929688,999.989990234375,1000.0,898.1329345703125,2134915
2023-06-02,1000.0,1000.489990234375,999.510009765625,1000.0,898.1329345703125,2050292
2023-06-05,1000.0,1000.0599975585938,999.989990234375,999.989990234375,898.1240844726562,2190780
2023-06-06,1030.0,1030.0,999.989990234375,1000.0,898.1329345703125,1823874
2023-06-07,1000.010009765625,1000.010009765625,998.3900146484375,999.989990234375,898.1240844726562,1721282
2023-06-08,1000.010009765625,1000.6500244140625,999.989990234375,1000.0,898.1329345703125,1729545
2023-06-09,1030.0,1030.0,999.5999755859375,999.989990234375,898.1240844726562,2062688
2023-06-12,1000.0,1000.6500244140625,999.989990234375,1000.0,898.1329345703125,1638759
2023-06-13,1000.010009765625,1002.0,999.989990234375,1000.0,898.1329345703125,1317394
2023-06-14,1005.9000244140625,1005.9000244140625,999.989990234375,1000.0,898.1329345703125,1736557
2023-06-15,1002.0,1002.0,999.989990234375,1000.0,898.1329345703125,1696211
2023-06-16,1000.0,1000.5,999.989990234375,1000.0,898.1329345703125,1797834
2023-06-19,1009.9000244140625,1009.9000244140625,999.989990234375,1000.0,898.1329345703125,2060746
2023-06-20,1000.0,1000.5999755859375,999.989990234375,999.989990234375,898.1240844726562,1952286
2023-06-21,1030.0,1030.0,999.97998046875,1000.0,898.1329345703125,1784596
2023-06-22,1000.1199951171875,1000.1199951171875,999.989990234375,1000.0,898.1329345703125,1530701
2023-06-23,999.0,1000.010009765625,999.0,1000.0,898.1329345703125,1759755
2023-06-26,1000.0,1000.010009765625,999.4500122070312,999.989990234375,898.1240844726562,1738773
2023-06-27,1030.0,1030.0,999.989990234375,1000.0,898.1329345703125,2099600
2023-06-28,1030.0,1030.0,999.4500122070312,1000.0,898.1329345703125,2202973
2023-06-30,998.4000244140625,1000.010009765625,998.4000244140625,1000.0,902.4368286132812,2520524
2023-07-03,1004.9000244140625,1004.9000244140625,999.0,1000.0,902.4368286132812,2577246
2023-07-04,1000.0,1000.25,999.989990234375,1000.010009765625,902.4459228515625,3667172
2023-07-05,1000.0,1001.010009765625,999.989990234375,1000.0,902.4368286132812,2912571
2023-07-06,1000.0,1000.5999755859375,999.4500122070312,1000.030029296875,902.4639892578125,6409153
2023-07-07,970.0499877929688,1000.010009765625,970.0499877929688,1000.0,902.4368286132812,11163536
2023-07-10,999.989990234375,1000.0,970.0,999.989990234375,902.4280395507812,8036256
2023-07-11,999.989990234375,1000.0,999.989990234375,999.989990234375,902.4280395507812,3048375
2023-07-12,1000.0,1000.010009765625,999.489990234375,999.989990234375,902.4280395507812,2960982
2023-07-13,1000.0,1000.010009765625,970.0,1000.0,902.4368286132812,3249346
2023-07-14,1000.0,1000.010009765625,999.989990234375,999.989990234375,902.4280395507812,2436136
2023-07-17,1000.0,1000.010009765625,999.989990234375,999.989990234375,902.4280395507812,2694605
2023-07-18,1000.0,1000.010009765625,999.989990234375,1000.0,902.4368286132812,2432910
2023-07-19,1030.0,1030.0,999.4500122070312,1000.0,902.4368286132812,3484903
2023-07-20,1030.0,1030.0,999.989990234375,1000.0,902.4368286132812,1662106
2023-07-21,999.989990234375,1000.010009765625,999.989990234375,1000.0,902.4368286132812,1969305
2023-07-24,999.989990234375,1000.010009765625,999.989990234375,1000.0,902.4368286132812,2380185
2023-07-25,999.0,1000.010009765625,999.0,999.989990234375,902.4280395507812,2022684
2023-07-26,999.989990234375,1000.010009765625,999.989990234375,1000.0,902.4368286132812,1784306
2023-07-27,970.0,1000.010009765625,970.0,999.989990234375,902.4280395507812,1932322
2023-07-28,1000.0,1000.010009765625,999.989990234375,1000.0,902.4368286132812,1871436
2023-07-31,1030.0,1030.0,999.2000122070312,999.989990234375,906.5451049804688,1794741
2023-08-01,1000.0,1000.010009765625,999.989990234375,1000.0,906.5541381835938,1488843
2023-08-02,1030.0,1030.0,999.989990234375,1000.0,906.5541381835938,2092921
2023-08-03,1030.0,1030.0,999.7999877929688,1000.0,906.5541381835938,2486533
2023-08-04,1000.0,1000.25,999.989990234375,1000.010009765625,906.5631103515625,2435549
2023-08-07,1030.0,1030.0,999.989990234375,999.989990234375,906.5451049804688,2416085
2023-08-08,1000.010009765625,1000.010009765625,999.989990234375,1000.0,906.5541381835938,1969279
2023-08-09,999.989990234375,1000.010009765625,980.0,999.989990234375,906.5451049804688,1553165
2023-08-10,999.989990234375,1000.010009765625,999.989990234375,1000.0,906.5541381835938,1962882
2023-08-11,970.0,1000.010009765625,970.0,1000.0,906.5541381835938,1750426
2023-08-14,1030.0,1030.0,999.989990234375,1000.0,906.5541381835938,2708604
2023-08-16,1001.6500244140625,1001.6500244140625,999.989990234375,999.989990234375,906.5451049804688,2079371
2023-08-17,999.989990234375,1000.010009765625,999.989990234375,1000.0,906.5541381835938,1404351
2023-08-18,1000.010009765625,1000.25,999.989990234375,1000.010009765625,906.5631103515625,3206291
2023-08-21,1000.0,1000.010009765625,999.989990234375,999.989990234375,906.5451049804688,1816763
2023-08-22,990.2000122070312,1000.010009765625,990.2000122070312,1000.0,906.5541381835938,2237851
2023-08-23,1000.0,1000.010009765625,999.989990234375,1000.0,906.5541381835938,2999346
2023-08-24,1001.9000244140625,1001.9000244140625,999.989990234375,1000.0,906.5541381835938,4078264
2023-08-25,1000.010009765625,1000.010009765625,999.989990234375,1000.0,906.5541381835938,2192571
2023-08-28,1000.0,1000.010009765625,999.989990234375,1000.0,906.5541381835938,1825549
2023-08-29,1000.0,1000.010009765625,999.0,1000.0,906.5541381835938,1897692
2023-08-30,1030.0,1030.0,970.0,999.989990234375,906.5451049804688,1481758
2023-08-31,1001.989990234375,1001.989990234375,999.989990234375,1000.0,910.4864501953125,2106122
2023-09-01,1001.989990234375,1001.989990234375,999.989990234375,1000.010009765625,910.4954833984375,4129505
2023-09-04,1001.989990234375,1001.989990234375,999.989990234375,1000.0,910.4864501953125,2115027
2023-09-05,1001.75,1001.75,999.989990234375,1000.0,910.4864501953125,1611227
2023-09-06,1000.0,1000.010009765625,999.989990234375,1000.0,910.4864501953125,2070170
2023-09-07,1001.989990234375,1001.989990234375,999.989990234375,1000.0,910.4864501953125,1685288
2023-09-08,1001.989990234375,1001.989990234375,999.989990234375,1000.0,910.4864501953125,2121638
2023-09-11,999.989990234375,1000.010009765625,999.989990234375,1000.0,910.4864501953125,1960502
2023-09-12,990.2000122070312,1001.2999877929688,990.2000122070312,1000.0,910.4864501953125,4214377
2023-09-13,1000.010009765625,1000.010009765625,999.989990234375,999.989990234375,910.4774169921875,2901708
2023-09-14,1001.2999877929688,1001.2999877929688,999.989990234375,999.989990234375,910.4774169921875,1981165
2023-09-15,1000.0,1000.010009765625,999.989990234375,999.989990234375,910.4774169921875,2526540
2023-09-18,1001.989990234375,1001.989990234375,999.989990234375,1000.0,910.4864501953125,3538840
2023-09-20,1000.0,1000.010009765625,999.989990234375,999.989990234375,910.4774169921875,4302553
2023-09-21,970.0,1001.989990234375,970.0,1000.0,910.4864501953125,2281585
2023-09-22,1000.0,1000.010009765625,999.989990234375,1000.0,910.4864501953125,1829589
2023-09-25,999.989990234375,1000.010009765625,999.75,999.989990234375,910.4774169921875,2281387
2023-09-26,1000.0,1000.6500244140625,999.989990234375,1000.0,910.4864501953125,1848142
2023-09-27,1001.989990234375,1001.989990234375,999.989990234375,999.989990234375,910.4774169921875,2369184
2023-09-28,1001.0,1001.0,997.0,999.989990234375,910.4774169921875,2064261
2023-09-29,1001.0,1001.0,999.5499877929688,1000.02001953125,914.5537719726562,3017548
2023-10-03,1001.0,1001.0,970.0,1000.0,914.535400390625,2715228
2023-10-04,1001.989990234375,1001.989990234375,999.989990234375,1000.0,914.535400390625,5119014
2023-10-05,1000.0,1000.010009765625,999.989990234375,1000.0,914.535400390625,6154027
2023-10-06,1000.0,1000.010009765625,999.989990234375,1000.0,914.535400390625,9879034
2023-10-09,999.989990234375,1000.0,999.989990234375,999.989990234375,914.5263671875,7877594
2023-10-10,999.989990234375,1000.0,999.989990234375,999.989990234375,914.5263671875,4395558
2023-10-11,1000.0,1000.010009765625,999.989990234375,1000.0,914.535400390625,2316399
2023-10-12,1000.0,1000.010009765625,999.989990234375,1000.0,914.535400390625,2582862
2023-10-13,1000.0,1001.989990234375,999.989990234375,1000.0,914.535400390625,3763704
2023-10-16,1000.010009765625,1000.010009765625,997.0,1000.0,914.535400390625,2154316
2023-10-17,1001.989990234375,1001.989990234375,999.989990234375,1000.0,914.535400390625,2211714
2023-10-18,1000.0,1000.010009765625,999.989990234375,1000.0,914.535400390625,2776313
2023-10-19,1001.989990234375,1001.989990234375,999.989990234375,999.989990234375,914.5263671875,3538334
2023-10-20,1000.0,1000.010009765625,999.989990234375,1000.0,914.535400390625,1679118
2023-10-23,1001.989990234375,1001.989990234375,999.989990234375,999.989990234375,914.5263671875,2541293
2023-10-25,1000.0,1000.010009765625,970.0,999.989990234375,914.5263671875,3018272
2023-10-26,1001.989990234375,1001.989990234375,999.989990234375,999.989990234375,914.5263671875,2960793
2023-10-27,1000.010009765625,1000.010009765625,999.989990234375,1000.0,914.535400390625,2513174
2023-10-30,1000.0,1000.010009765625,999.989990234375,999.989990234375,914.5263671875,2583800
2023-10-31,1000.010009765625,1000.010009765625,999.989990234375,1000.0,918.6605224609375,1747582
2023-11-01,1001.989990234375,1001.989990234375,999.989990234375,1000.0,918.6605224609375,1512334
2023-11-02,1030.0,1030.0,985.2000122070312,999.989990234375,918.6512451171875,2224527
2023-11-03,1000.010009765625,1000.010009765625,999.989990234375,1000.0,918.6605224609375,2197156
2023-11-06,1000.0,1001.989990234375,997.0,999.989990234375,918.6512451171875,3028710
2023-11-07,1000.0,1000.010009765625,990.2000122070312,1000.0,918.6605224609375,1364622
2023-11-08,1000.0,1000.010009765625,999.0,999.989990234375,918.6512451171875,1516490
2023-11-09,1001.989990234375,1001.989990234375,999.989990234375,1000.0,918.6605224609375,1535278
2023-11-10,1030.0,1030.0,999.989990234375,1000.0,918.6605224609375,2985803
2023-11-13,1001.0,1001.0,999.989990234375,1000.0,918.6605224609375,2722338
2023-11-15,970.0,1000.010009765625,970.0,999.989990234375,918.6512451171875,3135419
2023-11-16,1030.0,1030.0,999.989990234375,999.989990234375,918.6512451171875,2737257
2023-11-17,1030.0,1030.0,999.989990234375,999.989990234375,918.6512451171875,2551156
2023-11-20,1001.989990234375,1001.989990234375,999.989990234375,1000.0,918.6605224609375,2340163
2023-11-21,1000.0,1000.010009765625,999.989990234375,999.989990234375,918.6512451171875,1840629
2023-11-22,999.989990234375,1000.010009765625,999.989990234375,999.989990234375,918.6512451171875,1547943
2023-11-23,999.989990234375,1000.010009765625,999.989990234375,1000.0,918.6605224609375,2024775
2023-11-24,1000.010009765625,1000.010009765625,999.989990234375,1000.0,918.6605224609375,1402047
2023-11-28,999.989990234375,1000.010009765625,999.989990234375,999.989990234375,918.6512451171875,1693940
2023-11-29,1001.989990234375,1001.989990234375,999.5,1000.0,918.6605224609375,1710116
2023-11-30,1004.6500244140625,1004.6500244140625,995.3499755859375,1000.0,922.1908569335938,2067164
2023-12-01,1001.989990234375,1001.989990234375,999.989990234375,1000.0,922.1908569335938,2882025
2023-12-04,1001.989990234375,1001.989990234375,999.989990234375,999.989990234375,922.181884765625,3052681
2023-12-05,999.989990234375,1000.010009765625,999.989990234375,999.989990234375,922.181884765625,2196146
2023-12-06,1000.0,1003.6500244140625,999.989990234375,1000.0,922.1908569335938,3376749
2023-12-07,1000.0,1000.010009765625,999.989990234375,1000.0,922.1908569335938,2448107
2023-12-08,1000.0,1000.010009765625,996.3499755859375,1000.0,922.1908569335938,3060307
2023-12-11,1000.0,1000.010009765625,997.0,999.989990234375,922.181884765625,2242118
2023-12-12,1000.0,1000.010009765625,999.0,999.989990234375,922.181884765625,1839224
2023-12-13,1000.0,1000.010009765625,999.989990234375,999.989990234375,922.181884765625,1653660
2023-12-14,1000.0,1000.010009765625,996.3499755859375,1000.0,922.1908569335938,2223370
2023-12-15,1001.969970703125,1001.969970703125,999.989990234375,1000.0,922.1908569335938,2440224
2023-12-18,1001.969970703125,1004.6500244140625,999.989990234375,1000.0,922.1908569335938,2688435
2023-12-19,1000.0,1000.9000244140625,999.989990234375,1000.0,922.1908569335938,1971779
2023-12-20,1000.0,1000.010009765625,996.3499755859375,1000.0,922.1908569335938,3144203
2023-12-21,1000.0,1000.02001953125,999.989990234375,1000.0,922.1908569335938,2686798
2023-12-22,1004.6500244140625,1004.6500244140625,999.989990234375,1000.0,922.1908569335938,2347923
2023-12-26,999.989990234375,1000.010009765625,999.989990234375,999.989990234375,922.181884765625,2083374
2023-12-27,999.989990234375,1000.010009765625,999.989990234375,1000.0,922.1908569335938,2047169
2023-12-28,1000.0,1000.010009765625,999.989990234375,1000.0,922.1908569335938,2110142
2023-12-29,1000.0,1003.6500244140625,999.989990234375,1000.0,925.5729370117188,3450372
2024-01-01,1004.9000244140625,1004.9000244140625,999.989990234375,1000.0,925.5729370117188,2224313
2024-01-02,1000.0,1003.0,999.989990234375,1000.0,925.5729370117188,3933071
2024-01-03,1000.010009765625,1000.010009765625,999.989990234375,1000.0,925.5729370117188,3816754
2024-01-04,1000.010009765625,1000.010009765625,999.989990234375,1000.0,925.5729370117188,8034703
2024-01-05,1000.0,1003.0,999.989990234375,1000.0,925.5729370117188,14496427
2024-01-08,1000.0,1000.0,999.989990234375,999.989990234375,925.5637817382812,12601054
2024-01-09,1000.0,1000.010009765625,995.2999877929688,999.989990234375,925.5637817382812,3557518
2024-01-10,999.989990234375,1000.010009765625,996.3499755859375,999.989990234375,925.5637817382812,3562454
2024-01-11,1000.0,1000.010009765625,999.989990234375,1000.0,925.5729370117188,2693688
2024-01-12,1000.0,1000.010009765625,997.0,1000.0,925.5729370117188,2772152
2024-01-15,1000.0,1004.0,999.989990234375,1000.0,925.5729370117188,2453708
2024-01-16,1001.989990234375,1001.989990234375,999.989990234375,1000.0,925.5729370117188,3632743
2024-01-17,995.2999877929688,1001.0,995.2999877929688,1000.0,925.5729370117188,3326218
2024-01-18,1001.989990234375,1001.989990234375,999.989990234375,999.989990234375,925.5637817382812,5646475
2024-01-19,1000.0,1000.010009765625,997.0,1000.0,925.5729370117188,2523534
2024-01-23,1000.0,1000.010009765625,999.989990234375,999.989990234375,925.5637817382812,2598714
2024-01-24,1000.0,1000.010009765625,995.2999877929688,1000.0,925.5729370117188,2614826
2024-01-25,999.0,1000.010009765625,999.0,1000.0,925.5729370117188,3275555
2024-01-29,1002.989990234375,1002.989990234375,999.989990234375,999.989990234375,925.5637817382812,2316450
2024-01-30,1000.0,1000.25,999.2000122070312,1000.0,925.5729370117188,4127453
2024-01-31,1000.0,1000.010009765625,999.989990234375,999.989990234375,929.5769653320312,2325899
2024-02-01,1001.0,1001.0,999.989990234375,1000.0,929.5860595703125,3860279
2024-02-02,999.989990234375,1000.010009765625,999.989990234375,1000.0,929.5860595703125,3790036
2024-02-05,1000.0,1002.989990234375,999.989990234375,1000.0,929.5860595703125,3015376
2024-02-06,1000.0,1000.010009765625,999.0,999.989990234375,929.5769653320312,3040371
2024-02-07,999.989990234375,1000.010009765625,999.989990234375,999.989990234375,929.5769653320312,2550689
2024-02-08,1000.0,1000.010009765625,999.4199829101562,1000.0,929.5860595703125,1963522
2024-02-09,1000.0,1000.010009765625,999.989990234375,1000.0,929.5860595703125,2854848
2024-02-12,1000.0,1000.010009765625,999.4500122070312,1000.0,929.5860595703125,2392154
2024-02-13,1000.0,1001.0,999.989990234375,1000.0,929.5860595703125,2236398
2024-02-14,1000.0,1000.010009765625,999.989990234375,1000.0,929.5860595703125,2365594
2024-02-15,997.0,1000.010009765625,997.0,1000.0,929.5860595703125,2152377
2024-02-16,1000.0,1000.010009765625,999.989990234375,1000.0,929.5860595703125,2564103
2024-02-19,1002.989990234375,1002.989990234375,999.2000122070312,1000.0,929.5860595703125,2653666
2024-02-20,1002.989990234375,1002.989990234375,999.989990234375,1000.0,929.5860595703125,4138125
2024-02-21,1000.0,1000.010009765625,999.989990234375,1000.0,929.5860595703125,3368248
2024-02-22,1002.989990234375,1002.989990234375,999.989990234375,999.989990234375,929.5769653320312,2205996
2024-02-23,1000.0,1000.010009765625,999.989990234375,1000.0,929.5860595703125,2950570
2024-02-26,1002.6500244140625,1002.6500244140625,999.989990234375,1000.0,929.5860595703125,2115550
2024-02-27,1000.010009765625,1000.010009765625,999.989990234375,1000.0,929.5860595703125,2868371
2024-02-28,996.3499755859375,1002.6500244140625,996.3499755859375,1000.0,929.5860595703125,3009257
2024-02-29,1002.489990234375,1002.489990234375,999.989990234375,1000.0,933.0128173828125,2556271
2024-03-01,1000.0,1000.010009765625,999.989990234375,999.989990234375,933.003662109375,4992893
2024-03-04,1000.5,1000.5,999.989990234375,999.989990234375,933.003662109375,4418886
2024-03-05,1000.010009765625,1000.010009765625,999.989990234375,1000.0,933.0128173828125,2298404
2024-03-06,1002.489990234375,1002.489990234375,997.3499755859375,1000.0,933.0128173828125,2657695
2024-03-07,1000.0,1000.0999755859375,999.989990234375,1000.0,933.0128173828125,2314947
2024-03-11,999.989990234375,1000.010009765625,999.989990234375,1000.0,933.0128173828125,3301282
2024-03-12,1001.0,1002.489990234375,999.989990234375,999.989990234375,933.003662109375,3503873
2024-03-13,1000.0,1000.010009765625,999.989990234375,999.989990234375,933.003662109375,4830847
2024-03-14,999.989990234375,1000.010009765625,999.989990234375,1000.0,933.0128173828125,3295995
2024-03-15,1000.0,1000.010009765625,999.989990234375,1000.0,933.0128173828125,4028389
2024-03-18,1000.010009765625,1000.010009765625,999.989990234375,999.989990234375,933.003662109375,3313703
2024-03-19,1000.010009765625,1000.010009765625,999.989990234375,1000.0,933.0128173828125,3278408
2024-03-20,1002.489990234375,1002.489990234375,999.989990234375,999.989990234375,933.003662109375,2928289
2024-03-21,1004.7000122070312,1004.7000122070312,999.989990234375,1000.0,933.0128173828125,3827906
2024-03-22,1000.0,1001.0,999.989990234375,1000.0,933.0128173828125,3372838
2024-03-26,1000.0,1001.0,996.0,999.989990234375,933.003662109375,4794036
2024-03-27,1000.0,1001.0,999.4500122070312,999.989990234375,933.003662109375,3454603
2024-03-28,1000.0,1002.989990234375,999.989990234375,1000.0,936.640869140625,3596176
2024-04-01,1000.0,1000.010009765625,996.3499755859375,1000.0,936.640869140625,4782731
2024-04-02,1000.0,1000.010009765625,999.0,1000.0,936.640869140625,4221933
2024-04-03,999.989990234375,1000.010009765625,999.989990234375,1000.0,936.640869140625,3605310
2024-04-04,1002.989990234375,1004.7000122070312,999.989990234375,1000.0,936.640869140625,6995119
2024-04-05,1000.0,1003.6500244140625,999.989990234375,1000.0,936.640869140625,17173728
2024-04-08,1000.0,1000.0,997.6500244140625,999.989990234375,936.6316528320312,13189387
2024-04-09,1000.0,1000.0,999.989990234375,999.989990234375,936.6316528320312,4200130
2024-04-10,1000.0,1000.010009765625,999.989990234375,1000.0,936.640869140625,3122332
2024-04-12,1000.0,1000.010009765625,999.0,1000.0,936.640869140625,3579609
2024-04-15,1000.0,1000.010009765625,999.4500122070312,999.989990234375,936.6316528320312,4355742
2024-04-16,1000.0,1004.0,999.989990234375,1000.0,936.640869140625,3605775
2024-04-18,1000.0,1000.010009765625,999.989990234375,1000.0,936.640869140625,3904846
2024-04-19,999.4500122070312,1000.010009765625,999.4500122070312,1000.0,936.640869140625,4344737
2024-04-22,999.989990234375,1000.010009765625,999.4500122070312,999.989990234375,936.6316528320312,2286908
2024-04-23,999.989990234375,1030.0,996.0,999.989990234375,936.6316528320312,2648333
2024-04-24,999.989990234375,1000.5,996.0,999.989990234375,936.6316528320312,4287567
2024-04-25,1000.0,1004.7000122070312,995.2999877929688,999.989990234375,936.6316528320312,3963306
2024-04-26,1003.6500244140625,1003.6500244140625,999.989990234375,999.989990234375,936.6316528320312,3822558
2024-04-29,996.3499755859375,1003.6500244140625,996.3499755859375,1000.0,936.640869140625,3147643
2024-04-30,1000.010009765625,1000.010009765625,999.989990234375,1000.0,940.2560424804688,2241973
2024-05-02,999.1500244140625,1000.010009765625,999.1500244140625,999.989990234375,940.2466430664062,3230909
2024-05-03,999.989990234375,1000.0999755859375,999.4500122070312,1000.0,940.2560424804688,3028922
2024-05-06,1000.0,1000.010009765625,999.9000244140625,1000.0,940.2560424804688,2860437
2024-05-07,1002.989990234375,1003.6500244140625,999.989990234375,1000.0,940.2560424804688,3900448
2024-05-08,1000.0,1000.010009765625,999.989990234375,1000.0,940.2560424804688,2746699
2024-05-09,1000.0,1000.010009765625,998.22998046875,1000.0,940.2560424804688,2699151
2024-05-10,999.0,1000.010009765625,999.0,1000.0,940.2560424804688,2819019
2024-05-13,1002.1500244140625,1002.1500244140625,996.5,999.989990234375,940.2466430664062,2267028
2024-05-14,1000.6500244140625,1000.6500244140625,999.4500122070312,999.989990234375,940.2466430664062,2432484
2024-05-15,1000.5,1002.1500244140625,999.989990234375,999.989990234375,940.2466430664062,2085866
2024-05-16,1000.0,1000.010009765625,999.989990234375,1000.0,940.2560424804688,2253891
2024-05-17,1003.6500244140625,1003.6500244140625,999.989990234375,1000.0,940.2560424804688,4142165
2024-05-21,1000.0,1000.010009765625,999.989990234375,1000.0,940.2560424804688,4552135
2024-05-22,1002.989990234375,1002.989990234375,998.0,1000.0,940.2560424804688,3431757
2024-05-23,1001.0,1002.989990234375,996.3499755859375,1000.0,940.2560424804688,2411298
2024-05-24,1000.0,1000.010009765625,999.989990234375,999.989990234375,940.2466430664062,3584570
2024-05-27,1000.0,1000.010009765625,995.2999877929688,1000.0,940.2560424804688,2255934
2024-05-28,1002.989990234375,1002.989990234375,999.4500122070312,1000.0,940.2560424804688,2357254
2024-05-29,1000.0,1002.2999877929688,999.989990234375,1000.0,940.2560424804688,2464421
2024-05-30,1000.0,1002.989990234375,999.989990234375,1000.0,940.2560424804688,5101972
2024-05-31,1000.0,1000.010009765625,999.9000244140625,1000.0,943.5753784179688,3812382
2024-06-03,999.989990234375,1000.010009765625,998.1500244140625,1000.0,943.5753784179688,3192735
2024-06-04,1000.0,1000.010009765625,999.989990234375,1000.0,943.5753784179688,8247682
2024-06-05,1000.0,1000.010009765625,999.989990234375,1000.0,943.5753784179688,6927110
2024-06-06,1004.7000122070312,1004.7000122070312,999.989990234375,1000.0,943.5753784179688,5970939
2024-06-07,1004.7000122070312,1004.7000122070312,999.989990234375,1000.0,943.5753784179688,5747554
2024-06-10,1000.0,1003.6400146484375,999.9000244140625,1000.0,943.5753784179688,4775361
2024-06-11,1000.0,1000.010009765625,999.4500122070312,999.989990234375,943.5660400390625,3751454
2024-06-12,1003.4500122070312,1003.4500122070312,999.989990234375,999.989990234375,943.5660400390625,3177484
2024-06-13,1000.0,1000.010009765625,999.989990234375,1000.0,943.5753784179688,2615514
2024-06-14,1002.0,1002.0,999.989990234375,1000.0,943.5753784179688,5852060
2024-06-18,1000.0,1001.0,999.989990234375,999.989990234375,943.5660400390625,4669329
2024-06-19,1000.0,1000.6500244140625,999.989990234375,1000.0,943.5753784179688,3764065
2024-06-20,1000.0,1000.6500244140625,999.989990234375,1000.0,943.5753784179688,3872961
2024-06-21,1000.0,1002.989990234375,999.989990234375,1000.0,943.5753784179688,4031550
2024-06-24,1000.0,1000.6500244140625,999.989990234375,1000.0,943.5753784179688,5386573
2024-06-25,1000.0,1000.6500244140625,999.989990234375,1000.0,943.5753784179688,2552277
2024-06-26,1000.0,1000.010009765625,999.989990234375,999.989990234375,943.5660400390625,3919890
2024-06-27,999.989990234375,1000.010009765625,995.2999877929688,1000.0,943.5753784179688,3751597
2024-06-28,1000.0,1000.010009765625,998.25,999.989990234375,946.9014892578125,6510383
2024-07-01,999.989990234375,1000.010009765625,998.25,999.989990234375,946.9014892578125,4448101
2024-07-02,999.469970703125,1000.6500244140625,999.469970703125,1000.0,946.9109497070312,3666522
2024-07-03,1000.0,1001.6500244140625,999.989990234375,1000.0,946.9109497070312,4453767
2024-07-04,1000.0,1001.6500244140625,999.989990234375,1000.0,946.9109497070312,7984988
2024-07-05,1000.010009765625,1000.010009765625,999.989990234375,1000.0,946.9109497070312,17344364
2024-07-08,1000.0,1000.0,997.1500244140625,999.989990234375,946.9014892578125,16861105
2024-07-09,999.4600219726562,1000.0,999.4500122070312,999.989990234375,946.9014892578125,3629049
2024-07-10,1000.0,1001.0,999.989990234375,1000.0,946.9109497070312,3267087
2024-07-11,1002.25,1002.25,999.989990234375,999.989990234375,946.9014892578125,3339635
2024-07-12,999.97998046875,1000.010009765625,999.4500122070312,1000.0,946.9109497070312,4889523
2024-07-15,1000.0,1000.010009765625,999.989990234375,999.989990234375,946.9014892578125,3601129
2024-07-16,1000.0,1000.010009765625,998.5,1000.0,946.9109497070312,2800445
2024-07-18,999.989990234375,1000.010009765625,999.989990234375,1000.0,946.9109497070312,2608786
2024-07-19,1000.0,1000.010009765625,999.989990234375,1000.0,946.9109497070312,6146616
2024-07-22,1000.0,1000.010009765625,999.989990234375,999.989990234375,946.9014892578125,6193156
2024-07-23,1000.0,1000.010009765625,999.989990234375,999.989990234375,946.9014892578125,2937668
2024-07-24,1000.0,1002.25,999.989990234375,1000.0,946.9109497070312,2865245
2024-07-25,1000.0,1000.010009765625,999.4500122070312,999.989990234375,946.9014892578125,4976639
2024-07-26,999.989990234375,1000.010009765625,998.6500244140625,999.989990234375,946.9014892578125,4399027
2024-07-29,1000.0,1000.6500244140625,999.989990234375,999.989990234375,946.9014892578125,6280886
2024-07-30,999.989990234375,1000.010009765625,999.989990234375,999.989990234375,946.9014892578125,2737228
2024-07-31,1000.0,1000.010009765625,999.989990234375,999.989990234375,950.1828002929688,3254243
2024-08-01,999.989990234375,1000.6500244140625,970.0,1000.0,950.1922607421875,3470617
2024-08-02,1000.0,1000.010009765625,999.989990234375,1000.0,950.1922607421875,3363646
2024-08-05,1000.0,1000.010009765625,995.0,999.989990234375,950.1828002929688,5057154
2024-08-06,999.989990234375,1000.010009765625,999.989990234375,1000.0,950.1922607421875,3795438
2024-08-07,1000.0,1000.010009765625,999.4500122070312,1000.0,950.1922607421875,2553313
2024-08-08,1000.0,1000.010009765625,999.989990234375,1000.0,950.1922607421875,3358466
2024-08-09,1000.0,1000.010009765625,999.989990234375,999.989990234375,950.1828002929688,2849038
2024-08-12,1000.0,1000.010009765625,997.6500244140625,999.989990234375,950.1828002929688,3167644
2024-08-13,1000.0,1001.0,999.97998046875,1000.0,950.1922607421875,4702074
2024-08-14,1000.0,1000.6500244140625,999.989990234375,1000.0,950.1922607421875,3351819
2024-08-16,999.989990234375,1000.010009765625,999.4500122070312,1000.0,950.1922607421875,2573434
2024-08-19,999.989990234375,1000.010009765625,997.6500244140625,999.989990234375,950.1828002929688,2683911
2024-08-20,1000.0,1000.010009765625,998.6500244140625,999.989990234375,950.1828002929688,2986145
2024-08-21,1000.0,1000.010009765625,997.6500244140625,999.989990234375,950.1828002929688,3030379
2024-08-22,999.9000244140625,1000.010009765625,999.260009765625,1000.0,950.1922607421875,2478853
2024-08-23,1000.0,1000.010009765625,999.989990234375,1000.0,950.1922607421875,3567572
2024-08-26,999.989990234375,1000.010009765625,999.4500122070312,1000.0,950.1922607421875,2406589
2024-08-27,1000.0,1001.6500244140625,999.989990234375,1000.0,950.1922607421875,1888320
2024-08-28,1000.0,1000.010009765625,999.989990234375,1000.0,950.1922607421875,2902776
2024-08-29,995.0,1000.010009765625,995.0,1000.0,950.1922607421875,3806822
2024-08-30,999.9000244140625,1000.010009765625,999.4500122070312,1000.0,953.2959594726562,5654992
2024-09-02,1000.0,1000.010009765625,999.989990234375,1000.0,953.2959594726562,4190155
2024-09-03,1000.0,1000.010009765625,999.989990234375,1000.0,953.2959594726562,4648695
2024-09-04,1000.010009765625,1030.0,999.989990234375,1000.0,953.2959594726562,3407358
2024-09-05,999.989990234375,1000.010009765625,999.969970703125,999.989990234375,953.286376953125,2685496
2024-09-06,1000.0,1000.010009765625,999.989990234375,1000.0,953.2959594726562,5341288
2024-09-09,1000.0,1000.010009765625,995.0,999.989990234375,953.286376953125,3034901
2024-09-10,999.989990234375,1000.010009765625,999.4500122070312,1000.0,953.2959594726562,2698651
2024-09-11,999.97998046875,1000.010009765625,999.97998046875,1000.0,953.2959594726562,2998829
2024-09-12,1000.0,1000.010009765625,999.989990234375,999.989990234375,953.286376953125,2825699
2024-09-13,1001.6500244140625,1001.6500244140625,999.989990234375,1000.0,953.2959594726562,2727263
2024-09-16,999.989990234375,1001.6500244140625,999.989990234375,999.989990234375,953.286376953125,2957531
2024-09-17,1000.0,1000.010009765625,995.0,1000.0,953.2959594726562,2975225
2024-09-18,1000.0,1000.010009765625,999.989990234375,1000.0,953.2959594726562,3843192
2024-09-19,1000.0,1000.010009765625,999.989990234375,1000.0,953.2959594726562,3829030
2024-09-20,999.989990234375,1000.010009765625,999.989990234375,1000.0,953.2959594726562,4138316
2024-09-23,999.97998046875,1000.010009765625,997.0,1000.0,953.2959594726562,2939614
2024-09-24,1000.0,1004.7000122070312,999.989990234375,999.989990234375,953.286376953125,3257370
2024-09-25,1000.0,1000.010009765625,999.989990234375,1000.0,953.2959594726562,3109280
2024-09-26,1000.0,1001.6500244140625,999.989990234375,999.989990234375,953.286376953125,3600482
2024-09-27,999.989990234375,1000.010009765625,995.3499755859375,999.989990234375,953.286376953125,5206603
2024-09-30,999.989990234375,1000.010009765625,999.989990234375,999.989990234375,956.7520141601562,5481566
2024-10-01,1000.0,1000.010009765625,999.989990234375,1000.0,956.7615356445312,5250163
2024-10-03,999.989990234375,1000.010009765625,999.989990234375,1000.0,956.7615356445312,9514460
2024-10-04,1000.0,1001.6500244140625,999.989990234375,1000.0,956.7615356445312,17293198
2024-10-07,1000.0,1000.0,999.989990234375,999.989990234375,956.7520141601562,14619169
2024-10-08,999.9000244140625,1000.010009765625,998.5,999.989990234375,956.7520141601562,6228857
2024-10-09,999.0,1000.010009765625,995.2999877929688,999.989990234375,956.7520141601562,4632763
2024-10-10,999.989990234375,1001.5,999.5,999.989990234375,956.7520141601562,3081356
2024-10-11,999.989990234375,1000.010009765625,999.989990234375,999.989990234375,956.7520141601562,2239016
2024-10-14,998.5,1000.010009765625,998.5,1000.0,956.7615356445312,2196873
2024-10-15,1000.0,1000.010009765625,999.989990234375,999.989990234375,956.7520141601562,3368879
2024-10-16,1000.0,1000.010009765625,999.4500122070312,999.989990234375,956.7520141601562,2814624
2024-10-17,1000.0,1001.5,999.989990234375,999.989990234375,956.7520141601562,1688577
2024-10-18,999.989990234375,1000.010009765625,999.989990234375,1000.0,956.7615356445312,2121043
2024-10-21,1000.0,1000.010009765625,999.989990234375,1000.0,956.7615356445312,4415085
2024-10-22,1000.0,1000.010009765625,999.989990234375,999.989990234375,956.7520141601562,3858801
2024-10-23,1000.0,1000.010009765625,999.989990234375,999.989990234375,956.7520141601562,3495594
2024-10-24,999.97998046875,1000.010009765625,999.97998046875,1000.0,956.7615356445312,3186630
2024-10-25,999.989990234375,1000.010009765625,999.989990234375,1000.0,956.7615356445312,4020262
2024-10-28,1000.0,1000.010009765625,999.4500122070312,999.989990234375,956.7520141601562,2795042
2024-10-29,1000.0,1000.010009765625,999.989990234375,1000.0,956.7615356445312,2701613
2024-10-30,999.969970703125,1000.010009765625,999.9600219726562,999.989990234375,956.7520141601562,3297047
2024-10-31,1000.0,1000.010009765625,998.5,1000.0,960.4661254882812,4782773
2024-11-01,1000.0,1000.0,1000.0,1000.0,960.4661254882812,0
2024-11-04,999.4500122070312,1001.5,999.4500122070312,1000.0,960.4661254882812,3014622
2024-11-05,1000.0,1000.010009765625,999.989990234375,999.989990234375,960.45654296875,3141101
2024-11-06,999.97998046875,1000.010009765625,995.2999877929688,999.989990234375,960.45654296875,4659642
2024-11-07,1000.0,1003.6500244140625,996.3499755859375,1000.0,960.4661254882812,2129573
2024-11-08,1000.0,1000.010009765625,999.989990234375,1000.0,960.4661254882812,4063235
2024-11-11,999.989990234375,1000.010009765625,997.0,999.989990234375,960.45654296875,3491693
2024-11-12,995.0,1000.010009765625,995.0,1000.0,960.4661254882812,3652828
2024-11-13,1000.0,1000.010009765625,999.22998046875,999.989990234375,960.45654296875,3461236
2024-11-14,995.2999877929688,1000.010009765625,995.2999877929688,1000.0,960.4661254882812,3138633
2024-11-18,1004.7000122070312,1004.7000122070312,999.219970703125,1000.0,960.4661254882812,3294205
2024-11-19,1000.0,1000.010009765625,997.0999755859375,1000.0,960.4661254882812,3533521
2024-11-21,1000.0,1000.010009765625,999.7000122070312,1000.0,960.4661254882812,2902147
2024-11-22,1000.0,1001.6500244140625,999.989990234375,999.989990234375,960.45654296875,2918661
2024-11-25,999.97998046875,1000.010009765625,999.4500122070312,999.989990234375,960.45654296875,5226359
2024-11-26,1000.0,1000.010009765625,995.2999877929688,1000.0,960.4661254882812,2906275
2024-11-27,1000.0,1000.010009765625,999.989990234375,1000.0,960.4661254882812,2371431
2024-11-28,1004.7000122070312,1004.7000122070312,999.989990234375,1000.0,960.4661254882812,2739316
2024-11-29,997.0999755859375,1001.6500244140625,997.0999755859375,999.989990234375,963.79736328125,5253200
2024-12-02,1001.6500244140625,1001.6500244140625,999.989990234375,999.989990234375,963.79736328125,5823840
2024-12-03,1000.0,1000.010009765625,999.989990234375,1000.0,963.8070068359375,2523617
2024-12-04,999.989990234375,1000.010009765625,999.989990234375,1000.0,963.8070068359375,3574135
2024-12-05,999.97998046875,1000.010009765625,999.4500122070312,1000.0,963.8070068359375,2376561
2024-12-06,999.989990234375,1000.010009765625,999.4500122070312,999.989990234375,963.79736328125,3643021
2024-12-09,1000.0,1000.010009765625,999.989990234375,1000.0,963.8070068359375,3483276
2024-12-10,1000.0,1000.010009765625,999.9000244140625,999.989990234375,963.79736328125,2899100
2024-12-11,1000.0,1000.010009765625,999.989990234375,999.989990234375,963.79736328125,2356268
2024-12-12,999.989990234375,1000.010009765625,999.4500122070312,1000.0,963.8070068359375,2778608
2024-12-13,1000.010009765625,1000.010009765625,999.989990234375,1000.0,963.8070068359375,3225545
2024-12-16,1000.0,1001.5499877929688,999.989990234375,999.989990234375,963.79736328125,3384205
2024-12-17,1000.0,1000.010009765625,999.989990234375,1000.0,963.8070068359375,2973094
2024-12-18,1000.0,1000.010009765625,999.989990234375,1000.0,963.8070068359375,4241403
2024-12-19,1000.0,1000.010009765625,999.989990234375,1000.0,963.8070068359375,1970269
2024-12-20,1000.0,1001.5499877929688,997.0,1000.0,963.8070068359375,4379493
2024-12-23,995.2999877929688,1001.6500244140625,995.2999877929688,1000.0,963.8070068359375,2361473
2024-12-24,997.0,1000.010009765625,997.0,999.989990234375,963.79736328125,2380725
2024-12-26,1000.010009765625,1000.010009765625,997.0,1000.0,963.8070068359375,3777482
2024-12-27,999.97998046875,1000.010009765625,997.0,999.989990234375,963.79736328125,4282507
2024-12-30,1000.0,1000.010009765625,999.4600219726562,999.989990234375,963.79736328125,5304108
2024-12-31,1000.0,1000.010009765625,999.989990234375,1000.0,967.6925659179688,2321563
2025-01-01,1000.0,1000.010009765625,999.9000244140625,1000.0,967.6925659179688,2464836
2025-01-02,999.989990234375,1000.010009765625,999.75,1000.0,967.6925659179688,5336591
2025-01-03,1000.0,1000.010009765625,999.989990234375,1000.0,967.6925659179688,12445125
2025-01-06,1000.0,1000.0,998.5,999.989990234375,967.6828002929688,10246935
2025-01-07,1000.0,1000.010009765625,999.0,1000.0,967.6925659179688,3205589
2025-01-08,1000.0999755859375,1000.0999755859375,999.97998046875,1000.0,967.6925659179688,6634462
2025-01-09,999.6599731445312,1000.010009765625,999.6599731445312,999.989990234375,967.6828002929688,5940965
2025-01-10,1000.0,1000.010009765625,998.510009765625,1000.0,967.6925659179688,2643186
2025-01-13,1000.0,1000.010009765625,999.989990234375,1000.0,967.6925659179688,3825869
2025-01-14,999.989990234375,1000.010009765625,998.5,999.989990234375,967.6828002929688,2972436
2025-01-15,1000.0,1000.010009765625,999.989990234375,1000.0,967.6925659179688,2863068
2025-01-16,1000.0,1000.010009765625,998.5,999.989990234375,967.6828002929688,2285497
2025-01-17,1000.0,1000.010009765625,999.989990234375,1000.0,967.6925659179688,3153956
2025-01-20,1000.0,1000.010009765625,999.510009765625,1000.0,967.6925659179688,2610327
2025-01-21,1000.0,1000.010009765625,999.4500122070312,1000.0,967.6925659179688,2950936
2025-01-22,995.5599975585938,1000.010009765625,995.5599975585938,999.989990234375,967.6828002929688,3587688
2025-01-23,1000.0,1000.3599853515625,999.989990234375,999.989990234375,967.6828002929688,4247302
2025-01-24,999.989990234375,1000.010009765625,999.0900268554688,1000.0,967.6925659179688,3022484
2025-01-27,1000.0,1000.010009765625,999.260009765625,999.989990234375,967.6828002929688,5262695
2025-01-28,1000.0,1000.010009765625,999.3300170898438,1000.0,967.6925659179688,4232513
2025-01-29,1000.0,1000.010009765625,999.9000244140625,1000.0,967.6925659179688,2600576
2025-01-30,999.989990234375,1000.010009765625,999.469970703125,1000.0,967.6925659179688,5468713
2025-01-31,1000.0,1000.010009765625,999.989990234375,1000.0,972.4989013671875,2913028
2025-02-01,1000.0,1000.010009765625,999.4600219726562,999.989990234375,972.4891967773438,1612872
2025-02-03,999.5599975585938,1000.010009765625,999.5599975585938,999.989990234375,972.4891967773438,4219952
2025-02-04,999.5700073242188,1000.010009765625,999.5700073242188,999.989990234375,972.4891967773438,2607020
2025-02-05,1000.6599731445312,1000.6599731445312,999.989990234375,1000.0,972.4989013671875,2292602
2025-02-06,1000.0,1001.5499877929688,999.5900268554688,1000.0,972.4989013671875,2013772
2025-02-07,1000.0,1000.010009765625,999.989990234375,1000.0,972.4989013671875,3101652
2025-02-10,999.6599731445312,1000.010009765625,999.6599731445312,1000.0,972.4989013671875,1887664
2025-02-11,1000.0,1000.010009765625,999.7100219726562,999.989990234375,972.4891967773438,2273814
2025-02-12,999.5399780273438,1000.010009765625,999.5399780273438,999.989990234375,972.4891967773438,3908790
2025-02-13,1000.6599731445312,1000.6599731445312,999.989990234375,1000.0,972.4989013671875,2680283
2025-02-14,1000.0,1000.010009765625,997.5,1000.0,972.4989013671875,3962813
2025-02-17,1000.0,1000.010009765625,998.6599731445312,1000.0,972.4989013671875,4985112
2025-02-18,1030.0,1030.0,999.989990234375,1000.0,972.4989013671875,4114985
2025-02-19,1000.0,1000.010009765625,999.4500122070312,1000.0,972.4989013671875,2120901
2025-02-20,999.989990234375,1000.010009765625,999.0,999.989990234375,972.4891967773438,2588303
2025-02-21,999.989990234375,1000.010009765625,999.97998046875,1000.0,972.4989013671875,3543621
2025-02-24,1000.989990234375,1000.989990234375,999.989990234375,999.989990234375,972.4891967773438,3250239
2025-02-25,1001.5499877929688,1001.5499877929688,999.989990234375,999.989990234375,972.4891967773438,2225875
2025-02-27,999.989990234375,1001.5499877929688,999.989990234375,1000.0,972.4989013671875,5124893
2025-02-28,1000.0,1000.010009765625,997.5,1000.0,976.0645751953125,4073941
2025-03-03,1000.010009765625,1000.010009765625,999.4500122070312,999.989990234375,976.054931640625,5321286
2025-03-04,1000.989990234375,1000.989990234375,999.989990234375,999.989990234375,976.054931640625,2479769
2025-03-05,1000.0,1000.010009765625,999.3300170898438,999.989990234375,976.054931640625,3791825
2025-03-06,1000.9600219726562,1000.9600219726562,999.97998046875,1000.0,976.0645751953125,3279734
2025-03-07,1000.0,1000.8800048828125,999.989990234375,1000.0,976.0645751953125,3803904
2025-03-10,1000.0,1000.9600219726562,999.989990234375,1000.0,976.0645751953125,4529787
2025-03-11,999.989990234375,1000.010009765625,995.2999877929688,999.989990234375,976.054931640625,3868661
2025-03-12,999.989990234375,1000.010009765625,999.989990234375,1000.0,976.0645751953125,2381581
2025-03-13,1003.0,1003.0,999.989990234375,1000.0,976.0645751953125,2795144
2025-03-17,1000.0,1000.010009765625,999.989990234375,999.989990234375,976.054931640625,3978630
2025-03-18,999.989990234375,999.989990234375,999.989990234375,999.989990234375,976.054931640625,0
2025-03-19,1000.0,1000.010009765625,999.5,1000.0,976.0645751953125,3132736
2025-03-20,1000.0,1000.010009765625,999.530029296875,1000.0,976.0645751953125,3179569
2025-03-21,1001.5499877929688,1001.5499877929688,999.5599975585938,1000.0,976.0645751953125,4114816
2025-03-24,1000.010009765625,1000.010009765625,999.989990234375,1000.0,976.0645751953125,4150893
2025-03-25,999.989990234375,1000.9299926757812,999.989990234375,1000.0,976.0645751953125,4379826
2025-03-26,1000.8599853515625,1000.8599853515625,999.989990234375,999.989990234375,976.054931640625,2579221
2025-03-27,999.989990234375,1000.010009765625,999.989990234375,999.989990234375,976.054931640625,4514266
2025-03-28,1000.0,1000.010009765625,999.989990234375,1000.0,980.0729370117188,3896815
2025-04-01,1000.0,1000.010009765625,999.989990234375,999.989990234375,980.063232421875,3607622
2025-04-02,1000.010009765625,1000.010009765625,999.989990234375,999.989990234375,980.063232421875,4648565
2025-04-03,1000.010009765625,1000.010009765625,999.989990234375,1000.0,980.0729370117188,6694564
2025-04-04,999.989990234375,1000.010009765625,999.989990234375,1000.0,980.0729370117188,18066564
2025-04-07,999.97998046875,1000.0,998.6500244140625,999.989990234375,980.063232421875,15263249
2025-04-08,997.5,1000.010009765625,997.5,999.989990234375,980.063232421875,4505557
2025-04-09,999.989990234375,1000.010009765625,999.989990234375,1000.0,980.0729370117188,4325056
2025-04-11,1000.0,1000.010009765625,999.4500122070312,1000.0,980.0729370117188,3243046
2025-04-15,1000.0,1000.5,999.989990234375,1000.0,980.0729370117188,6409280
2025-04-16,1000.0,1000.010009765625,999.989990234375,1000.0,980.0729370117188,4167075
2025-04-17,1000.0,1000.4600219726562,999.989990234375,1000.0,980.0729370117188,4090040
2025-04-21,1000.0,1000.010009765625,999.5599975585938,1000.0,980.0729370117188,4034697
2025-04-22,1000.4500122070312,1000.4500122070312,999.989990234375,1000.0,980.0729370117188,3254614
2025-04-23,1000.0,1000.010009765625,999.989990234375,999.989990234375,980.063232421875,3114054
2025-04-24,1000.0,1000.010009765625,999.989990234375,1000.0,980.0729370117188,5673334
2025-04-25,1000.0,1000.010009765625,999.989990234375,1000.0,980.0729370117188,3866076
2025-04-28,1001.5499877929688,1001.5499877929688,999.6599731445312,999.989990234375,980.063232421875,3628016
2025-04-29,1000.010009765625,1000.6599731445312,999.989990234375,999.989990234375,980.063232421875,2678698
2025-04-30,999.989990234375,1000.010009765625,999.989990234375,1000.0,983.5533447265625,3737677
2025-05-02,1000.010009765625,1000.010009765625,999.4500122070312,999.989990234375,983.5435791015625,1803943
2025-05-05,1000.0,1000.010009765625,999.4500122070312,999.989990234375,983.5435791015625,4058729
2025-05-06,999.989990234375,1000.010009765625,999.989990234375,1000.0,983.5533447265625,3888844
2025-05-07,1000.6599731445312,1000.6599731445312,999.989990234375,999.989990234375,983.5435791015625,3746057
2025-05-08,1000.4400024414062,1000.4400024414062,999.989990234375,1000.0,983.5533447265625,4214413
2025-05-09,999.989990234375,1000.010009765625,999.1099853515625,1000.0,983.5533447265625,2914237
2025-05-12,1000.8800048828125,1000.8800048828125,999.989990234375,999.989990234375,983.5435791015625,6504982
2025-05-13,999.5999755859375,1000.010009765625,999.5999755859375,999.989990234375,983.5435791015625,2490154
2025-05-14,1000.6599731445312,1001.5499877929688,999.989990234375,999.989990234375,983.5435791015625,2660864
2025-05-15,1000.0,1000.010009765625,999.989990234375,1000.0,983.5533447265625,2588090
2025-05-16,1000.0,1000.010009765625,999.989990234375,1000.0,983.5533447265625,3098335
2025-05-19,999.989990234375,1000.9600219726562,999.989990234375,1000.0,983.5533447265625,4518552
2025-05-20,1000.0,1000.6599731445312,999.989990234375,999.989990234375,983.5435791015625,3620619
2025-05-21,1000.010009765625,1000.010009765625,999.989990234375,1000.0,983.5533447265625,2793052
2025-05-22,1000.0,1000.010009765625,999.989990234375,1000.0,983.5533447265625,2666477
2025-05-23,1000.010009765625,1000.010009765625,999.989990234375,999.989990234375,983.5435791015625,3092411
2025-05-26,1000.0,1000.010009765625,999.989990234375,1000.0,983.5533447265625,3655300
2025-05-27,1000.8800048828125,1000.8800048828125,999.989990234375,999.989990234375,983.5435791015625,3945218
2025-05-28,999.989990234375,1000.010009765625,999.989990234375,999.989990234375,983.5435791015625,1770583
2025-05-29,1000.0,1000.2000122070312,999.989990234375,1000.0,983.5533447265625,5230750
2025-05-30,1001.5499877929688,1001.5499877929688,999.989990234375,1000.0,987.09326171875,3045107
2025-06-02,1000.0,1000.010009765625,999.989990234375,999.989990234375,987.0833740234375,4186099
2025-06-03,997.5,1001.5499877929688,997.5,999.989990234375,987.0833740234375,3486196
2025-06-04,1000.0999755859375,1000.0999755859375,999.989990234375,999.989990234375,987.0833740234375,1604054
2025-06-05,999.989990234375,1000.010009765625,999.989990234375,1000.0,987.09326171875,2138788
2025-06-06,1000.0,1000.010009765625,999.989990234375,1000.0,987.09326171875,3412668
2025-06-09,1000.0,1000.0999755859375,999.989990234375,1000.0,987.09326171875,2257366
2025-06-10,1000.0,1000.010009765625,999.1099853515625,1000.0,987.09326171875,2517360
2025-06-11,999.989990234375,1000.010009765625,999.989990234375,1000.0,987.09326171875,2186349
2025-06-12,999.989990234375,1000.010009765625,999.219970703125,1000.0,987.09326171875,3613767
2025-06-13,999.219970703125,1000.010009765625,999.219970703125,1000.0,987.09326171875,8161078
2025-06-16,999.989990234375,1000.010009765625,999.989990234375,999.989990234375,987.0833740234375,1802281
2025-06-17,999.989990234375,1000.010009765625,999.219970703125,1000.0,987.09326171875,2016257
2025-06-18,999.989990234375,1000.010009765625,999.989990234375,999.989990234375,987.0833740234375,1744417
2025-06-19,999.3300170898438,1000.010009765625,999.3300170898438,1000.0,987.09326171875,2821123
2025-06-20,1000.0,1000.010009765625,970.0,999.989990234375,987.0833740234375,4146243
2025-06-23,995.2999877929688,1000.5,995.2999877929688,999.989990234375,987.0833740234375,3603645
2025-06-24,999.989990234375,1000.010009765625,999.989990234375,999.989990234375,987.0833740234375,2091285
2025-06-25,1000.0,1000.010009765625,999.989990234375,1000.0,987.09326171875,2058465
2025-06-26,999.989990234375,1000.010009765625,999.989990234375,999.989990234375,987.0833740234375,6810573
2025-06-27,1000.0,1000.010009765625,997.3499755859375,1000.0,987.09326171875,4233463
2025-06-30,1000.0,1001.5499877929688,999.989990234375,999.989990234375,990.2294311523438,3654645
2025-07-01,1000.0,1000.010009765625,999.989990234375,1000.0,990.2393798828125,2538487
2025-07-02,1000.5,1000.5,997.5,999.989990234375,990.2294311523438,4654085
2025-07-03,1000.0,1000.010009765625,999.989990234375,1000.0,990.2393798828125,5320239
2025-07-04,1000.0,1000.5,999.989990234375,1000.0,990.2393798828125,13514627
2025-07-07,1000.0,1000.0,999.219970703125,999.989990234375,990.2294311523438,9610167
2025-07-08,1000.0,1000.0,999.4500122070312,999.989990234375,990.2294311523438,3436931
2025-07-09,1000.0,1000.0,999.6599731445312,999.989990234375,990.2294311523438,2593059
2025-07-10,999.719970703125,1000.010009765625,999.719970703125,1000.0,990.2393798828125,2332340
2025-07-11,1000.010009765625,1000.010009765625,999.989990234375,1000.0,990.2393798828125,3607325
2025-07-14,999.3599853515625,1000.010009765625,999.3599853515625,999.989990234375,990.2294311523438,3408645
2025-07-15,1000.0,1000.010009765625,999.989990234375,999.989990234375,990.2294311523438,2498951
2025-07-16,1000.0,1000.010009765625,999.989990234375,1000.0,990.2393798828125,2068046
2025-07-17,999.989990234375,1000.010009765625,999.510009765625,999.989990234375,990.2294311523438,2413011
2025-07-18,999.989990234375,1001.5499877929688,999.989990234375,1000.0,990.2393798828125,1629206
2025-07-21,999.989990234375,1000.010009765625,999.989990234375,999.989990234375,990.2294311523438,1794214
2025-07-22,1000.0,1000.010009765625,999.989990234375,1000.0,990.2393798828125,2940228
2025-07-23,1001.5499877929688,1001.5499877929688,999.989990234375,999.989990234375,990.2294311523438,1729881
2025-07-24,999.989990234375,1000.010009765625,999.4500122070312,1000.0,990.2393798828125,1773644
2025-07-25,1000.0,1000.010009765625,999.4500122070312,1000.0,990.2393798828125,4470074
2025-07-28,1000.0,1000.010009765625,999.52001953125,999.989990234375,990.2294311523438,1984476
2025-07-29,1000.0,1000.010009765625,999.989990234375,999.989990234375,990.2294311523438,5296033
2025-07-30,1000.0,1000.010009765625,999.989990234375,1000.0,990.2393798828125,3305094
2025-07-31,1000.0,1000.010009765625,999.989990234375,1000.0,993.8683471679688,6094319
2025-08-01,999.989990234375,1000.010009765625,999.989990234375,999.989990234375,993.8583984375,3336184
2025-08-04,1000.9600219726562,1000.9600219726562,999.989990234375,999.989990234375,993.8583984375,4250654
2025-08-05,1001.5499877929688,1001.5499877929688,999.4500122070312,1000.0,993.8683471679688,3118805
2025-08-06,999.989990234375,1000.0999755859375,999.989990234375,999.989990234375,993.8583984375,3103421
2025-08-07,999.989990234375,1000.010009765625,999.989990234375,999.989990234375,993.8583984375,3634966
2025-08-08,1000.0,1000.8800048828125,999.989990234375,1000.0,993.8683471679688,2064005
2025-08-11,1000.0,1000.010009765625,999.989990234375,999.989990234375,993.8583984375,3263191
2025-08-12,1000.0,1000.010009765625,999.989990234375,1000.0,993.8683471679688,1885517
2025-08-13,999.4500122070312,1000.010009765625,999.4500122070312,999.989990234375,993.8583984375,1558738
2025-08-14,999.989990234375,1000.010009765625,999.989990234375,1000.0,993.8683471679688,3184379
2025-08-18,1000.0,1000.010009765625,998.0,999.989990234375,993.8583984375,2549396
2025-08-19,1000.9299926757812,1000.9299926757812,999.989990234375,999.989990234375,993.8583984375,1862542
2025-08-20,1000.0,1000.010009765625,999.989990234375,1000.0,993.8683471679688,2600595
2025-08-21,1000.0,1001.5499877929688,999.4500122070312,1000.0,993.8683471679688,4060410
2025-08-22,1000.0,1000.010009765625,999.75,1000.0,993.8683471679688,2485974
2025-08-25,999.1099853515625,1000.9600219726562,999.1099853515625,999.989990234375,993.8583984375,1833682
2025-08-26,1000.0,1000.8800048828125,999.989990234375,999.989990234375,993.8583984375,2704602
2025-08-28,999.4500122070312,1000.010009765625,999.4500122070312,999.989990234375,993.8583984375,5506871
2025-08-29,999.989990234375,1000.010009765625,999.4500122070312,1000.0,996.9228515625,3507471
2025-09-01,1000.0,1000.010009765625,999.989990234375,999.989990234375,996.912841796875,3661711
2025-09-02,1000.0,1000.010009765625,999.989990234375,999.989990234375,996.912841796875,2693635
2025-09-03,999.989990234375,1000.010009765625,999.510009765625,999.989990234375,996.912841796875,3057207
2025-09-04,999.989990234375,1000.010009765625,999.989990234375,1000.0,996.9228515625,2045966
2025-09-05,1000.0,1000.010009765625,999.989990234375,999.989990234375,996.912841796875,1699291
2025-09-08,999.5599975585938,1000.2999877929688,999.5599975585938,999.989990234375,996.912841796875,3076631
2025-09-09,999.989990234375,1000.010009765625,999.989990234375,999.989990234375,996.912841796875,2002121
2025-09-10,1000.0,1000.010009765625,999.989990234375,999.989990234375,996.912841796875,2978663
2025-09-11,999.989990234375,1000.010009765625,999.6599731445312,999.989990234375,996.912841796875,1789593
2025-09-12,999.989990234375,1000.77001953125,999.52001953125,1000.0,996.9228515625,2900482
2025-09-15,999.5599975585938,1000.010009765625,999.5599975585938,999.989990234375,996.912841796875,3595653
2025-09-16,1000.0,1000.010009765625,999.989990234375,999.989990234375,996.912841796875,1788073
2025-09-17,1000.010009765625,1000.010009765625,999.989990234375,1000.0,996.9228515625,1754139
2025-09-18,1000.0,1000.010009765625,999.989990234375,1000.0,996.9228515625,1938983
2025-09-19,1000.0,1000.010009765625,999.989990234375,1000.0,996.9228515625,975685
2025-09-22,999.989990234375,1000.010009765625,999.510009765625,999.989990234375,996.912841796875,2264642
2025-09-23,999.989990234375,1000.010009765625,999.5599975585938,1000.0,996.9228515625,1942511
2025-09-24,1000.25,1000.25,999.989990234375,1000.0,996.9228515625,1654535
2025-09-25,1000.0,1000.010009765625,999.989990234375,1000.0,996.9228515625,1673135
2025-09-26,1000.0,1000.010009765625,999.989990234375,1000.0,996.9228515625,4151519
2025-09-29,1000.0,1000.77001953125,999.5599975585938,999.989990234375,996.912841796875,3804834
2025-09-30,1000.0,1000.010009765625,999.989990234375,1000.0,1000.0,6345930
2025-10-01,1000.0,1000.989990234375,999.989990234375,1000.0,1000.0,8177933
2025-10-03,1000.0,1000.010009765625,999.989990234375,1000.0,1000.0,13839374
2025-10-06,999.989990234375,1000.010009765625,998.6099853515625,999.989990234375,999.989990234375,10941036
2025-10-07,999.989990234375,1000.010009765625,999.989990234375,1000.0,1000.0,3938239
2025-10-08,1000.0,1000.010009765625,999.989990234375,1000.0,1000.0,2506646
2025-10-09,999.989990234375,1000.010009765625,999.989990234375,999.989990234375,999.989990234375,2340913
2025-10-10,1000.0,1000.010009765625,999.989990234375,1000.0,1000.0,2494471
2025-10-13,1000.0,1000.969970703125,999.989990234375,999.989990234375,999.989990234375,2818015
2025-10-14,999.989990234375,1000.010009765625,999.5599975585938,999.989990234375,999.989990234375,2550786
2025-10-15,999.989990234375,1000.010009765625,999.989990234375,999.989990234375,999.989990234375,2228759
2025-10-16,1000.0,1000.010009765625,999.989990234375,1000.0,1000.0,2441386
2025-10-17,999.989990234375,1000.010009765625,999.989990234375,1000.0,1000.0,4699425
2025-10-20,1000.0,1000.010009765625,999.5599975585938,1000.0,1000.0,2604692
2025-10-21,999.989990234375,1000.010009765625,999.5599975585938,1000.0,1000.0,705053
2025-10-23,999.989990234375,1000.010009765625,999.989990234375,999.989990234375,999.989990234375,3419475
2025-10-27,999.989990234375,1000.8499755859375,999.989990234375,1000.0,1000.0,2226874
2025-10-28,999.97998046875,1000.010009765625,999.97998046875,999.989990234375,999.989990234375,4140634
2025-10-29,1029.989990234375,1029.989990234375,999.989990234375,999.989990234375,999.989990234375,5983125
2025-10-30,999.989990234375,1000.010009765625,999.989990234375,999.989990234375,999.989990234375,2987518
2025-10-31,1000.0,1000.010009765625,999.989990234375,1000.0,1000.0,1880440
2025-11-03,1000.0,1000.010009765625,999.6300048828125,999.989990234375,999.989990234375,1999307
2025-11-04,1000.010009765625,1000.010009765625,999.989990234375,1000.0,1000.0,1989262
2025-11-06,999.989990234375,1000.5,999.989990234375,1000.0,1000.0,2712119
2025-11-07,1000.0,1000.010009765625,999.989990234375,1000.0,1000.0,2335610
2025-11-10,999.989990234375,1000.010009765625,999.989990234375,1000.0,1000.0,1780130
2025-11-11,999.989990234375,1000.010009765625,999.989990234375,999.989990234375,999.989990234375,1774276
2025-11-12,1000.0,1000.010009765625,999.989990234375,999.989990234375,999.989990234375,2080643
2025-11-13,999.989990234375,1000.010009765625,999.989990234375,999.989990234375,999.989990234375,1618273
2025-11-14,999.0,1000.010009765625,999.0,1000.0,1000.0,2589261
2025-11-17,1000.010009765625,1000.010009765625,999.989990234375,999.989990234375,999.989990234375,2223597
2025-11-18,999.989990234375,1000.010009765625,999.989990234375,1000.0,1000.0,2433150
2025-11-19,999.989990234375,1000.010009765625,999.989990234375,1000.0,1000.0,2664301
2025-11-20,1000.0,1000.010009765625,999.989990234375,1000.0,1000.0,2464407
2025-11-21,1000.0,1000.010009765625,999.989990234375,1000.0,1000.0,3600701
2025-11-24,999.1099853515625,1000.010009765625,999.1099853515625,999.989990234375,999.989990234375,3025072
2025-11-25,1000.0,1000.010009765625,999.989990234375,1000.0,1000.0,5954978
2025-11-26,1000.0,1000.010009765625,999.989990234375,999.989990234375,999.989990234375,1977815
2025-11-27,1000.0,1000.010009765625,999.989990234375,999.989990234375,999.989990234375,3168144
2025-11-28,999.989990234375,1000.010009765625,999.989990234375,999.989990234375,999.989990234375,1918006
2025-12-01,999.9000244140625,1000.010009765625,999.9000244140625,1000.0,1000.0,2220101
2025-12-02,1000.0,1000.010009765625,999.989990234375,999.989990234375,999.989990234375,1977553
2025-12-03,1000.0,1000.010009765625,999.989990234375,999.989990234375,999.989990234375,2487047
2025-12-04,1000.0,1000.010009765625,999.989990234375,999.989990234375,999.989990234375,2916573
2025-12-05,1000.0,1000.010009765625,999.989990234375,1000.0,1000.0,2835394
2025-12-08,1000.0,1000.010009765625,999.0,1000.0,1000.0,2432399
2025-12-09,1000.0,1000.010009765625,999.989990234375,999.989990234375,999.989990234375,4335018
2025-12-10,1000.5,1000.5,999.989990234375,999.989990234375,999.989990234375,3421543
2025-12-11,1000.0,1000.010009765625,999.989990234375,999.989990234375,999.989990234375,3018481
2025-12-12,999.989990234375,1000.010009765625,999.989990234375,1000.0,1000.0,2266391
2025-12-15,1000.0,1000.010009765625,999.989990234375,999.989990234375,999.989990234375,1969593
2025-12-16,1000.0,1000.010009765625,999.989990234375,1000.0,1000.0,2052773
2025-12-17,999.989990234375,1000.010009765625,999.989990234375,1000.0,1000.0,3031875
2025-12-18,1000.989990234375,1000.989990234375,999.0900268554688,1000.0,1000.0,2343912
2025-12-19,1000.0,1000.0,1000.0,1000.0,1000.0,0
2025-12-22,1000.0,1000.5,999.989990234375,1000.0,1000.0,2161879
2025-12-23,1000.0,1000.010009765625,999.989990234375,1000.0,1000.0,2351254
2025-12-24,1000.0,1000.010009765625,999.989990234375,1000.0,1000.0,2653141
2025-12-26,999.989990234375,1000.010009765625,999.989990234375,999.989990234375,999.989990234375,3502041
2025-12-29,1000.0,1000.010009765625,997.1500244140625,1000.0,1000.0,3645339
2025-12-30,1000.0,1000.010009765625,999.9000244140625,1000.0,1000.0,3575253
2025-12-31,999.989990234375,1000.010009765625,999.989990234375,999.989990234375,999.989990234375,4074677
2026-01-01,999.989990234375,1000.5,999.989990234375,1000.0,1000.0,4785423
2026-01-02,1025.0,1025.0,999.989990234375,1000.0,1000.0,12254248
2026-01-05,1000.0,1000.010009765625,999.0900268554688,999.989990234375,999.989990234375,11095430
2026-01-06,999.989990234375,1000.010009765625,999.9000244140625,999.989990234375,999.989990234375,3167175
2026-01-07,1000.0,1000.010009765625,999.989990234375,1000.0,1000.0,2871904
2026-01-08,999.0900268554688,1000.010009765625,999.0900268554688,1000.0,1000.0,2768683
2026-01-09,999.989990234375,1000.010009765625,999.989990234375,1000.0,1000.0,2384434
2026-01-12,999.989990234375,1000.010009765625,999.0900268554688,999.989990234375,999.989990234375,4216883
2026-01-13,999.0900268554688,1000.010009765625,999.0900268554688,1000.0,1000.0,3393622
2026-01-14,1000.0,1000.010009765625,999.989990234375,1000.0,1000.0,1891317
2026-01-15,1000.0,1000.0,1000.0,1000.0,1000.0,0
2026-01-16,995.0,1002.0,995.0,1000.0,1000.0,1919904
2026-01-19,1000.0,1000.010009765625,999.4000244140625,1000.0,1000.0,3196301
2026-01-20,970.0,1000.010009765625,970.0,1000.0,1000.0,2930886
2026-01-21,999.989990234375,1000.010009765625,999.989990234375,999.989990234375,999.989990234375,5225931
2026-01-22,999.989990234375,1000.010009765625,999.989990234375,999.989990234375,999.989990234375,3704766
2026-01-23,1000.989990234375,1000.989990234375,999.989990234375,1000.0,1000.0,5134105
2026-01-27,999.989990234375,1000.010009765625,999.989990234375,1000.0,1000.0,5632428
2026-01-28,999.989990234375,1000.010009765625,999.989990234375,999.989990234375,999.989990234375,5932859
2026-01-29,999.989990234375,1000.010009765625,998.0,999.989990234375,999.989990234375,3547635
2026-01-30,1000.8499755859375,1000.8499755859375,999.989990234375,1000.0,1000.0,4198968
2026-02-02,1000.0,1000.010009765625,998.0900268554688,999.989990234375,999.989990234375,4127700
2026-02-03,999.989990234375,1000.010009765625,998.0900268554688,999.989990234375,999.989990234375,3564022
2026-02-04,1000.0,1000.010009765625,999.989990234375,999.989990234375,999.989990234375,3148815
2026-02-05,999.989990234375,1000.010009765625,999.989990234375,1000.0,1000.0,2194126
2026-02-06,1001.8800048828125,1001.8800048828125,999.989990234375,1000.0,1000.0,4456795
2026-02-09,1000.0,1000.010009765625,999.989990234375,999.989990234375,999.989990234375,2536418
2026-02-10,999.989990234375,1000.010009765625,999.989990234375,1000.0,1000.0,3055840
2026-02-11,1000.0,1000.010009765625,999.989990234375,999.989990234375,999.989990234375,2412576
2026-02-12,1000.0,1000.010009765625,999.989990234375,1000.0,1000.0,2669409
2026-02-13,1000.0,1000.010009765625,999.989990234375,1000.0,1000.0,4447046
2026-02-16,999.989990234375,1000.010009765625,999.989990234375,999.989990234375,999.989990234375,4751501
2026-02-17,1000.0,1000.010009765625,999.989990234375,999.989990234375,999.989990234375,2290610
2026-02-18,999.989990234375,1000.010009765625,999.989990234375,1000.0,1000.0,2739077
2026-02-19,1000.0999755859375,1000.0999755859375,999.989990234375,1000.0,1000.0,3740200
2026-02-20,1000.0,1000.010009765625,999.9500122070312,1000.0,1000.0,3238589
2026-02-23,1000.0,1000.010009765625,999.989990234375,1000.0,1000.0,4198430
2026-02-24,1000.0,1000.010009765625,999.9500122070312,1000.0,1000.0,4230898
2026-02-25,1000.0,1000.010009765625,999.989990234375,999.989990234375,999.989990234375,4951315
2026-02-26,1000.0,1000.010009765625,999.989990234375,999.989990234375,999.989990234375,3646806
2026-02-27,999.989990234375,1000.010009765625,999.989990234375,999.989990234375,999.989990234375,2711448
2026-03-02,999.989990234375,1000.010009765625,999.97998046875,999.989990234375,999.989990234375,4088184
2026-03-04,999.989990234375,1000.010009765625,999.989990234375,999.989990234375,999.989990234375,3731779
2026-03-05,1000.0,1000.010009765625,999.989990234375,1000.0,1000.0,2405298
2026-03-06,1000.0,1000.010009765625,999.989990234375,1000.0,1000.0,3795516
2026-03-09,999.989990234375,1000.010009765625,997.0,999.989990234375,999.989990234375,5450727
2026-03-10,999.989990234375,1000.010009765625,999.989990234375,999.989990234375,999.989990234375,3273313
2026-03-11,999.989990234375,1000.010009765625,999.989990234375,1000.0,1000.0,3390055
2026-03-12,1000.0,1000.010009765625,998.0900268554688,999.989990234375,999.989990234375,3197887
2026-03-13,1000.0,1000.010009765625,999.989990234375,1000.0,1000.0,5804837
2026-03-16,999.989990234375,1000.010009765625,999.989990234375,999.989990234375,999.989990234375,4422305
2026-03-17,1000.0,1000.010009765625,999.989990234375,1000.0,1000.0,3701133
2026-03-18,999.0,1000.010009765625,999.0,1000.0,1000.0,3971089
2026-03-19,1000.0,1000.010009765625,999.989990234375,1000.0,1000.0,3911615
2026-03-20,999.989990234375,1000.010009765625,999.0,999.989990234375,999.989990234375,2486750
2026-03-23,1000.0,1000.010009765625,999.989990234375,1000.0,1000.0,3765898
2026-03-24,1000.0,1000.010009765625,999.989990234375,999.989990234375,999.989990234375,5766034
2026-03-25,1000.0,1000.010009765625,999.989990234375,999.989990234375,999.989990234375,4676396
2026-03-27,1000.010009765625,1000.010009765625,999.989990234375,1000.0,1000.0,4565204
2026-03-30,1000.0,1000.010009765625,999.989990234375,1000.0,1000.0,6407847
2026-04-01,1000.0,1000.010009765625,999.989990234375,1000.0,1000.0,3062381
2026-04-02,1000.0,1000.010009765625,999.989990234375,1000.0,1000.0,4870565
2026-04-06,998.0900268554688,1000.010009765625,998.0900268554688,999.989990234375,999.989990234375,5886068
2026-04-07,1000.030029296875,1001.8800048828125,999.989990234375,1000.0,1000.0,2581350
2026-04-08,1000.0,1000.010009765625,999.0,999.989990234375,999.989990234375,4897526
2026-04-09,1000.02001953125,1000.02001953125,999.989990234375,999.989990234375,999.989990234375,3148131
2026-04-10,1000.0,1000.010009765625,999.0,1000.0,1000.0,3261766
2026-04-13,1000.0,1000.010009765625,999.989990234375,1000.0,1000.0,3932865
2026-04-15,1000.02001953125,1000.02001953125,999.989990234375,1000.0,1000.0,5121937
2026-04-16,1000.0,1000.010009765625,999.989990234375,1000.0,1000.0,7375739
2026-04-17,1000.0,1000.010009765625,999.989990234375,1000.0,1000.0,17957001
2026-04-20,999.0,1000.010009765625,999.0,999.989990234375,999.989990234375,11672917
2026-04-21,999.989990234375,1000.010009765625,970.2999877929688,999.989990234375,999.989990234375,5653284
2026-04-22,999.989990234375,1000.010009765625,998.0900268554688,999.989990234375,999.989990234375,5077832
2026-04-23,999.989990234375,1000.010009765625,999.989990234375,1000.0,1000.0,2988556
2026-04-24,999.989990234375,1000.010009765625,999.989990234375,999.989990234375,999.989990234375,3379934
2026-04-27,999.989990234375,1000.010009765625,997.1500244140625,999.989990234375,999.989990234375,2769743
2026-04-28,999.989990234375,1000.010009765625,999.989990234375,1000.0,1000.0,5078706
2026-04-29,1000.0,1000.010009765625,999.0,999.989990234375,999.989990234375,2768222
2026-04-30,999.989990234375,1000.010009765625,999.989990234375,999.989990234375,999.989990234375,2874888
2026-05-01,999.989990234375,999.989990234375,999.989990234375,999.989990234375,999.989990234375,0
2026-05-04,1000.010009765625,1002.97998046875,969.989990234375,999.989990234375,999.989990234375,2801024
2026-05-05,1000.0,1000.010009765625,999.989990234375,1000.0,1000.0,1897500
2026-05-06,1000.0,1000.010009765625,999.989990234375,999.989990234375,999.989990234375,2776175
2026-05-07,999.989990234375,1000.010009765625,999.989990234375,1000.0,1000.0,2318196
2026-05-08,999.989990234375,1000.010009765625,999.989990234375,1000.0,1000.0,2516506
2026-05-11,1000.0,1000.010009765625,999.989990234375,1000.0,1000.0,2710219
2026-05-12,999.0,1000.010009765625,999.0,1000.0,1000.0,3850117
2026-05-13,999.989990234375,1000.010009765625,970.2999877929688,1000.0,1000.0,4089279
2026-05-14,999.989990234375,1003.0,999.989990234375,1000.0,1000.0,2472326
2026-05-15,1000.0,1000.010009765625,999.989990234375,1000.0,1000.0,6542842
2026-05-18,999.9400024414062,1000.010009765625,995.0,1000.0,1000.0,2313957
2026-05-19,995.0,1000.010009765625,995.0,999.989990234375,999.989990234375,2903192
2026-05-20,1000.0,1000.010009765625,999.989990234375,999.989990234375,999.989990234375,2812289
2026-05-21,999.989990234375,1000.010009765625,999.989990234375,1000.0,1000.0,1745942
2026-05-22,999.989990234375,1000.010009765625,999.989990234375,1000.0,1000.0,1725090
2026-05-25,1000.0,1000.010009765625,999.989990234375,999.989990234375,999.989990234375,3414550
2026-05-26,1000.0,1000.010009765625,999.989990234375,1000.0,1000.0,3960094
2026-05-27,1000.0,1000.010009765625,999.989990234375,999.989990234375,999.989990234375,3955477
2026-05-28,999.989990234375,999.989990234375,999.989990234375,999.989990234375,999.989990234375,0
2026-05-29,999.989990234375,1000.010009765625,999.989990234375,999.989990234375,999.989990234375,6224058
2026-06-01,999.989990234375,1000.010009765625,999.989990234375,999.989990234375,999.989990234375,2245422
2026-06-02,974.989990234375,1000.010009765625,974.989990234375,1000.0,1000.0,2706538
2026-06-03,1000.0,1000.010009765625,997.0,1000.0,1000.0,2660112
2026-06-04,1000.0,1000.010009765625,975.010009765625,999.989990234375,999.989990234375,2273252
2026-06-05,999.989990234375,1000.010009765625,999.989990234375,1000.0,1000.0,2379849
2026-06-08,1000.0,1000.010009765625,997.260009765625,999.989990234375,999.989990234375,3082839
2026-06-09,999.0,1000.010009765625,998.0599975585938,1000.0,1000.0,2213442
2026-06-10,1000.0,1000.010009765625,999.989990234375,999.989990234375,999.989990234375,2392444
2026-06-11,997.0,1000.010009765625,997.0,1000.0,1000.0,2570991
2026-06-12,1000.0,1000.010009765625,999.989990234375,999.989990234375,999.989990234375,2538926
2026-06-15,999.989990234375,1000.010009765625,998.0900268554688,999.989990234375,999.989990234375,2680064
2026-06-16,1000.0,1000.010009765625,999.989990234375,1000.0,1000.0,2031814
2026-06-17,999.989990234375,1000.010009765625,998.0900268554688,999.989990234375,999.989990234375,3391689
2026-06-18,999.989990234375,1000.010009765625,999.0499877929688,999.989990234375,999.989990234375,2720266
2026-06-19,999.989990234375,1000.010009765625,999.0900268554688,1000.0,1000.0,3972075
2026-06-22,1000.0,1000.010009765625,999.989990234375,1000.0,1000.0,3217873
2026-06-23,1000.0,1000.010009765625,999.0999755859375,1000.0,1000.0,3401970
2026-06-24,999.1099853515625,1003.0,999.1099853515625,999.989990234375,999.989990234375,4855377
2026-06-25,999.989990234375,1000.010009765625,999.989990234375,999.989990234375,999.989990234375,2561339
2026-06-26,999.989990234375,999.989990234375,999.989990234375,999.989990234375,999.989990234375,0
2026-06-29,1000.0,1000.010009765625,999.989990234375,1000.0,1000.0,2860331
2026-06-30,1000.0,1000.010009765625,999.989990234375,1000.0,1000.0,6804281
2026-07-01,999.989990234375,1000.010009765625,999.989990234375,1000.0,1000.0,3263342
2026-07-02,1000.969970703125,1000.969970703125,999.1099853515625,1000.0,1000.0,4816380
2026-07-03,1000.0,1000.010009765625,999.1799926757812,1000.0,1000.0,14472549
2026-07-06,1000.0,1000.0,998.0999755859375,999.989990234375,999.989990234375,10132069
2026-07-07,999.989990234375,1000.010009765625,999.97998046875,1000.0,1000.0,4297354
2026-07-08,1000.0,1000.010009765625,999.989990234375,1000.0,1000.0,3761949
2026-07-09,1000.0,1000.010009765625,999.989990234375,999.989990234375,999.989990234375,2868723
2026-07-10,999.1099853515625,1000.010009765625,999.1099853515625,1000.0,1000.0,3183564
2026-07-13,1000.0,1000.010009765625,999.5,999.989990234375,999.989990234375,2425128
2026-07-14,1000.0,1005.0,999.1099853515625,1000.0,1000.0,2981014
2026-07-15,1000.0,1000.010009765625,999.1099853515625,1000.0,1000.0,3646592
2026-07-16,1000.0,1000.010009765625,999.989990234375,1000.0,1000.0,2299883
2026-07-17,1000.0,1000.010009765625,999.1099853515625,1000.0,1000.0,3514326
2026-07-20,980.0,1002.97998046875,980.0,1000.0,1000.0,3677960
2026-07-21,1001.0,1001.0,999.1099853515625,1000.0,1000.0,2870847
2026-07-22,1000.0,1000.010009765625,999.5999755859375,1000.0,1000.0,2902207
2026-07-23,1000.010009765625,1000.010009765625,999.5999755859375,999.989990234375,999.989990234375,2142786
2026-07-24,1000.0,1000.010009765625,999.989990234375,999.989990234375,999.989990234375,4338278
2026-07-27,1000.969970703125,1000.969970703125,999.989990234375,999.989990234375,999.989990234375,2867011
2026-07-28,975.010009765625,1001.0,975.010009765625,1000.0,1000.0,5583500
2026-07-29,1000.010009765625,1000.010009765625,999.989990234375,1000.0,1000.0,2770512
2026-07-30,1000.010009765625,1000.969970703125,999.989990234375,999.989990234375,999.989990234375,2199229
2026-07-31,1000.0,1000.969970703125,999.989990234375,1000.0,1000.0,2922698
2026-08-03,1000.0,1000.010009765625,999.219970703125,999.989990234375,999.989990234375,2215987
2026-08-04,1001.0,1001.0,999.989990234375,999.989990234375,999.989990234375,2882079
2026-08-05,1002.97998046875,1002.97998046875,999.989990234375,1000.0,1000.0,4078946
2026-08-06,1000.0,1000.010009765625,999.989990234375,999.989990234375,999.989990234375,3520701
2026-08-07,999.989990234375,1000.010009765625,999.989990234375,1000.0,1000.0,3015559
2026-08-10,1000.0,1000.5,999.219970703125,1000.0,1000.0,2962236
2026-08-11,999.989990234375,1000.47998046875,999.989990234375,1000.0,1000.0,3399185
2026-08-12,1000.0,1000.969970703125,999.6099853515625,1000.0,1000.0,1935134
2026-08-13,1000.0,1000.010009765625,999.989990234375,999.989990234375,999.989990234375,4110315
2026-08-14,999.989990234375,1000.010009765625,999.0,1000.0,1000.0,2686770
2026-08-17,999.6199951171875,1000.010009765625,999.6099853515625,999.989990234375,999.989990234375,1913872
2026-08-18,999.989990234375,1000.010009765625,999.989990234375,1000.0,1000.0,2862680
2026-08-19,1000.0,1000.010009765625,999.989990234375,999.989990234375,999.989990234375,2458263
2026-08-20,1000.0,1000.8800048828125,999.989990234375,999.989990234375,999.989990234375,2354078
2026-08-21,1000.0,1000.010009765625,999.989990234375,999.989990234375,999.989990234375,3042098
2026-08-24,1000.0,1000.010009765625,999.6599731445312,999.989990234375,999.989990234375,3643933
2026-08-25,999.989990234375,1000.010009765625,999.6199951171875,1000.0,1000.0,4374134
2026-08-26,1000.77001953125,1000.77001953125,999.989990234375,1000.0,1000.0,3457981
2026-08-27,999.6599731445312,1000.010009765625,999.6599731445312,1000.0,1000.0,4828363
2026-08-28,1000.0,1000.010009765625,999.989990234375,1000.0,1000.0,4166382
2026-08-31,1000.0,1000.010009765625,999.989990234375,999.989990234375,999.989990234375,2735032
2026-09-01,1000.010009765625,1000.010009765625,999.989990234375,1000.0,1000.0,2440409
2026-09-02,1000.0,1000.010009765625,999.989990234375,1000.0,1000.0,2397673
2026-09-03,1000.0,1000.010009765625,999.6199951171875,1000.0,1000.0,2625971
2026-09-04,1020.0,1020.0,999.989990234375,1000.0,1000.0,2607097
2026-09-07,1000.0,1001.0,999.6199951171875,999.989990234375,999.989990234375,3518550
2026-09-08,1000.0,1000.02001953125,999.989990234375,1000.0,1000.0,2577615
2026-09-09,1000.0,1000.010009765625,999.989990234375,999.989990234375,999.989990234375,2370214
2026-09-10,999.989990234375,1000.010009765625,999.989990234375,999.989990234375,999.989990234375,2258098
2026-09-11,1000.0,1000.010009765625,999.6199951171875,1000.0,1000.0,3052115
2026-09-14,1000.0,1000.0,1000.0,1000.0,1000.0,0
2026-09-15,1001.0,1001.0,999.989990234375,999.989990234375,999.989990234375,4879279
2026-09-16,999.989990234375,1000.010009765625,999.989990234375,999.989990234375,999.989990234375,3811884
2026-09-17,1000.0,1000.010009765625,999.989990234375,999.989990234375,999.989990234375,2962685
2026-09-18,999.989990234375,1000.010009765625,999.989990234375,999.989990234375,999.989990234375,6909810
2026-09-21,999.989990234375,1000.010009765625,999.989990234375,1000.0,1000.0,6636668
2026-09-22,1000.0,1000.010009765625,999.219970703125,1000.0,1000.0,2523773
2026-09-23,1000.0,1000.010009765625,999.989990234375,1000.0,1000.0,3252975
2026-09-24,999.989990234375,1000.010009765625,999.989990234375,999.989990234375,999.989990234375,2147668
2026-09-25,999.989990234375,1000.010009765625,999.989990234375,999.989990234375,999.989990234375,4213190
2026-09-28,1000.0,1000.010009765625,999.989990234375,999.989990234375,999.989990234375,3571800
2026-09-29,1000.0,1000.010009765625,994.989990234375,1000.0,1000.0,6333869
2026-10-01,1001.0,1001.0,999.989990234375,999.989990234375,999.989990234375,3513630
