Date,Open,High,Low,Close,Adj Close,Volume
2018-05-11,16.889999389648438,16.889999389648438,16.8799991607666,16.8799991607666,16.8799991607666,29
2018-05-18,16.729999542236328,16.799999237060547,16.719999313354492,16.799999237060547,16.799999237060547,1517
2018-06-01,16.850000381469727,16.850000381469727,16.850000381469727,16.850000381469727,16.850000381469727,640
2018-06-08,16.729999542236328,16.75,16.729999542236328,16.75,16.75,5029
2018-06-15,16.799999237060547,16.799999237060547,16.799999237060547,16.799999237060547,16.799999237060547,24
2018-06-22,16.959999084472656,16.959999084472656,16.920000076293945,16.950000762939453,16.950000762939453,21
2018-06-29,16.850000381469727,16.8700008392334,16.850000381469727,16.8700008392334,16.8700008392334,977
2018-07-06,16.889999389648438,16.889999389648438,16.889999389648438,16.889999389648438,16.889999389648438,926
2018-07-13,17.0,17.0,17.0,17.0,17.0,24
2018-07-20,17.079999923706055,17.079999923706055,17.079999923706055,17.079999923706055,17.079999923706055,30
2018-07-27,17.040000915527344,17.079999923706055,17.040000915527344,17.079999923706055,17.079999923706055,226
2018-08-03,17.110000610351562,17.149999618530273,17.110000610351562,17.149999618530273,17.149999618530273,103
2018-08-10,17.149999618530273,17.149999618530273,17.149999618530273,17.149999618530273,17.149999618530273,135
2018-08-17,17.079999923706055,17.09000015258789,17.079999923706055,17.09000015258789,17.09000015258789,626
2018-08-24,17.079999923706055,17.079999923706055,17.049999237060547,17.049999237060547,17.049999237060547,120
2018-08-31,17.049999237060547,17.049999237060547,17.049999237060547,17.049999237060547,17.049999237060547,20
2018-09-07,16.899999618530273,16.93000030517578,16.899999618530273,16.93000030517578,16.93000030517578,147
2018-09-14,16.899999618530273,16.90999984741211,16.899999618530273,16.90999984741211,16.90999984741211,5019
2018-09-21,16.950000762939453,17.010000228881836,16.950000762939453,17.010000228881836,17.010000228881836,1811
2018-09-28,17.079999923706055,17.079999923706055,17.079999923706055,17.079999923706055,17.079999923706055,4654
2018-10-05,16.979999542236328,17.06999969482422,16.940000534057617,16.959999084472656,16.959999084472656,1528
2018-10-12,17.190000534057617,17.190000534057617,17.149999618530273,17.149999618530273,17.149999618530273,1200
2018-10-19,17.299999237060547,17.309999465942383,17.299999237060547,17.299999237060547,17.299999237060547,100
2018-10-26,17.3700008392334,17.3700008392334,17.329999923706055,17.329999923706055,17.329999923706055,2715
2018-11-02,17.420000076293945,17.530000686645508,17.420000076293945,17.510000228881836,17.510000228881836,571
2018-11-09,17.510000228881836,17.559999465942383,17.510000228881836,17.559999465942383,17.559999465942383,1638
2018-11-16,17.6299991607666,17.6299991607666,17.579999923706055,17.6299991607666,17.6299991607666,3505
2018-11-22,17.6299991607666,17.639999389648438,17.6299991607666,17.639999389648438,17.639999389648438,0
2018-11-30,17.799999237060547,17.829999923706055,17.799999237060547,17.799999237060547,17.799999237060547,4011
2018-12-07,18.020000457763672,18.059999465942383,18.020000457763672,18.020000457763672,18.020000457763672,31
2018-12-14,18.010000228881836,18.06999969482422,18.010000228881836,18.059999465942383,18.059999465942383,10155
2018-12-21,18.219999313354492,18.270000457763672,18.209999084472656,18.209999084472656,18.209999084472656,3430
2018-12-28,18.0,18.299999237060547,18.0,18.299999237060547,18.299999237060547,52067
2019-01-04,18.110000610351562,18.15999984741211,18.110000610351562,18.149999618530273,18.149999618530273,206
2019-06-20,19.40999984741211,19.510000228881836,19.3700008392334,19.5,19.5,7407
2019-06-21,19.420000076293945,19.420000076293945,19.350000381469727,19.350000381469727,19.350000381469727,25291
2019-06-24,19.899999618530273,20.399999618530273,19.34000015258789,19.3799991607666,19.3799991607666,12515
2019-06-25,19.399999618530273,19.399999618530273,19.3799991607666,19.3799991607666,19.3799991607666,19036
2019-06-26,19.34000015258789,19.34000015258789,19.299999237060547,19.299999237060547,19.299999237060547,1176
2019-06-27,19.34000015258789,19.3700008392334,19.31999969482422,19.350000381469727,19.350000381469727,24474
2019-06-28,19.3799991607666,19.399999618530273,19.3799991607666,19.399999618530273,19.399999618530273,21247
2019-07-01,19.34000015258789,19.389999389648438,19.34000015258789,19.389999389648438,19.389999389648438,1367
2019-07-02,19.43000030517578,19.450000762939453,19.40999984741211,19.43000030517578,19.43000030517578,13086
2019-07-03,19.489999771118164,19.5,19.450000762939453,19.489999771118164,19.489999771118164,5556
2019-07-04,19.489999771118164,19.489999771118164,19.489999771118164,19.489999771118164,19.489999771118164,548
2019-07-05,19.56999969482422,19.690000534057617,19.530000686645508,19.639999389648438,19.639999389648438,6292
2019-07-08,19.719999313354492,19.729999542236328,19.709999084472656,19.729999542236328,19.729999542236328,24518
2019-07-09,19.809999465942383,19.809999465942383,19.780000686645508,19.780000686645508,19.780000686645508,14404
2019-07-10,19.799999237060547,19.8700008392334,19.790000915527344,19.809999465942383,19.809999465942383,39310
2019-07-11,19.81999969482422,19.899999618530273,19.81999969482422,19.899999618530273,19.899999618530273,5662
2019-07-12,19.920000076293945,19.969999313354492,19.899999618530273,19.969999313354492,19.969999313354492,34850
2019-07-15,19.989999771118164,20.020000457763672,19.940000534057617,20.010000228881836,20.010000228881836,3004
2019-07-16,20.030000686645508,20.1299991607666,20.030000686645508,20.100000381469727,20.100000381469727,9858
2019-07-17,20.170000076293945,20.170000076293945,20.020000457763672,20.020000457763672,20.020000457763672,15099
2019-07-18,20.100000381469727,20.100000381469727,19.100000381469727,19.969999313354492,19.969999313354492,35487
2019-07-19,20.06999969482422,20.09000015258789,20.049999237060547,20.09000015258789,20.09000015258789,10672
2019-07-22,20.059999465942383,20.059999465942383,19.969999313354492,20.030000686645508,20.030000686645508,10973
2019-07-23,20.030000686645508,20.030000686645508,20.0,20.010000228881836,20.010000228881836,667
2019-07-24,19.969999313354492,19.989999771118164,19.920000076293945,19.989999771118164,19.989999771118164,11617
2019-07-25,19.979999542236328,19.979999542236328,19.81999969482422,19.850000381469727,19.850000381469727,3110
2019-07-26,19.850000381469727,19.8799991607666,19.829999923706055,19.860000610351562,19.860000610351562,2366
2019-07-29,19.93000030517578,19.969999313354492,19.8799991607666,19.959999084472656,19.959999084472656,1026
2019-07-30,19.979999542236328,20.0,19.93000030517578,19.950000762939453,19.950000762939453,14968
2019-07-31,20.0,20.049999237060547,19.979999542236328,20.049999237060547,20.049999237060547,7394
2019-08-01,20.030000686645508,20.030000686645508,19.979999542236328,19.989999771118164,19.989999771118164,6662
2019-08-02,20.059999465942383,20.139999389648438,20.049999237060547,20.079999923706055,20.079999923706055,47410
2019-08-05,20.100000381469727,20.1299991607666,20.049999237060547,20.110000610351562,20.110000610351562,30287
2019-08-06,20.06999969482422,20.15999984741211,20.059999465942383,20.15999984741211,20.15999984741211,21868
2019-08-07,20.18000030517578,20.270000457763672,20.100000381469727,20.149999618530273,20.149999618530273,7423
2019-08-08,20.200000762939453,20.200000762939453,20.149999618530273,20.18000030517578,20.18000030517578,1535
2019-08-09,20.15999984741211,20.15999984741211,19.979999542236328,20.049999237060547,20.049999237060547,13105
2019-08-13,20.010000228881836,20.040000915527344,19.969999313354492,20.0,20.0,5937
2019-08-14,19.959999084472656,19.959999084472656,19.850000381469727,19.899999618530273,19.899999618530273,13320
2019-08-16,19.93000030517578,19.989999771118164,19.899999618530273,19.989999771118164,19.989999771118164,3167
2019-08-19,19.940000534057617,19.979999542236328,19.940000534057617,19.979999542236328,19.979999542236328,27778
2019-08-20,19.899999618530273,19.950000762939453,19.8799991607666,19.920000076293945,19.920000076293945,15778
2019-08-21,19.969999313354492,20.020000457763672,19.93000030517578,20.020000457763672,20.020000457763672,3229
2019-08-22,20.020000457763672,20.040000915527344,19.979999542236328,20.030000686645508,20.030000686645508,6454
2019-08-23,20.020000457763672,20.040000915527344,19.969999313354492,20.030000686645508,20.030000686645508,6516
2019-08-26,20.06999969482422,20.100000381469727,20.030000686645508,20.06999969482422,20.06999969482422,13322
2019-08-27,20.200000762939453,20.209999084472656,20.1299991607666,20.139999389648438,20.139999389648438,42689
2019-08-28,20.110000610351562,20.110000610351562,20.059999465942383,20.06999969482422,20.06999969482422,8441
2019-08-29,20.040000915527344,20.049999237060547,20.0,20.0,20.0,10288
2019-08-30,20.06999969482422,20.09000015258789,20.049999237060547,20.079999923706055,20.079999923706055,10011
2019-09-03,20.079999923706055,20.110000610351562,20.049999237060547,20.110000610351562,20.110000610351562,7348
2019-09-04,20.100000381469727,20.139999389648438,20.059999465942383,20.1200008392334,20.1200008392334,15288
2019-09-05,20.06999969482422,20.06999969482422,20.040000915527344,20.06999969482422,20.06999969482422,5797
2019-09-06,20.06999969482422,20.06999969482422,20.030000686645508,20.049999237060547,20.049999237060547,5197
2019-09-09,20.020000457763672,20.079999923706055,20.020000457763672,20.079999923706055,20.079999923706055,3392
2019-09-11,20.079999923706055,20.079999923706055,20.0,20.0,20.0,9821
2019-09-12,19.979999542236328,20.020000457763672,19.920000076293945,19.969999313354492,19.969999313354492,12197
2019-09-13,20.190000534057617,20.190000534057617,19.93000030517578,19.969999313354492,19.969999313354492,6517
2019-09-16,19.969999313354492,19.979999542236328,19.90999984741211,19.90999984741211,19.90999984741211,13253
2019-09-17,19.940000534057617,19.979999542236328,19.90999984741211,19.979999542236328,19.979999542236328,4912
2019-09-18,19.899999618530273,20.0,19.899999618530273,20.0,20.0,15544
2019-09-19,19.950000762939453,20.200000762939453,19.950000762939453,20.059999465942383,20.059999465942383,44264
2019-09-20,20.09000015258789,20.110000610351562,19.799999237060547,19.850000381469727,19.850000381469727,14071
2019-09-23,19.790000915527344,19.860000610351562,19.780000686645508,19.790000915527344,19.790000915527344,41632
2019-09-24,20.100000381469727,20.100000381469727,19.799999237060547,19.84000015258789,19.84000015258789,6664
2019-09-25,19.850000381469727,19.8799991607666,19.84000015258789,19.8700008392334,19.8700008392334,705
2019-09-26,19.850000381469727,19.899999618530273,19.84000015258789,19.889999389648438,19.889999389648438,1129
2019-09-27,19.899999618530273,19.920000076293945,19.84000015258789,19.84000015258789,19.84000015258789,47262
2019-09-30,19.93000030517578,19.969999313354492,19.899999618530273,19.959999084472656,19.959999084472656,21018
2019-10-01,19.950000762939453,20.030000686645508,19.920000076293945,20.020000457763672,20.020000457763672,12205
2019-10-03,20.09000015258789,20.1200008392334,20.049999237060547,20.079999923706055,20.079999923706055,12890
2019-10-04,20.079999923706055,20.139999389648438,20.040000915527344,20.09000015258789,20.09000015258789,15224
2019-10-07,24.0,24.0,20.0,20.049999237060547,20.049999237060547,15592
2019-10-09,20.1200008392334,20.1200008392334,19.989999771118164,20.06999969482422,20.06999969482422,5682
2019-10-10,20.06999969482422,20.06999969482422,19.989999771118164,19.989999771118164,19.989999771118164,2008
2019-10-11,20.030000686645508,20.030000686645508,19.950000762939453,20.010000228881836,20.010000228881836,2302
2019-10-14,20.0,20.0,16.600000381469727,19.989999771118164,19.989999771118164,7352
2019-10-15,20.0,20.059999465942383,20.0,20.059999465942383,20.059999465942383,1475
2019-10-16,20.010000228881836,20.059999465942383,20.010000228881836,20.040000915527344,20.040000915527344,14606
2019-10-17,20.049999237060547,20.059999465942383,20.0,20.030000686645508,20.030000686645508,7186
2019-10-18,20.010000228881836,20.030000686645508,19.979999542236328,20.010000228881836,20.010000228881836,2762
2019-10-22,20.040000915527344,20.049999237060547,19.989999771118164,20.010000228881836,20.010000228881836,21013
2019-10-23,20.049999237060547,20.049999237060547,20.0,20.030000686645508,20.030000686645508,2250
2019-10-24,20.020000457763672,20.06999969482422,20.0,20.010000228881836,20.010000228881836,2089
2019-10-25,20.020000457763672,20.059999465942383,20.020000457763672,20.040000915527344,20.040000915527344,6019
2019-10-27,20.040000915527344,22.0,20.040000915527344,20.1200008392334,20.1200008392334,24068
2019-10-29,20.1200008392334,20.1200008392334,20.040000915527344,20.059999465942383,20.059999465942383,14329
2019-10-30,20.200000762939453,20.899999618530273,20.059999465942383,20.059999465942383,20.059999465942383,11697
2019-10-31,20.110000610351562,20.139999389648438,20.09000015258789,20.09000015258789,20.09000015258789,66883
2019-11-01,20.1200008392334,20.15999984741211,20.110000610351562,20.1200008392334,20.1200008392334,847
2019-11-04,20.1200008392334,20.149999618530273,20.1200008392334,20.1200008392334,20.1200008392334,5261
2019-11-05,20.1299991607666,20.1299991607666,20.110000610351562,20.110000610351562,20.110000610351562,81900
2019-11-06,20.09000015258789,20.1200008392334,20.09000015258789,20.1200008392334,20.1200008392334,2905
2019-11-07,20.1200008392334,20.139999389648438,20.1200008392334,20.1200008392334,20.1200008392334,31265
2019-11-08,20.100000381469727,20.100000381469727,20.049999237060547,20.049999237060547,20.049999237060547,2407
2019-11-11,21.3700008392334,21.3700008392334,20.010000228881836,20.049999237060547,20.049999237060547,17989
2019-11-13,20.100000381469727,20.100000381469727,20.030000686645508,20.09000015258789,20.09000015258789,3039
2019-11-14,20.049999237060547,20.1299991607666,20.049999237060547,20.1299991607666,20.1299991607666,17734
2019-11-15,20.079999923706055,20.139999389648438,20.079999923706055,20.139999389648438,20.139999389648438,981
2019-11-18,20.200000762939453,20.799999237060547,20.1200008392334,20.18000030517578,20.18000030517578,16828
2019-11-19,20.18000030517578,20.219999313354492,20.170000076293945,20.170000076293945,20.170000076293945,1367
2019-11-20,20.200000762939453,20.239999771118164,20.200000762939453,20.219999313354492,20.219999313354492,5208
2019-11-21,20.200000762939453,20.280000686645508,20.200000762939453,20.280000686645508,20.280000686645508,86429
2019-11-22,20.170000076293945,20.229999542236328,20.170000076293945,20.18000030517578,20.18000030517578,642
2019-11-25,20.190000534057617,20.260000228881836,20.190000534057617,20.209999084472656,20.209999084472656,29082
2019-11-26,20.209999084472656,20.260000228881836,20.209999084472656,20.260000228881836,20.260000228881836,1238
2019-11-27,20.25,20.25,20.190000534057617,20.25,20.25,298
2019-11-28,20.209999084472656,20.270000457763672,20.209999084472656,20.270000457763672,20.270000457763672,600
2019-11-29,20.270000457763672,20.270000457763672,20.209999084472656,20.209999084472656,20.209999084472656,9796
2019-12-02,20.0,20.260000228881836,19.200000762939453,20.209999084472656,20.209999084472656,23364
2019-12-03,20.149999618530273,20.239999771118164,20.149999618530273,20.200000762939453,20.200000762939453,504
2019-12-04,20.280000686645508,20.280000686645508,20.229999542236328,20.229999542236328,20.229999542236328,91
2019-12-05,20.229999542236328,20.389999389648438,20.059999465942383,20.1200008392334,20.1200008392334,21958
2019-12-06,20.0,20.079999923706055,19.0,20.049999237060547,20.049999237060547,9232
2019-12-09,20.020000457763672,20.100000381469727,20.020000457763672,20.100000381469727,20.100000381469727,96118
2019-12-10,21.3700008392334,21.3700008392334,19.989999771118164,20.06999969482422,20.06999969482422,1976
2019-12-11,20.010000228881836,20.059999465942383,20.0,20.0,20.0,123260
2019-12-12,19.969999313354492,20.049999237060547,19.969999313354492,20.049999237060547,20.049999237060547,102506
2019-12-13,19.90999984741211,19.90999984741211,19.84000015258789,19.899999618530273,19.899999618530273,4106
2019-12-16,20.0,20.0,19.81999969482422,19.889999389648438,19.889999389648438,1168
2019-12-17,19.899999618530273,19.979999542236328,19.889999389648438,19.889999389648438,19.889999389648438,109979
2019-12-18,19.979999542236328,19.979999542236328,19.8799991607666,19.90999984741211,19.90999984741211,1045
2019-12-19,19.940000534057617,20.0,19.940000534057617,20.0,20.0,112
2019-12-20,20.06999969482422,20.170000076293945,20.010000228881836,20.170000076293945,20.170000076293945,5003
2019-12-23,20.1299991607666,20.200000762939453,20.1299991607666,20.18000030517578,20.18000030517578,3656
2019-12-24,20.18000030517578,20.239999771118164,20.15999984741211,20.209999084472656,20.209999084472656,17101
2019-12-26,20.15999984741211,20.209999084472656,20.15999984741211,20.209999084472656,20.209999084472656,3143
2019-12-27,20.229999542236328,20.280000686645508,20.229999542236328,20.280000686645508,20.280000686645508,7371
2019-12-30,20.229999542236328,20.270000457763672,20.219999313354492,20.260000228881836,20.260000228881836,1348
2019-12-31,20.200000762939453,20.260000228881836,20.190000534057617,20.25,20.25,19499
2020-01-01,20.200000762939453,20.31999969482422,20.200000762939453,20.31999969482422,20.31999969482422,20937
2020-01-02,20.329999923706055,20.34000015258789,20.280000686645508,20.329999923706055,20.329999923706055,12011
2020-01-03,20.360000610351562,20.360000610351562,20.299999237060547,20.360000610351562,20.360000610351562,11202
2020-01-06,20.34000015258789,20.34000015258789,20.229999542236328,20.299999237060547,20.299999237060547,76642
2020-01-07,20.399999618530273,20.799999237060547,20.209999084472656,20.219999313354492,20.219999313354492,34949
2020-01-08,20.260000228881836,20.260000228881836,20.209999084472656,20.219999313354492,20.219999313354492,7390
2020-01-09,20.25,20.280000686645508,20.200000762939453,20.280000686645508,20.280000686645508,8023
2020-01-10,20.219999313354492,20.260000228881836,20.200000762939453,20.200000762939453,20.200000762939453,18408
2020-01-13,20.219999313354492,20.239999771118164,20.18000030517578,20.219999313354492,20.219999313354492,11102
2020-01-14,20.170000076293945,20.170000076293945,20.100000381469727,20.1299991607666,20.1299991607666,15334
2020-01-15,20.139999389648438,20.170000076293945,20.1200008392334,20.170000076293945,20.170000076293945,11886
2020-01-16,20.170000076293945,20.219999313354492,20.149999618530273,20.170000076293945,20.170000076293945,27931
2020-01-17,20.170000076293945,20.239999771118164,20.170000076293945,20.18000030517578,20.18000030517578,5335
2020-01-20,20.149999618530273,20.260000228881836,20.0,20.260000228881836,20.260000228881836,45389
2020-01-21,20.260000228881836,20.260000228881836,20.200000762939453,20.200000762939453,20.200000762939453,4339
2020-01-22,20.25,20.25,20.190000534057617,20.229999542236328,20.229999542236328,3373
2020-01-23,20.899999618530273,21.600000381469727,20.190000534057617,20.219999313354492,20.219999313354492,19356
2020-01-24,20.239999771118164,20.299999237060547,20.239999771118164,20.299999237060547,20.299999237060547,14779
2020-01-27,20.299999237060547,20.3700008392334,20.299999237060547,20.3700008392334,20.3700008392334,23422
2020-01-28,20.360000610351562,20.360000610351562,20.290000915527344,20.350000381469727,20.350000381469727,6818
2020-01-29,20.290000915527344,20.350000381469727,20.280000686645508,20.350000381469727,20.350000381469727,18841
2020-01-30,20.34000015258789,20.360000610351562,20.299999237060547,20.350000381469727,20.350000381469727,4742
2020-01-31,20.270000457763672,20.31999969482422,20.260000228881836,20.270000457763672,20.270000457763672,6469
2020-02-03,20.360000610351562,20.450000762939453,20.360000610351562,20.43000030517578,20.43000030517578,8308
2020-02-04,20.440000534057617,20.489999771118164,20.440000534057617,20.489999771118164,20.489999771118164,9328
2020-02-05,20.489999771118164,23.0,20.43000030517578,20.489999771118164,20.489999771118164,88766
2020-02-06,20.399999618530273,20.579999923706055,20.399999618530273,20.530000686645508,20.530000686645508,13376
2020-02-07,20.579999923706055,20.6299991607666,20.56999969482422,20.56999969482422,20.56999969482422,7497
2020-02-10,20.0,20.639999389648438,20.0,20.6299991607666,20.6299991607666,13987
2020-02-11,20.6299991607666,20.6299991607666,20.549999237060547,20.549999237060547,20.549999237060547,4236
2020-02-12,20.59000015258789,20.59000015258789,20.549999237060547,20.549999237060547,20.549999237060547,1339
2020-02-13,20.0,20.610000610351562,20.0,20.59000015258789,20.59000015258789,22929
2020-02-14,20.6299991607666,20.68000030517578,20.6299991607666,20.649999618530273,20.649999618530273,2440
2020-02-17,20.709999084472656,20.790000915527344,20.690000534057617,20.75,20.75,45493
2020-02-18,20.739999771118164,20.739999771118164,20.690000534057617,20.739999771118164,20.739999771118164,2371
2020-02-19,20.5,20.850000381469727,20.399999618530273,20.84000015258789,20.84000015258789,9144
2020-02-20,20.739999771118164,20.770000457763672,20.690000534057617,20.75,20.75,149122
2020-02-24,20.75,20.809999465942383,20.700000762939453,20.75,20.75,24169
2020-02-25,20.729999542236328,20.780000686645508,20.729999542236328,20.75,20.75,3493
2020-02-26,20.809999465942383,20.829999923706055,20.739999771118164,20.829999923706055,20.829999923706055,1498
2020-02-27,20.81999969482422,20.84000015258789,20.729999542236328,20.84000015258789,20.84000015258789,16932
2020-02-28,20.75,20.84000015258789,20.649999618530273,20.799999237060547,20.799999237060547,72492
2020-03-02,20.0,20.829999923706055,20.0,20.799999237060547,20.799999237060547,41158
2020-03-03,20.770000457763672,20.81999969482422,20.760000228881836,20.760000228881836,20.760000228881836,29930
2020-03-04,20.81999969482422,20.969999313354492,20.81999969482422,20.90999984741211,20.90999984741211,13411
2020-03-05,20.899999618530273,20.989999771118164,20.899999618530273,20.950000762939453,20.950000762939453,89586
2020-03-06,20.979999542236328,21.040000915527344,20.969999313354492,20.979999542236328,20.979999542236328,29600
2020-03-09,21.190000534057617,21.219999313354492,21.1299991607666,21.139999389648438,21.139999389648438,39882
2020-03-11,21.15999984741211,21.15999984741211,21.040000915527344,21.079999923706055,21.079999923706055,12045
2020-03-12,21.040000915527344,21.040000915527344,20.920000076293945,20.969999313354492,20.969999313354492,44697
2020-03-13,20.899999618530273,20.90999984741211,20.860000610351562,20.860000610351562,20.860000610351562,35613
2020-03-16,20.860000610351562,25.110000610351562,17.100000381469727,24.90999984741211,24.90999984741211,363741
2020-03-17,24.899999618530273,24.90999984741211,20.829999923706055,20.8700008392334,20.8700008392334,348924
2020-03-18,20.93000030517578,20.940000534057617,20.799999237060547,20.899999618530273,20.899999618530273,106875
2020-03-19,20.799999237060547,20.799999237060547,20.100000381469727,20.780000686645508,20.780000686645508,35425
2020-03-20,20.700000762939453,20.950000762939453,20.6299991607666,20.729999542236328,20.729999542236328,59991
2020-03-23,20.979999542236328,24.5,17.0,20.719999313354492,20.719999313354492,62319
2020-03-24,19.5,20.950000762939453,17.700000762939453,19.229999542236328,19.229999542236328,3204
2020-03-25,19.25,23.0,19.25,21.790000915527344,21.790000915527344,55909
2020-03-26,22.0,22.0,20.950000762939453,21.09000015258789,21.09000015258789,14263
2020-03-27,20.959999084472656,21.100000381469727,20.0,20.850000381469727,20.850000381469727,252849
2020-03-30,20.700000762939453,21.350000381469727,20.0,21.020000457763672,21.020000457763672,47448
2020-03-31,21.020000457763672,21.059999465942383,20.760000228881836,20.969999313354492,20.969999313354492,92831
2020-04-01,20.969999313354492,21.200000762939453,20.850000381469727,21.06999969482422,21.06999969482422,27362
2020-04-03,21.350000381469727,21.350000381469727,20.799999237060547,20.920000076293945,20.920000076293945,36676
2020-04-07,20.75,22.110000610351562,20.700000762939453,20.75,20.75,105260
2020-04-08,20.850000381469727,20.850000381469727,20.579999923706055,20.6200008392334,20.6200008392334,53160
2020-04-09,20.75,20.950000762939453,20.59000015258789,20.780000686645508,20.780000686645508,59599
2020-04-13,20.5,20.729999542236328,20.5,20.719999313354492,20.719999313354492,186341
2020-04-15,20.719999313354492,20.8799991607666,20.549999237060547,20.780000686645508,20.780000686645508,54661
2020-04-16,20.6299991607666,20.81999969482422,20.6299991607666,20.739999771118164,20.739999771118164,8531
2020-04-17,21.0,21.0,20.5,20.610000610351562,20.610000610351562,334714
2020-04-20,21.0,21.25,20.65999984741211,21.209999084472656,21.209999084472656,254541
2020-04-21,21.0,21.299999237060547,21.0,21.25,21.25,36499
2020-04-22,21.350000381469727,21.350000381469727,21.010000228881836,21.190000534057617,21.190000534057617,243692
2020-04-23,21.010000228881836,21.5,21.010000228881836,21.200000762939453,21.200000762939453,75361
2020-04-24,21.399999618530273,21.450000762939453,21.149999618530273,21.3799991607666,21.3799991607666,11210
2020-04-27,23.0,23.0,17.6200008392334,21.15999984741211,21.15999984741211,19478
2020-04-28,21.0,21.350000381469727,21.0,21.1299991607666,21.1299991607666,9959
2020-04-29,20.799999237060547,25.0,19.100000381469727,21.25,21.25,33577
2020-04-30,21.0,21.489999771118164,21.0,21.309999465942383,21.309999465942383,28329
2020-05-04,21.309999465942383,21.489999771118164,21.270000457763672,21.479999542236328,21.479999542236328,19598
2020-05-05,22.0,22.0,21.360000610351562,21.459999084472656,21.459999084472656,115647
2020-05-06,21.459999084472656,21.59000015258789,21.299999237060547,21.56999969482422,21.56999969482422,36900
2020-05-07,21.649999618530273,21.649999618530273,21.270000457763672,21.5,21.5,23217
2020-05-08,25.0,25.0,21.399999618530273,21.93000030517578,21.93000030517578,133680
2020-05-11,25.5,25.5,21.420000076293945,21.700000762939453,21.700000762939453,69143
2020-05-12,21.829999923706055,22.299999237060547,21.43000030517578,21.920000076293945,21.920000076293945,16162
2020-05-13,21.700000762939453,21.770000457763672,21.209999084472656,21.600000381469727,21.600000381469727,21326
2020-05-14,21.6200008392334,21.700000762939453,21.5,21.540000915527344,21.540000915527344,11006
2020-05-15,21.520000457763672,22.0,21.5,21.59000015258789,21.59000015258789,91911
2020-05-18,21.5,21.68000030517578,21.40999984741211,21.670000076293945,21.670000076293945,20524
2020-05-19,21.450000762939453,21.700000762939453,21.450000762939453,21.68000030517578,21.68000030517578,14937
2020-05-20,21.690000534057617,22.25,21.5,21.739999771118164,21.739999771118164,84615
2020-05-21,21.520000457763672,21.790000915527344,21.520000457763672,21.729999542236328,21.729999542236328,27541
2020-05-22,21.790000915527344,22.020000457763672,21.649999618530273,21.969999313354492,21.969999313354492,156582
2020-05-26,21.969999313354492,22.0,21.6299991607666,21.75,21.75,13493
2020-05-27,21.639999389648438,22.020000457763672,21.510000228881836,21.8799991607666,21.8799991607666,30491
2020-05-28,21.950000762939453,22.0,21.799999237060547,21.850000381469727,21.850000381469727,24083
2020-05-29,21.799999237060547,22.15999984741211,21.799999237060547,21.989999771118164,21.989999771118164,40372
2020-06-01,21.709999084472656,21.899999618530273,21.649999618530273,21.770000457763672,21.770000457763672,31601
2020-06-02,21.719999313354492,21.729999542236328,21.520000457763672,21.649999618530273,21.649999618530273,96377
2020-06-03,21.559999465942383,21.799999237060547,21.5,21.6200008392334,21.6200008392334,39276
2020-06-04,21.75,21.760000228881836,21.540000915527344,21.719999313354492,21.719999313354492,17803
2020-06-05,21.649999618530273,21.889999389648438,21.56999969482422,21.690000534057617,21.690000534057617,102807
2020-06-08,21.690000534057617,21.690000534057617,21.549999237060547,21.649999618530273,21.649999618530273,58976
2020-06-09,21.510000228881836,21.649999618530273,21.510000228881836,21.639999389648438,21.639999389648438,27837
2020-06-10,21.6299991607666,21.700000762939453,21.549999237060547,21.59000015258789,21.59000015258789,19942
2020-06-11,21.540000915527344,21.739999771118164,21.149999618530273,21.709999084472656,21.709999084472656,11407
2020-06-12,21.709999084472656,21.780000686645508,21.56999969482422,21.6200008392334,21.6200008392334,11630
2020-06-15,21.6200008392334,21.850000381469727,21.600000381469727,21.700000762939453,21.700000762939453,17155
2020-06-16,21.760000228881836,21.809999465942383,21.56999969482422,21.649999618530273,21.649999618530273,20093
2020-06-17,21.780000686645508,21.780000686645508,21.6200008392334,21.68000030517578,21.68000030517578,9932
2020-06-18,21.75,21.75,21.559999465942383,21.700000762939453,21.700000762939453,22309
2020-06-22,21.790000915527344,21.809999465942383,21.520000457763672,21.770000457763672,21.770000457763672,86015
2020-06-23,21.770000457763672,21.770000457763672,21.690000534057617,21.719999313354492,21.719999313354492,16743
2020-06-24,21.719999313354492,21.760000228881836,21.68000030517578,21.739999771118164,21.739999771118164,23521
2020-06-25,22.0,22.0,21.639999389648438,21.739999771118164,21.739999771118164,5660
2020-06-26,21.739999771118164,21.799999237060547,21.690000534057617,21.739999771118164,21.739999771118164,9290
2020-06-29,21.799999237060547,21.799999237060547,20.100000381469727,21.770000457763672,21.770000457763672,50328
2020-06-30,21.690000534057617,21.81999969482422,21.690000534057617,21.729999542236328,21.729999542236328,76463
2020-07-01,21.600000381469727,21.860000610351562,21.600000381469727,21.850000381469727,21.850000381469727,29106
2020-07-02,21.899999618530273,21.899999618530273,21.760000228881836,21.809999465942383,21.809999465942383,8742
2020-07-06,21.799999237060547,23.799999237060547,21.799999237060547,21.940000534057617,21.940000534057617,127385
2020-07-07,21.899999618530273,22.399999618530273,21.809999465942383,21.899999618530273,21.899999618530273,26174
2020-07-08,22.0,22.010000228881836,21.84000015258789,21.950000762939453,21.950000762939453,26771
2020-07-09,25.0,25.0,21.860000610351562,21.959999084472656,21.959999084472656,13273
2020-07-10,25.0,25.0,21.8799991607666,22.040000915527344,22.040000915527344,25511
2020-07-13,22.0,22.06999969482422,21.950000762939453,22.040000915527344,22.040000915527344,39575
2020-07-14,22.049999237060547,22.100000381469727,21.93000030517578,22.0,22.0,10627
2020-07-15,22.0,22.0,21.90999984741211,21.940000534057617,21.940000534057617,7290
2020-07-16,21.920000076293945,22.020000457763672,21.920000076293945,21.959999084472656,21.959999084472656,7349
2020-07-17,21.959999084472656,22.059999465942383,21.959999084472656,21.989999771118164,21.989999771118164,7709
2020-07-20,21.950000762939453,22.06999969482422,21.950000762939453,22.020000457763672,22.020000457763672,88266
2020-07-21,22.06999969482422,23.899999618530273,21.959999084472656,23.270000457763672,23.270000457763672,197806
2020-07-22,23.899999618530273,23.899999618530273,22.209999084472656,22.540000915527344,22.540000915527344,10763
2020-07-23,25.0,25.0,22.0,22.079999923706055,22.079999923706055,39198
2020-07-24,22.100000381469727,22.100000381469727,22.020000457763672,22.06999969482422,22.06999969482422,26587
2020-07-27,22.06999969482422,22.100000381469727,21.979999542236328,21.989999771118164,21.989999771118164,25939
2020-07-28,22.040000915527344,22.040000915527344,21.969999313354492,21.989999771118164,21.989999771118164,14272
2020-07-29,21.989999771118164,22.06999969482422,21.950000762939453,21.979999542236328,21.979999542236328,39274
2020-07-30,25.0,25.0,21.90999984741211,22.049999237060547,22.049999237060547,19876
2020-07-31,22.06999969482422,22.06999969482422,21.969999313354492,21.969999313354492,21.969999313354492,32977
2020-08-03,18.0,22.049999237060547,18.0,22.030000686645508,22.030000686645508,23233
2020-08-04,21.5,22.040000915527344,18.549999237060547,22.030000686645508,22.030000686645508,9455
2020-08-05,22.049999237060547,22.06999969482422,21.979999542236328,21.989999771118164,21.989999771118164,132891
2020-08-06,22.0,22.09000015258789,21.93000030517578,22.0,22.0,10730
2020-08-07,21.899999618530273,22.0,21.899999618530273,21.940000534057617,21.940000534057617,17436
2020-08-10,21.5,21.969999313354492,21.5,21.90999984741211,21.90999984741211,43205
2020-08-11,25.0,25.0,21.860000610351562,21.920000076293945,21.920000076293945,95620
2020-08-12,22.0,22.0,21.899999618530273,22.0,22.0,10353
2020-08-13,22.0,22.0,21.920000076293945,21.959999084472656,21.959999084472656,7574
2020-08-14,25.0,25.0,21.8799991607666,21.969999313354492,21.969999313354492,14518
2020-08-17,21.969999313354492,21.969999313354492,21.860000610351562,21.950000762939453,21.950000762939453,49011
2020-08-18,21.899999618530273,21.979999542236328,21.860000610351562,21.959999084472656,21.959999084472656,19854
2020-08-19,21.959999084472656,23.0,21.860000610351562,21.8799991607666,21.8799991607666,35248
2020-08-20,18.649999618530273,25.0,18.649999618530273,21.899999618530273,21.899999618530273,113930
2020-08-21,21.81999969482422,21.90999984741211,21.68000030517578,21.799999237060547,21.799999237060547,33673
2020-08-24,21.68000030517578,21.75,21.549999237060547,21.559999465942383,21.559999465942383,21490
2020-08-25,21.559999465942383,21.649999618530273,21.559999465942383,21.600000381469727,21.600000381469727,12987
2020-08-26,21.610000610351562,21.670000076293945,21.549999237060547,21.559999465942383,21.559999465942383,13627
2020-08-27,21.6299991607666,21.639999389648438,21.559999465942383,21.559999465942383,21.559999465942383,46284
2020-08-28,21.579999923706055,21.639999389648438,21.559999465942383,21.639999389648438,21.639999389648438,16408
2020-08-31,21.75,21.75,21.579999923706055,21.610000610351562,21.610000610351562,102348
2020-09-01,21.639999389648438,21.950000762939453,21.639999389648438,21.850000381469727,21.850000381469727,73396
2020-09-02,21.850000381469727,22.0,21.850000381469727,21.889999389648438,21.889999389648438,79246
2020-09-03,21.959999084472656,22.0,21.8700008392334,21.920000076293945,21.920000076293945,80113
2020-09-04,21.940000534057617,22.010000228881836,21.90999984741211,21.920000076293945,21.920000076293945,55414
2020-09-07,22.010000228881836,22.010000228881836,21.81999969482422,21.899999618530273,21.899999618530273,145005
2020-09-08,21.8700008392334,21.920000076293945,21.780000686645508,21.780000686645508,21.780000686645508,27092
2020-09-09,21.780000686645508,21.920000076293945,21.780000686645508,21.90999984741211,21.90999984741211,9896
2020-09-10,21.90999984741211,21.93000030517578,21.790000915527344,21.809999465942383,21.809999465942383,17722
2020-09-11,21.90999984741211,21.90999984741211,21.799999237060547,21.81999969482422,21.81999969482422,10559
2020-09-14,21.809999465942383,21.899999618530273,21.809999465942383,21.889999389648438,21.889999389648438,18418
2020-09-15,21.799999237060547,21.920000076293945,21.790000915527344,21.899999618530273,21.899999618530273,12950
2020-09-16,25.0,25.0,21.829999923706055,21.93000030517578,21.93000030517578,14991
2020-09-17,21.93000030517578,21.950000762939453,21.860000610351562,21.889999389648438,21.889999389648438,18602
2020-09-18,21.899999618530273,21.93000030517578,21.84000015258789,21.920000076293945,21.920000076293945,17127
2020-09-21,21.90999984741211,21.969999313354492,21.84000015258789,21.940000534057617,21.940000534057617,83391
2020-09-22,21.90999984741211,21.920000076293945,21.829999923706055,21.899999618530273,21.899999618530273,12501
2020-09-23,21.84000015258789,21.93000030517578,21.84000015258789,21.850000381469727,21.850000381469727,21481
2020-09-24,21.850000381469727,21.920000076293945,21.829999923706055,21.829999923706055,21.829999923706055,17202
2020-09-25,21.940000534057617,21.940000534057617,21.850000381469727,21.90999984741211,21.90999984741211,7781
2020-09-28,25.0,25.0,18.549999237060547,21.889999389648438,21.889999389648438,71350
2020-09-29,21.8799991607666,21.889999389648438,21.809999465942383,21.8700008392334,21.8700008392334,12145
2020-09-30,21.809999465942383,21.920000076293945,21.809999465942383,21.90999984741211,21.90999984741211,16306
2020-10-01,22.0,22.0,21.8700008392334,21.899999618530273,21.899999618530273,32947
2020-10-05,21.68000030517578,22.020000457763672,19.100000381469727,21.940000534057617,21.940000534057617,133246
2020-10-06,22.0,25.0,19.100000381469727,21.93000030517578,21.93000030517578,22101
2020-10-07,21.950000762939453,21.969999313354492,21.899999618530273,21.920000076293945,21.920000076293945,43176
2020-10-08,21.899999618530273,21.979999542236328,21.899999618530273,21.90999984741211,21.90999984741211,16059
2020-10-09,25.0,25.0,21.860000610351562,22.06999969482422,22.06999969482422,48090
2020-10-12,22.049999237060547,22.1299991607666,22.049999237060547,22.110000610351562,22.110000610351562,20873
2020-10-13,22.1200008392334,22.170000076293945,22.110000610351562,22.149999618530273,22.149999618530273,18681
2020-10-14,22.18000030517578,22.18000030517578,22.1200008392334,22.15999984741211,22.15999984741211,9543
2020-10-15,22.190000534057617,22.190000534057617,22.1200008392334,22.149999618530273,22.149999618530273,20132
2020-10-16,22.200000762939453,22.200000762939453,22.06999969482422,22.149999618530273,22.149999618530273,20386
2020-10-19,22.149999618530273,22.18000030517578,22.100000381469727,22.110000610351562,22.110000610351562,10546
2020-10-20,25.0,25.0,22.1299991607666,22.18000030517578,22.18000030517578,117526
2020-10-21,22.1200008392334,22.209999084472656,22.1200008392334,22.200000762939453,22.200000762939453,43168
2020-10-22,22.200000762939453,22.200000762939453,22.149999618530273,22.190000534057617,22.190000534057617,8464
2020-10-23,22.139999389648438,22.229999542236328,22.139999389648438,22.229999542236328,22.229999542236328,41937
2020-10-26,25.0,25.0,22.200000762939453,22.239999771118164,22.239999771118164,23808
2020-10-27,22.239999771118164,22.299999237060547,22.239999771118164,22.260000228881836,22.260000228881836,17858
2020-10-28,22.239999771118164,22.290000915527344,22.239999771118164,22.260000228881836,22.260000228881836,23065
2020-10-29,22.229999542236328,22.299999237060547,22.229999542236328,22.229999542236328,22.229999542236328,21763
2020-10-30,22.209999084472656,22.290000915527344,22.200000762939453,22.280000686645508,22.280000686645508,33289
2020-11-02,22.229999542236328,22.299999237060547,22.229999542236328,22.299999237060547,22.299999237060547,41964
2020-11-03,22.290000915527344,22.309999465942383,22.190000534057617,22.200000762939453,22.200000762939453,88879
2020-11-04,22.190000534057617,22.270000457763672,22.18000030517578,22.200000762939453,22.200000762939453,68037
2020-11-05,22.270000457763672,22.350000381469727,22.209999084472656,22.25,22.25,114788
2020-11-06,22.309999465942383,22.31999969482422,22.25,22.270000457763672,22.270000457763672,12509
2020-11-09,22.600000381469727,22.600000381469727,22.25,22.280000686645508,22.280000686645508,30857
2020-11-10,22.25,22.290000915527344,22.239999771118164,22.25,22.25,38509
2020-11-11,22.200000762939453,22.290000915527344,22.200000762939453,22.280000686645508,22.280000686645508,86211
2020-11-12,22.940000534057617,22.940000534057617,22.200000762939453,22.270000457763672,22.270000457763672,28573
2020-11-13,22.200000762939453,22.280000686645508,22.200000762939453,22.229999542236328,22.229999542236328,15915
2020-11-14,23.600000381469727,23.600000381469727,22.219999313354492,22.329999923706055,22.329999923706055,0
2020-11-17,23.600000381469727,23.600000381469727,22.25,22.270000457763672,22.270000457763672,43629
2020-11-18,22.31999969482422,22.34000015258789,22.270000457763672,22.270000457763672,22.270000457763672,46264
2020-11-19,22.280000686645508,22.329999923706055,22.270000457763672,22.290000915527344,22.290000915527344,20543
2020-11-20,22.309999465942383,22.389999389648438,22.280000686645508,22.34000015258789,22.34000015258789,79635
2020-11-23,22.34000015258789,22.360000610351562,22.299999237060547,22.34000015258789,22.34000015258789,30241
2020-11-24,22.329999923706055,22.360000610351562,22.280000686645508,22.350000381469727,22.350000381469727,27422
2020-11-25,22.299999237060547,22.360000610351562,22.299999237060547,22.360000610351562,22.360000610351562,31747
2020-11-26,22.309999465942383,22.3799991607666,22.309999465942383,22.3700008392334,22.3700008392334,19368
2020-11-27,22.3799991607666,22.3799991607666,22.309999465942383,22.350000381469727,22.350000381469727,21981
2020-12-01,19.25,25.0,19.25,22.31999969482422,22.31999969482422,65014
2020-12-02,22.31999969482422,22.31999969482422,22.260000228881836,22.31999969482422,22.31999969482422,29638
2020-12-03,22.350000381469727,22.3700008392334,22.270000457763672,22.31999969482422,22.31999969482422,19419
2020-12-04,22.34000015258789,22.3799991607666,22.280000686645508,22.31999969482422,22.31999969482422,13470
2020-12-07,22.3700008392334,22.43000030517578,22.329999923706055,22.389999389648438,22.389999389648438,163601
2020-12-08,23.059999465942383,23.059999465942383,22.3700008392334,22.3700008392334,22.3700008392334,30059
2020-12-09,22.350000381469727,22.3799991607666,22.299999237060547,22.3799991607666,22.3799991607666,24092
2020-12-10,22.3799991607666,22.399999618530273,22.34000015258789,22.3799991607666,22.3799991607666,23190
2020-12-11,22.389999389648438,22.399999618530273,22.309999465942383,22.329999923706055,22.329999923706055,61956
2020-12-14,25.0,25.0,22.309999465942383,22.3700008392334,22.3700008392334,30559
2020-12-15,23.040000915527344,23.040000915527344,22.309999465942383,22.309999465942383,22.309999465942383,40360
2020-12-16,25.0,25.0,21.530000686645508,22.3700008392334,22.3700008392334,31030
2020-12-17,22.3700008392334,22.3799991607666,22.31999969482422,22.31999969482422,22.31999969482422,35304
2020-12-18,22.31999969482422,22.3700008392334,22.31999969482422,22.350000381469727,22.350000381469727,26188
2020-12-21,25.0,25.0,22.309999465942383,22.360000610351562,22.360000610351562,87964
2020-12-22,22.360000610351562,22.3799991607666,22.31999969482422,22.3799991607666,22.3799991607666,17749
2020-12-23,22.899999618530273,22.899999618530273,22.329999923706055,22.350000381469727,22.350000381469727,16546
2020-12-24,22.350000381469727,22.3700008392334,22.309999465942383,22.360000610351562,22.360000610351562,41361
2020-12-28,25.0,25.0,22.0,22.389999389648438,22.389999389648438,72263
2020-12-29,22.350000381469727,22.420000076293945,22.350000381469727,22.420000076293945,22.420000076293945,37383
2020-12-30,22.399999618530273,22.450000762939453,22.3700008392334,22.420000076293945,22.420000076293945,46284
2020-12-31,22.450000762939453,22.469999313354492,22.399999618530273,22.459999084472656,22.459999084472656,9208
2021-01-01,23.0,23.0,22.420000076293945,22.479999542236328,22.479999542236328,122729
2021-01-04,22.950000762939453,22.950000762939453,22.43000030517578,22.520000457763672,22.520000457763672,68502
2021-01-05,25.0,25.0,22.479999542236328,22.56999969482422,22.56999969482422,126583
2021-01-06,23.239999771118164,23.239999771118164,22.0,22.469999313354492,22.469999313354492,14914
2021-01-07,23.0,23.0,22.420000076293945,22.489999771118164,22.489999771118164,138807
2021-01-08,23.15999984741211,23.15999984741211,22.440000534057617,22.479999542236328,22.479999542236328,44626
2021-01-11,25.0,25.0,22.40999984741211,22.459999084472656,22.459999084472656,86230
2021-01-12,22.40999984741211,22.469999313354492,22.40999984741211,22.450000762939453,22.450000762939453,71500
2021-01-13,22.40999984741211,22.469999313354492,22.40999984741211,22.43000030517578,22.43000030517578,49611
2021-01-14,19.649999618530273,22.459999084472656,19.649999618530273,22.40999984741211,22.40999984741211,38955
2021-01-15,22.450000762939453,22.459999084472656,22.399999618530273,22.459999084472656,22.459999084472656,29507
2021-01-18,22.459999084472656,22.459999084472656,21.6200008392334,22.440000534057617,22.440000534057617,51182
2021-01-19,25.0,25.0,22.389999389648438,22.479999542236328,22.479999542236328,181572
2021-01-20,25.0,25.0,22.420000076293945,22.489999771118164,22.489999771118164,66109
2021-01-21,25.0,25.0,22.420000076293945,22.639999389648438,22.639999389648438,53634
2021-01-22,23.899999618530273,23.899999618530273,21.700000762939453,22.459999084472656,22.459999084472656,49777
2021-01-25,25.0,25.0,22.0,22.420000076293945,22.420000076293945,18937
2021-01-27,23.889999389648438,23.889999389648438,21.399999618530273,22.420000076293945,22.420000076293945,81851
2021-01-28,24.0,24.0,22.420000076293945,22.450000762939453,22.450000762939453,26456
2021-01-29,22.440000534057617,22.510000228881836,22.440000534057617,22.440000534057617,22.440000534057617,104536
2021-02-01,22.459999084472656,23.600000381469727,22.25,22.489999771118164,22.489999771118164,72575
2021-02-02,23.5,23.5,22.0,22.170000076293945,22.170000076293945,125692
2021-02-03,22.829999923706055,22.829999923706055,22.1299991607666,22.209999084472656,22.209999084472656,57597
2021-02-04,22.200000762939453,22.260000228881836,21.799999237060547,22.239999771118164,22.239999771118164,57990
2021-02-05,21.850000381469727,22.270000457763672,21.850000381469727,22.139999389648438,22.139999389648438,182564
2021-02-08,22.139999389648438,23.799999237060547,22.0,22.209999084472656,22.209999084472656,87620
2021-02-09,22.229999542236328,22.229999542236328,22.1299991607666,22.149999618530273,22.149999618530273,62592
2021-02-10,22.5,22.5,22.15999984741211,22.25,22.25,71799
2021-02-11,22.25,22.329999923706055,22.209999084472656,22.280000686645508,22.280000686645508,29137
2021-02-12,22.31999969482422,22.31999969482422,22.239999771118164,22.280000686645508,22.280000686645508,28582
2021-02-15,23.600000381469727,23.600000381469727,22.200000762939453,22.200000762939453,22.200000762939453,44116
2021-02-16,22.25,22.25,22.190000534057617,22.209999084472656,22.209999084472656,66289
2021-02-17,22.200000762939453,22.239999771118164,22.170000076293945,22.229999542236328,22.229999542236328,17635
2021-02-18,22.200000762939453,22.229999542236328,22.139999389648438,22.149999618530273,22.149999618530273,19870
2021-02-19,22.149999618530273,22.149999618530273,22.079999923706055,22.110000610351562,22.110000610351562,41538
2021-02-22,22.149999618530273,22.149999618530273,21.950000762939453,22.059999465942383,22.059999465942383,80904
2021-02-23,22.06999969482422,22.110000610351562,22.020000457763672,22.079999923706055,22.079999923706055,72337
2021-02-24,22.100000381469727,22.110000610351562,22.049999237060547,22.049999237060547,22.049999237060547,13872
2021-02-25,22.110000610351562,22.110000610351562,22.020000457763672,22.049999237060547,22.049999237060547,58200
2021-02-26,22.06999969482422,22.06999969482422,21.920000076293945,21.920000076293945,21.920000076293945,108393
2021-03-01,21.989999771118164,22.010000228881836,21.940000534057617,22.0,22.0,57843
2021-03-02,22.68000030517578,22.68000030517578,21.959999084472656,22.010000228881836,22.010000228881836,56627
2021-03-03,22.670000076293945,22.670000076293945,21.959999084472656,21.979999542236328,21.979999542236328,42104
2021-03-04,22.68000030517578,22.68000030517578,21.940000534057617,22.020000457763672,22.020000457763672,19016
2021-03-05,22.5,22.5,21.940000534057617,21.940000534057617,21.940000534057617,115876
2021-03-08,22.5,22.5,21.90999984741211,21.940000534057617,21.940000534057617,15916
2021-03-09,21.969999313354492,21.969999313354492,21.8700008392334,21.8799991607666,21.8799991607666,34032
2021-03-10,21.920000076293945,21.93000030517578,21.8700008392334,21.8799991607666,21.8799991607666,28506
2021-03-12,21.920000076293945,21.93000030517578,21.860000610351562,21.860000610351562,21.860000610351562,104963
2021-03-15,22.68000030517578,22.68000030517578,21.850000381469727,21.899999618530273,21.899999618530273,44093
2021-03-16,21.920000076293945,21.950000762939453,21.8700008392334,21.899999618530273,21.899999618530273,10463
2021-03-17,22.68000030517578,22.68000030517578,21.889999389648438,21.90999984741211,21.90999984741211,18362
2021-03-18,22.559999465942383,22.559999465942383,21.8700008392334,21.920000076293945,21.920000076293945,20158
2021-03-19,22.56999969482422,22.56999969482422,21.639999389648438,21.8799991607666,21.8799991607666,13390
2021-03-22,21.920000076293945,22.020000457763672,21.790000915527344,21.81999969482422,21.81999969482422,31713
2021-03-23,22.020000457763672,22.040000915527344,21.799999237060547,21.899999618530273,21.899999618530273,57760
2021-03-24,22.059999465942383,22.1299991607666,21.940000534057617,21.969999313354492,21.969999313354492,40268
2021-03-25,22.68000030517578,22.68000030517578,21.93000030517578,21.979999542236328,21.979999542236328,32954
2021-03-26,22.020000457763672,22.209999084472656,21.860000610351562,22.200000762939453,22.200000762939453,30462
2021-03-30,21.959999084472656,22.399999618530273,21.959999084472656,22.0,22.0,18238
2021-03-31,22.0,22.399999618530273,21.709999084472656,22.15999984741211,22.15999984741211,11413
2021-04-01,22.399999618530273,22.399999618530273,22.049999237060547,22.139999389648438,22.139999389648438,19670
2021-04-05,22.59000015258789,22.59000015258789,21.540000915527344,22.09000015258789,22.09000015258789,61880
2021-04-06,22.18000030517578,22.350000381469727,22.049999237060547,22.1299991607666,22.1299991607666,19834
2021-04-07,22.239999771118164,22.290000915527344,22.049999237060547,22.229999542236328,22.229999542236328,15401
2021-04-08,22.329999923706055,22.329999923706055,22.139999389648438,22.270000457763672,22.270000457763672,23427
2021-04-09,22.350000381469727,22.420000076293945,22.280000686645508,22.299999237060547,22.299999237060547,19019
2021-04-12,22.450000762939453,22.59000015258789,22.229999542236328,22.280000686645508,22.280000686645508,20672
2021-04-13,22.360000610351562,22.3700008392334,22.260000228881836,22.299999237060547,22.299999237060547,11522
2021-04-15,25.0,25.0,22.15999984741211,22.170000076293945,22.170000076293945,65207
2021-04-16,22.200000762939453,22.350000381469727,22.020000457763672,22.18000030517578,22.18000030517578,29486
2021-04-19,22.280000686645508,22.489999771118164,22.200000762939453,22.329999923706055,22.329999923706055,127654
2021-04-20,22.290000915527344,22.40999984741211,22.209999084472656,22.25,22.25,31738
2021-04-22,22.239999771118164,22.3799991607666,22.149999618530273,22.299999237060547,22.299999237060547,34089
2021-04-23,22.3700008392334,22.3700008392334,22.229999542236328,22.270000457763672,22.270000457763672,26702
2021-04-26,22.350000381469727,22.40999984741211,22.270000457763672,22.389999389648438,22.389999389648438,36713
2021-04-27,22.389999389648438,22.389999389648438,22.270000457763672,22.34000015258789,22.34000015258789,37996
2021-04-28,22.3799991607666,25.0,22.270000457763672,22.270000457763672,22.270000457763672,34512
2021-04-29,22.3799991607666,22.3799991607666,22.25,22.31999969482422,22.31999969482422,15162
2021-04-30,22.34000015258789,22.350000381469727,22.200000762939453,22.329999923706055,22.329999923706055,32996
2021-05-03,22.350000381469727,22.43000030517578,22.200000762939453,22.309999465942383,22.309999465942383,56265
2021-05-04,22.440000534057617,22.440000534057617,22.25,22.350000381469727,22.350000381469727,30470
2021-05-05,22.43000030517578,22.450000762939453,22.34000015258789,22.420000076293945,22.420000076293945,54395
2021-05-06,22.43000030517578,22.5,22.3700008392334,22.459999084472656,22.459999084472656,17456
2021-05-07,22.450000762939453,22.469999313354492,22.219999313354492,22.40999984741211,22.40999984741211,67135
2021-05-10,22.450000762939453,22.6200008392334,22.360000610351562,22.43000030517578,22.43000030517578,45263
2021-05-11,22.489999771118164,22.6200008392334,22.420000076293945,22.489999771118164,22.489999771118164,60431
2021-05-12,22.5,22.530000686645508,22.3799991607666,22.510000228881836,22.510000228881836,14557
2021-05-14,22.510000228881836,22.520000457763672,22.399999618530273,22.43000030517578,22.43000030517578,17272
2021-05-17,22.530000686645508,22.65999984741211,22.350000381469727,22.540000915527344,22.540000915527344,43281
2021-05-18,22.540000915527344,22.600000381469727,22.3700008392334,22.450000762939453,22.450000762939453,37661
2021-05-19,22.5,22.510000228881836,22.3799991607666,22.489999771118164,22.489999771118164,21112
2021-05-20,22.5,22.5,22.389999389648438,22.420000076293945,22.420000076293945,25152
2021-05-21,22.5,22.5,22.399999618530273,22.459999084472656,22.459999084472656,13992
2021-05-24,22.5,22.610000610351562,22.3799991607666,22.489999771118164,22.489999771118164,27183
2021-05-25,22.59000015258789,22.59000015258789,22.399999618530273,22.549999237060547,22.549999237060547,27603
2021-05-26,22.829999923706055,22.829999923706055,22.510000228881836,22.559999465942383,22.559999465942383,33345
2021-05-27,22.600000381469727,22.610000610351562,22.479999542236328,22.549999237060547,22.549999237060547,18404
2021-05-28,22.600000381469727,22.600000381469727,22.450000762939453,22.549999237060547,22.549999237060547,49327
2021-05-31,25.0,25.0,22.459999084472656,22.479999542236328,22.479999542236328,37233
2021-06-01,22.450000762939453,22.540000915527344,22.350000381469727,22.399999618530273,22.399999618530273,190631
2021-06-02,22.399999618530273,22.469999313354492,22.399999618530273,22.43000030517578,22.43000030517578,151512
2021-06-03,22.510000228881836,22.510000228881836,22.420000076293945,22.5,22.5,41688
2021-06-04,22.5,22.540000915527344,22.450000762939453,22.469999313354492,22.469999313354492,12796
2021-06-07,22.510000228881836,22.709999084472656,22.459999084472656,22.510000228881836,22.510000228881836,50168
2021-06-08,22.579999923706055,22.579999923706055,22.520000457763672,22.530000686645508,22.530000686645508,16331
2021-06-09,22.579999923706055,22.6299991607666,22.530000686645508,22.600000381469727,22.600000381469727,12773
2021-06-10,22.600000381469727,22.6200008392334,22.540000915527344,22.610000610351562,22.610000610351562,9548
2021-06-11,22.610000610351562,22.6299991607666,22.530000686645508,22.610000610351562,22.610000610351562,97486
2021-06-14,22.610000610351562,22.719999313354492,22.56999969482422,22.610000610351562,22.610000610351562,41165
2021-06-15,22.65999984741211,22.65999984741211,22.530000686645508,22.59000015258789,22.59000015258789,21918
2021-06-16,22.670000076293945,22.670000076293945,22.530000686645508,22.549999237060547,22.549999237060547,12676
2021-06-17,22.559999465942383,22.579999923706055,22.34000015258789,22.520000457763672,22.520000457763672,56227
2021-06-18,22.549999237060547,22.59000015258789,22.5,22.579999923706055,22.579999923706055,9839
2021-06-21,22.56999969482422,22.579999923706055,22.469999313354492,22.5,22.5,15922
2021-06-22,22.5,22.559999465942383,22.469999313354492,22.530000686645508,22.530000686645508,20063
2021-06-23,22.559999465942383,22.56999969482422,22.469999313354492,22.559999465942383,22.559999465942383,13997
2021-06-24,22.5,22.579999923706055,22.5,22.56999969482422,22.56999969482422,3483
2021-06-25,22.510000228881836,22.59000015258789,22.5,22.59000015258789,22.59000015258789,6040
2021-06-28,22.610000610351562,22.6200008392334,22.5,22.559999465942383,22.559999465942383,47021
2021-06-29,22.559999465942383,22.579999923706055,22.479999542236328,22.579999923706055,22.579999923706055,11845
2021-06-30,22.520000457763672,22.600000381469727,22.479999542236328,22.520000457763672,22.520000457763672,9349
2021-07-01,24.5,24.5,22.0,22.59000015258789,22.59000015258789,13086
2021-07-02,22.56999969482422,22.639999389648438,22.459999084472656,22.530000686645508,22.530000686645508,31802
2021-07-05,22.530000686645508,22.600000381469727,22.469999313354492,22.540000915527344,22.540000915527344,19877
2021-07-06,22.5,22.579999923706055,22.450000762939453,22.450000762939453,22.450000762939453,14566
2021-07-07,22.40999984741211,22.469999313354492,22.34000015258789,22.40999984741211,22.40999984741211,18760
2021-07-08,22.40999984741211,22.479999542236328,22.3799991607666,22.40999984741211,22.40999984741211,10386
2021-07-09,22.459999084472656,22.479999542236328,22.389999389648438,22.450000762939453,22.450000762939453,6939
2021-07-12,22.40999984741211,22.459999084472656,22.280000686645508,22.40999984741211,22.40999984741211,32675
2021-07-13,22.40999984741211,22.459999084472656,22.3799991607666,22.40999984741211,22.40999984741211,6078
2021-07-14,22.459999084472656,22.459999084472656,22.40999984741211,22.459999084472656,22.459999084472656,2464
2021-07-15,22.459999084472656,22.489999771118164,22.399999618530273,22.459999084472656,22.459999084472656,7369
2021-07-16,22.489999771118164,22.5,22.40999984741211,22.489999771118164,22.489999771118164,10321
2021-07-19,22.469999313354492,22.479999542236328,22.40999984741211,22.479999542236328,22.479999542236328,7925
2021-07-20,22.40999984741211,22.5,22.40999984741211,22.479999542236328,22.479999542236328,8424
2021-07-22,22.459999084472656,22.479999542236328,22.3700008392334,22.399999618530273,22.399999618530273,14588
2021-07-23,22.489999771118164,22.5,22.40999984741211,22.469999313354492,22.469999313354492,14345
2021-07-26,22.459999084472656,22.489999771118164,22.3799991607666,22.440000534057617,22.440000534057617,16876
2021-07-27,22.459999084472656,22.5,22.40999984741211,22.479999542236328,22.479999542236328,17761
2021-07-28,22.459999084472656,22.520000457763672,22.40999984741211,22.469999313354492,22.469999313354492,17549
2021-07-29,22.510000228881836,22.540000915527344,22.40999984741211,22.459999084472656,22.459999084472656,8283
2021-07-30,22.459999084472656,22.479999542236328,22.40999984741211,22.459999084472656,22.459999084472656,5923
2021-08-02,22.5,22.5,22.399999618530273,22.459999084472656,22.459999084472656,20981
2021-08-03,22.469999313354492,22.479999542236328,22.399999618530273,22.399999618530273,22.399999618530273,12033
2021-08-04,22.469999313354492,22.5,22.420000076293945,22.479999542236328,22.479999542236328,10555
2021-08-05,23.110000610351562,23.110000610351562,22.40999984741211,22.450000762939453,22.450000762939453,10342
2021-08-06,22.469999313354492,22.56999969482422,22.360000610351562,22.459999084472656,22.459999084472656,15612
2021-08-09,22.350000381469727,24.5,22.350000381469727,22.43000030517578,22.43000030517578,21803
2021-08-10,22.399999618530273,22.450000762939453,22.350000381469727,22.3799991607666,22.3799991607666,23941
2021-08-11,22.450000762939453,22.520000457763672,22.399999618530273,22.420000076293945,22.420000076293945,21056
2021-08-12,22.450000762939453,22.489999771118164,22.399999618530273,22.420000076293945,22.420000076293945,7570
2021-08-13,22.450000762939453,22.489999771118164,22.389999389648438,22.450000762939453,22.450000762939453,7959
2021-08-16,25.0,25.0,22.399999618530273,22.450000762939453,22.450000762939453,9619
2021-08-17,21.780000686645508,22.510000228881836,21.780000686645508,22.40999984741211,22.40999984741211,21831
2021-08-18,22.43000030517578,22.520000457763672,22.40999984741211,22.479999542236328,22.479999542236328,6008
2021-08-20,25.0,25.0,22.40999984741211,22.450000762939453,22.450000762939453,24197
2021-08-23,22.530000686645508,22.549999237060547,22.360000610351562,22.5,22.5,16410
2021-08-24,22.530000686645508,22.549999237060547,22.420000076293945,22.43000030517578,22.43000030517578,8733
2021-08-25,22.540000915527344,22.540000915527344,22.399999618530273,22.40999984741211,22.40999984741211,12219
2021-08-26,22.5,22.5,22.399999618530273,22.399999618530273,22.399999618530273,10423
2021-08-27,22.479999542236328,22.5,22.420000076293945,22.469999313354492,22.469999313354492,5074
2021-08-30,22.479999542236328,22.5,22.3799991607666,22.440000534057617,22.440000534057617,109050
2021-08-31,22.520000457763672,22.530000686645508,22.399999618530273,22.5,22.5,24893
2021-09-01,22.530000686645508,22.559999465942383,22.399999618530273,22.479999542236328,22.479999542236328,31179
2021-09-02,22.600000381469727,22.6299991607666,22.479999542236328,22.549999237060547,22.549999237060547,13930
2021-09-03,22.549999237060547,22.649999618530273,22.540000915527344,22.600000381469727,22.600000381469727,2488
2021-09-06,22.719999313354492,22.790000915527344,22.600000381469727,22.760000228881836,22.760000228881836,20457
2021-09-07,23.020000457763672,23.020000457763672,22.649999618530273,22.68000030517578,22.68000030517578,13721
2021-09-08,22.690000534057617,22.739999771118164,22.670000076293945,22.739999771118164,22.739999771118164,7562
2021-09-09,22.639999389648438,22.770000457763672,22.639999389648438,22.690000534057617,22.690000534057617,8692
2021-09-13,25.0,25.0,22.639999389648438,22.75,22.75,7795
2021-09-14,22.75,22.809999465942383,22.600000381469727,22.610000610351562,22.610000610351562,33513
2021-09-15,23.3799991607666,23.549999237060547,22.639999389648438,22.690000534057617,22.690000534057617,23590
2021-09-16,22.690000534057617,24.700000762939453,22.690000534057617,22.739999771118164,22.739999771118164,6080
2021-09-17,22.809999465942383,22.81999969482422,22.649999618530273,22.770000457763672,22.770000457763672,15329
2021-09-20,22.770000457763672,22.889999389648438,22.739999771118164,22.8700008392334,22.8700008392334,17409
2021-09-21,22.860000610351562,22.940000534057617,22.770000457763672,22.920000076293945,22.920000076293945,21449
2021-09-22,22.8799991607666,22.899999618530273,22.809999465942383,22.8799991607666,22.8799991607666,4009
2021-09-23,22.8799991607666,22.899999618530273,22.770000457763672,22.8799991607666,22.8799991607666,6466
2021-09-24,22.8799991607666,22.889999389648438,22.729999542236328,22.739999771118164,22.739999771118164,15849
2021-09-27,23.3700008392334,23.3700008392334,22.68000030517578,22.809999465942383,22.809999465942383,21471
2021-09-28,23.3700008392334,23.3700008392334,22.690000534057617,22.829999923706055,22.829999923706055,10305
2021-09-29,23.3700008392334,23.3700008392334,22.700000762939453,22.739999771118164,22.739999771118164,10637
2021-09-30,22.809999465942383,22.84000015258789,22.65999984741211,22.770000457763672,22.770000457763672,25377
2021-10-01,22.809999465942383,22.829999923706055,22.719999313354492,22.790000915527344,22.790000915527344,13845
2021-10-04,23.3700008392334,23.3700008392334,22.700000762939453,22.770000457763672,22.770000457763672,10496
2021-10-05,22.780000686645508,22.799999237060547,22.709999084472656,22.719999313354492,22.719999313354492,5157
2021-10-06,22.760000228881836,22.770000457763672,22.68000030517578,22.700000762939453,22.700000762939453,9277
2021-10-07,22.75,22.75,22.670000076293945,22.690000534057617,22.690000534057617,11264
2021-10-08,22.75,22.75,22.68000030517578,22.729999542236328,22.729999542236328,11179
2021-10-11,22.729999542236328,23.3700008392334,22.610000610351562,22.639999389648438,22.639999389648438,17005
2021-10-12,22.639999389648438,22.709999084472656,22.6299991607666,22.6299991607666,22.6299991607666,2711
2021-10-13,22.56999969482422,22.700000762939453,22.56999969482422,22.600000381469727,22.600000381469727,17790
2021-10-14,22.600000381469727,22.719999313354492,22.540000915527344,22.649999618530273,22.649999618530273,21181
2021-10-18,24.700000762939453,24.700000762939453,22.559999465942383,22.6200008392334,22.6200008392334,8797
2021-10-19,24.399999618530273,24.399999618530273,22.549999237060547,22.639999389648438,22.639999389648438,5567
2021-10-20,23.3700008392334,23.3700008392334,22.530000686645508,22.639999389648438,22.639999389648438,43479
2021-10-21,22.639999389648438,22.670000076293945,22.579999923706055,22.6200008392334,22.6200008392334,4596
2021-10-22,22.690000534057617,22.690000534057617,22.510000228881836,22.56999969482422,22.56999969482422,16827
2021-10-25,22.56999969482422,22.799999237060547,22.540000915527344,22.600000381469727,22.600000381469727,129570
2021-10-26,22.600000381469727,24.399999618530273,22.600000381469727,22.68000030517578,22.68000030517578,4755
2021-10-27,24.399999618530273,24.399999618530273,22.639999389648438,22.700000762939453,22.700000762939453,3982
2021-10-28,22.700000762939453,22.729999542236328,22.540000915527344,22.649999618530273,22.649999618530273,108122
2021-10-29,22.670000076293945,22.670000076293945,22.59000015258789,22.600000381469727,22.600000381469727,19182
2021-11-01,22.639999389648438,22.639999389648438,22.530000686645508,22.6200008392334,22.6200008392334,50396
2021-11-02,22.639999389648438,22.639999389648438,22.34000015258789,22.59000015258789,22.59000015258789,85539
2021-11-03,22.649999618530273,22.649999618530273,22.579999923706055,22.6200008392334,22.6200008392334,9431
2021-11-04,23.40999984741211,23.40999984741211,22.540000915527344,22.690000534057617,22.690000534057617,12205
2021-11-08,23.40999984741211,23.40999984741211,22.559999465942383,22.739999771118164,22.739999771118164,21774
2021-11-09,22.6299991607666,22.809999465942383,22.5,22.709999084472656,22.709999084472656,30193
2021-11-10,22.760000228881836,22.770000457763672,22.700000762939453,22.760000228881836,22.760000228881836,4300
2021-11-11,22.760000228881836,22.959999084472656,22.649999618530273,22.829999923706055,22.829999923706055,41493
2021-11-12,22.649999618530273,22.84000015258789,22.649999618530273,22.780000686645508,22.780000686645508,2803
2021-11-15,22.700000762939453,22.84000015258789,22.65999984741211,22.700000762939453,22.700000762939453,12068
2021-11-16,22.700000762939453,22.790000915527344,22.440000534057617,22.670000076293945,22.670000076293945,56031
2021-11-17,22.670000076293945,22.739999771118164,22.670000076293945,22.729999542236328,22.729999542236328,3961
2021-11-18,23.40999984741211,23.40999984741211,22.719999313354492,22.790000915527344,22.790000915527344,13181
2021-11-22,22.799999237060547,22.809999465942383,22.719999313354492,22.729999542236328,22.729999542236328,14287
2021-11-23,22.75,22.790000915527344,22.719999313354492,22.790000915527344,22.790000915527344,5276
2021-11-24,22.790000915527344,23.049999237060547,22.719999313354492,22.959999084472656,22.959999084472656,136476
2021-11-25,22.989999771118164,22.989999771118164,22.5,22.770000457763672,22.770000457763672,1106
2021-11-26,23.40999984741211,25.0,22.729999542236328,22.860000610351562,22.860000610351562,16711
2021-11-29,23.799999237060547,24.350000381469727,22.75,22.809999465942383,22.809999465942383,13845
2021-11-30,22.850000381469727,22.889999389648438,22.770000457763672,22.850000381469727,22.850000381469727,6677
2021-12-01,25.0,25.799999237060547,22.799999237060547,23.15999984741211,23.15999984741211,628308
2021-12-02,23.899999618530273,24.5,22.799999237060547,22.93000030517578,22.93000030517578,84832
2021-12-03,22.780000686645508,23.020000457763672,22.780000686645508,22.959999084472656,22.959999084472656,76785
2021-12-06,25.0,25.0,20.899999618530273,22.889999389648438,22.889999389648438,81033
2021-12-07,25.0,25.0,22.799999237060547,22.81999969482422,22.81999969482422,76465
2021-12-08,24.899999618530273,24.899999618530273,22.799999237060547,22.850000381469727,22.850000381469727,80983
2021-12-09,22.899999618530273,22.940000534057617,22.81999969482422,22.860000610351562,22.860000610351562,27458
2021-12-10,24.899999618530273,24.899999618530273,22.829999923706055,22.899999618530273,22.899999618530273,32865
2021-12-13,24.389999389648438,24.389999389648438,22.510000228881836,22.90999984741211,22.90999984741211,47860
2021-12-14,23.399999618530273,23.399999618530273,22.829999923706055,22.920000076293945,22.920000076293945,20036
2021-12-15,20.899999618530273,23.049999237060547,20.899999618530273,22.93000030517578,22.93000030517578,49034
2021-12-16,22.93000030517578,23.0,22.829999923706055,22.90999984741211,22.90999984741211,22512
2021-12-17,23.799999237060547,25.0,22.84000015258789,22.8700008392334,22.8700008392334,21544
2021-12-20,24.899999618530273,24.899999618530273,20.799999237060547,22.860000610351562,22.860000610351562,38625
2021-12-21,22.780000686645508,22.899999618530273,22.780000686645508,22.84000015258789,22.84000015258789,16576
2021-12-22,20.799999237060547,24.399999618530273,20.799999237060547,22.709999084472656,22.709999084472656,34674
2021-12-23,22.719999313354492,22.860000610351562,22.719999313354492,22.799999237060547,22.799999237060547,10615
2021-12-24,22.8700008392334,22.899999618530273,22.709999084472656,22.850000381469727,22.850000381469727,28934
2021-12-27,22.799999237060547,22.90999984741211,22.760000228881836,22.850000381469727,22.850000381469727,25218
2021-12-28,22.889999389648438,22.889999389648438,22.760000228881836,22.760000228881836,22.760000228881836,30449
2021-12-29,24.799999237060547,24.799999237060547,22.690000534057617,22.790000915527344,22.790000915527344,35629
2021-12-30,22.84000015258789,22.84000015258789,22.729999542236328,22.799999237060547,22.799999237060547,42235
2021-12-31,22.81999969482422,22.81999969482422,22.729999542236328,22.809999465942383,22.809999465942383,24890
2022-01-03,24.899999618530273,24.899999618530273,22.75,23.329999923706055,23.329999923706055,165709
2022-01-04,23.329999923706055,25.399999618530273,22.719999313354492,22.780000686645508,22.780000686645508,117299
2022-01-05,22.850000381469727,22.850000381469727,22.600000381469727,22.770000457763672,22.770000457763672,69906
2022-01-06,24.799999237060547,24.799999237060547,22.610000610351562,22.700000762939453,22.700000762939453,31821
2022-01-07,22.68000030517578,22.709999084472656,22.610000610351562,22.690000534057617,22.690000534057617,23238
2022-01-10,24.700000762939453,24.700000762939453,22.40999984741211,22.530000686645508,22.530000686645508,112747
2022-01-11,22.579999923706055,22.639999389648438,22.43000030517578,22.559999465942383,22.559999465942383,50546
2022-01-12,22.709999084472656,22.709999084472656,22.450000762939453,22.489999771118164,22.489999771118164,40495
2022-01-13,24.5,24.5,22.399999618530273,22.479999542236328,22.479999542236328,27643
2022-01-14,22.600000381469727,22.600000381469727,22.440000534057617,22.530000686645508,22.530000686645508,49446
2022-01-17,22.690000534057617,22.690000534057617,22.40999984741211,22.479999542236328,22.479999542236328,37220
2022-01-18,22.559999465942383,22.559999465942383,22.309999465942383,22.520000457763672,22.520000457763672,59161
2022-01-19,22.6200008392334,22.6200008392334,22.309999465942383,22.489999771118164,22.489999771118164,138006
2022-01-20,22.600000381469727,22.6200008392334,22.479999542236328,22.59000015258789,22.59000015258789,47815
2022-01-21,22.3700008392334,22.600000381469727,22.260000228881836,22.520000457763672,22.520000457763672,65828
2022-01-24,22.739999771118164,22.739999771118164,22.31999969482422,22.40999984741211,22.40999984741211,35046
2022-01-25,22.399999618530273,22.59000015258789,22.149999618530273,22.540000915527344,22.540000915527344,33442
2022-01-27,22.6200008392334,22.6200008392334,22.1299991607666,22.239999771118164,22.239999771118164,45078
2022-01-28,22.399999618530273,22.549999237060547,22.100000381469727,22.350000381469727,22.350000381469727,42204
2022-01-31,22.56999969482422,22.56999969482422,22.110000610351562,22.360000610351562,22.360000610351562,51781
2022-02-01,22.450000762939453,22.530000686645508,22.079999923706055,22.139999389648438,22.139999389648438,44782
2022-02-02,21.90999984741211,22.579999923706055,21.5,21.549999237060547,21.549999237060547,923635
2022-02-03,21.6200008392334,21.6200008392334,21.329999923706055,21.5,21.5,98276
2022-02-04,21.0,22.049999237060547,21.0,21.469999313354492,21.469999313354492,38292
2022-02-07,21.59000015258789,21.979999542236328,21.280000686645508,21.809999465942383,21.809999465942383,120278
2022-02-08,21.969999313354492,22.290000915527344,21.600000381469727,22.079999923706055,22.079999923706055,289019
2022-02-09,21.760000228881836,22.299999237060547,21.760000228881836,22.149999618530273,22.149999618530273,61282
2022-02-10,22.149999618530273,22.440000534057617,21.860000610351562,22.399999618530273,22.399999618530273,53016
2022-02-11,22.020000457763672,22.479999542236328,22.020000457763672,22.270000457763672,22.270000457763672,16697
2022-02-15,22.43000030517578,22.5,22.270000457763672,22.3799991607666,22.3799991607666,35484
2022-02-16,22.479999542236328,22.479999542236328,21.829999923706055,22.329999923706055,22.329999923706055,26815
2022-02-17,22.25,22.469999313354492,22.229999542236328,22.31999969482422,22.31999969482422,9079
2022-02-18,22.479999542236328,22.479999542236328,22.299999237060547,22.469999313354492,22.469999313354492,43376
2022-02-21,22.479999542236328,22.479999542236328,22.309999465942383,22.399999618530273,22.399999618530273,19479
2022-02-22,22.469999313354492,22.75,22.280000686645508,22.360000610351562,22.360000610351562,28435
2022-02-23,22.559999465942383,22.649999618530273,22.34000015258789,22.489999771118164,22.489999771118164,22463
2022-02-24,22.309999465942383,22.649999618530273,22.309999465942383,22.350000381469727,22.350000381469727,33190
2022-02-25,22.299999237060547,22.649999618530273,22.299999237060547,22.43000030517578,22.43000030517578,50113
2022-02-28,22.6299991607666,22.649999618530273,22.209999084472656,22.3799991607666,22.3799991607666,28483
2022-03-02,22.6200008392334,22.979999542236328,22.3799991607666,22.549999237060547,22.549999237060547,49908
2022-03-03,22.850000381469727,24.0,22.399999618530273,22.600000381469727,22.600000381469727,45930
2022-03-04,22.68000030517578,22.68000030517578,22.299999237060547,22.40999984741211,22.40999984741211,39767
2022-03-07,22.459999084472656,22.489999771118164,22.0,22.459999084472656,22.459999084472656,47099
2022-03-08,22.3700008392334,22.3799991607666,22.200000762939453,22.270000457763672,22.270000457763672,21788
2022-03-09,22.299999237060547,22.40999984741211,22.260000228881836,22.389999389648438,22.389999389648438,10363
2022-03-10,22.43000030517578,22.520000457763672,22.350000381469727,22.360000610351562,22.360000610351562,22313
2022-03-11,22.420000076293945,22.5,22.299999237060547,22.43000030517578,22.43000030517578,20414
2022-03-14,22.399999618530273,22.399999618530273,22.309999465942383,22.34000015258789,22.34000015258789,18744
2022-03-15,22.350000381469727,22.5,22.309999465942383,22.420000076293945,22.420000076293945,16137
2022-03-16,22.5,22.540000915527344,22.440000534057617,22.5,22.5,8876
2022-03-17,22.469999313354492,22.600000381469727,22.43000030517578,22.549999237060547,22.549999237060547,19236
2022-03-21,22.790000915527344,22.790000915527344,22.110000610351562,22.530000686645508,22.530000686645508,30000
2022-03-22,22.479999542236328,22.6299991607666,22.469999313354492,22.600000381469727,22.600000381469727,10912
2022-03-23,22.75,22.790000915527344,22.260000228881836,22.440000534057617,22.440000534057617,12187
2022-03-24,22.530000686645508,22.739999771118164,22.43000030517578,22.479999542236328,22.479999542236328,25907
2022-03-25,22.540000915527344,22.59000015258789,22.450000762939453,22.559999465942383,22.559999465942383,13645
2022-03-28,22.510000228881836,22.559999465942383,21.829999923706055,22.469999313354492,22.469999313354492,40674
2022-03-29,22.549999237060547,22.670000076293945,22.440000534057617,22.579999923706055,22.579999923706055,19083
2022-03-30,22.56999969482422,22.600000381469727,22.360000610351562,22.549999237060547,22.549999237060547,7582
2022-03-31,23.979999542236328,23.979999542236328,22.40999984741211,22.56999969482422,22.56999969482422,14213
2022-04-01,22.56999969482422,22.600000381469727,22.309999465942383,22.5,22.5,29523
2022-04-04,22.5,22.59000015258789,22.270000457763672,22.389999389648438,22.389999389648438,31706
2022-04-05,22.389999389648438,22.559999465942383,22.299999237060547,22.440000534057617,22.440000534057617,23898
2022-04-06,22.389999389648438,22.489999771118164,22.329999923706055,22.420000076293945,22.420000076293945,17328
2022-04-07,22.3799991607666,22.459999084472656,22.229999542236328,22.389999389648438,22.389999389648438,18785
2022-04-08,22.3799991607666,22.489999771118164,22.200000762939453,22.34000015258789,22.34000015258789,33174
2022-04-11,22.34000015258789,22.34000015258789,21.93000030517578,22.290000915527344,22.290000915527344,36270
2022-04-12,22.399999618530273,24.299999237060547,21.989999771118164,22.139999389648438,22.139999389648438,17314
2022-04-13,22.170000076293945,22.190000534057617,21.940000534057617,22.15999984741211,22.15999984741211,31377
2022-04-18,23.979999542236328,23.979999542236328,21.799999237060547,22.059999465942383,22.059999465942383,45125
2022-04-19,22.139999389648438,22.15999984741211,21.950000762939453,22.110000610351562,22.110000610351562,19061
2022-04-20,22.139999389648438,22.219999313354492,22.1200008392334,22.1200008392334,22.1200008392334,12599
2022-04-21,22.06999969482422,22.25,22.06999969482422,22.190000534057617,22.190000534057617,10016
2022-04-22,22.239999771118164,22.280000686645508,22.079999923706055,22.170000076293945,22.170000076293945,16986
2022-04-25,22.100000381469727,22.280000686645508,21.799999237060547,22.100000381469727,22.100000381469727,39399
2022-04-26,22.25,22.270000457763672,22.059999465942383,22.229999542236328,22.229999542236328,26569
2022-04-27,22.299999237060547,22.34000015258789,22.149999618530273,22.309999465942383,22.309999465942383,23477
2022-04-28,22.1200008392334,22.329999923706055,22.09000015258789,22.329999923706055,22.329999923706055,27222
2022-04-29,23.950000762939453,23.950000762939453,22.18000030517578,22.239999771118164,22.239999771118164,16022
2022-05-04,22.229999542236328,22.31999969482422,21.75,21.809999465942383,21.809999465942383,35725
2022-05-05,21.950000762939453,21.950000762939453,21.5,21.8700008392334,21.8700008392334,16488
2022-05-06,21.5,21.93000030517578,21.450000762939453,21.81999969482422,21.81999969482422,16556
2022-05-09,21.510000228881836,21.850000381469727,21.510000228881836,21.809999465942383,21.809999465942383,7534
2022-05-10,21.139999389648438,21.969999313354492,21.139999389648438,21.969999313354492,21.969999313354492,4064
2022-05-11,21.950000762939453,22.020000457763672,21.719999313354492,21.8700008392334,21.8700008392334,9755
2022-05-12,22.100000381469727,22.100000381469727,21.799999237060547,21.8799991607666,21.8799991607666,5581
2022-05-13,22.100000381469727,22.100000381469727,21.739999771118164,21.780000686645508,21.780000686645508,11327
2022-05-16,21.979999542236328,23.799999237060547,21.850000381469727,22.25,22.25,722000
2022-05-17,22.299999237060547,22.299999237060547,21.8700008392334,22.219999313354492,22.219999313354492,143322
2022-05-18,22.219999313354492,22.3799991607666,21.940000534057617,22.18000030517578,22.18000030517578,66085
2022-05-19,22.5,22.5,21.920000076293945,22.18000030517578,22.18000030517578,66126
2022-05-20,22.399999618530273,22.399999618530273,21.950000762939453,22.200000762939453,22.200000762939453,14517
2022-05-23,22.450000762939453,22.5,21.860000610351562,22.06999969482422,22.06999969482422,53053
2022-05-24,21.809999465942383,22.200000762939453,21.809999465942383,22.06999969482422,22.06999969482422,46065
2022-05-25,22.15999984741211,22.399999618530273,21.959999084472656,22.239999771118164,22.239999771118164,22845
2022-05-26,22.170000076293945,22.5,21.969999313354492,22.1200008392334,22.1200008392334,8946
2022-05-27,22.229999542236328,22.299999237060547,21.940000534057617,21.969999313354492,21.969999313354492,19404
2022-05-30,22.0,22.5,21.860000610351562,22.100000381469727,22.100000381469727,97889
2022-05-31,22.059999465942383,22.219999313354492,21.989999771118164,22.059999465942383,22.059999465942383,37252
2022-06-01,22.350000381469727,22.350000381469727,21.8799991607666,22.049999237060547,22.049999237060547,57828
2022-06-02,22.059999465942383,22.25,21.8799991607666,22.09000015258789,22.09000015258789,32780
2022-06-03,22.059999465942383,22.549999237060547,22.0,22.040000915527344,22.040000915527344,21543
2022-06-06,22.360000610351562,22.5,21.780000686645508,22.09000015258789,22.09000015258789,144807
2022-06-07,22.100000381469727,22.290000915527344,21.799999237060547,21.969999313354492,21.969999313354492,172022
2022-06-08,22.020000457763672,22.299999237060547,21.899999618530273,21.90999984741211,21.90999984741211,28955
2022-06-09,21.889999389648438,22.149999618530273,21.799999237060547,21.940000534057617,21.940000534057617,17089
2022-06-10,22.049999237060547,22.149999618530273,21.860000610351562,22.0,22.0,12179
2022-06-13,22.100000381469727,22.100000381469727,21.850000381469727,21.93000030517578,21.93000030517578,27882
2022-06-14,22.200000762939453,22.200000762939453,21.770000457763672,21.809999465942383,21.809999465942383,12996
2022-06-15,22.200000762939453,22.200000762939453,21.719999313354492,21.860000610351562,21.860000610351562,9574
2022-06-16,22.0,22.0,21.579999923706055,21.579999923706055,21.579999923706055,11863
2022-06-17,21.90999984741211,21.959999084472656,21.549999237060547,21.860000610351562,21.860000610351562,9499
2022-06-20,21.969999313354492,21.979999542236328,21.549999237060547,21.889999389648438,21.889999389648438,82914
2022-06-21,21.950000762939453,21.969999313354492,21.649999618530273,21.899999618530273,21.899999618530273,13494
2022-06-22,21.75,22.18000030517578,21.75,22.139999389648438,22.139999389648438,28952
2022-06-23,21.860000610351562,22.149999618530273,21.829999923706055,21.84000015258789,21.84000015258789,14326
2022-06-24,21.950000762939453,22.049999237060547,21.829999923706055,22.0,22.0,5476
2022-06-27,22.0,22.100000381469727,21.950000762939453,22.020000457763672,22.020000457763672,24283
2022-06-28,22.1200008392334,22.149999618530273,21.8700008392334,22.100000381469727,22.100000381469727,41966
2022-06-29,22.200000762939453,22.200000762939453,21.899999618530273,21.950000762939453,21.950000762939453,10462
2022-06-30,22.25,22.25,21.899999618530273,22.1299991607666,22.1299991607666,13724
2022-07-01,22.079999923706055,22.139999389648438,22.040000915527344,22.09000015258789,22.09000015258789,46130
2022-07-04,22.170000076293945,22.170000076293945,22.100000381469727,22.1299991607666,22.1299991607666,23155
2022-07-05,22.15999984741211,22.15999984741211,22.049999237060547,22.100000381469727,22.100000381469727,22319
2022-07-06,22.190000534057617,22.309999465942383,22.149999618530273,22.239999771118164,22.239999771118164,17540
2022-07-07,22.280000686645508,22.280000686645508,22.200000762939453,22.229999542236328,22.229999542236328,51151
2022-07-08,22.229999542236328,22.229999542236328,22.170000076293945,22.18000030517578,22.18000030517578,13448
2022-07-11,21.530000686645508,22.25,21.530000686645508,22.149999618530273,22.149999618530273,25119
2022-07-12,22.200000762939453,22.280000686645508,22.190000534057617,22.270000457763672,22.270000457763672,30063
2022-07-13,22.299999237060547,22.34000015258789,22.219999313354492,22.270000457763672,22.270000457763672,12824
2022-07-14,22.200000762939453,22.299999237060547,22.139999389648438,22.15999984741211,22.15999984741211,21635
2022-07-15,22.25,22.25,22.170000076293945,22.219999313354492,22.219999313354492,14129
2022-07-18,22.25,22.25,22.110000610351562,22.15999984741211,22.15999984741211,20215
2022-07-19,22.1299991607666,22.25,22.110000610351562,22.110000610351562,22.110000610351562,20043
2022-07-20,22.25,22.25,22.09000015258789,22.100000381469727,22.100000381469727,9102
2022-07-21,22.25,22.25,22.09000015258789,22.100000381469727,22.100000381469727,26007
2022-07-22,22.18000030517578,22.18000030517578,22.100000381469727,22.1200008392334,22.1200008392334,24449
2022-07-25,22.1200008392334,22.260000228881836,21.530000686645508,22.190000534057617,22.190000534057617,31186
2022-07-26,22.229999542236328,22.260000228881836,22.170000076293945,22.190000534057617,22.190000534057617,18612
2022-07-27,22.219999313354492,22.290000915527344,22.200000762939453,22.25,22.25,13883
2022-07-28,22.290000915527344,22.34000015258789,22.290000915527344,22.299999237060547,22.299999237060547,20383
2022-07-29,22.3799991607666,22.399999618530273,22.309999465942383,22.309999465942383,22.309999465942383,103518
2022-08-01,22.309999465942383,22.40999984741211,21.729999542236328,22.350000381469727,22.350000381469727,416635
2022-08-02,22.649999618530273,22.649999618530273,22.350000381469727,22.5,22.5,77696
2022-08-03,22.5,22.579999923706055,22.450000762939453,22.530000686645508,22.530000686645508,32258
2022-08-04,22.559999465942383,22.600000381469727,22.450000762939453,22.520000457763672,22.520000457763672,37584
2022-08-05,23.190000534057617,23.190000534057617,22.43000030517578,22.56999969482422,22.56999969482422,98533
2022-08-08,22.489999771118164,22.5,22.399999618530273,22.420000076293945,22.420000076293945,31113
2022-08-10,22.450000762939453,22.479999542236328,22.299999237060547,22.420000076293945,22.420000076293945,34111
2022-08-11,22.649999618530273,22.649999618530273,22.350000381469727,22.459999084472656,22.459999084472656,41494
2022-08-12,23.479999542236328,23.479999542236328,22.360000610351562,22.440000534057617,22.440000534057617,38570
2022-08-16,22.479999542236328,22.639999389648438,22.350000381469727,22.59000015258789,22.59000015258789,48844
2022-08-17,22.59000015258789,22.600000381469727,22.34000015258789,22.540000915527344,22.540000915527344,76531
2022-08-18,22.700000762939453,22.700000762939453,22.399999618530273,22.5,22.5,69039
2022-08-19,22.59000015258789,22.59000015258789,22.479999542236328,22.5,22.5,35083
2022-08-22,22.559999465942383,22.559999465942383,22.450000762939453,22.530000686645508,22.530000686645508,23463
2022-08-23,22.530000686645508,22.549999237060547,22.399999618530273,22.450000762939453,22.450000762939453,17511
2022-08-24,21.829999923706055,22.540000915527344,21.829999923706055,22.510000228881836,22.510000228881836,10034
2022-08-25,23.5,23.5,22.459999084472656,22.510000228881836,22.510000228881836,6290
2022-08-26,22.540000915527344,22.670000076293945,22.5,22.59000015258789,22.59000015258789,92917
2022-08-29,22.610000610351562,22.6200008392334,22.559999465942383,22.59000015258789,22.59000015258789,11949
2022-08-30,22.65999984741211,22.709999084472656,22.6200008392334,22.68000030517578,22.68000030517578,11259
2022-09-01,22.68000030517578,22.719999313354492,22.56999969482422,22.639999389648438,22.639999389648438,77976
2022-09-02,22.690000534057617,22.729999542236328,22.6200008392334,22.639999389648438,22.639999389648438,29271
2022-09-05,22.799999237060547,22.799999237060547,22.670000076293945,22.700000762939453,22.700000762939453,41628
2022-09-06,22.719999313354492,22.780000686645508,22.709999084472656,22.760000228881836,22.760000228881836,27926
2022-09-07,22.799999237060547,22.809999465942383,22.770000457763672,22.809999465942383,22.809999465942383,8945
2022-09-08,22.920000076293945,22.920000076293945,22.809999465942383,22.860000610351562,22.860000610351562,23225
2022-09-09,22.860000610351562,22.860000610351562,22.81999969482422,22.829999923706055,22.829999923706055,8305
2022-09-12,22.8799991607666,22.8799991607666,22.780000686645508,22.81999969482422,22.81999969482422,11578
2022-09-13,22.81999969482422,22.889999389648438,22.790000915527344,22.81999969482422,22.81999969482422,10758
2022-09-14,22.850000381469727,22.889999389648438,22.84000015258789,22.860000610351562,22.860000610351562,9484
2022-09-15,22.8799991607666,22.8799991607666,22.739999771118164,22.780000686645508,22.780000686645508,9975
2022-09-16,22.760000228881836,22.760000228881836,22.649999618530273,22.709999084472656,22.709999084472656,10177
2022-09-19,22.65999984741211,22.770000457763672,22.649999618530273,22.719999313354492,22.719999313354492,40413
2022-09-20,22.719999313354492,22.75,22.670000076293945,22.68000030517578,22.68000030517578,28483
2022-09-21,22.68000030517578,22.770000457763672,22.549999237060547,22.729999542236328,22.729999542236328,40221
2022-09-22,22.700000762939453,22.739999771118164,22.59000015258789,22.6200008392334,22.6200008392334,24328
2022-09-23,22.200000762939453,22.690000534057617,22.200000762939453,22.510000228881836,22.510000228881836,36280
2022-09-26,22.520000457763672,22.690000534057617,22.489999771118164,22.59000015258789,22.59000015258789,17347
2022-09-27,22.5,22.719999313354492,22.5,22.559999465942383,22.559999465942383,14459
2022-09-28,22.559999465942383,22.670000076293945,21.549999237060547,22.6200008392334,22.6200008392334,13125
2022-09-29,22.670000076293945,22.670000076293945,22.559999465942383,22.6299991607666,22.6299991607666,18861
2022-09-30,22.6299991607666,22.639999389648438,22.530000686645508,22.600000381469727,22.600000381469727,11178
2022-10-03,22.579999923706055,22.780000686645508,22.520000457763672,22.559999465942383,22.559999465942383,98759
2022-10-04,22.5,22.719999313354492,22.399999618530273,22.670000076293945,22.670000076293945,73946
2022-10-06,21.549999237060547,22.649999618530273,21.549999237060547,22.540000915527344,22.540000915527344,75262
2022-10-07,22.100000381469727,22.579999923706055,22.100000381469727,22.450000762939453,22.450000762939453,37735
2022-10-10,22.469999313354492,22.579999923706055,22.459999084472656,22.530000686645508,22.530000686645508,31904
2022-10-11,22.450000762939453,22.540000915527344,22.450000762939453,22.479999542236328,22.479999542236328,41520
2022-10-12,22.559999465942383,22.610000610351562,22.5,22.5,22.5,17211
2022-10-13,22.56999969482422,22.56999969482422,22.43000030517578,22.479999542236328,22.479999542236328,23001
2022-10-14,22.489999771118164,22.56999969482422,22.469999313354492,22.5,22.5,39978
2022-10-17,22.5,22.549999237060547,22.420000076293945,22.5,22.5,51902
2022-10-18,22.530000686645508,22.56999969482422,22.479999542236328,22.510000228881836,22.510000228881836,52725
2022-10-19,22.530000686645508,22.59000015258789,22.5,22.530000686645508,22.530000686645508,24405
2022-10-20,22.479999542236328,22.549999237060547,22.479999542236328,22.540000915527344,22.540000915527344,10057
2022-10-21,22.489999771118164,22.549999237060547,22.459999084472656,22.489999771118164,22.489999771118164,33636
2022-10-24,22.489999771118164,22.510000228881836,20.3700008392334,22.450000762939453,22.450000762939453,67407
2022-10-25,22.459999084472656,22.600000381469727,22.450000762939453,22.5,22.5,27902
2022-10-27,22.049999237060547,22.690000534057617,22.049999237060547,22.6299991607666,22.6299991607666,30138
2022-10-28,23.100000381469727,23.100000381469727,22.56999969482422,22.670000076293945,22.670000076293945,59165
2022-10-31,22.6200008392334,22.760000228881836,22.56999969482422,22.610000610351562,22.610000610351562,24633
2022-11-01,22.020000457763672,22.639999389648438,22.020000457763672,22.56999969482422,22.56999969482422,598708
2022-11-02,22.6200008392334,22.6200008392334,22.520000457763672,22.579999923706055,22.579999923706055,195097
2022-11-03,23.049999237060547,23.049999237060547,22.479999542236328,22.600000381469727,22.600000381469727,64747
2022-11-04,22.540000915527344,22.59000015258789,22.399999618530273,22.440000534057617,22.440000534057617,37324
2022-11-07,22.530000686645508,22.56999969482422,22.450000762939453,22.510000228881836,22.510000228881836,71982
2022-11-09,22.610000610351562,22.649999618530273,22.549999237060547,22.579999923706055,22.579999923706055,22493
2022-11-10,22.65999984741211,22.709999084472656,22.579999923706055,22.639999389648438,22.639999389648438,26449
2022-11-11,22.8799991607666,22.8799991607666,22.739999771118164,22.739999771118164,22.739999771118164,92040
2022-11-14,22.75,22.860000610351562,22.739999771118164,22.799999237060547,22.799999237060547,43553
2022-11-15,22.799999237060547,22.8700008392334,22.760000228881836,22.850000381469727,22.850000381469727,29698
2022-11-16,22.850000381469727,22.899999618530273,22.809999465942383,22.860000610351562,22.860000610351562,19697
2022-11-17,22.0,22.93000030517578,22.0,22.889999389648438,22.889999389648438,26669
2022-11-18,22.780000686645508,22.889999389648438,22.770000457763672,22.850000381469727,22.850000381469727,58619
2022-11-21,22.889999389648438,22.889999389648438,22.780000686645508,22.799999237060547,22.799999237060547,18873
2022-11-22,22.860000610351562,22.860000610351562,22.790000915527344,22.809999465942383,22.809999465942383,12737
2022-11-23,22.790000915527344,22.90999984741211,22.790000915527344,22.81999969482422,22.81999969482422,12834
2022-11-24,22.8799991607666,22.899999618530273,22.84000015258789,22.860000610351562,22.860000610351562,20041
2022-11-25,23.350000381469727,23.350000381469727,22.850000381469727,22.8700008392334,22.8700008392334,21941
2022-11-28,22.90999984741211,22.93000030517578,22.809999465942383,22.889999389648438,22.889999389648438,51667
2022-11-29,22.90999984741211,22.90999984741211,22.8799991607666,22.8799991607666,22.8799991607666,13899
2022-11-30,22.899999618530273,22.93000030517578,22.860000610351562,22.90999984741211,22.90999984741211,18903
2022-12-01,22.920000076293945,23.06999969482422,22.899999618530273,23.040000915527344,23.040000915527344,52450
2022-12-02,23.09000015258789,23.149999618530273,23.030000686645508,23.1200008392334,23.1200008392334,75689
2022-12-05,23.100000381469727,23.100000381469727,22.989999771118164,23.030000686645508,23.030000686645508,18445
2022-12-06,23.040000915527344,23.06999969482422,23.030000686645508,23.040000915527344,23.040000915527344,7817
2022-12-07,23.010000228881836,23.09000015258789,23.010000228881836,23.020000457763672,23.020000457763672,9449
2022-12-08,23.5,23.5,22.969999313354492,23.030000686645508,23.030000686645508,69957
2022-12-09,23.059999465942383,23.06999969482422,22.989999771118164,23.010000228881836,23.010000228881836,13706
2022-12-12,23.059999465942383,23.079999923706055,22.950000762939453,23.049999237060547,23.049999237060547,78233
2022-12-13,22.989999771118164,23.110000610351562,22.989999771118164,23.09000015258789,23.09000015258789,92932
2022-12-14,23.110000610351562,23.209999084472656,23.030000686645508,23.1299991607666,23.1299991607666,232950
2022-12-15,23.059999465942383,23.1200008392334,22.989999771118164,23.020000457763672,23.020000457763672,292547
2022-12-16,23.010000228881836,23.110000610351562,22.979999542236328,23.079999923706055,23.079999923706055,41729
2022-12-19,23.06999969482422,23.139999389648438,22.950000762939453,22.959999084472656,22.959999084472656,121162
2022-12-20,23.06999969482422,23.100000381469727,23.0,23.09000015258789,23.09000015258789,18138
2022-12-21,23.06999969482422,23.200000762939453,23.030000686645508,23.110000610351562,23.110000610351562,114368
2022-12-22,23.1200008392334,23.1200008392334,23.040000915527344,23.06999969482422,23.06999969482422,129338
2022-12-23,23.06999969482422,23.09000015258789,22.989999771118164,23.049999237060547,23.049999237060547,84814
2022-12-26,23.0,23.079999923706055,23.0,23.06999969482422,23.06999969482422,23303
2022-12-27,22.969999313354492,23.06999969482422,22.969999313354492,23.020000457763672,23.020000457763672,17986
2022-12-28,22.959999084472656,23.06999969482422,22.940000534057617,22.969999313354492,22.969999313354492,19198
2022-12-29,22.979999542236328,23.079999923706055,22.979999542236328,23.06999969482422,23.06999969482422,30210
2022-12-30,23.239999771118164,23.239999771118164,23.020000457763672,23.049999237060547,23.049999237060547,8102
2023-01-02,23.079999923706055,23.079999923706055,22.959999084472656,23.049999237060547,23.049999237060547,36182
2023-01-03,23.059999465942383,23.079999923706055,23.0,23.06999969482422,23.06999969482422,25856
2023-01-04,23.040000915527344,23.06999969482422,23.0,23.059999465942383,23.059999465942383,11702
2023-01-05,23.040000915527344,23.100000381469727,23.030000686645508,23.06999969482422,23.06999969482422,25016
2023-01-06,23.09000015258789,23.100000381469727,22.93000030517578,23.010000228881836,23.010000228881836,100208
2023-01-09,23.06999969482422,23.079999923706055,22.969999313354492,23.040000915527344,23.040000915527344,27892
2023-01-10,23.049999237060547,23.110000610351562,22.989999771118164,23.100000381469727,23.100000381469727,31236
2023-01-11,23.170000076293945,23.18000030517578,23.040000915527344,23.1200008392334,23.1200008392334,15789
2023-01-12,23.149999618530273,23.209999084472656,23.049999237060547,23.18000030517578,23.18000030517578,47983
2023-01-13,23.15999984741211,23.170000076293945,23.049999237060547,23.139999389648438,23.139999389648438,70745
2023-01-16,23.149999618530273,23.190000534057617,23.06999969482422,23.100000381469727,23.100000381469727,30454
2023-01-17,23.1200008392334,23.18000030517578,23.110000610351562,23.170000076293945,23.170000076293945,25421
2023-01-18,23.139999389648438,23.18000030517578,23.059999465942383,23.18000030517578,23.18000030517578,15572
2023-01-19,23.1200008392334,23.219999313354492,23.110000610351562,23.18000030517578,23.18000030517578,43050
2023-01-20,23.18000030517578,23.200000762939453,23.110000610351562,23.149999618530273,23.149999618530273,51921
2023-01-23,23.100000381469727,23.170000076293945,23.100000381469727,23.15999984741211,23.15999984741211,31502
2023-01-24,23.100000381469727,23.170000076293945,23.100000381469727,23.110000610351562,23.110000610351562,17671
2023-01-25,23.09000015258789,23.15999984741211,23.09000015258789,23.1299991607666,23.1299991607666,48535
2023-01-27,23.06999969482422,23.200000762939453,23.049999237060547,23.06999969482422,23.06999969482422,173987
2023-01-30,22.399999618530273,23.09000015258789,22.399999618530273,23.010000228881836,23.010000228881836,70671
2023-01-31,23.040000915527344,23.079999923706055,23.020000457763672,23.030000686645508,23.030000686645508,32423
2023-02-01,23.059999465942383,23.190000534057617,23.030000686645508,23.18000030517578,23.18000030517578,97725
2023-02-02,23.270000457763672,23.270000457763672,23.15999984741211,23.18000030517578,23.18000030517578,110056
2023-02-03,23.5,23.5,23.100000381469727,23.25,23.25,36693
2023-02-06,23.200000762939453,23.260000228881836,23.170000076293945,23.229999542236328,23.229999542236328,34857
2023-02-07,23.209999084472656,23.260000228881836,23.18000030517578,23.25,23.25,42767
2023-02-08,23.229999542236328,23.31999969482422,23.209999084472656,23.229999542236328,23.229999542236328,26453
2023-02-09,23.209999084472656,23.25,23.1200008392334,23.229999542236328,23.229999542236328,31857
2023-02-10,23.18000030517578,23.239999771118164,23.15999984741211,23.200000762939453,23.200000762939453,67554
2023-02-13,23.200000762939453,23.200000762939453,22.5,23.15999984741211,23.15999984741211,24042
2023-02-14,23.850000381469727,23.850000381469727,23.09000015258789,23.18000030517578,23.18000030517578,16418
2023-02-15,23.170000076293945,23.229999542236328,23.100000381469727,23.209999084472656,23.209999084472656,59540
2023-02-16,23.219999313354492,23.260000228881836,23.149999618530273,23.239999771118164,23.239999771118164,107082
2023-02-17,23.219999313354492,23.260000228881836,23.149999618530273,23.190000534057617,23.190000534057617,38881
2023-02-20,23.149999618530273,23.219999313354492,23.139999389648438,23.209999084472656,23.209999084472656,17534
2023-02-21,23.209999084472656,23.239999771118164,23.170000076293945,23.200000762939453,23.200000762939453,14371
2023-02-22,24.25,24.25,23.149999618530273,23.170000076293945,23.170000076293945,64015
2023-02-23,23.219999313354492,23.239999771118164,23.110000610351562,23.229999542236328,23.229999542236328,30427
2023-02-24,23.170000076293945,23.329999923706055,23.110000610351562,23.239999771118164,23.239999771118164,75190
2023-02-27,23.899999618530273,23.899999618530273,23.110000610351562,23.200000762939453,23.200000762939453,1654491
2023-02-28,22.75,23.219999313354492,22.75,23.18000030517578,23.18000030517578,119470
2023-03-01,23.139999389648438,23.209999084472656,23.110000610351562,23.18000030517578,23.18000030517578,368860
2023-03-02,23.139999389648438,23.170000076293945,23.110000610351562,23.149999618530273,23.149999618530273,116422
2023-03-03,23.850000381469727,23.850000381469727,23.100000381469727,23.15999984741211,23.15999984741211,94546
2023-03-06,23.899999618530273,23.899999618530273,23.1200008392334,23.18000030517578,23.18000030517578,63956
2023-03-08,23.899999618530273,23.899999618530273,23.1299991607666,23.139999389648438,23.139999389648438,91827
2023-03-09,23.110000610351562,23.15999984741211,23.110000610351562,23.1200008392334,23.1200008392334,76532
2023-03-10,23.18000030517578,23.229999542236328,23.1299991607666,23.200000762939453,23.200000762939453,64230
2023-03-13,23.209999084472656,23.299999237060547,23.209999084472656,23.25,23.25,19026
2023-03-14,23.950000762939453,23.950000762939453,23.25,23.290000915527344,23.290000915527344,139121
2023-03-15,24.0,24.0,23.239999771118164,23.280000686645508,23.280000686645508,23023
2023-03-16,23.25,23.350000381469727,23.25,23.280000686645508,23.280000686645508,179461
2023-03-17,23.299999237060547,23.540000915527344,23.290000915527344,23.399999618530273,23.399999618530273,122243
2023-03-20,23.200000762939453,24.100000381469727,23.200000762939453,23.43000030517578,23.43000030517578,356707
2023-03-21,23.43000030517578,23.600000381469727,23.350000381469727,23.3799991607666,23.3799991607666,19151
2023-03-22,23.3700008392334,23.40999984741211,23.360000610351562,23.389999389648438,23.389999389648438,25381
2023-03-23,23.399999618530273,23.420000076293945,23.360000610351562,23.3700008392334,23.3700008392334,16875
2023-03-24,24.0,24.290000915527344,23.3700008392334,23.549999237060547,23.549999237060547,442163
2023-03-27,23.1200008392334,23.6200008392334,23.1200008392334,23.459999084472656,23.459999084472656,1616085
2023-03-28,23.549999237060547,23.549999237060547,23.40999984741211,23.450000762939453,23.450000762939453,1772659
2023-03-29,23.440000534057617,23.780000686645508,23.360000610351562,23.520000457763672,23.520000457763672,8825389
2023-03-31,23.43000030517578,23.610000610351562,23.43000030517578,23.510000228881836,23.510000228881836,2022197
2023-04-03,23.450000762939453,23.489999771118164,23.43000030517578,23.459999084472656,23.459999084472656,70312
2023-04-05,23.459999084472656,23.520000457763672,23.399999618530273,23.479999542236328,23.479999542236328,82430
2023-04-06,23.540000915527344,23.649999618530273,23.489999771118164,23.59000015258789,23.59000015258789,154937
2023-04-10,24.299999237060547,24.299999237060547,23.549999237060547,23.649999618530273,23.649999618530273,58674
2023-04-11,22.950000762939453,23.65999984741211,22.950000762939453,23.6200008392334,23.6200008392334,84159
2023-04-12,22.899999618530273,23.670000076293945,22.899999618530273,23.649999618530273,23.649999618530273,45988
2023-04-13,23.049999237060547,23.700000762939453,23.049999237060547,23.690000534057617,23.690000534057617,79864
2023-04-17,23.649999618530273,23.719999313354492,23.6299991607666,23.68000030517578,23.68000030517578,48317
2023-04-18,24.399999618530273,24.399999618530273,23.6299991607666,23.700000762939453,23.700000762939453,10039
2023-04-19,23.700000762939453,23.739999771118164,23.670000076293945,23.719999313354492,23.719999313354492,137912
2023-04-20,23.690000534057617,23.770000457763672,23.690000534057617,23.75,23.75,83934
2023-04-21,23.709999084472656,23.809999465942383,23.670000076293945,23.770000457763672,23.770000457763672,166344
2023-04-24,23.770000457763672,23.829999923706055,23.700000762939453,23.809999465942383,23.809999465942383,69085
2023-04-25,24.5,24.5,23.799999237060547,23.850000381469727,23.850000381469727,38953
2023-04-26,24.5,24.93000030517578,23.799999237060547,23.8700008392334,23.8700008392334,39339
2023-04-27,24.600000381469727,24.600000381469727,23.760000228881836,23.889999389648438,23.889999389648438,38194
2023-04-28,23.889999389648438,23.899999618530273,23.809999465942383,23.829999923706055,23.829999923706055,148549
2023-05-02,23.860000610351562,23.889999389648438,23.760000228881836,23.850000381469727,23.850000381469727,297688
2023-05-03,24.549999237060547,24.549999237060547,23.8700008392334,24.049999237060547,24.049999237060547,80604
2023-05-04,24.760000228881836,24.760000228881836,23.979999542236328,24.040000915527344,24.040000915527344,219216
2023-05-05,24.479999542236328,24.479999542236328,24.0,24.040000915527344,24.040000915527344,182016
2023-05-08,24.030000686645508,24.09000015258789,24.0,24.040000915527344,24.040000915527344,194700
2023-05-09,24.040000915527344,24.479999542236328,24.020000457763672,24.020000457763672,24.020000457763672,141437
2023-05-10,24.479999542236328,24.479999542236328,23.979999542236328,24.020000457763672,24.020000457763672,37373
2023-05-11,24.0,24.040000915527344,24.0,24.010000228881836,24.010000228881836,24930
2023-05-12,24.030000686645508,24.049999237060547,24.0,24.040000915527344,24.040000915527344,29354
2023-05-15,24.09000015258789,24.09000015258789,24.0,24.079999923706055,24.079999923706055,78523
2023-05-16,24.049999237060547,24.1200008392334,24.049999237060547,24.100000381469727,24.100000381469727,101053
2023-05-17,24.799999237060547,24.799999237060547,24.139999389648438,24.209999084472656,24.209999084472656,380403
2023-05-19,24.1200008392334,24.219999313354492,24.1200008392334,24.18000030517578,24.18000030517578,349488
2023-05-22,24.899999618530273,24.899999618530273,24.0,24.170000076293945,24.170000076293945,141218
2023-05-23,24.139999389648438,24.190000534057617,24.139999389648438,24.149999618530273,24.149999618530273,144503
2023-05-24,24.110000610351562,24.18000030517578,24.0,24.15999984741211,24.15999984741211,59638
2023-05-25,24.899999618530273,24.899999618530273,24.100000381469727,24.15999984741211,24.15999984741211,228548
2023-05-26,24.09000015258789,24.190000534057617,24.09000015258789,24.170000076293945,24.170000076293945,61210
2023-05-30,24.15999984741211,24.18000030517578,24.110000610351562,24.170000076293945,24.170000076293945,199273
2023-05-31,24.899999618530273,24.899999618530273,24.139999389648438,24.209999084472656,24.209999084472656,127626
2023-06-01,24.950000762939453,24.950000762939453,24.170000076293945,24.200000762939453,24.200000762939453,367403
2023-06-02,24.209999084472656,24.25,24.170000076293945,24.219999313354492,24.219999313354492,235187
2023-06-05,24.18000030517578,24.239999771118164,24.15999984741211,24.209999084472656,24.209999084472656,159181
2023-06-06,24.100000381469727,24.229999542236328,24.100000381469727,24.219999313354492,24.219999313354492,127684
2023-06-07,24.229999542236328,24.25,24.219999313354492,24.239999771118164,24.239999771118164,70514
2023-06-08,24.950000762939453,24.950000762939453,24.200000762939453,24.200000762939453,24.200000762939453,370785
2023-06-09,24.219999313354492,24.25,24.190000534057617,24.209999084472656,24.209999084472656,538286
2023-06-12,24.200000762939453,24.950000762939453,24.170000076293945,24.209999084472656,24.209999084472656,854823
2023-06-13,24.209999084472656,24.270000457763672,24.190000534057617,24.25,24.25,171632
2023-06-14,24.219999313354492,24.25,24.209999084472656,24.229999542236328,24.229999542236328,1971142
2023-06-15,24.229999542236328,24.280000686645508,24.209999084472656,24.219999313354492,24.219999313354492,898760
2023-06-16,24.219999313354492,24.239999771118164,24.190000534057617,24.209999084472656,24.209999084472656,366094
2023-06-19,24.209999084472656,24.260000228881836,24.149999618530273,24.229999542236328,24.229999542236328,176563
2023-06-20,24.200000762939453,24.229999542236328,24.15999984741211,24.200000762939453,24.200000762939453,194904
2023-06-21,24.200000762939453,24.200000762939453,24.18000030517578,24.18000030517578,24.18000030517578,196267
2023-06-22,24.18000030517578,24.239999771118164,24.15999984741211,24.190000534057617,24.190000534057617,800361
2023-06-23,24.170000076293945,24.200000762939453,24.15999984741211,24.190000534057617,24.190000534057617,142915
2023-06-26,24.18000030517578,24.209999084472656,24.15999984741211,24.18000030517578,24.18000030517578,911229
2023-06-27,24.190000534057617,24.209999084472656,24.18000030517578,24.200000762939453,24.200000762939453,60394
2023-06-28,24.209999084472656,24.239999771118164,24.190000534057617,24.219999313354492,24.219999313354492,93720
2023-06-30,24.209999084472656,24.93000030517578,24.170000076293945,24.25,24.25,532463
2023-07-07,24.100000381469727,24.139999389648438,24.100000381469727,24.1299991607666,24.1299991607666,342867
2023-07-10,24.1299991607666,24.1299991607666,24.079999923706055,24.079999923706055,24.079999923706055,285537
2023-07-14,24.209999084472656,24.270000457763672,24.209999084472656,24.25,24.25,321457
2023-07-17,24.229999542236328,24.260000228881836,24.200000762939453,24.219999313354492,24.219999313354492,200771
2023-07-19,25.0,25.0,24.260000228881836,24.270000457763672,24.270000457763672,210728
2023-07-20,24.270000457763672,24.280000686645508,24.239999771118164,24.260000228881836,24.260000228881836,1732545
2023-07-21,24.260000228881836,24.270000457763672,24.239999771118164,24.25,24.25,126386
2023-07-24,24.25,24.299999237060547,24.25,24.260000228881836,24.260000228881836,256920
2023-07-26,24.260000228881836,24.280000686645508,24.25,24.260000228881836,24.260000228881836,120016
2023-07-28,24.59000015258789,24.59000015258789,23.920000076293945,24.190000534057617,24.190000534057617,681276
2023-08-03,24.200000762939453,24.200000762939453,24.1299991607666,24.15999984741211,24.15999984741211,205025
2023-08-04,24.15999984741211,24.239999771118164,24.149999618530273,24.190000534057617,24.190000534057617,463918
2023-08-07,24.190000534057617,24.229999542236328,24.18000030517578,24.219999313354492,24.219999313354492,169926
2023-08-08,24.170000076293945,24.219999313354492,24.15999984741211,24.209999084472656,24.209999084472656,352892
2023-08-09,24.239999771118164,24.25,24.200000762939453,24.229999542236328,24.229999542236328,409067
2023-08-10,24.219999313354492,24.280000686645508,24.209999084472656,24.260000228881836,24.260000228881836,628238
2023-08-11,24.239999771118164,24.260000228881836,24.229999542236328,24.239999771118164,24.239999771118164,745264
2023-08-14,24.229999542236328,24.229999542236328,24.170000076293945,24.209999084472656,24.209999084472656,491865
2023-08-16,24.229999542236328,24.239999771118164,24.18000030517578,24.209999084472656,24.209999084472656,457854
2023-08-17,24.190000534057617,24.200000762939453,24.170000076293945,24.18000030517578,24.18000030517578,1160626
2023-08-18,24.170000076293945,24.239999771118164,24.170000076293945,24.219999313354492,24.219999313354492,239135
2023-08-21,24.260000228881836,24.260000228881836,24.18000030517578,24.239999771118164,24.239999771118164,308825
2023-08-22,24.209999084472656,24.25,24.190000534057617,24.239999771118164,24.239999771118164,211705
2023-08-23,24.229999542236328,24.260000228881836,24.200000762939453,24.25,24.25,298127
2023-08-24,24.290000915527344,24.290000915527344,24.260000228881836,24.280000686645508,24.280000686645508,80613
2023-08-25,24.260000228881836,24.290000915527344,24.260000228881836,24.280000686645508,24.280000686645508,280247
2023-08-28,25.0,25.0,24.270000457763672,24.309999465942383,24.309999465942383,445138
2023-08-29,24.31999969482422,24.350000381469727,24.309999465942383,24.309999465942383,24.309999465942383,476215
2023-08-30,24.31999969482422,24.350000381469727,24.309999465942383,24.31999969482422,24.31999969482422,414428
2023-08-31,24.329999923706055,24.350000381469727,24.31999969482422,24.34000015258789,24.34000015258789,288587
2023-09-01,24.350000381469727,24.399999618530273,24.34000015258789,24.3799991607666,24.3799991607666,396421
2023-09-04,25.100000381469727,25.100000381469727,24.309999465942383,24.309999465942383,24.309999465942383,384438
2023-09-05,24.309999465942383,24.399999618530273,24.280000686645508,24.329999923706055,24.329999923706055,281863
2023-09-06,25.0,25.0,24.280000686645508,24.299999237060547,24.299999237060547,268463
2023-09-07,24.299999237060547,24.399999618530273,24.299999237060547,24.3799991607666,24.3799991607666,184998
2023-09-08,24.3700008392334,24.389999389648438,24.350000381469727,24.3700008392334,24.3700008392334,851366
2023-09-11,24.350000381469727,24.350000381469727,24.290000915527344,24.290000915527344,24.290000915527344,330698
2023-09-12,24.270000457763672,24.299999237060547,24.260000228881836,24.280000686645508,24.280000686645508,492149
2023-09-13,24.309999465942383,24.3700008392334,24.299999237060547,24.360000610351562,24.360000610351562,279080
2023-09-14,24.600000381469727,24.600000381469727,24.3799991607666,24.440000534057617,24.440000534057617,543669
2023-09-15,24.440000534057617,24.489999771118164,24.40999984741211,24.43000030517578,24.43000030517578,468547
2023-09-18,24.40999984741211,24.40999984741211,24.34000015258789,24.399999618530273,24.399999618530273,2964108
2023-09-20,24.389999389648438,24.43000030517578,24.3700008392334,24.40999984741211,24.40999984741211,752803
2023-09-21,24.399999618530273,24.479999542236328,24.399999618530273,24.420000076293945,24.420000076293945,1008652
2023-09-22,24.920000076293945,24.920000076293945,24.450000762939453,24.479999542236328,24.479999542236328,1018857
2023-09-25,24.489999771118164,24.489999771118164,24.43000030517578,24.440000534057617,24.440000534057617,985567
2023-09-26,24.899999618530273,24.899999618530273,24.399999618530273,24.440000534057617,24.440000534057617,430941
2023-09-27,24.440000534057617,24.639999389648438,24.420000076293945,24.440000534057617,24.440000534057617,715124
2023-09-28,24.940000534057617,24.940000534057617,24.299999237060547,24.350000381469727,24.350000381469727,688376
2023-09-29,24.700000762939453,24.700000762939453,24.31999969482422,24.3799991607666,24.3799991607666,846385
2023-10-03,24.3700008392334,24.3700008392334,24.31999969482422,24.360000610351562,24.360000610351562,489353
2023-10-04,24.360000610351562,24.360000610351562,24.290000915527344,24.31999969482422,24.31999969482422,854466
2023-10-05,24.34000015258789,24.3799991607666,24.329999923706055,24.360000610351562,24.360000610351562,772687
2023-10-06,24.3700008392334,24.3799991607666,24.18000030517578,24.239999771118164,24.239999771118164,3190765
2023-10-09,24.200000762939453,24.200000762939453,24.149999618530273,24.15999984741211,24.15999984741211,553366
2023-10-10,24.170000076293945,24.170000076293945,24.1200008392334,24.149999618530273,24.149999618530273,581182
2023-10-11,24.149999618530273,24.260000228881836,24.149999618530273,24.219999313354492,24.219999313354492,254190
2023-10-12,24.100000381469727,24.280000686645508,24.100000381469727,24.260000228881836,24.260000228881836,1898544
2023-10-13,24.219999313354492,24.260000228881836,24.18000030517578,24.25,24.25,461439
2023-10-16,24.200000762939453,24.25,24.200000762939453,24.229999542236328,24.229999542236328,201253
2023-10-17,24.229999542236328,24.260000228881836,24.200000762939453,24.25,24.25,162024
2023-10-18,24.149999618530273,24.25,24.100000381469727,24.239999771118164,24.239999771118164,183214
2023-10-19,24.170000076293945,24.200000762939453,24.170000076293945,24.190000534057617,24.190000534057617,563723
2023-10-20,24.18000030517578,24.209999084472656,24.170000076293945,24.190000534057617,24.190000534057617,259952
2023-10-23,24.200000762939453,24.209999084472656,24.15999984741211,24.170000076293945,24.170000076293945,269278
2023-10-25,24.239999771118164,24.260000228881836,24.209999084472656,24.219999313354492,24.219999313354492,320131
2023-10-26,24.239999771118164,24.239999771118164,24.190000534057617,24.219999313354492,24.219999313354492,518714
2023-10-27,24.239999771118164,24.270000457763672,24.209999084472656,24.239999771118164,24.239999771118164,1027076
2023-10-30,24.219999313354492,24.260000228881836,24.219999313354492,24.239999771118164,24.239999771118164,113545
2023-10-31,24.25,24.280000686645508,24.219999313354492,24.270000457763672,24.270000457763672,83867
2023-11-01,24.270000457763672,24.290000915527344,24.239999771118164,24.280000686645508,24.280000686645508,878515
2023-11-02,25.0,25.0,24.290000915527344,24.31999969482422,24.31999969482422,1306131
2023-11-03,24.34000015258789,24.3700008392334,24.31999969482422,24.350000381469727,24.350000381469727,658551
2023-11-06,24.350000381469727,24.399999618530273,24.309999465942383,24.360000610351562,24.360000610351562,547669
2023-11-07,24.360000610351562,24.389999389648438,24.34000015258789,24.3799991607666,24.3799991607666,446994
2023-11-08,24.40999984741211,24.450000762939453,24.40999984741211,24.440000534057617,24.440000534057617,506338
2023-11-09,24.600000381469727,24.600000381469727,24.420000076293945,24.469999313354492,24.469999313354492,1186584
2023-11-10,24.489999771118164,24.489999771118164,24.40999984741211,24.420000076293945,24.420000076293945,1172136
2023-11-13,24.600000381469727,24.600000381469727,24.3700008392334,24.43000030517578,24.43000030517578,611274
2023-11-15,23.940000534057617,24.600000381469727,23.940000534057617,24.540000915527344,24.540000915527344,363624
2023-11-16,24.600000381469727,24.600000381469727,24.510000228881836,24.540000915527344,24.540000915527344,1512577
2023-11-17,25.200000762939453,25.200000762939453,24.520000457763672,24.600000381469727,24.600000381469727,740313
2023-11-20,24.56999969482422,24.579999923706055,24.530000686645508,24.559999465942383,24.559999465942383,2166861
2023-11-21,24.559999465942383,24.559999465942383,24.489999771118164,24.5,24.5,869915
2023-11-22,25.25,25.25,24.5,24.510000228881836,24.510000228881836,385267
2023-11-23,24.600000381469727,24.600000381469727,24.510000228881836,24.540000915527344,24.540000915527344,667853
2023-11-24,24.549999237060547,24.559999465942383,24.489999771118164,24.540000915527344,24.540000915527344,851384
2023-11-28,25.100000381469727,25.100000381469727,24.5,24.549999237060547,24.549999237060547,868178
2023-11-29,24.549999237060547,24.579999923706055,24.540000915527344,24.559999465942383,24.559999465942383,290605
2023-11-30,25.25,25.25,24.520000457763672,24.559999465942383,24.559999465942383,663046
2023-12-01,24.559999465942383,24.559999465942383,24.479999542236328,24.530000686645508,24.530000686645508,1754022
2023-12-04,24.520000457763672,24.56999969482422,24.5,24.530000686645508,24.530000686645508,1239559
2023-12-05,24.559999465942383,24.579999923706055,24.530000686645508,24.540000915527344,24.540000915527344,1139051
2023-12-06,25.0,25.0,24.559999465942383,24.600000381469727,24.600000381469727,993893
2023-12-07,25.100000381469727,25.100000381469727,24.579999923706055,24.6200008392334,24.6200008392334,565701
2023-12-08,24.6200008392334,24.81999969482422,24.600000381469727,24.6299991607666,24.6299991607666,857382
2023-12-11,24.579999923706055,24.600000381469727,24.549999237060547,24.579999923706055,24.579999923706055,935910
2023-12-12,24.59000015258789,24.610000610351562,24.579999923706055,24.59000015258789,24.59000015258789,482114
2023-12-13,24.600000381469727,24.639999389648438,24.579999923706055,24.6200008392334,24.6200008392334,562157
2023-12-14,24.700000762939453,24.729999542236328,24.649999618530273,24.719999313354492,24.719999313354492,361595
2023-12-15,24.729999542236328,24.829999923706055,24.700000762939453,24.809999465942383,24.809999465942383,2221990
2023-12-18,24.809999465942383,24.81999969482422,24.780000686645508,24.809999465942383,24.809999465942383,745954
2023-12-19,24.799999237060547,24.81999969482422,24.780000686645508,24.809999465942383,24.809999465942383,418929
2023-12-20,24.799999237060547,24.829999923706055,24.780000686645508,24.809999465942383,24.809999465942383,1289120
2023-12-21,24.81999969482422,24.829999923706055,24.780000686645508,24.81999969482422,24.81999969482422,613178
2023-12-22,24.81999969482422,24.81999969482422,24.770000457763672,24.780000686645508,24.780000686645508,1693323
2023-12-26,24.780000686645508,24.84000015258789,24.770000457763672,24.809999465942383,24.809999465942383,493765
2023-12-27,24.81999969482422,24.829999923706055,24.809999465942383,24.81999969482422,24.81999969482422,625483
2023-12-28,24.950000762939453,24.950000762939453,24.780000686645508,24.790000915527344,24.790000915527344,1101694
2023-12-29,24.799999237060547,24.889999389648438,24.790000915527344,24.860000610351562,24.860000610351562,1178217
2024-01-01,24.860000610351562,24.860000610351562,24.799999237060547,24.84000015258789,24.84000015258789,1456042
2024-01-02,24.81999969482422,24.829999923706055,24.799999237060547,24.809999465942383,24.809999465942383,2608078
2024-01-03,24.81999969482422,24.84000015258789,24.780000686645508,24.809999465942383,24.809999465942383,896392
2024-01-04,24.809999465942383,24.81999969482422,24.780000686645508,24.809999465942383,24.809999465942383,1641025
2024-01-05,24.969999313354492,24.969999313354492,24.790000915527344,24.799999237060547,24.799999237060547,1747687
2024-01-08,24.770000457763672,24.829999923706055,24.770000457763672,24.81999969482422,24.81999969482422,1034001
2024-01-09,24.8700008392334,24.889999389648438,24.829999923706055,24.8700008392334,24.8700008392334,1126326
2024-01-10,24.8700008392334,24.899999618530273,24.860000610351562,24.860000610351562,24.860000610351562,787966
2024-01-11,25.299999237060547,25.299999237060547,24.860000610351562,24.899999618530273,24.899999618530273,1209482
2024-01-12,25.239999771118164,25.399999618530273,24.899999618530273,24.969999313354492,24.969999313354492,2511695
2024-01-15,24.969999313354492,25.0,24.940000534057617,24.979999542236328,24.979999542236328,1166230
2024-01-16,24.969999313354492,24.989999771118164,24.940000534057617,24.979999542236328,24.979999542236328,1124127
2024-01-17,24.969999313354492,24.979999542236328,24.93000030517578,24.959999084472656,24.959999084472656,554395
2024-01-19,24.93000030517578,24.959999084472656,24.920000076293945,24.950000762939453,24.950000762939453,1465681
2024-01-23,25.149999618530273,25.149999618530273,24.940000534057617,24.959999084472656,24.959999084472656,569447
2024-01-24,24.969999313354492,25.049999237060547,24.950000762939453,24.989999771118164,24.989999771118164,602135
2024-01-25,24.959999084472656,25.09000015258789,24.959999084472656,25.010000228881836,25.010000228881836,1177267
2024-01-29,25.0,25.020000457763672,24.959999084472656,25.0,25.0,648608
2024-01-30,25.020000457763672,25.040000915527344,24.989999771118164,25.020000457763672,25.020000457763672,359367
2024-01-31,25.0,25.149999618530273,25.0,25.049999237060547,25.049999237060547,1021091
2024-02-01,25.059999465942383,25.209999084472656,25.040000915527344,25.18000030517578,25.18000030517578,1096475
2024-02-02,25.139999389648438,25.280000686645508,25.139999389648438,25.260000228881836,25.260000228881836,1657025
2024-02-05,25.200000762939453,25.200000762939453,25.149999618530273,25.18000030517578,25.18000030517578,1660367
2024-02-06,25.190000534057617,25.209999084472656,25.139999389648438,25.18000030517578,25.18000030517578,2800972
2024-02-07,25.290000915527344,25.290000915527344,25.18000030517578,25.200000762939453,25.200000762939453,1013500
2024-02-08,25.200000762939453,25.299999237060547,25.190000534057617,25.209999084472656,25.209999084472656,1799130
2024-02-09,25.209999084472656,25.219999313354492,25.15999984741211,25.190000534057617,25.190000534057617,1623262
2024-02-12,25.209999084472656,25.209999084472656,25.15999984741211,25.18000030517578,25.18000030517578,850138
2024-02-13,25.190000534057617,25.200000762939453,25.170000076293945,25.190000534057617,25.190000534057617,968891
2024-02-14,25.190000534057617,25.190000534057617,25.1200008392334,25.149999618530273,25.149999618530273,1014925
2024-02-15,25.1299991607666,25.229999542236328,25.1299991607666,25.219999313354492,25.219999313354492,1137102
2024-02-16,25.229999542236328,25.25,25.200000762939453,25.239999771118164,25.239999771118164,763868
2024-02-19,25.399999618530273,25.5,25.190000534057617,25.239999771118164,25.239999771118164,781789
2024-02-20,25.219999313354492,25.260000228881836,25.200000762939453,25.239999771118164,25.239999771118164,1083441
2024-02-21,25.260000228881836,25.31999969482422,25.260000228881836,25.309999465942383,25.309999465942383,872418
2024-02-22,25.299999237060547,25.309999465942383,25.280000686645508,25.290000915527344,25.290000915527344,1027606
2024-02-23,25.299999237060547,25.31999969482422,25.290000915527344,25.309999465942383,25.309999465942383,771149
2024-02-26,25.34000015258789,25.34000015258789,25.309999465942383,25.31999969482422,25.31999969482422,1764128
2024-02-27,25.329999923706055,25.600000381469727,25.280000686645508,25.309999465942383,25.309999465942383,2174363
2024-02-28,25.299999237060547,25.31999969482422,25.290000915527344,25.309999465942383,25.309999465942383,1460159
2024-02-29,24.549999237060547,25.329999923706055,24.549999237060547,25.309999465942383,25.309999465942383,913720
2024-03-01,25.309999465942383,25.329999923706055,25.299999237060547,25.31999969482422,25.31999969482422,1959912
2024-03-04,25.350000381469727,25.3700008392334,25.329999923706055,25.350000381469727,25.350000381469727,1415637
2024-03-05,26.100000381469727,26.100000381469727,25.329999923706055,25.350000381469727,25.350000381469727,1720590
2024-03-06,25.360000610351562,25.3799991607666,25.34000015258789,25.3700008392334,25.3700008392334,1454607
2024-03-07,25.459999084472656,25.899999618530273,25.3700008392334,25.420000076293945,25.420000076293945,1356685
2024-03-11,25.920000076293945,26.200000762939453,25.43000030517578,25.459999084472656,25.459999084472656,2472577
2024-03-12,25.469999313354492,25.469999313354492,25.43000030517578,25.440000534057617,25.440000534057617,2154522
2024-03-13,26.200000762939453,26.200000762939453,24.920000076293945,25.420000076293945,25.420000076293945,1864295
2024-03-14,25.420000076293945,25.450000762939453,25.209999084472656,25.43000030517578,25.43000030517578,1942029
2024-03-15,26.200000762939453,26.200000762939453,25.40999984741211,25.43000030517578,25.43000030517578,3664481
2024-03-18,25.93000030517578,26.0,25.3799991607666,25.389999389648438,25.389999389648438,1952396
2024-03-19,25.389999389648438,25.389999389648438,25.350000381469727,25.3700008392334,25.3700008392334,1324686
2024-03-20,25.8700008392334,25.8700008392334,25.329999923706055,25.34000015258789,25.34000015258789,1121472
2024-03-21,25.3799991607666,25.440000534057617,25.3799991607666,25.40999984741211,25.40999984741211,2598969
2024-03-22,26.149999618530273,26.149999618530273,24.959999084472656,25.479999542236328,25.479999542236328,3880429
2024-03-26,25.799999237060547,25.799999237060547,25.399999618530273,25.399999618530273,25.399999618530273,2941806
2024-03-27,25.40999984741211,25.459999084472656,25.3799991607666,25.450000762939453,25.450000762939453,1148866
2024-03-28,25.799999237060547,25.799999237060547,25.43000030517578,25.540000915527344,25.540000915527344,1252874
2024-04-01,25.790000915527344,25.790000915527344,25.420000076293945,25.56999969482422,25.56999969482422,3386207
2024-04-02,25.68000030517578,25.690000534057617,25.450000762939453,25.459999084472656,25.459999084472656,3232699
2024-04-03,25.549999237060547,25.600000381469727,25.40999984741211,25.479999542236328,25.479999542236328,2397613
2024-04-04,26.100000381469727,26.100000381469727,25.420000076293945,25.450000762939453,25.450000762939453,5050026
2024-04-05,25.639999389648438,25.639999389648438,25.440000534057617,25.469999313354492,25.469999313354492,5360501
2024-04-08,25.200000762939453,25.75,25.200000762939453,25.399999618530273,25.399999618530273,3229740
2024-04-09,25.399999618530273,25.469999313354492,25.299999237060547,25.3799991607666,25.3799991607666,3748505
2024-04-10,26.149999618530273,26.149999618530273,25.389999389648438,25.450000762939453,25.450000762939453,3508731
2024-04-12,25.579999923706055,25.579999923706055,25.40999984741211,25.420000076293945,25.420000076293945,2415055
2024-04-15,26.100000381469727,26.100000381469727,25.100000381469727,25.389999389648438,25.389999389648438,2858092
2024-04-16,25.389999389648438,25.40999984741211,25.329999923706055,25.389999389648438,25.389999389648438,1202442
2024-04-18,25.59000015258789,25.59000015258789,25.1299991607666,25.389999389648438,25.389999389648438,1448466
2024-04-19,25.389999389648438,25.389999389648438,25.309999465942383,25.350000381469727,25.350000381469727,1637208
2024-04-22,25.360000610351562,25.399999618530273,25.309999465942383,25.350000381469727,25.350000381469727,1083384
2024-04-23,25.360000610351562,25.420000076293945,25.329999923706055,25.3799991607666,25.3799991607666,1477540
2024-04-24,25.459999084472656,25.459999084472656,25.3799991607666,25.399999618530273,25.399999618530273,799137
2024-04-25,25.399999618530273,25.440000534057617,25.360000610351562,25.3799991607666,25.3799991607666,1314673
2024-04-26,25.489999771118164,25.489999771118164,25.360000610351562,25.40999984741211,25.40999984741211,1183272
2024-04-29,26.149999618530273,26.149999618530273,25.3799991607666,25.399999618530273,25.399999618530273,711738
2024-04-30,25.489999771118164,25.489999771118164,25.3799991607666,25.3799991607666,25.3799991607666,1368818
2024-05-02,25.389999389648438,25.450000762939453,25.3799991607666,25.420000076293945,25.420000076293945,1456478
2024-05-03,25.5,25.5,25.43000030517578,25.469999313354492,25.469999313354492,1352302
2024-05-06,25.549999237060547,25.56999969482422,25.459999084472656,25.540000915527344,25.540000915527344,2503966
2024-05-07,25.540000915527344,25.59000015258789,25.530000686645508,25.559999465942383,25.559999465942383,1020121
2024-05-08,25.600000381469727,25.600000381469727,25.520000457763672,25.540000915527344,25.540000915527344,1255181
2024-05-09,25.639999389648438,25.639999389648438,25.510000228881836,25.540000915527344,25.540000915527344,1481306
2024-05-10,25.540000915527344,25.649999618530273,25.530000686645508,25.610000610351562,25.610000610351562,1857457
2024-05-13,25.690000534057617,25.690000534057617,25.56999969482422,25.610000610351562,25.610000610351562,2774483
2024-05-14,25.639999389648438,25.639999389648438,25.579999923706055,25.610000610351562,25.610000610351562,659418
2024-05-15,25.65999984741211,25.65999984741211,25.610000610351562,25.649999618530273,25.649999618530273,1064341
2024-05-16,25.790000915527344,25.790000915527344,25.65999984741211,25.68000030517578,25.68000030517578,789299
2024-05-17,25.790000915527344,25.790000915527344,25.65999984741211,25.700000762939453,25.700000762939453,1018656
2024-05-21,25.790000915527344,25.790000915527344,25.6299991607666,25.709999084472656,25.709999084472656,863214
2024-05-22,25.709999084472656,25.729999542236328,25.68000030517578,25.690000534057617,25.690000534057617,906504
2024-05-23,25.690000534057617,25.780000686645508,25.610000610351562,25.75,25.75,906791
2024-05-24,25.889999389648438,25.93000030517578,25.75,25.850000381469727,25.850000381469727,1294163
2024-05-27,25.950000762939453,25.950000762939453,25.809999465942383,25.829999923706055,25.829999923706055,1112867
2024-05-28,25.90999984741211,25.90999984741211,25.799999237060547,25.84000015258789,25.84000015258789,1223758
2024-05-29,25.850000381469727,25.899999618530273,25.760000228881836,25.780000686645508,25.780000686645508,1189794
2024-05-30,25.799999237060547,25.799999237060547,25.739999771118164,25.770000457763672,25.770000457763672,973896
2024-05-31,25.760000228881836,25.8700008392334,25.760000228881836,25.84000015258789,25.84000015258789,1499885
2024-06-03,26.600000381469727,26.600000381469727,25.649999618530273,25.889999389648438,25.889999389648438,1529066
2024-06-04,26.149999618530273,26.149999618530273,25.649999618530273,25.690000534057617,25.690000534057617,2844820
2024-06-05,25.899999618530273,25.899999618530273,25.65999984741211,25.760000228881836,25.760000228881836,2172475
2024-06-06,25.899999618530273,25.899999618530273,25.729999542236328,25.809999465942383,25.809999465942383,2251904
2024-06-07,25.8799991607666,25.8799991607666,25.790000915527344,25.850000381469727,25.850000381469727,1770750
2024-06-10,25.989999771118164,25.989999771118164,25.739999771118164,25.809999465942383,25.809999465942383,1725814
2024-06-11,25.809999465942383,25.850000381469727,25.75,25.790000915527344,25.790000915527344,3229169
2024-06-12,25.84000015258789,25.850000381469727,25.799999237060547,25.84000015258789,25.84000015258789,1293173
2024-06-13,25.84000015258789,25.920000076293945,25.84000015258789,25.8700008392334,25.8700008392334,1044466
2024-06-14,25.920000076293945,25.969999313354492,25.8700008392334,25.93000030517578,25.93000030517578,1608713
2024-06-18,25.899999618530273,26.0,25.8700008392334,25.90999984741211,25.90999984741211,3325905
2024-06-19,25.889999389648438,25.989999771118164,25.8799991607666,25.93000030517578,25.93000030517578,1005407
2024-06-20,25.950000762939453,25.950000762939453,25.889999389648438,25.93000030517578,25.93000030517578,1789420
2024-06-21,25.950000762939453,25.979999542236328,25.920000076293945,25.940000534057617,25.940000534057617,2774561
2024-06-24,25.989999771118164,25.989999771118164,25.899999618530273,25.969999313354492,25.969999313354492,1639500
2024-06-25,25.979999542236328,26.0,25.950000762939453,25.959999084472656,25.959999084472656,3571509
2024-06-26,25.969999313354492,25.969999313354492,25.90999984741211,25.93000030517578,25.93000030517578,2455884
2024-06-27,25.979999542236328,26.100000381469727,25.93000030517578,25.940000534057617,25.940000534057617,1704821
2024-06-28,25.989999771118164,25.989999771118164,25.940000534057617,25.959999084472656,25.959999084472656,2086789
2024-07-01,25.940000534057617,26.040000915527344,25.90999984741211,25.940000534057617,25.940000534057617,2411123
2024-07-02,26.040000915527344,26.040000915527344,25.93000030517578,25.969999313354492,25.969999313354492,1245907
2024-07-03,26.020000457763672,26.020000457763672,25.940000534057617,25.969999313354492,25.969999313354492,1665697
2024-07-04,26.010000228881836,26.010000228881836,25.950000762939453,25.979999542236328,25.979999542236328,1789249
2024-07-05,25.979999542236328,26.040000915527344,25.969999313354492,26.020000457763672,26.020000457763672,2975763
2024-07-08,26.030000686645508,26.030000686645508,25.979999542236328,26.010000228881836,26.010000228881836,1789003
2024-07-09,26.0,26.030000686645508,25.989999771118164,26.010000228881836,26.010000228881836,1554604
2024-07-10,26.040000915527344,26.059999465942383,26.0,26.040000915527344,26.040000915527344,1747461
2024-07-11,26.799999237060547,26.799999237060547,26.0,26.049999237060547,26.049999237060547,3341914
2024-07-12,26.56999969482422,26.56999969482422,26.020000457763672,26.079999923706055,26.079999923706055,1179437
2024-07-15,26.850000381469727,26.850000381469727,26.020000457763672,26.059999465942383,26.059999465942383,2331693
2024-07-16,26.09000015258789,26.1299991607666,26.049999237060547,26.110000610351562,26.110000610351562,1192699
2024-07-18,26.190000534057617,26.190000534057617,26.100000381469727,26.110000610351562,26.110000610351562,1542081
2024-07-19,26.18000030517578,26.190000534057617,26.100000381469727,26.139999389648438,26.139999389648438,2081903
2024-07-22,26.170000076293945,26.170000076293945,26.100000381469727,26.110000610351562,26.110000610351562,2258170
2024-07-23,26.100000381469727,26.15999984741211,26.059999465942383,26.100000381469727,26.100000381469727,3164330
2024-07-24,26.899999618530273,26.899999618530273,26.079999923706055,26.1200008392334,26.1200008392334,1482568
2024-07-25,26.260000228881836,26.260000228881836,26.110000610351562,26.15999984741211,26.15999984741211,1255011
2024-07-26,26.200000762939453,26.260000228881836,26.059999465942383,26.25,26.25,6124911
2024-07-29,26.799999237060547,26.799999237060547,26.200000762939453,26.25,26.25,2693530
2024-07-30,26.309999465942383,26.309999465942383,26.219999313354492,26.239999771118164,26.239999771118164,3967720
2024-07-31,26.219999313354492,26.290000915527344,26.209999084472656,26.229999542236328,26.229999542236328,1906185
2024-08-01,26.239999771118164,26.299999237060547,26.219999313354492,26.260000228881836,26.260000228881836,2049850
2024-08-02,27.049999237060547,27.049999237060547,26.25,26.31999969482422,26.31999969482422,2477279
2024-08-05,26.31999969482422,26.5,26.309999465942383,26.479999542236328,26.479999542236328,3868627
2024-08-06,26.790000915527344,26.790000915527344,26.360000610351562,26.3700008392334,26.3700008392334,2900210
2024-08-07,26.3700008392334,26.420000076293945,26.360000610351562,26.399999618530273,26.399999618530273,4966585
2024-08-08,26.40999984741211,26.469999313354492,26.3799991607666,26.40999984741211,26.40999984741211,5001330
2024-08-09,26.790000915527344,26.790000915527344,26.389999389648438,26.399999618530273,26.399999618530273,3805286
2024-08-12,26.399999618530273,26.600000381469727,26.389999389648438,26.40999984741211,26.40999984741211,3144900
2024-08-13,26.420000076293945,26.600000381469727,26.389999389648438,26.389999389648438,26.389999389648438,2232310
2024-08-14,26.440000534057617,26.469999313354492,26.399999618530273,26.459999084472656,26.459999084472656,1712417
2024-08-16,26.469999313354492,26.530000686645508,26.40999984741211,26.459999084472656,26.459999084472656,2998623
2024-08-19,27.25,27.25,26.25,26.479999542236328,26.479999542236328,2042047
2024-08-20,26.479999542236328,26.579999923706055,26.469999313354492,26.489999771118164,26.489999771118164,2134353
2024-08-21,26.59000015258789,26.59000015258789,26.469999313354492,26.520000457763672,26.520000457763672,2716964
2024-08-22,26.559999465942383,26.59000015258789,26.510000228881836,26.549999237060547,26.549999237060547,6672246
2024-08-23,26.579999923706055,26.579999923706055,26.530000686645508,26.540000915527344,26.540000915527344,4123520
2024-08-26,26.6299991607666,27.540000915527344,26.520000457763672,26.690000534057617,26.690000534057617,3232494
2024-08-28,26.579999923706055,26.59000015258789,26.5,26.530000686645508,26.530000686645508,3309844
2024-08-29,26.579999923706055,26.579999923706055,26.5,26.530000686645508,26.530000686645508,2963357
2024-08-30,26.579999923706055,26.59000015258789,26.510000228881836,26.549999237060547,26.549999237060547,3065647
2024-09-02,26.799999237060547,26.799999237060547,26.450000762939453,26.489999771118164,26.489999771118164,5835447
2024-09-03,26.540000915527344,26.549999237060547,26.469999313354492,26.5,26.5,2534630
2024-09-04,26.5,26.549999237060547,26.450000762939453,26.540000915527344,26.540000915527344,2146314
2024-09-05,26.549999237060547,26.56999969482422,26.520000457763672,26.549999237060547,26.549999237060547,2565951
2024-09-06,26.540000915527344,26.75,26.530000686645508,26.59000015258789,26.59000015258789,2667412
2024-09-09,26.850000381469727,26.850000381469727,26.530000686645508,26.56999969482422,26.56999969482422,1806089
2024-09-10,26.59000015258789,26.600000381469727,26.540000915527344,26.579999923706055,26.579999923706055,2118026
2024-09-11,26.84000015258789,26.84000015258789,26.56999969482422,26.610000610351562,26.610000610351562,2074713
2024-09-12,27.010000228881836,27.010000228881836,26.56999969482422,26.6299991607666,26.6299991607666,2019132
2024-09-13,26.790000915527344,26.790000915527344,26.6299991607666,26.75,26.75,3366651
2024-09-16,25.950000762939453,26.790000915527344,25.950000762939453,26.770000457763672,26.770000457763672,3488877
2024-09-17,26.84000015258789,26.850000381469727,26.760000228881836,26.829999923706055,26.829999923706055,3010693
2024-09-18,26.899999618530273,26.920000076293945,26.809999465942383,26.8700008392334,26.8700008392334,6388429
2024-09-19,27.360000610351562,27.360000610351562,26.790000915527344,26.8700008392334,26.8700008392334,4240111
2024-09-20,26.8700008392334,26.940000534057617,26.799999237060547,26.8799991607666,26.8799991607666,10573290
2024-09-23,26.479999542236328,26.989999771118164,26.479999542236328,26.84000015258789,26.84000015258789,7989061
2024-09-24,26.860000610351562,26.8700008392334,26.809999465942383,26.84000015258789,26.84000015258789,4317040
2024-09-25,26.8700008392334,26.8799991607666,26.81999969482422,26.860000610351562,26.860000610351562,2916639
2024-09-26,26.90999984741211,26.940000534057617,26.84000015258789,26.93000030517578,26.93000030517578,3923166
2024-09-27,27.079999923706055,27.079999923706055,26.90999984741211,26.920000076293945,26.920000076293945,4937688
2024-09-30,27.030000686645508,27.030000686645508,26.860000610351562,26.889999389648438,26.889999389648438,3175918
2024-10-01,26.899999618530273,27.09000015258789,26.84000015258789,26.920000076293945,26.920000076293945,4827647
2024-10-03,26.989999771118164,26.989999771118164,26.8799991607666,26.920000076293945,26.920000076293945,5347129
2024-10-04,27.049999237060547,27.049999237060547,26.850000381469727,26.8700008392334,26.8700008392334,6817062
2024-10-07,27.270000457763672,27.270000457763672,26.719999313354492,26.770000457763672,26.770000457763672,4862544
2024-10-08,26.860000610351562,26.860000610351562,26.729999542236328,26.809999465942383,26.809999465942383,4014946
2024-10-09,26.809999465942383,26.899999618530273,26.709999084472656,26.8799991607666,26.8799991607666,3920157
2024-10-10,26.889999389648438,26.899999618530273,26.829999923706055,26.860000610351562,26.860000610351562,2147967
2024-10-11,27.200000762939453,27.200000762939453,26.84000015258789,26.889999389648438,26.889999389648438,2254839
2024-10-14,26.899999618530273,26.93000030517578,26.860000610351562,26.889999389648438,26.889999389648438,2406650
2024-10-15,26.889999389648438,26.940000534057617,26.850000381469727,26.8700008392334,26.8700008392334,1707515
2024-10-16,26.8700008392334,26.899999618530273,26.860000610351562,26.8700008392334,26.8700008392334,2316347
2024-10-17,26.860000610351562,26.889999389648438,26.84000015258789,26.850000381469727,26.850000381469727,2393217
2024-10-18,26.8700008392334,26.8700008392334,26.809999465942383,26.829999923706055,26.829999923706055,2329843
2024-10-21,26.850000381469727,27.649999618530273,26.770000457763672,26.780000686645508,26.780000686645508,2794376
2024-10-22,26.790000915527344,26.84000015258789,26.770000457763672,26.780000686645508,26.780000686645508,1655006
2024-10-23,26.799999237060547,27.100000381469727,26.780000686645508,26.799999237060547,26.799999237060547,2387356
2024-10-24,27.290000915527344,27.290000915527344,26.809999465942383,26.81999969482422,26.81999969482422,1761521
2024-10-25,26.799999237060547,26.850000381469727,26.790000915527344,26.799999237060547,26.799999237060547,3805820
2024-10-28,26.790000915527344,26.81999969482422,26.75,26.799999237060547,26.799999237060547,2017313
2024-10-29,26.799999237060547,26.84000015258789,26.760000228881836,26.780000686645508,26.780000686645508,2467783
2024-10-31,26.600000381469727,26.889999389648438,26.600000381469727,26.829999923706055,26.829999923706055,1593036
2024-11-01,26.850000381469727,26.8700008392334,26.809999465942383,26.84000015258789,26.84000015258789,476422
2024-11-04,27.030000686645508,27.030000686645508,26.760000228881836,26.850000381469727,26.850000381469727,3737377
2024-11-06,26.850000381469727,26.8799991607666,26.81999969482422,26.8700008392334,26.8700008392334,1893356
2024-11-07,26.850000381469727,26.899999618530273,26.850000381469727,26.889999389648438,26.889999389648438,1707767
2024-11-08,26.950000762939453,27.0,26.860000610351562,26.940000534057617,26.940000534057617,1798814
2024-11-11,26.940000534057617,26.940000534057617,26.799999237060547,26.920000076293945,26.920000076293945,1480575
2024-11-12,26.920000076293945,26.93000030517578,26.899999618530273,26.899999618530273,26.899999618530273,1758367
2024-11-13,26.90999984741211,26.920000076293945,26.860000610351562,26.8799991607666,26.8799991607666,3180020
2024-11-14,26.889999389648438,26.889999389648438,26.84000015258789,26.84000015258789,26.84000015258789,2944271
2024-11-18,26.84000015258789,27.350000381469727,26.639999389648438,26.8700008392334,26.8700008392334,3113019
2024-11-19,26.850000381469727,27.209999084472656,26.850000381469727,26.93000030517578,26.93000030517578,1900150
2024-11-21,27.1299991607666,27.1299991607666,26.8799991607666,26.899999618530273,26.899999618530273,2348619
2024-11-22,26.93000030517578,26.93000030517578,26.860000610351562,26.860000610351562,26.860000610351562,2111326
2024-11-25,26.889999389648438,26.940000534057617,26.889999389648438,26.899999618530273,26.899999618530273,2434698
2024-11-26,26.920000076293945,26.969999313354492,26.90999984741211,26.90999984741211,26.90999984741211,1082140
2024-11-27,26.90999984741211,26.940000534057617,26.90999984741211,26.93000030517578,26.93000030517578,1987888
2024-11-28,27.1299991607666,27.1299991607666,26.93000030517578,26.979999542236328,26.979999542236328,5327709
2024-11-29,27.170000076293945,27.170000076293945,26.959999084472656,27.020000457763672,27.020000457763672,2104943
2024-12-02,27.149999618530273,27.170000076293945,27.049999237060547,27.1299991607666,27.1299991607666,2247240
2024-12-03,27.1299991607666,27.18000030517578,27.1299991607666,27.139999389648438,27.139999389648438,3381694
2024-12-04,27.190000534057617,27.239999771118164,27.1299991607666,27.229999542236328,27.229999542236328,3846024
2024-12-05,27.229999542236328,27.270000457763672,27.190000534057617,27.209999084472656,27.209999084472656,2041881
2024-12-06,27.290000915527344,27.290000915527344,27.18000030517578,27.200000762939453,27.200000762939453,5542702
2024-12-09,27.229999542236328,27.239999771118164,27.1299991607666,27.190000534057617,27.190000534057617,2216092
2024-12-10,27.239999771118164,27.239999771118164,27.18000030517578,27.209999084472656,27.209999084472656,1064395
2024-12-11,27.190000534057617,27.219999313354492,27.170000076293945,27.209999084472656,27.209999084472656,1468772
2024-12-12,27.229999542236328,27.229999542236328,27.15999984741211,27.18000030517578,27.18000030517578,1787738
2024-12-13,27.18000030517578,27.219999313354492,27.1299991607666,27.190000534057617,27.190000534057617,2109939
2024-12-16,27.219999313354492,27.219999313354492,27.18000030517578,27.190000534057617,27.190000534057617,2045254
2024-12-17,27.209999084472656,27.209999084472656,27.149999618530273,27.15999984741211,27.15999984741211,2010020
2024-12-18,27.360000610351562,27.360000610351562,27.1299991607666,27.1299991607666,27.1299991607666,1941071
2024-12-19,27.15999984741211,27.15999984741211,27.06999969482422,27.079999923706055,27.079999923706055,3500014
2024-12-20,27.100000381469727,27.139999389648438,27.06999969482422,27.079999923706055,27.079999923706055,2867240
2024-12-23,27.100000381469727,27.170000076293945,27.100000381469727,27.139999389648438,27.139999389648438,1914624
2024-12-24,27.15999984741211,27.209999084472656,27.110000610351562,27.200000762939453,27.200000762939453,1775039
2024-12-26,27.219999313354492,27.229999542236328,27.149999618530273,27.190000534057617,27.190000534057617,2281915
2024-12-27,27.239999771118164,27.239999771118164,27.15999984741211,27.200000762939453,27.200000762939453,1700702
2024-12-30,27.0,27.200000762939453,27.0,27.15999984741211,27.15999984741211,2471079
2024-12-31,27.170000076293945,27.270000457763672,27.170000076293945,27.229999542236328,27.229999542236328,2191027
2025-01-01,27.239999771118164,27.25,27.200000762939453,27.200000762939453,27.200000762939453,1566423
2025-01-02,27.170000076293945,27.200000762939453,27.15999984741211,27.18000030517578,27.18000030517578,1929306
2025-01-03,27.219999313354492,27.260000228881836,27.149999618530273,27.239999771118164,27.239999771118164,4221759
2025-01-06,27.239999771118164,27.25,27.149999618530273,27.200000762939453,27.200000762939453,4340439
2025-01-07,27.200000762939453,27.31999969482422,27.200000762939453,27.299999237060547,27.299999237060547,2830499
2025-01-08,27.309999465942383,27.309999465942383,27.239999771118164,27.280000686645508,27.280000686645508,1848923
2025-01-09,27.270000457763672,27.290000915527344,27.239999771118164,27.25,27.25,2266503
2025-01-10,27.31999969482422,27.31999969482422,27.219999313354492,27.239999771118164,27.239999771118164,2503697
2025-01-13,27.579999923706055,27.579999923706055,27.09000015258789,27.09000015258789,27.09000015258789,6621620
2025-01-14,27.190000534057617,27.190000534057617,27.100000381469727,27.139999389648438,27.139999389648438,1386202
2025-01-15,27.15999984741211,27.239999771118164,27.15999984741211,27.170000076293945,27.170000076293945,1117990
2025-01-16,27.100000381469727,27.299999237060547,27.100000381469727,27.290000915527344,27.290000915527344,2046771
2025-01-17,27.290000915527344,27.350000381469727,27.280000686645508,27.299999237060547,27.299999237060547,2892969
2025-01-20,27.299999237060547,27.34000015258789,27.270000457763672,27.31999969482422,27.31999969482422,1982112
2025-01-21,27.34000015258789,27.360000610351562,27.280000686645508,27.31999969482422,27.31999969482422,1302208
2025-01-22,27.31999969482422,27.3799991607666,27.309999465942383,27.360000610351562,27.360000610351562,1245287
2025-01-23,27.389999389648438,27.40999984741211,27.350000381469727,27.399999618530273,27.399999618530273,1714341
2025-01-24,27.440000534057617,27.440000534057617,27.389999389648438,27.420000076293945,27.420000076293945,1720336
2025-01-27,27.43000030517578,27.489999771118164,27.3799991607666,27.440000534057617,27.440000534057617,2915942
2025-01-28,27.459999084472656,27.540000915527344,27.450000762939453,27.520000457763672,27.520000457763672,3378334
2025-01-29,27.540000915527344,27.549999237060547,27.459999084472656,27.479999542236328,27.479999542236328,3054506
2025-01-30,27.479999542236328,27.520000457763672,27.440000534057617,27.469999313354492,27.469999313354492,2172955
2025-01-31,26.649999618530273,27.559999465942383,26.649999618530273,27.530000686645508,27.530000686645508,1158461
2025-02-01,27.530000686645508,27.59000015258789,27.489999771118164,27.489999771118164,27.489999771118164,0
2025-02-03,27.489999771118164,27.579999923706055,27.450000762939453,27.559999465942383,27.559999465942383,2170215
2025-02-04,27.59000015258789,27.600000381469727,27.479999542236328,27.510000228881836,27.510000228881836,1372541
2025-02-05,27.59000015258789,27.6200008392334,27.489999771118164,27.559999465942383,27.559999465942383,2492641
2025-02-06,27.6299991607666,27.6299991607666,27.520000457763672,27.56999969482422,27.56999969482422,2292057
2025-02-07,27.649999618530273,27.649999618530273,27.530000686645508,27.549999237060547,27.549999237060547,3028693
2025-02-10,27.549999237060547,27.549999237060547,27.459999084472656,27.510000228881836,27.510000228881836,5634145
2025-02-11,27.549999237060547,27.559999465942383,27.489999771118164,27.530000686645508,27.530000686645508,2259154
2025-02-12,27.579999923706055,27.579999923706055,27.479999542236328,27.540000915527344,27.540000915527344,2333099
2025-02-13,27.59000015258789,27.59000015258789,27.489999771118164,27.530000686645508,27.530000686645508,2221093
2025-02-14,27.610000610351562,27.610000610351562,27.520000457763672,27.559999465942383,27.559999465942383,2619929
2025-02-17,28.059999465942383,28.059999465942383,27.540000915527344,27.559999465942383,27.559999465942383,2468392
2025-02-18,27.610000610351562,27.6200008392334,27.510000228881836,27.540000915527344,27.540000915527344,2495148
2025-02-19,28.030000686645508,28.030000686645508,27.520000457763672,27.540000915527344,27.540000915527344,822466
2025-02-20,27.649999618530273,27.65999984741211,27.549999237060547,27.56999969482422,27.56999969482422,1802076
2025-02-21,28.059999465942383,28.399999618530273,27.559999465942383,27.59000015258789,27.59000015258789,1136640
2025-02-24,28.450000762939453,28.450000762939453,27.559999465942383,27.579999923706055,27.579999923706055,2292772
2025-02-25,27.700000762939453,27.700000762939453,27.559999465942383,27.610000610351562,27.610000610351562,2610422
2025-02-27,27.649999618530273,27.649999618530273,27.56999969482422,27.579999923706055,27.579999923706055,2086078
2025-02-28,27.56999969482422,27.639999389648438,27.540000915527344,27.6200008392334,27.6200008392334,5155808
2025-03-03,27.639999389648438,27.969999313354492,27.530000686645508,27.600000381469727,27.600000381469727,3258317
2025-03-04,28.450000762939453,28.450000762939453,27.549999237060547,27.59000015258789,27.59000015258789,2411292
2025-03-05,27.600000381469727,27.610000610351562,27.559999465942383,27.579999923706055,27.579999923706055,2042129
2025-03-06,27.639999389648438,27.649999618530273,27.600000381469727,27.6200008392334,27.6200008392334,1544208
2025-03-07,28.25,28.25,27.6200008392334,27.65999984741211,27.65999984741211,4283868
2025-03-10,27.670000076293945,28.049999237060547,27.639999389648438,27.649999618530273,27.649999618530273,2809017
2025-03-11,27.739999771118164,27.739999771118164,27.639999389648438,27.649999618530273,27.649999618530273,1697679
2025-03-12,27.649999618530273,27.690000534057617,27.6299991607666,27.68000030517578,27.68000030517578,2246661
2025-03-13,27.719999313354492,27.770000457763672,27.65999984741211,27.75,27.75,2114920
2025-03-17,27.75,28.239999771118164,27.700000762939453,27.729999542236328,27.729999542236328,2878772
2025-03-18,27.75,27.75,27.68000030517578,27.719999313354492,27.719999313354492,2960307
2025-03-19,27.739999771118164,27.790000915527344,27.739999771118164,27.75,27.75,3337357
2025-03-20,27.770000457763672,27.829999923706055,27.760000228881836,27.81999969482422,27.81999969482422,3397556
2025-03-21,27.829999923706055,27.889999389648438,27.809999465942383,27.809999465942383,27.809999465942383,7720508
2025-03-24,28.299999237060547,28.299999237060547,27.829999923706055,27.84000015258789,27.84000015258789,5578744
2025-03-25,27.8799991607666,27.920000076293945,27.829999923706055,27.899999618530273,27.899999618530273,4653079
2025-03-26,28.450000762939453,28.75,27.829999923706055,27.920000076293945,27.920000076293945,2898243
2025-03-27,27.979999542236328,28.219999313354492,27.93000030517578,27.979999542236328,27.979999542236328,3739521
2025-03-28,27.979999542236328,28.100000381469727,27.979999542236328,28.079999923706055,28.079999923706055,4733025
2025-04-01,28.100000381469727,28.489999771118164,28.010000228881836,28.270000457763672,28.270000457763672,6641316
2025-04-02,27.899999618530273,28.299999237060547,27.899999618530273,28.239999771118164,28.239999771118164,12472890
2025-04-03,28.239999771118164,28.309999465942383,28.18000030517578,28.229999542236328,28.229999542236328,10075700
2025-04-04,28.600000381469727,28.600000381469727,28.09000015258789,28.290000915527344,28.290000915527344,8204429
2025-04-07,28.290000915527344,28.34000015258789,28.149999618530273,28.270000457763672,28.270000457763672,10255550
2025-04-08,28.25,28.299999237060547,28.190000534057617,28.239999771118164,28.239999771118164,4930165
2025-04-09,27.600000381469727,28.360000610351562,27.600000381469727,28.329999923706055,28.329999923706055,5921983
2025-04-11,28.549999237060547,28.549999237060547,28.299999237060547,28.420000076293945,28.420000076293945,9946604
2025-04-15,28.5,28.510000228881836,28.3799991607666,28.399999618530273,28.399999618530273,8262412
2025-04-16,28.59000015258789,28.59000015258789,28.34000015258789,28.440000534057617,28.440000534057617,2830594
2025-04-17,28.440000534057617,28.600000381469727,28.399999618530273,28.579999923706055,28.579999923706055,5040715
2025-04-21,29.0,29.0,28.40999984741211,28.579999923706055,28.579999923706055,5811715
2025-04-22,28.579999923706055,28.639999389648438,28.549999237060547,28.56999969482422,28.56999969482422,7030242
2025-04-23,28.639999389648438,28.649999618530273,28.56999969482422,28.600000381469727,28.600000381469727,5387002
2025-04-24,28.600000381469727,28.68000030517578,28.559999465942383,28.56999969482422,28.56999969482422,5393023
2025-04-25,28.6299991607666,28.6299991607666,28.56999969482422,28.610000610351562,28.610000610351562,5079042
2025-04-28,28.729999542236328,28.729999542236328,28.530000686645508,28.549999237060547,28.549999237060547,7269486
2025-04-29,28.530000686645508,28.690000534057617,28.530000686645508,28.600000381469727,28.600000381469727,4223899
2025-04-30,28.649999618530273,28.65999984741211,28.600000381469727,28.6200008392334,28.6200008392334,4570332
2025-05-02,28.690000534057617,28.690000534057617,28.559999465942383,28.670000076293945,28.670000076293945,4670099
2025-05-05,28.649999618530273,28.719999313354492,28.6200008392334,28.690000534057617,28.690000534057617,6192495
2025-05-06,28.700000762939453,28.700000762939453,28.639999389648438,28.65999984741211,28.65999984741211,6098450
2025-05-07,28.700000762939453,28.709999084472656,28.639999389648438,28.65999984741211,28.65999984741211,2444014
2025-05-08,28.690000534057617,28.719999313354492,28.559999465942383,28.59000015258789,28.59000015258789,4261887
2025-05-09,28.59000015258789,28.670000076293945,28.489999771118164,28.59000015258789,28.59000015258789,4677133
2025-05-12,28.59000015258789,28.690000534057617,28.579999923706055,28.649999618530273,28.649999618530273,3680733
2025-05-13,28.65999984741211,28.68000030517578,28.6200008392334,28.649999618530273,28.649999618530273,3878674
2025-05-14,28.700000762939453,28.739999771118164,28.670000076293945,28.719999313354492,28.719999313354492,3879353
2025-05-15,29.100000381469727,29.100000381469727,28.700000762939453,28.770000457763672,28.770000457763672,5269595
2025-05-16,28.780000686645508,28.950000762939453,28.780000686645508,28.8799991607666,28.8799991607666,4268214
2025-05-19,28.899999618530273,28.899999618530273,28.84000015258789,28.850000381469727,28.850000381469727,4985776
2025-05-20,28.8700008392334,29.719999313354492,28.84000015258789,28.8799991607666,28.8799991607666,3456340
2025-05-21,28.920000076293945,28.93000030517578,28.860000610351562,28.920000076293945,28.920000076293945,3979424
2025-05-22,28.8700008392334,28.950000762939453,28.8700008392334,28.920000076293945,28.920000076293945,10847180
2025-05-23,28.959999084472656,28.969999313354492,28.899999618530273,28.940000534057617,28.940000534057617,5083672
2025-05-26,29.020000457763672,29.020000457763672,28.90999984741211,28.940000534057617,28.940000534057617,3634361
2025-05-27,28.920000076293945,29.0,28.90999984741211,28.93000030517578,28.93000030517578,2466628
2025-05-28,28.940000534057617,28.979999542236328,28.90999984741211,28.959999084472656,28.959999084472656,2951820
2025-05-29,29.049999237060547,29.049999237060547,28.940000534057617,28.950000762939453,28.950000762939453,3782008
2025-05-30,29.0,29.0,28.079999923706055,28.979999542236328,28.979999542236328,5416631
2025-06-02,29.0,29.079999923706055,28.90999984741211,28.90999984741211,28.90999984741211,13969570
2025-06-03,28.959999084472656,28.959999084472656,28.899999618530273,28.940000534057617,28.940000534057617,4195301
2025-06-04,29.65999984741211,29.65999984741211,28.920000076293945,28.940000534057617,28.940000534057617,5931800
2025-06-05,29.25,29.43000030517578,28.940000534057617,28.969999313354492,28.969999313354492,3068242
2025-06-06,29.0,29.09000015258789,28.940000534057617,28.969999313354492,28.969999313354492,7708045
2025-06-09,29.049999237060547,29.049999237060547,28.84000015258789,28.850000381469727,28.850000381469727,20007530
2025-06-10,29.049999237060547,29.049999237060547,28.81999969482422,28.81999969482422,28.81999969482422,10988440
2025-06-11,28.860000610351562,28.860000610351562,28.790000915527344,28.799999237060547,28.799999237060547,4569811
2025-06-12,28.84000015258789,28.8700008392334,28.790000915527344,28.809999465942383,28.809999465942383,3886315
2025-06-13,29.049999237060547,29.049999237060547,28.719999313354492,28.75,28.75,6117359
2025-06-16,28.770000457763672,28.8799991607666,28.729999542236328,28.850000381469727,28.850000381469727,3115237
2025-06-17,28.90999984741211,28.979999542236328,28.84000015258789,28.8700008392334,28.8700008392334,2240393
2025-06-18,28.889999389648438,28.899999618530273,28.84000015258789,28.889999389648438,28.889999389648438,2206910
2025-06-19,29.760000228881836,29.760000228881836,28.780000686645508,28.799999237060547,28.799999237060547,4002645
2025-06-20,28.809999465942383,28.8700008392334,28.760000228881836,28.780000686645508,28.780000686645508,3520987
2025-06-23,28.780000686645508,28.799999237060547,28.739999771118164,28.770000457763672,28.770000457763672,3679470
2025-06-24,28.809999465942383,28.889999389648438,28.799999237060547,28.809999465942383,28.809999465942383,4036708
2025-06-25,28.889999389648438,28.889999389648438,28.829999923706055,28.850000381469727,28.850000381469727,13219670
2025-06-26,29.049999237060547,29.049999237060547,28.84000015258789,28.850000381469727,28.850000381469727,2897160
2025-06-27,28.920000076293945,28.920000076293945,28.829999923706055,28.860000610351562,28.860000610351562,4280867
2025-06-30,28.950000762939453,28.950000762939453,28.809999465942383,28.84000015258789,28.84000015258789,3970080
2025-07-01,28.84000015258789,28.889999389648438,28.829999923706055,28.860000610351562,28.860000610351562,2484366
2025-07-02,28.979999542236328,28.979999542236328,28.860000610351562,28.889999389648438,28.889999389648438,1965591
2025-07-03,28.90999984741211,28.940000534057617,28.75,28.90999984741211,28.90999984741211,3754626
2025-07-04,28.940000534057617,28.969999313354492,28.889999389648438,28.959999084472656,28.959999084472656,3394382
2025-07-07,28.850000381469727,28.959999084472656,28.850000381469727,28.920000076293945,28.920000076293945,3156464
2025-07-08,28.969999313354492,28.969999313354492,28.899999618530273,28.90999984741211,28.90999984741211,1906167
2025-07-09,28.940000534057617,28.950000762939453,28.8799991607666,28.899999618530273,28.899999618530273,1669123
2025-07-10,28.950000762939453,28.950000762939453,28.8799991607666,28.8799991607666,28.8799991607666,2067649
2025-07-11,28.010000228881836,29.0,28.010000228881836,28.889999389648438,28.889999389648438,2370421
2025-07-14,28.920000076293945,28.93000030517578,28.8799991607666,28.889999389648438,28.889999389648438,2620311
2025-07-15,28.799999237060547,28.940000534057617,28.799999237060547,28.889999389648438,28.889999389648438,1892353
2025-07-16,28.950000762939453,28.950000762939453,28.889999389648438,28.889999389648438,28.889999389648438,1496423
2025-07-17,28.93000030517578,28.940000534057617,28.889999389648438,28.920000076293945,28.920000076293945,2450147
2025-07-18,29.0,29.0,28.93000030517578,28.940000534057617,28.940000534057617,4466140
2025-07-21,29.0,29.0,28.81999969482422,28.959999084472656,28.959999084472656,2567309
2025-07-22,28.979999542236328,28.989999771118164,28.950000762939453,28.959999084472656,28.959999084472656,2119380
2025-07-23,29.0,29.0,28.940000534057617,28.940000534057617,28.940000534057617,3123419
2025-07-24,28.799999237060547,29.040000915527344,28.799999237060547,28.93000030517578,28.93000030517578,3306348
2025-07-25,28.940000534057617,29.0,28.920000076293945,28.920000076293945,28.920000076293945,1797301
2025-07-28,29.200000762939453,29.200000762939453,28.799999237060547,28.889999389648438,28.889999389648438,2304371
2025-07-29,28.950000762939453,28.950000762939453,28.860000610351562,28.860000610351562,28.860000610351562,2345719
2025-07-30,29.729999542236328,29.729999542236328,27.989999771118164,28.8799991607666,28.8799991607666,2467497
2025-07-31,28.149999618530273,28.969999313354492,28.149999618530273,28.8700008392334,28.8700008392334,2362105
2025-08-01,28.8799991607666,28.899999618530273,28.8700008392334,28.8799991607666,28.8799991607666,3217085
2025-08-04,28.950000762939453,28.969999313354492,28.90999984741211,28.950000762939453,28.950000762939453,6782071
2025-08-05,29.0,29.040000915527344,28.959999084472656,28.979999542236328,28.979999542236328,3153041
2025-08-06,28.989999771118164,29.010000228881836,28.8700008392334,28.8799991607666,28.8799991607666,3452249
2025-08-07,28.149999618530273,28.8700008392334,28.149999618530273,28.84000015258789,28.84000015258789,3833853
2025-08-08,28.8799991607666,28.920000076293945,28.829999923706055,28.8799991607666,28.8799991607666,1891375
2025-08-11,29.09000015258789,29.09000015258789,28.770000457763672,28.790000915527344,28.790000915527344,4527168
2025-08-12,28.799999237060547,28.809999465942383,28.719999313354492,28.729999542236328,28.729999542236328,3628438
2025-08-13,28.790000915527344,28.799999237060547,28.6299991607666,28.690000534057617,28.690000534057617,4422289
2025-08-14,28.780000686645508,28.84000015258789,28.670000076293945,28.799999237060547,28.799999237060547,2679334
2025-08-18,29.100000381469727,29.100000381469727,28.110000610351562,28.75,28.75,2096629
2025-08-19,28.729999542236328,28.729999542236328,28.6299991607666,28.68000030517578,28.68000030517578,3581727
2025-08-20,28.709999084472656,28.739999771118164,28.649999618530273,28.690000534057617,28.690000534057617,3184319
2025-08-21,28.700000762939453,28.709999084472656,28.6200008392334,28.6299991607666,28.6299991607666,3031078
2025-08-22,28.84000015258789,28.84000015258789,28.600000381469727,28.600000381469727,28.600000381469727,7398874
2025-08-25,28.75,28.75,28.549999237060547,28.56999969482422,28.56999969482422,1995588
2025-08-26,28.6299991607666,28.6299991607666,28.479999542236328,28.489999771118164,28.489999771118164,2907094
2025-08-28,28.899999618530273,28.899999618530273,28.5,28.649999618530273,28.649999618530273,7092121
2025-08-29,27.93000030517578,28.75,27.93000030517578,28.59000015258789,28.59000015258789,5028749
2025-09-01,28.75,28.75,28.5,28.549999237060547,28.549999237060547,4745649
2025-09-02,28.799999237060547,28.799999237060547,28.510000228881836,28.579999923706055,28.579999923706055,2155966
2025-09-03,28.690000534057617,28.690000534057617,28.600000381469727,28.610000610351562,28.610000610351562,2367248
2025-09-04,28.709999084472656,28.780000686645508,28.649999618530273,28.719999313354492,28.719999313354492,2741252
2025-09-05,28.780000686645508,28.84000015258789,28.25,28.809999465942383,28.809999465942383,2621492
2025-09-08,29.049999237060547,29.049999237060547,28.479999542236328,28.860000610351562,28.860000610351562,1803587
2025-09-09,28.760000228881836,28.889999389648438,28.760000228881836,28.84000015258789,28.84000015258789,2056989
2025-09-10,29.329999923706055,29.709999084472656,28.729999542236328,28.780000686645508,28.780000686645508,15035180
2025-09-11,28.8700008392334,28.8700008392334,28.790000915527344,28.809999465942383,28.809999465942383,7006874
2025-09-12,28.829999923706055,28.889999389648438,28.799999237060547,28.84000015258789,28.84000015258789,13760490
2025-09-15,28.899999618530273,28.899999618530273,28.81999969482422,28.850000381469727,28.850000381469727,4960432
2025-09-16,28.899999618530273,28.899999618530273,28.809999465942383,28.850000381469727,28.850000381469727,6516215
2025-09-17,28.799999237060547,28.889999389648438,28.700000762939453,28.860000610351562,28.860000610351562,8007368
2025-09-18,28.8799991607666,28.8799991607666,28.799999237060547,28.81999969482422,28.81999969482422,10834240
2025-09-19,28.860000610351562,28.8799991607666,28.799999237060547,28.84000015258789,28.84000015258789,7696602
2025-09-22,28.799999237060547,28.8799991607666,28.799999237060547,28.829999923706055,28.829999923706055,12117170
2025-09-23,28.8799991607666,28.889999389648438,28.799999237060547,28.8700008392334,28.8700008392334,2090117
2025-09-24,28.889999389648438,28.93000030517578,28.8700008392334,28.899999618530273,28.899999618530273,4002256
2025-09-25,28.8700008392334,28.940000534057617,28.84000015258789,28.889999389648438,28.889999389648438,3602774
2025-09-26,28.920000076293945,28.950000762939453,28.860000610351562,28.8799991607666,28.8799991607666,2870256
2025-09-29,28.829999923706055,28.899999618530273,28.790000915527344,28.799999237060547,28.799999237060547,3366050
2025-09-30,28.889999389648438,28.899999618530273,28.799999237060547,28.860000610351562,28.860000610351562,1792319
2025-10-01,28.1299991607666,28.940000534057617,28.1299991607666,28.860000610351562,28.860000610351562,3085270
2025-10-03,28.899999618530273,28.969999313354492,28.889999389648438,28.950000762939453,28.950000762939453,4105433
2025-10-06,28.950000762939453,28.989999771118164,28.920000076293945,28.959999084472656,28.959999084472656,3453328
2025-10-07,29.0,29.030000686645508,28.93000030517578,28.950000762939453,28.950000762939453,1372434
2025-10-08,29.0,29.0,28.93000030517578,28.959999084472656,28.959999084472656,2620803
2025-10-09,29.049999237060547,29.049999237060547,28.93000030517578,28.950000762939453,28.950000762939453,1932087
2025-10-10,29.15999984741211,29.25,28.93000030517578,28.959999084472656,28.959999084472656,1470051
2025-10-13,28.940000534057617,28.989999771118164,28.93000030517578,28.959999084472656,28.959999084472656,1392880
2025-10-14,29.229999542236328,29.450000762939453,28.940000534057617,28.969999313354492,28.969999313354492,2938504
2025-10-15,28.989999771118164,29.059999465942383,28.989999771118164,29.040000915527344,29.040000915527344,2181730
2025-10-16,29.09000015258789,29.09000015258789,29.010000228881836,29.040000915527344,29.040000915527344,1122027
2025-10-17,29.09000015258789,29.110000610351562,29.040000915527344,29.059999465942383,29.059999465942383,3907898
2025-10-20,29.1200008392334,29.1200008392334,28.989999771118164,29.030000686645508,29.030000686645508,1715864
2025-10-21,29.520000457763672,29.520000457763672,28.299999237060547,29.040000915527344,29.040000915527344,771815
2025-10-23,29.040000915527344,29.1200008392334,28.950000762939453,29.0,29.0,3013758
2025-10-24,29.059999465942383,29.059999465942383,28.950000762939453,28.989999771118164,28.989999771118164,1687133
2025-10-27,28.790000915527344,29.059999465942383,28.790000915527344,29.030000686645508,29.030000686645508,2131396
2025-10-28,29.049999237060547,29.049999237060547,28.969999313354492,29.020000457763672,29.020000457763672,1355217
2025-10-29,29.020000457763672,29.09000015258789,29.010000228881836,29.040000915527344,29.040000915527344,1848168
2025-10-30,29.06999969482422,29.06999969482422,28.959999084472656,28.989999771118164,28.989999771118164,2332766
2025-10-31,29.06999969482422,29.06999969482422,28.959999084472656,29.010000228881836,29.010000228881836,1680105
2025-11-03,29.100000381469727,29.100000381469727,28.989999771118164,29.040000915527344,29.040000915527344,2737933
2025-11-04,29.100000381469727,29.100000381469727,29.010000228881836,29.06999969482422,29.06999969482422,3587243
2025-11-06,29.100000381469727,29.15999984741211,29.079999923706055,29.149999618530273,29.149999618530273,2957351
2025-11-07,29.200000762939453,29.200000762939453,29.100000381469727,29.18000030517578,29.18000030517578,3411822
2025-11-10,29.190000534057617,29.190000534057617,29.059999465942383,29.170000076293945,29.170000076293945,1545731
2025-11-11,29.190000534057617,29.200000762939453,29.15999984741211,29.170000076293945,29.170000076293945,974441
2025-11-12,29.25,29.25,29.1299991607666,29.200000762939453,29.200000762939453,2211475
2025-11-13,29.190000534057617,29.200000762939453,29.100000381469727,29.15999984741211,29.15999984741211,2757602
2025-11-14,29.190000534057617,29.190000534057617,29.139999389648438,29.15999984741211,29.15999984741211,1393265
2025-11-17,29.360000610351562,30.030000686645508,28.6200008392334,29.139999389648438,29.139999389648438,1795587
2025-11-18,29.18000030517578,29.18000030517578,29.100000381469727,29.15999984741211,29.15999984741211,1423686
2025-11-19,29.170000076293945,29.200000762939453,29.149999618530273,29.18000030517578,29.18000030517578,1369177
2025-11-20,29.100000381469727,29.190000534057617,29.020000457763672,29.149999618530273,29.149999618530273,1844065
2025-11-21,29.639999389648438,30.020000457763672,29.149999618530273,29.170000076293945,29.170000076293945,1101775
2025-11-24,29.18000030517578,29.190000534057617,29.1200008392334,29.1299991607666,29.1299991607666,1375020
2025-11-25,29.1299991607666,29.209999084472656,29.1299991607666,29.190000534057617,29.190000534057617,2257697
2025-11-26,29.200000762939453,29.31999969482422,29.200000762939453,29.239999771118164,29.239999771118164,1577834
2025-11-27,29.280000686645508,29.299999237060547,29.200000762939453,29.239999771118164,29.239999771118164,2272108
2025-11-28,29.969999313354492,29.969999313354492,28.760000228881836,29.280000686645508,29.280000686645508,1342722
2025-12-01,29.239999771118164,29.469999313354492,28.899999618530273,29.149999618530273,29.149999618530273,2857642
2025-12-02,29.149999618530273,29.190000534057617,29.110000610351562,29.15999984741211,29.15999984741211,4213672
2025-12-03,29.360000610351562,29.549999237060547,29.15999984741211,29.18000030517578,29.18000030517578,1119612
2025-12-04,29.219999313354492,29.229999542236328,29.170000076293945,29.209999084472656,29.209999084472656,1660890
2025-12-05,29.239999771118164,29.270000457763672,29.190000534057617,29.25,29.25,3085793
2025-12-08,30.1299991607666,30.1299991607666,29.190000534057617,29.209999084472656,29.209999084472656,1699173
2025-12-09,29.219999313354492,29.239999771118164,29.100000381469727,29.1200008392334,29.1200008392334,1720137
2025-12-10,29.15999984741211,29.170000076293945,29.049999237060547,29.049999237060547,29.049999237060547,2346664
2025-12-11,29.1299991607666,29.1299991607666,28.989999771118164,29.059999465942383,29.059999465942383,2779036
2025-12-12,29.139999389648438,29.139999389648438,29.030000686645508,29.040000915527344,29.040000915527344,2727498
2025-12-15,29.479999542236328,29.479999542236328,28.989999771118164,29.1200008392334,29.1200008392334,3750364
2025-12-16,29.31999969482422,29.31999969482422,29.100000381469727,29.1200008392334,29.1200008392334,1024457
2025-12-17,29.1299991607666,29.190000534057617,29.1200008392334,29.15999984741211,29.15999984741211,2905451
2025-12-18,29.15999984741211,29.219999313354492,29.079999923706055,29.1200008392334,29.1200008392334,1276104
2025-12-19,29.260000228881836,29.260000228881836,29.100000381469727,29.1299991607666,29.1299991607666,857267
2025-12-22,29.18000030517578,29.18000030517578,29.020000457763672,29.030000686645508,29.030000686645508,2501409
2025-12-23,29.040000915527344,29.040000915527344,28.93000030517578,28.979999542236328,28.979999542236328,1797382
2025-12-24,29.100000381469727,29.229999542236328,29.049999237060547,29.209999084472656,29.209999084472656,3200859
2025-12-26,29.329999923706055,29.329999923706055,29.200000762939453,29.229999542236328,29.229999542236328,1527059
2025-12-29,29.270000457763672,29.270000457763672,29.1299991607666,29.209999084472656,29.209999084472656,2897977
2025-12-30,29.219999313354492,29.229999542236328,29.149999618530273,29.18000030517578,29.18000030517578,1392141
2025-12-31,29.149999618530273,29.229999542236328,29.149999618530273,29.170000076293945,29.170000076293945,1740871
2026-01-01,29.65999984741211,29.65999984741211,29.139999389648438,29.18000030517578,29.18000030517578,1150253
2026-01-02,29.260000228881836,29.260000228881836,29.15999984741211,29.239999771118164,29.239999771118164,4294565
2026-01-05,29.239999771118164,29.290000915527344,29.100000381469727,29.139999389648438,29.139999389648438,2314137
2026-01-06,29.200000762939453,29.200000762939453,29.1200008392334,29.1200008392334,29.1200008392334,2720147
2026-01-07,29.1299991607666,29.200000762939453,29.1200008392334,29.18000030517578,29.18000030517578,1581962
2026-01-08,29.260000228881836,29.260000228881836,29.149999618530273,29.149999618530273,29.149999618530273,2032688
2026-01-09,29.18000030517578,29.18000030517578,29.139999389648438,29.15999984741211,29.15999984741211,2834735
2026-01-12,30.030000686645508,30.030000686645508,29.149999618530273,29.209999084472656,29.209999084472656,2688721
2026-01-13,29.25,29.280000686645508,29.170000076293945,29.170000076293945,29.170000076293945,1860196
2026-01-14,29.229999542236328,29.25,29.170000076293945,29.190000534057617,29.190000534057617,1244032
2026-01-16,29.239999771118164,29.239999771118164,29.149999618530273,29.190000534057617,29.190000534057617,1443216
2026-01-19,29.200000762939453,29.200000762939453,29.06999969482422,29.1299991607666,29.1299991607666,2127864
2026-01-20,29.139999389648438,29.170000076293945,29.110000610351562,29.1299991607666,29.1299991607666,1902760
2026-01-21,29.149999618530273,29.18000030517578,29.110000610351562,29.1200008392334,29.1200008392334,2648053
2026-01-22,29.18000030517578,29.209999084472656,29.149999618530273,29.200000762939453,29.200000762939453,4282026
2026-01-23,29.229999542236328,29.229999542236328,29.149999618530273,29.15999984741211,29.15999984741211,1580811
2026-01-27,29.15999984741211,29.239999771118164,29.1200008392334,29.1299991607666,29.1299991607666,2228383
2026-01-28,29.200000762939453,29.200000762939453,29.100000381469727,29.1200008392334,29.1200008392334,2619650
2026-01-29,29.1200008392334,29.149999618530273,29.079999923706055,29.110000610351562,29.110000610351562,2123914
2026-01-30,29.149999618530273,29.15999984741211,29.100000381469727,29.139999389648438,29.139999389648438,2405250
2026-02-02,29.149999618530273,29.149999618530273,29.0,29.020000457763672,29.020000457763672,3625779
2026-02-03,28.290000915527344,29.15999984741211,28.290000915527344,29.09000015258789,29.09000015258789,5030962
2026-02-04,29.139999389648438,29.15999984741211,29.079999923706055,29.139999389648438,29.139999389648438,1992084
2026-02-05,29.149999618530273,29.239999771118164,29.110000610351562,29.209999084472656,29.209999084472656,2412553
2026-02-06,29.25,29.280000686645508,29.1200008392334,29.190000534057617,29.190000534057617,3004194
2026-02-09,29.190000534057617,29.190000534057617,29.100000381469727,29.110000610351562,29.110000610351562,1939554
2026-02-10,29.1299991607666,29.149999618530273,29.100000381469727,29.1299991607666,29.1299991607666,1135200
2026-02-11,29.329999923706055,29.329999923706055,29.1299991607666,29.18000030517578,29.18000030517578,970186
2026-02-12,29.15999984741211,29.209999084472656,29.149999618530273,29.200000762939453,29.200000762939453,1285164
2026-02-13,28.469999313354492,29.389999389648438,28.469999313354492,29.280000686645508,29.280000686645508,2315866
2026-02-16,29.280000686645508,29.309999465942383,29.170000076293945,29.280000686645508,29.280000686645508,1095931
2026-02-17,29.329999923706055,29.350000381469727,29.280000686645508,29.31999969482422,29.31999969482422,1239338
2026-02-18,29.360000610351562,29.3799991607666,29.299999237060547,29.31999969482422,29.31999969482422,1083452
2026-02-19,29.809999465942383,29.809999465942383,29.299999237060547,29.3700008392334,29.3700008392334,1205818
2026-02-20,29.3700008392334,29.3799991607666,29.280000686645508,29.309999465942383,29.309999465942383,1315435
2026-02-23,29.309999465942383,29.350000381469727,29.239999771118164,29.329999923706055,29.329999923706055,1672295
2026-02-24,29.389999389648438,29.389999389648438,29.290000915527344,29.360000610351562,29.360000610351562,1867987
2026-02-25,29.440000534057617,29.440000534057617,29.34000015258789,29.350000381469727,29.350000381469727,1548271
2026-02-26,28.610000610351562,29.43000030517578,28.610000610351562,29.3799991607666,29.3799991607666,1197443
2026-02-27,29.43000030517578,29.43000030517578,29.31999969482422,29.360000610351562,29.360000610351562,1025820
2026-03-02,29.850000381469727,29.850000381469727,29.299999237060547,29.3799991607666,29.3799991607666,5020887
2026-03-04,29.579999923706055,29.8700008392334,29.100000381469727,29.299999237060547,29.299999237060547,4076454
2026-03-05,29.389999389648438,29.469999313354492,29.3700008392334,29.440000534057617,29.440000534057617,4068242
2026-03-06,29.450000762939453,29.479999542236328,29.3700008392334,29.3799991607666,29.3799991607666,3116161
2026-03-09,29.299999237060547,29.3799991607666,29.25,29.31999969482422,29.31999969482422,3954305
2026-03-10,29.350000381469727,29.459999084472656,29.350000381469727,29.440000534057617,29.440000534057617,3224574
2026-03-11,29.450000762939453,29.5,29.420000076293945,29.420000076293945,29.420000076293945,2272400
2026-03-12,29.420000076293945,29.90999984741211,29.389999389648438,29.510000228881836,29.510000228881836,2831163
2026-03-13,29.65999984741211,29.65999984741211,29.420000076293945,29.43000030517578,29.43000030517578,2265249
2026-03-16,29.43000030517578,29.479999542236328,29.389999389648438,29.389999389648438,29.389999389648438,1628994
2026-03-17,28.510000228881836,29.450000762939453,28.510000228881836,29.399999618530273,29.399999618530273,2027714
2026-03-18,29.889999389648438,29.889999389648438,29.389999389648438,29.399999618530273,29.399999618530273,1050527
2026-03-19,29.399999618530273,29.420000076293945,29.200000762939453,29.270000457763672,29.270000457763672,1562151
2026-03-20,29.34000015258789,29.389999389648438,29.209999084472656,29.31999969482422,29.31999969482422,1410471
2026-03-23,29.299999237060547,29.34000015258789,28.440000534057617,29.149999618530273,29.149999618530273,10097110
2026-03-24,29.350000381469727,29.43000030517578,29.1200008392334,29.219999313354492,29.219999313354492,2749939
2026-03-25,29.450000762939453,29.450000762939453,28.760000228881836,29.110000610351562,29.110000610351562,2947060
2026-03-27,29.110000610351562,29.229999542236328,28.84000015258789,29.09000015258789,29.09000015258789,3490388
2026-03-30,29.09000015258789,29.09000015258789,28.90999984741211,28.959999084472656,28.959999084472656,3863322
2026-04-01,28.959999084472656,29.15999984741211,28.899999618530273,28.899999618530273,28.899999618530273,1827072
2026-04-02,29.020000457763672,29.09000015258789,28.739999771118164,28.770000457763672,28.770000457763672,2015817
2026-04-06,29.059999465942383,29.059999465942383,28.68000030517578,28.81999969482422,28.81999969482422,6003542
2026-04-07,28.93000030517578,28.959999084472656,28.790000915527344,28.93000030517578,28.93000030517578,1802494
2026-04-08,29.0,29.18000030517578,29.0,29.1200008392334,29.1200008392334,2057133
2026-04-09,29.31999969482422,29.31999969482422,29.079999923706055,29.110000610351562,29.110000610351562,3683770
2026-04-10,29.110000610351562,29.190000534057617,29.040000915527344,29.1200008392334,29.1200008392334,940624
2026-04-13,29.1200008392334,29.15999984741211,29.049999237060547,29.1299991607666,29.1299991607666,2250096
2026-04-15,29.6200008392334,29.6200008392334,29.18000030517578,29.219999313354492,29.219999313354492,2869313
2026-04-16,29.239999771118164,29.329999923706055,29.229999542236328,29.280000686645508,29.280000686645508,2124639
2026-04-17,29.34000015258789,29.34000015258789,29.260000228881836,29.299999237060547,29.299999237060547,4645257
2026-04-20,29.309999465942383,29.309999465942383,29.209999084472656,29.229999542236328,29.229999542236328,1252094
2026-04-21,28.489999771118164,29.309999465942383,28.489999771118164,29.270000457763672,29.270000457763672,883867
2026-04-22,29.34000015258789,29.34000015258789,29.219999313354492,29.299999237060547,29.299999237060547,905824
2026-04-23,29.290000915527344,29.299999237060547,29.110000610351562,29.149999618530273,29.149999618530273,4003888
2026-04-24,29.229999542236328,29.229999542236328,29.09000015258789,29.110000610351562,29.110000610351562,1702285
2026-04-27,29.110000610351562,29.190000534057617,28.8700008392334,29.149999618530273,29.149999618530273,877796
2026-04-28,28.420000076293945,29.200000762939453,28.420000076293945,29.1299991607666,29.1299991607666,1371516
2026-04-29,29.18000030517578,29.18000030517578,29.110000610351562,29.149999618530273,29.149999618530273,1255039
2026-04-30,29.139999389648438,29.149999618530273,29.020000457763672,29.09000015258789,29.09000015258789,2036616
2026-05-04,29.190000534057617,29.190000534057617,29.020000457763672,29.1200008392334,29.1200008392334,3080794
2026-05-05,29.1200008392334,29.149999618530273,29.049999237060547,29.059999465942383,29.059999465942383,916123
2026-05-06,29.139999389648438,29.290000915527344,29.079999923706055,29.229999542236328,29.229999542236328,2429503
2026-05-07,29.31999969482422,29.31999969482422,29.15999984741211,29.270000457763672,29.270000457763672,2198467
2026-05-08,28.389999389648438,29.31999969482422,28.389999389648438,29.229999542236328,29.229999542236328,1136460
2026-05-11,29.479999542236328,29.479999542236328,29.1299991607666,29.139999389648438,29.139999389648438,1041741
2026-05-12,29.190000534057617,29.200000762939453,29.079999923706055,29.079999923706055,29.079999923706055,1598684
2026-05-13,29.139999389648438,29.149999618530273,29.06999969482422,29.06999969482422,29.06999969482422,2377505
2026-05-14,29.1299991607666,29.190000534057617,29.079999923706055,29.139999389648438,29.139999389648438,1484396
2026-05-15,29.15999984741211,29.15999984741211,29.010000228881836,29.030000686645508,29.030000686645508,1697026
2026-05-18,29.09000015258789,29.100000381469727,28.950000762939453,28.969999313354492,28.969999313354492,1611983
2026-05-19,28.389999389648438,29.459999084472656,28.389999389648438,29.010000228881836,29.010000228881836,1470453
2026-05-20,28.709999084472656,29.059999465942383,28.709999084472656,29.020000457763672,29.020000457763672,1593595
2026-05-21,29.149999618530273,29.149999618530273,28.989999771118164,29.030000686645508,29.030000686645508,1407767
2026-05-22,29.040000915527344,29.139999389648438,29.010000228881836,29.100000381469727,29.100000381469727,4373796
2026-05-25,29.1200008392334,29.309999465942383,29.1200008392334,29.190000534057617,29.190000534057617,1860329
2026-05-26,29.290000915527344,29.299999237060547,29.149999618530273,29.170000076293945,29.170000076293945,1294775
2026-05-27,29.239999771118164,29.299999237060547,29.200000762939453,29.270000457763672,29.270000457763672,1107329
2026-05-29,29.270000457763672,29.389999389648438,29.229999542236328,29.239999771118164,29.239999771118164,2249053
2026-06-01,29.25,29.25,28.81999969482422,29.209999084472656,29.209999084472656,1350854
2026-06-02,29.280000686645508,29.299999237060547,29.200000762939453,29.229999542236328,29.229999542236328,1047605
2026-06-03,29.260000228881836,29.260000228881836,29.170000076293945,29.200000762939453,29.200000762939453,875115
2026-06-04,29.450000762939453,29.450000762939453,29.209999084472656,29.239999771118164,29.239999771118164,1050780
2026-06-05,29.260000228881836,29.389999389648438,29.260000228881836,29.350000381469727,29.350000381469727,1208418
2026-06-08,29.209999084472656,29.420000076293945,29.200000762939453,29.3799991607666,29.3799991607666,2643571
2026-06-09,29.8700008392334,29.8700008392334,29.360000610351562,29.489999771118164,29.489999771118164,1366577
2026-06-10,29.540000915527344,29.600000381469727,29.450000762939453,29.459999084472656,29.459999084472656,996069
2026-06-11,29.510000228881836,29.510000228881836,29.40999984741211,29.420000076293945,29.420000076293945,806958
2026-06-12,29.639999389648438,29.639999389648438,29.459999084472656,29.549999237060547,29.549999237060547,1027445
2026-06-15,29.670000076293945,29.739999771118164,29.540000915527344,29.6200008392334,29.6200008392334,1652250
2026-06-16,29.670000076293945,29.68000030517578,29.549999237060547,29.549999237060547,29.549999237060547,1177715
2026-06-17,29.579999923706055,29.600000381469727,29.549999237060547,29.559999465942383,29.559999465942383,791622
2026-06-18,29.520000457763672,29.649999618530273,29.510000228881836,29.600000381469727,29.600000381469727,1790414
2026-06-19,29.610000610351562,29.68000030517578,29.56999969482422,29.65999984741211,29.65999984741211,1272775
2026-06-22,30.149999618530273,30.149999618530273,29.520000457763672,29.610000610351562,29.610000610351562,1383262
2026-06-23,29.649999618530273,29.690000534057617,29.56999969482422,29.6200008392334,29.6200008392334,1072851
2026-06-24,29.559999465942383,29.719999313354492,29.559999465942383,29.700000762939453,29.700000762939453,767103
2026-06-25,29.760000228881836,29.889999389648438,29.75,29.790000915527344,29.790000915527344,1641973
2026-06-29,29.799999237060547,29.850000381469727,29.719999313354492,29.809999465942383,29.809999465942383,1226397
2026-06-30,29.809999465942383,29.979999542236328,29.799999237060547,29.940000534057617,29.940000534057617,943624
2026-07-01,30.049999237060547,30.049999237060547,29.829999923706055,29.860000610351562,29.860000610351562,2381110
2026-07-02,30.350000381469727,30.350000381469727,29.809999465942383,29.8799991607666,29.8799991607666,2380967
2026-07-03,29.920000076293945,30.010000228881836,29.8799991607666,29.989999771118164,29.989999771118164,2209116
2026-07-06,30.190000534057617,30.190000534057617,29.90999984741211,29.979999542236328,29.979999542236328,1160438
2026-07-07,29.989999771118164,30.079999923706055,29.940000534057617,29.979999542236328,29.979999542236328,1285267
2026-07-08,29.979999542236328,29.989999771118164,29.850000381469727,29.850000381469727,29.850000381469727,1943126
2026-07-09,29.920000076293945,29.989999771118164,29.850000381469727,29.940000534057617,29.940000534057617,968018
2026-07-10,29.950000762939453,30.06999969482422,29.940000534057617,29.979999542236328,29.979999542236328,1431622
2026-07-13,29.920000076293945,30.040000915527344,29.920000076293945,29.950000762939453,29.950000762939453,842114
2026-07-14,29.950000762939453,29.979999542236328,29.770000457763672,29.799999237060547,29.799999237060547,1221747
2026-07-15,30.290000915527344,30.290000915527344,29.860000610351562,29.8799991607666,29.8799991607666,419304
2026-07-16,30.3700008392334,30.3700008392334,29.920000076293945,29.989999771118164,29.989999771118164,959245
2026-07-17,30.06999969482422,30.06999969482422,29.950000762939453,29.950000762939453,29.950000762939453,943760
2026-07-20,29.940000534057617,30.100000381469727,29.829999923706055,29.889999389648438,29.889999389648438,1375909
2026-07-21,30.020000457763672,30.020000457763672,29.899999618530273,29.959999084472656,29.959999084472656,1237334
2026-07-22,29.940000534057617,29.950000762939453,29.829999923706055,29.8799991607666,29.8799991607666,813309
2026-07-23,29.8799991607666,29.899999618530273,29.829999923706055,29.84000015258789,29.84000015258789,570507
2026-07-24,29.8799991607666,29.899999618530273,29.799999237060547,29.860000610351562,29.860000610351562,2450631
2026-07-27,30.350000381469727,30.459999084472656,29.700000762939453,29.979999542236328,29.979999542236328,1259216
2026-07-28,29.979999542236328,30.100000381469727,29.920000076293945,29.969999313354492,29.969999313354492,615806
2026-07-29,30.170000076293945,30.170000076293945,29.950000762939453,29.959999084472656,29.959999084472656,703435
2026-07-30,29.969999313354492,30.0,29.90999984741211,29.969999313354492,29.969999313354492,981810
2026-07-31,29.979999542236328,30.020000457763672,29.899999618530273,29.979999542236328,29.979999542236328,1827615
2026-08-03,30.0,30.18000030517578,29.780000686645508,29.959999084472656,29.959999084472656,3216391
2026-08-04,29.959999084472656,29.979999542236328,29.860000610351562,29.899999618530273,29.899999618530273,2291192
2026-08-05,29.93000030517578,30.059999465942383,29.93000030517578,30.010000228881836,30.010000228881836,2023972
2026-08-06,30.010000228881836,30.079999923706055,30.010000228881836,30.049999237060547,30.049999237060547,740320
2026-08-07,30.479999542236328,30.479999542236328,29.989999771118164,30.06999969482422,30.06999969482422,652768
2026-08-10,30.1200008392334,30.1200008392334,30.010000228881836,30.079999923706055,30.079999923706055,2007507
2026-08-11,30.079999923706055,30.079999923706055,30.0,30.010000228881836,30.010000228881836,1087165
2026-08-12,30.100000381469727,30.100000381469727,30.010000228881836,30.049999237060547,30.049999237060547,613477
2026-08-13,30.049999237060547,30.1299991607666,30.030000686645508,30.09000015258789,30.09000015258789,913100
2026-08-14,30.149999618530273,30.149999618530273,30.079999923706055,30.1200008392334,30.1200008392334,1089898
2026-08-17,30.190000534057617,30.190000534057617,30.020000457763672,30.049999237060547,30.049999237060547,1414240
2026-08-18,30.06999969482422,30.079999923706055,29.969999313354492,30.020000457763672,30.020000457763672,727798
2026-08-19,30.09000015258789,30.09000015258789,29.969999313354492,30.010000228881836,30.010000228881836,561225
2026-08-20,30.059999465942383,30.059999465942383,29.93000030517578,29.979999542236328,29.979999542236328,1164823
2026-08-21,29.979999542236328,30.049999237060547,29.920000076293945,29.979999542236328,29.979999542236328,1039938
2026-08-24,29.940000534057617,30.110000610351562,29.920000076293945,29.950000762939453,29.950000762939453,1122075
2026-08-25,29.350000381469727,30.059999465942383,29.350000381469727,30.020000457763672,30.020000457763672,594582
2026-08-26,30.030000686645508,30.110000610351562,29.799999237060547,29.989999771118164,29.989999771118164,534192
2026-08-27,30.0,30.020000457763672,29.93000030517578,29.940000534057617,29.940000534057617,710934
2026-08-28,29.969999313354492,29.979999542236328,29.8799991607666,29.950000762939453,29.950000762939453,2271031
2026-08-31,29.950000762939453,29.959999084472656,29.850000381469727,29.860000610351562,29.860000610351562,993548
2026-09-01,29.8799991607666,29.8799991607666,29.799999237060547,29.84000015258789,29.84000015258789,597336
2026-09-02,29.8700008392334,29.8799991607666,29.760000228881836,29.81999969482422,29.81999969482422,10199022
2026-09-03,29.8700008392334,29.899999618530273,29.84000015258789,29.860000610351562,29.860000610351562,638244
2026-09-04,29.889999389648438,29.889999389648438,29.81999969482422,29.84000015258789,29.84000015258789,3617915
2026-09-07,29.860000610351562,29.889999389648438,29.239999771118164,29.8700008392334,29.8700008392334,1086510
2026-09-08,30.610000610351562,30.610000610351562,29.860000610351562,29.889999389648438,29.889999389648438,907482
2026-09-09,29.899999618530273,29.93000030517578,29.8799991607666,29.90999984741211,29.90999984741211,1289785
2026-09-10,29.850000381469727,29.950000762939453,29.829999923706055,29.84000015258789,29.84000015258789,2244670
2026-09-11,29.889999389648438,29.889999389648438,29.75,29.75,29.75,1845066
2026-09-15,29.510000228881836,29.850000381469727,29.510000228881836,29.670000076293945,29.670000076293945,1553396
2026-09-16,29.65999984741211,29.739999771118164,29.639999389648438,29.700000762939453,29.700000762939453,794995
2026-09-17,29.770000457763672,29.770000457763672,29.65999984741211,29.68000030517578,29.68000030517578,340430
2026-09-18,29.68000030517578,29.899999618530273,29.670000076293945,29.780000686645508,29.780000686645508,1009925
2026-09-21,29.030000686645508,30.270000457763672,29.030000686645508,29.75,29.75,948555
2026-09-22,29.829999923706055,29.84000015258789,29.700000762939453,29.739999771118164,29.739999771118164,3072917
2026-09-23,29.780000686645508,29.81999969482422,29.770000457763672,29.790000915527344,29.790000915527344,969453
2026-09-24,30.0,30.0,29.610000610351562,29.6200008392334,29.6200008392334,1537754
2026-09-25,29.68000030517578,29.68000030517578,29.549999237060547,29.649999618530273,29.649999618530273,1128149
2026-09-28,29.690000534057617,29.690000534057617,29.479999542236328,29.520000457763672,29.520000457763672,2748148
2026-09-29,29.520000457763672,29.600000381469727,29.520000457763672,29.549999237060547,29.549999237060547,1180432
2026-09-30,29.559999465942383,29.649999618530273,29.559999465942383,29.579999923706055,29.579999923706055,1530615
2026-10-01,29.649999618530273,29.649999618530273,29.469999313354492,29.489999771118164,29.489999771118164,1679910
