Date,Open,High,Low,Close,Adj Close,Volume
2014-10-01,80.6500015258789,80.75,80.35099792480469,80.55799865722656,80.55799865722656,173610
2014-10-07,80.55799865722656,80.55799865722656,79.3030014038086,79.38099670410156,79.38099670410156,896740
2014-10-08,79.37999725341797,79.79499816894531,79.19999694824219,79.63400268554688,79.63400268554688,250640
2014-10-09,80.0,80.58799743652344,79.63400268554688,80.41300201416016,80.41300201416016,196890
2014-10-10,80.01000213623047,80.31999969482422,79.4000015258789,79.72899627685547,79.72899627685547,572200
2014-10-13,79.5999984741211,80.04900360107422,79.0,79.91100311279297,79.91100311279297,463920
2014-10-14,80.0999984741211,80.197998046875,79.41799926757812,79.70099639892578,79.70099639892578,344890
2014-10-16,79.5,79.94999694824219,78.44499969482422,78.68599700927734,78.68599700927734,399300
2014-10-17,78.69999694824219,79.27999877929688,78.40499877929688,78.84200286865234,78.84200286865234,346690
2014-10-20,79.5,80.5,79.5,79.91799926757812,79.91799926757812,298160
2014-10-21,80.0999984741211,80.42500305175781,79.87000274658203,80.26200103759766,80.26200103759766,253620
2014-10-22,80.63099670410156,80.87000274658203,80.52999877929688,80.68499755859375,80.68499755859375,722340
2014-10-27,81.38999938964844,81.38999938964844,80.6050033569336,80.7760009765625,80.7760009765625,159830
2014-10-28,80.80000305175781,81.29499816894531,80.80000305175781,81.10299682617188,81.10299682617188,203210
2014-10-29,81.41500091552734,81.69999694824219,81.33999633789062,81.63899993896484,81.63899993896484,194510
2014-10-30,81.68000030517578,82.88300323486328,81.5999984741211,82.84200286865234,82.84200286865234,895240
2014-10-31,82.9990005493164,84.19499969482422,82.84300231933594,84.11499786376953,84.11499786376953,493080
2014-11-03,84.5,84.5,84.0999984741211,84.3499984741211,84.3499984741211,500480
2014-11-05,84.4000015258789,84.72000122070312,84.2249984741211,84.39900207519531,84.39900207519531,395790
2014-11-07,84.38999938964844,84.69400024414062,84.0,84.53700256347656,84.53700256347656,190690
2014-11-10,84.0,84.69999694824219,84.0,84.36599731445312,84.36599731445312,209720
2014-11-11,84.5,84.80000305175781,84.19999694824219,84.64700317382812,84.64700317382812,119670
2014-11-12,84.6500015258789,85.4000015258789,84.63099670410156,84.8219985961914,84.8219985961914,518210
2014-11-13,84.9000015258789,85.0,84.32499694824219,84.56400299072266,84.56400299072266,196740
2014-11-14,84.12000274658203,84.98999786376953,84.11000061035156,84.91000366210938,84.91000366210938,116080
2014-11-17,84.79499816894531,85.3499984741211,84.52100372314453,85.26499938964844,85.26499938964844,166310
2014-11-18,85.4000015258789,85.48500061035156,84.7750015258789,85.13999938964844,85.13999938964844,117680
2014-11-19,85.19999694824219,85.30000305175781,84.41999816894531,84.60700225830078,84.60700225830078,225390
2014-11-20,85.0,90.95999908447266,84.35099792480469,84.77300262451172,84.77300262451172,760790
2014-11-21,84.80000305175781,85.78399658203125,84.80000305175781,85.51399993896484,85.51399993896484,242320
2014-11-24,85.6500015258789,86.1989974975586,85.53099822998047,86.10199737548828,86.10199737548828,593570
2014-11-25,86.0,86.1500015258789,85.30500030517578,85.63600158691406,85.63600158691406,132070
2014-11-26,85.5,85.98999786376953,85.30500030517578,85.8239974975586,85.8239974975586,100300
2014-11-27,85.80000305175781,86.4000015258789,85.5,86.3239974975586,86.3239974975586,355590
2014-11-28,85.62000274658203,87.19000244140625,85.62000274658203,86.93099975585938,86.93099975585938,221720
2014-12-01,86.91999816894531,87.0999984741211,86.4000015258789,86.43800354003906,86.43800354003906,421220
2014-12-02,86.43499755859375,86.5999984741211,86.08799743652344,86.302001953125,86.302001953125,157750
2014-12-03,86.29499816894531,86.79000091552734,86.06500244140625,86.45700073242188,86.45700073242188,218220
2014-12-04,86.58999633789062,87.0,86.4000015258789,86.81900024414062,86.81900024414062,353800
2014-12-05,86.80000305175781,86.99400329589844,86.5999984741211,86.7509994506836,86.7509994506836,94270
2014-12-08,86.73999786376953,86.73999786376953,85.4000015258789,85.5479965209961,85.5479965209961,428440
2014-12-09,85.5,85.5,84.4000015258789,84.59200286865234,84.59200286865234,366940
2014-12-10,84.48999786376953,84.9000015258789,84.21600341796875,84.74800109863281,84.74800109863281,282720
2014-12-11,84.6500015258789,84.66500091552734,83.86499786376953,84.19000244140625,84.19000244140625,393460
2014-12-12,84.16999816894531,84.36000061035156,83.31999969482422,83.43299865722656,83.43299865722656,509560
2014-12-15,82.9000015258789,83.4749984741211,82.8949966430664,83.29000091552734,83.29000091552734,352930
2014-12-16,83.16999816894531,83.16999816894531,81.80000305175781,82.03299713134766,82.03299713134766,1020880
2014-12-17,82.03299713134766,82.16000366210938,80.72100067138672,81.52300262451172,81.52300262451172,1021000
2014-12-18,82.0,82.68499755859375,81.91999816894531,82.59400177001953,82.59400177001953,535690
2014-12-19,83.0,83.58999633789062,82.86000061035156,83.40599822998047,83.40599822998047,346130
2014-12-22,83.45500183105469,84.6989974975586,83.21499633789062,84.4489974975586,84.4489974975586,413020
2014-12-23,84.5,84.69499969482422,83.33499908447266,83.5989990234375,83.5989990234375,244130
2014-12-24,83.55000305175781,83.98799896240234,82.81999969482422,83.20500183105469,83.20500183105469,481230
2014-12-26,83.19999694824219,83.4000015258789,82.45999908447266,82.81099700927734,82.81099700927734,713480
2014-12-29,82.80500030517578,83.68000030517578,82.80500030517578,83.43099975585938,83.43099975585938,362220
2014-12-30,83.38999938964844,83.5989990234375,83.0999984741211,83.39299774169922,83.39299774169922,149590
2014-12-31,83.30000305175781,84.0,83.0199966430664,83.87699890136719,83.87699890136719,264190
2015-01-01,83.8499984741211,83.96900177001953,83.0,83.81400299072266,83.81400299072266,129140
2015-01-02,83.69999694824219,84.87999725341797,83.5999984741211,84.71399688720703,84.71399688720703,295810
2015-01-05,84.5999984741211,85.2249984741211,84.37000274658203,84.49299621582031,84.49299621582031,546240
2015-01-06,84.0999984741211,84.0999984741211,82.05500030517578,82.38800048828125,82.38800048828125,1030240
2015-01-07,82.3499984741211,82.36000061035156,81.5250015258789,81.99500274658203,81.99500274658203,1194180
2015-01-08,82.5,83.29000091552734,82.5,83.177001953125,83.177001953125,276980
2015-01-09,83.0999984741211,84.80000305175781,82.75,83.61000061035156,83.61000061035156,282490
2015-01-12,83.75,84.19999694824219,83.05999755859375,84.11799621582031,84.11799621582031,374510
2015-01-13,82.0250015258789,84.45999908447266,80.41000366210938,83.69100189208984,83.69100189208984,177780
2015-01-14,83.69999694824219,84.0,83.0999984741211,83.5979995727539,83.5979995727539,214450
2015-01-15,84.58999633789062,86.0,84.11599731445312,85.66300201416016,85.66300201416016,712710
2015-01-16,85.69999694824219,86.49500274658203,85.01000213623047,86.11000061035156,86.11000061035156,310250
2015-01-19,86.16000366210938,86.5,86.1050033569336,86.21700286865234,86.21700286865234,265800
2015-01-20,86.4000015258789,87.8740005493164,86.4000015258789,87.62799835205078,87.62799835205078,537840
2015-01-21,87.5999984741211,88.19999694824219,87.41500091552734,88.06400299072266,88.06400299072266,476870
2015-01-22,88.0,88.5,88.0,88.34600067138672,88.34600067138672,312060
2015-01-23,90.0,90.0,88.80000305175781,89.2020034790039,89.2020034790039,434410
2015-01-27,89.30000305175781,89.9990005493164,89.0,89.86199951171875,89.86199951171875,376630
2015-01-28,89.69999694824219,90.55000305175781,89.5,89.79299926757812,89.79299926757812,2155000
2015-01-29,89.69499969482422,90.55000305175781,89.2249984741211,90.21900177001953,90.21900177001953,455910
2015-01-30,90.80000305175781,90.80000305175781,89.12000274658203,89.48200225830078,89.48200225830078,935690
2015-02-02,89.5,90.9000015258789,88.8030014038086,89.18499755859375,89.18499755859375,1382690
2015-02-03,89.51499938964844,89.9000015258789,88.51000213623047,88.6500015258789,88.6500015258789,1337040
2015-02-04,88.9000015258789,89.0,88.0260009765625,88.37699890136719,88.37699890136719,279500
2015-02-05,88.0,89.4000015258789,87.80000305175781,88.22899627685547,88.22899627685547,242350
2015-02-06,88.08499908447266,89.30000305175781,87.5999984741211,87.99500274658203,87.99500274658203,622760
2015-02-09,87.60099792480469,87.60099792480469,86.4010009765625,86.55899810791016,86.55899810791016,1924520
2015-02-10,86.2020034790039,87.68900299072266,85.4010009765625,86.83999633789062,86.83999633789062,635240
2015-02-11,86.91500091552734,87.89900207519531,86.91500091552734,87.66500091552734,87.66500091552734,378370
2015-02-12,87.69999694824219,88.48999786376953,87.125,88.27999877929688,88.27999877929688,287040
2015-02-13,88.22599792480469,89.33999633789062,88.22599792480469,89.06800079345703,89.06800079345703,265250
2015-02-16,89.30000305175781,89.76499938964844,89.03600311279297,89.48600006103516,89.48600006103516,322550
2015-02-18,89.5,90.0,88.41500091552734,89.82099914550781,89.82099914550781,553650
2015-02-19,89.77999877929688,89.77999877929688,88.4000015258789,89.4280014038086,89.4280014038086,502980
2015-02-20,89.4000015258789,89.44999694824219,88.69999694824219,88.8550033569336,88.8550033569336,222790
2015-02-23,89.08699798583984,89.19999694824219,87.5,87.66400146484375,87.66400146484375,486100
2015-02-24,88.21499633789062,88.5250015258789,87.62999725341797,88.052001953125,88.052001953125,640590
2015-02-25,88.36000061035156,88.77999877929688,87.7300033569336,87.84500122070312,87.84500122070312,360320
2015-02-26,87.91000366210938,88.37999725341797,87.1500015258789,87.36799621582031,87.36799621582031,506850
2015-02-27,87.8239974975586,89.0,87.5999984741211,88.8949966430664,88.8949966430664,1450470
2015-02-28,89.20378112792969,89.20378112792969,89.20378112792969,89.20378112792969,89.20378112792969,0
2015-03-02,89.62000274658203,90.19999694824219,89.26200103759766,89.41300201416016,89.41300201416016,703230
2015-03-03,89.5,90.28800201416016,89.33499908447266,90.1780014038086,90.1780014038086,430350
2015-03-04,90.93199920654297,91.5,89.0,89.09700012207031,89.09700012207031,1295420
2015-03-05,89.16400146484375,89.80000305175781,88.5999984741211,89.58499908447266,89.58499908447266,292270
2015-03-09,89.5,89.58499908447266,87.6500015258789,87.79299926757812,87.79299926757812,648070
2015-03-10,87.80000305175781,88.17900085449219,87.1500015258789,87.55599975585938,87.55599975585938,536010
2015-03-11,87.5,88.0,87.26000213623047,87.58499908447266,87.58499908447266,1111680
2015-03-12,87.66000366210938,88.19000244140625,87.66000366210938,88.08599853515625,88.08599853515625,271670
2015-03-13,88.11499786376953,88.58000183105469,86.5,86.77899932861328,86.77899932861328,777420
2015-03-16,86.8499984741211,87.08499908447266,86.55000305175781,86.802001953125,86.802001953125,300020
2015-03-17,86.9000015258789,87.69999694824219,86.63999938964844,87.46499633789062,87.46499633789062,271970
2015-03-18,87.15499877929688,87.78900146484375,87.0,87.09700012207031,87.09700012207031,324680
2015-03-19,87.4749984741211,88.1500015258789,86.19999694824219,86.43900299072266,86.43900299072266,488730
2015-03-20,86.5,86.69999694824219,86.00499725341797,86.28700256347656,86.28700256347656,240910
2015-03-23,86.5,86.5,85.80500030517578,85.95700073242188,85.95700073242188,255510
2015-03-24,86.0999984741211,86.7750015258789,85.80500030517578,86.07099914550781,86.07099914550781,270700
2015-03-25,86.18000030517578,86.19000244140625,85.69999694824219,85.8759994506836,85.8759994506836,344590
2015-03-26,85.66999816894531,85.66999816894531,84.125,84.3219985961914,84.3219985961914,1125070
2015-03-27,84.3499984741211,84.79499816894531,83.31500244140625,83.95099639892578,83.95099639892578,1262290
2015-03-30,84.4990005493164,85.1989974975586,84.01000213623047,85.0479965209961,85.0479965209961,753550
2015-03-31,85.19999694824219,85.5999984741211,84.69999694824219,85.0780029296875,85.0780029296875,403210
2015-04-01,85.19999694824219,86.14199829101562,84.80000305175781,86.06300354003906,86.06300354003906,342900
2015-04-06,86.2979965209961,86.86499786376953,85.80599975585938,86.77200317382812,86.77200317382812,254590
2015-04-07,86.86499786376953,87.18000030517578,86.0989990234375,86.79000091552734,86.79000091552734,500390
2015-04-08,87.20999908447266,87.48500061035156,87.00199890136719,87.31199645996094,87.31199645996094,281730
2015-04-09,87.49500274658203,87.95500183105469,87.06999969482422,87.86000061035156,87.86000061035156,519580
2015-04-10,87.9000015258789,88.04000091552734,87.5260009765625,87.9749984741211,87.9749984741211,166060
2015-04-13,88.1500015258789,88.5199966430664,87.79499816894531,88.37899780273438,88.37899780273438,342800
2015-04-15,88.5,88.66999816894531,87.5,87.73200225830078,87.73200225830078,183920
2015-04-16,87.73500061035156,87.73500061035156,86.9520034790039,87.33599853515625,87.33599853515625,413350
2015-04-17,87.25,87.2699966430664,86.5,86.61699676513672,86.61699676513672,623100
2015-04-20,86.55000305175781,86.55000305175781,84.61499786376953,84.85800170898438,84.85800170898438,761570
2015-04-21,85.4000015258789,85.4000015258789,84.0,84.197998046875,84.197998046875,929220
2015-04-22,85.5,85.5,83.43000030517578,84.66600036621094,84.66600036621094,846510
2015-04-23,84.0,85.30000305175781,83.87999725341797,84.19300079345703,84.19300079345703,610360
2015-04-24,84.19999694824219,84.29499816894531,83.0250015258789,83.26200103759766,83.26200103759766,557380
2015-04-27,84.0979995727539,84.1989974975586,82.30000305175781,82.4260025024414,82.4260025024414,838850
2015-04-28,82.4000015258789,83.44999694824219,82.0999984741211,83.1500015258789,83.1500015258789,390030
2015-04-29,83.05999755859375,83.3499984741211,82.41999816894531,82.5770034790039,82.5770034790039,641220
2015-04-30,82.4020004272461,82.55000305175781,81.80699920654297,82.2750015258789,82.2750015258789,1605040
2015-05-04,82.89800262451172,83.7750015258789,82.25,83.53099822998047,83.53099822998047,597830
2015-05-05,83.53099822998047,83.79499816894531,83.0,83.53099822998047,83.53099822998047,473370
2015-05-06,83.5,83.5,81.12000274658203,81.22200012207031,81.22200012207031,1981580
2015-05-07,81.01000213623047,81.5009994506836,80.5,81.21499633789062,81.21499633789062,1041570
2015-05-08,81.7979965209961,82.58499908447266,81.53500366210938,82.16000366210938,82.16000366210938,621310
2015-05-11,82.51000213623047,83.5,82.51000213623047,83.40699768066406,83.40699768066406,569650
2015-05-12,83.30000305175781,83.44999694824219,81.9000015258789,81.9489974975586,81.9489974975586,837930
2015-05-13,82.44999694824219,82.9800033569336,81.5,82.7699966430664,82.7699966430664,864370
2015-05-14,82.5,82.94999694824219,81.99500274658203,82.78700256347656,82.78700256347656,299820
2015-05-15,82.55000305175781,83.80000305175781,82.5,83.31999969482422,83.31999969482422,352150
2015-05-18,83.30000305175781,84.23999786376953,83.0,84.06800079345703,84.06800079345703,491910
2015-05-19,83.57499694824219,84.58000183105469,83.5,83.83200073242188,83.83200073242188,981790
2015-05-20,83.63500213623047,84.5989990234375,83.63500213623047,84.36000061035156,84.36000061035156,363930
2015-05-21,84.24500274658203,84.58100128173828,84.0,84.4520034790039,84.4520034790039,304100
2015-05-22,84.44999694824219,85.02999877929688,84.35900115966797,84.76100158691406,84.76100158691406,465360
2015-05-25,84.6500015258789,84.6500015258789,83.80000305175781,84.01399993896484,84.01399993896484,239550
2015-05-26,84.52999877929688,84.5999984741211,83.49500274658203,83.7509994506836,83.7509994506836,281000
2015-05-27,83.50499725341797,83.68000030517578,83.0999984741211,83.46099853515625,83.46099853515625,247590
2015-05-28,83.45999908447266,83.77899932861328,83.0999984741211,83.47000122070312,83.47000122070312,313200
2015-05-29,83.44999694824219,84.78500366210938,83.4000015258789,84.6449966430664,84.6449966430664,412300
2015-06-01,84.6449966430664,84.9990005493164,84.45500183105469,84.76300048828125,84.76300048828125,224110
2015-06-02,84.75,84.75,83.0999984741211,83.68299865722656,83.68299865722656,622500
2015-06-03,83.4000015258789,83.4000015258789,81.80000305175781,82.0,82.0,933060
2015-06-04,81.9000015258789,82.197998046875,81.30400085449219,82.09600067138672,82.09600067138672,514690
2015-06-05,82.0,82.7249984741211,81.70999908447266,81.88099670410156,81.88099670410156,352700
2015-06-08,81.58000183105469,82.0999984741211,80.5,81.29299926757812,81.29299926757812,308010
2015-06-09,81.0999984741211,81.30000305175781,80.83000183105469,81.01699829101562,81.01699829101562,496620
2015-06-10,80.9000015258789,81.93900299072266,80.9000015258789,81.7239990234375,81.7239990234375,507550
2015-06-11,81.71499633789062,82.0,80.33000183105469,80.46600341796875,80.46600341796875,614560
2015-06-12,80.20099639892578,80.69000244140625,80.10099792480469,80.58699798583984,80.58699798583984,394430
2015-06-15,80.11499786376953,81.2509994506836,80.11499786376953,81.01100158691406,81.01100158691406,315260
2015-06-16,80.80000305175781,81.5,80.4000015258789,81.22000122070312,81.22000122070312,270840
2015-06-17,81.5,81.87999725341797,81.21099853515625,81.58100128173828,81.58100128173828,321850
2015-06-18,81.57499694824219,82.5,81.52100372314453,82.40499877929688,82.40499877929688,343570
2015-06-19,82.5,83.0999984741211,82.5,82.9749984741211,82.9749984741211,464380
2015-06-22,83.0999984741211,84.1500015258789,83.0999984741211,84.09200286865234,84.09200286865234,646340
2015-06-23,84.19000244140625,84.5,83.9000015258789,84.37000274658203,84.37000274658203,515750
2015-06-24,84.45999908447266,84.69999694824219,83.9000015258789,84.16300201416016,84.16300201416016,407580
2015-06-25,83.91699981689453,84.69999694824219,83.78500366210938,84.50299835205078,84.50299835205078,334620
2015-06-26,84.4749984741211,84.9000015258789,83.80000305175781,84.58499908447266,84.58499908447266,604090
2015-06-29,82.5,83.9020004272461,82.5,83.67400360107422,83.67400360107422,878250
2015-06-30,83.5999984741211,84.48899841308594,83.48500061035156,84.375,84.375,241910
2015-07-01,84.4000015258789,85.36000061035156,84.09500122070312,85.21800231933594,85.21800231933594,438510
2015-07-02,85.20500183105469,85.48799896240234,84.88999938964844,85.03800201416016,85.03800201416016,225950
2015-07-03,85.4000015258789,85.5979995727539,84.91500091552734,85.3290023803711,85.3290023803711,436090
2015-07-06,84.69999694824219,86.0,84.5,85.87200164794922,85.87200164794922,381990
2015-07-07,85.9800033569336,86.0999984741211,85.5,85.66500091552734,85.66500091552734,510640
2015-07-08,85.00199890136719,85.27999877929688,84.2750015258789,84.47899627685547,84.47899627685547,593610
2015-07-09,84.5,84.80000305175781,84.0999984741211,84.19599914550781,84.19599914550781,272370
2015-07-10,84.30000305175781,84.80000305175781,84.1050033569336,84.56400299072266,84.56400299072266,236530
2015-07-13,84.5,85.5989990234375,84.44000244140625,85.46499633789062,85.46499633789062,245450
2015-07-14,85.44999694824219,85.6500015258789,85.1500015258789,85.34700012207031,85.34700012207031,193610
2015-07-15,85.4000015258789,86.12999725341797,85.4000015258789,86.052001953125,86.052001953125,209720
2015-07-16,86.1050033569336,86.88899993896484,86.0999984741211,86.697998046875,86.697998046875,311290
2015-07-17,86.5999984741211,87.56999969482422,86.5,87.21600341796875,87.21600341796875,6582660
2015-07-20,87.19999694824219,87.32499694824219,86.6259994506836,87.11399841308594,87.11399841308594,158840
2015-07-21,87.0999984741211,87.18499755859375,86.08999633789062,86.19100189208984,86.19100189208984,172710
2015-07-22,86.0999984741211,87.26000213623047,85.9000015258789,87.06500244140625,87.06500244140625,348810
2015-07-23,87.19999694824219,87.30000305175781,86.53500366210938,86.69000244140625,86.69000244140625,176690
2015-07-24,86.5999984741211,86.68399810791016,86.05999755859375,86.23999786376953,86.23999786376953,171350
2015-07-27,86.0,86.00499725341797,84.55000305175781,84.74199676513672,84.74199676513672,358740
2015-07-28,85.0,85.08499908447266,84.302001953125,84.39800262451172,84.39800262451172,216880
2015-07-29,84.52999877929688,84.8499984741211,84.30000305175781,84.6969985961914,84.6969985961914,147790
2015-07-30,84.69999694824219,85.47000122070312,84.69999694824219,85.35700225830078,85.35700225830078,147290
2015-07-31,85.4000015258789,86.5,85.4000015258789,86.4229965209961,86.4229965209961,441230
2015-08-03,86.30000305175781,86.7300033569336,86.05999755859375,86.63500213623047,86.63500213623047,216910
2015-08-04,86.5999984741211,86.7490005493164,85.68499755859375,86.302001953125,86.302001953125,632470
2015-08-05,85.8270034790039,86.9990005493164,85.8270034790039,86.71299743652344,86.71299743652344,188110
2015-08-06,86.80000305175781,87.1500015258789,86.4749984741211,87.0009994506836,87.0009994506836,270100
2015-08-07,87.0,87.0,86.5250015258789,86.71199798583984,86.71199798583984,144020
2015-08-10,86.5,87.25,85.95099639892578,86.24400329589844,86.24400329589844,225390
2015-08-11,86.30000305175781,86.30000305175781,85.54000091552734,85.73400115966797,85.73400115966797,179040
2015-08-12,85.4749984741211,85.4749984741211,84.43800354003906,84.64600372314453,84.64600372314453,284550
2015-08-13,84.69499969482422,85.30000305175781,84.41100311279297,84.65599822998047,84.65599822998047,220480
2015-08-14,84.69999694824219,86.33499908447266,84.69999694824219,86.2020034790039,86.2020034790039,156540
2015-08-17,86.30000305175781,86.30000305175781,79.87000274658203,85.50399780273438,85.50399780273438,732480
2015-08-18,86.0,86.0,85.07599639892578,85.46499633789062,85.46499633789062,177130
2015-08-19,85.44999694824219,86.0260009765625,85.0999984741211,85.677001953125,85.677001953125,216710
2015-08-20,85.5999984741211,85.5999984741211,84.33000183105469,84.52200317382812,84.52200317382812,311010
2015-08-21,84.0999984741211,84.37999725341797,83.25399780273438,84.18499755859375,84.18499755859375,457320
2015-08-24,83.0999984741211,83.93000030517578,78.86599731445312,79.33999633789062,79.33999633789062,4685560
2015-08-25,81.0,81.4000015258789,77.69999694824219,79.9260025024414,79.9260025024414,3499480
2015-08-26,80.0,80.4000015258789,78.9000015258789,79.0,79.0,1090850
2015-08-27,80.0,80.63999938964844,79.5999984741211,80.56500244140625,80.56500244140625,513480
2015-08-28,80.79900360107422,82.00499725341797,80.61000061035156,81.08100128173828,81.08100128173828,638000
2015-08-31,81.0,81.53500366210938,80.5989990234375,80.85900115966797,80.85900115966797,734550
2015-09-01,80.5009994506836,80.59500122070312,78.61000061035156,79.07499694824219,79.07499694824219,1641480
2015-09-02,79.5199966430664,79.66000366210938,78.19999694824219,78.31999969482422,78.31999969482422,1101870
2015-09-03,78.80000305175781,79.63999938964844,78.4000015258789,79.38300323486328,79.38300323486328,505480
2015-09-04,79.19999694824219,79.19999694824219,77.4800033569336,77.80799865722656,77.80799865722656,2073710
2015-09-07,78.09500122070312,80.6989974975586,76.41200256347656,76.66899871826172,76.66899871826172,2026860
2015-09-08,77.0,78.37000274658203,76.52799987792969,77.95099639892578,77.95099639892578,1779110
2015-09-09,78.49800109863281,79.97000122070312,78.49800109863281,78.97699737548828,78.97699737548828,451840
2015-09-10,78.5,79.37999725341797,77.81999969482422,79.01300048828125,79.01300048828125,1401070
2015-09-11,79.0999984741211,79.6500015258789,78.63600158691406,78.97200012207031,78.97200012207031,547990
2015-09-14,79.4000015258789,79.69999694824219,78.70099639892578,79.54399871826172,79.54399871826172,346810
2015-09-15,79.5,79.66500091552734,78.94000244140625,79.14199829101562,79.14199829101562,223670
2015-09-16,79.4000015258789,79.98999786376953,79.4000015258789,79.79499816894531,79.79499816894531,208170
2015-09-18,80.0,81.29000091552734,80.0,80.53700256347656,80.53700256347656,509080
2015-09-21,80.3499984741211,80.63600158691406,79.80500030517578,80.51300048828125,80.51300048828125,501560
2015-09-22,80.88999938964844,80.91999816894531,78.66999816894531,78.69999694824219,78.69999694824219,618010
2015-09-23,78.69999694824219,79.6500015258789,78.13999938964844,79.11399841308594,79.11399841308594,506600
2015-09-24,78.9800033569336,81.5999984741211,78.90499877929688,80.12699890136719,80.12699890136719,842430
2015-09-28,80.0999984741211,80.69999694824219,78.70999908447266,78.80599975585938,78.80599975585938,1362310
2015-09-29,78.47000122070312,80.01799774169922,77.66600036621094,79.1510009765625,79.1510009765625,1371070
2015-09-30,80.0,80.28500366210938,79.4749984741211,80.1989974975586,80.1989974975586,333690
2015-10-01,80.39800262451172,80.79000091552734,80.0999984741211,80.29399871826172,80.29399871826172,529310
2015-10-05,80.80000305175781,81.98999786376953,80.80000305175781,81.87300109863281,81.87300109863281,818180
2015-10-06,82.0,82.37999725341797,81.75499725341797,82.18199920654297,82.18199920654297,659440
2015-10-07,82.49800109863281,83.0,81.91100311279297,82.46800231933594,82.46800231933594,297680
2015-10-08,82.40499877929688,82.45999908447266,81.81099700927734,82.05000305175781,82.05000305175781,372910
2015-10-09,82.48899841308594,82.9990005493164,82.0999984741211,82.59100341796875,82.59100341796875,301570
2015-10-12,82.80000305175781,83.0999984741211,82.0,82.14099884033203,82.14099884033203,265120
2015-10-13,82.19999694824219,82.2750015258789,81.58200073242188,81.99299621582031,81.99299621582031,353980
2015-10-14,81.99299621582031,82.0999984741211,81.70500183105469,81.8479995727539,81.8479995727539,299520
2015-10-15,82.11199951171875,82.5999984741211,82.11199951171875,82.52400207519531,82.52400207519531,606240
2015-10-16,82.5999984741211,83.19999694824219,82.20999908447266,83.14099884033203,83.14099884033203,190450
2015-10-19,83.13999938964844,83.62699890136719,83.00499725341797,83.49400329589844,83.49400329589844,327690
2015-10-20,82.0,83.71900177001953,82.0,83.3949966430664,83.3949966430664,216620
2015-10-21,83.5,83.86000061035156,82.9010009765625,83.33799743652344,83.33799743652344,233970
2015-10-23,83.7979965209961,84.19999694824219,83.56999969482422,83.74299621582031,83.74299621582031,349770
2015-10-26,84.0,84.06400299072266,83.3499984741211,83.41999816894531,83.41999816894531,238380
2015-10-27,83.41999816894531,83.41999816894531,83.0999984741211,83.16100311279297,83.16100311279297,126590
2015-10-28,83.00499725341797,83.06500244140625,82.30999755859375,82.71099853515625,82.71099853515625,230230
2015-10-29,82.63800048828125,82.72599792480469,82.22000122070312,82.33999633789062,82.33999633789062,229960
2015-10-30,82.30000305175781,82.69000244140625,81.5999984741211,81.86100006103516,81.86100006103516,348730
2015-11-02,81.86100006103516,81.9000015258789,81.0999984741211,81.65299987792969,81.65299987792969,349040
2015-11-03,81.97000122070312,82.29900360107422,81.5,81.80899810791016,81.80899810791016,251690
2015-11-04,82.0999984741211,82.29000091552734,81.4000015258789,81.57499694824219,81.57499694824219,505820
2015-11-05,81.47699737548828,81.52999877929688,80.66999816894531,80.78700256347656,80.78700256347656,358290
2015-11-06,81.0,81.18299865722656,80.31700134277344,80.54499816894531,80.54499816894531,615100
2015-11-09,79.5,80.48999786376953,78.80000305175781,80.31199645996094,80.31199645996094,704940
2015-11-10,79.98999786376953,80.05000305175781,79.0,79.08499908447266,79.08499908447266,655340
2015-11-13,79.4000015258789,79.5,78.5,78.73300170898438,78.73300170898438,606720
2015-11-16,78.57099914550781,79.55000305175781,78.37000274658203,79.22000122070312,79.22000122070312,369040
2015-11-17,79.697998046875,79.697998046875,78.9000015258789,79.42900085449219,79.42900085449219,271680
2015-11-18,78.60099792480469,79.48600006103516,78.4000015258789,78.4749984741211,78.4749984741211,281430
2015-11-19,78.9000015258789,79.69999694824219,78.6500015258789,79.56900024414062,79.56900024414062,211150
2015-11-20,79.5999984741211,80.20899963378906,79.20500183105469,79.5,79.5,162770
2015-11-23,79.69999694824219,79.9000015258789,79.4000015258789,79.59600067138672,79.59600067138672,128510
2015-11-24,79.55000305175781,79.80000305175781,78.96499633789062,79.11499786376953,79.11499786376953,871240
2015-11-26,79.30000305175781,79.9000015258789,79.11000061035156,79.802001953125,79.802001953125,231150
2015-11-27,79.9000015258789,80.33999633789062,79.73500061035156,80.24099731445312,80.24099731445312,230810
2015-11-30,80.19999694824219,80.5,80.0999984741211,80.33100128173828,80.33100128173828,240430
2015-12-01,80.3499984741211,80.58999633789062,80.19999694824219,80.39299774169922,80.39299774169922,187760
2015-12-02,80.55500030517578,80.697998046875,79.9000015258789,80.17400360107422,80.17400360107422,158230
2015-12-03,79.99500274658203,80.04000091552734,79.3499984741211,79.48799896240234,79.48799896240234,215260
2015-12-04,79.2020034790039,79.30000305175781,78.7300033569336,78.92500305175781,78.92500305175781,336080
2015-12-07,79.19999694824219,79.19999694824219,78.5009994506836,78.75,78.75,359620
2015-12-08,78.5,78.69000244140625,77.98999786376953,78.10299682617188,78.10299682617188,335960
2015-12-09,78.0,78.68000030517578,77.12300109863281,77.6969985961914,77.6969985961914,916510
2015-12-10,77.69999694824219,77.9800033569336,77.2770004272461,77.88600158691406,77.88600158691406,334180
2015-12-11,78.0,78.0,76.70500183105469,77.08999633789062,77.08999633789062,369610
2015-12-14,77.0,77.4469985961914,76.43499755859375,77.22799682617188,77.22799682617188,8560990
2015-12-15,77.5,77.81500244140625,77.01499938964844,77.7509994506836,77.7509994506836,804730
2015-12-16,79.0,79.0,77.697998046875,78.24400329589844,78.24400329589844,334710
2015-12-17,78.56500244140625,79.37999725341797,78.21199798583984,79.28700256347656,79.28700256347656,414680
2015-12-18,79.27999877929688,79.27999877929688,78.6050033569336,78.74700164794922,78.74700164794922,219440
2015-12-21,78.9000015258789,79.2979965209961,78.5199966430664,79.19999694824219,79.19999694824219,298310
2015-12-22,79.19999694824219,79.36499786376953,78.61499786376953,78.81500244140625,78.81500244140625,194910
2015-12-23,79.0999984741211,79.53299713134766,79.0,79.37100219726562,79.37100219726562,226940
2015-12-24,79.32499694824219,79.80000305175781,79.30000305175781,79.61499786376953,79.61499786376953,121630
2015-12-28,79.69999694824219,80.11499786376953,79.5999984741211,79.99800109863281,79.99800109863281,460070
2015-12-29,80.0999984741211,80.22000122070312,79.8499984741211,80.12999725341797,80.12999725341797,244090
2015-12-30,80.0,80.22599792480469,79.7249984741211,79.79900360107422,79.79900360107422,315710
2015-12-31,79.80000305175781,80.51499938964844,79.67900085449219,80.3010025024414,80.3010025024414,271270
2016-01-01,80.19999694824219,80.75,80.0,80.50599670410156,80.50599670410156,273470
2016-01-04,80.29499816894531,80.3499984741211,78.9000015258789,79.03099822998047,79.03099822998047,403970
2016-01-05,79.38700103759766,79.3949966430664,78.79499816894531,78.98100280761719,78.98100280761719,347970
2016-01-06,78.9800033569336,79.08799743652344,78.37000274658203,78.51599884033203,78.51599884033203,486200
2016-01-07,78.20099639892578,78.30000305175781,76.7249984741211,76.89199829101562,76.89199829101562,1563600
2016-01-08,77.0,77.43000030517578,76.9000015258789,77.06300354003906,77.06300354003906,844340
2016-01-11,76.60199737548828,77.11000061035156,76.04399871826172,76.6719970703125,76.6719970703125,923720
2016-01-12,77.0,77.0,76.0,76.197998046875,76.197998046875,666260
2016-01-13,76.43499755859375,76.89299774169922,75.25499725341797,76.62699890136719,76.62699890136719,524080
2016-01-14,76.16999816894531,76.89199829101562,75.5999984741211,76.21700286865234,76.21700286865234,806330
2016-01-15,76.4000015258789,76.41999816894531,75.37000274658203,75.50599670410156,75.50599670410156,361820
2016-01-18,75.35099792480469,75.5999984741211,74.46099853515625,74.56500244140625,74.56500244140625,810760
2016-01-19,74.9000015258789,75.4990005493164,74.61100006103516,75.21099853515625,75.21099853515625,444560
2016-01-20,74.69999694824219,74.80000305175781,73.5,74.00199890136719,74.00199890136719,945080
2016-01-21,74.44499969482422,74.77999877929688,73.5009994506836,73.79299926757812,73.79299926757812,807700
2016-01-22,74.05500030517578,75.4000015258789,74.05500030517578,75.30599975585938,75.30599975585938,3596140
2016-01-25,75.5989990234375,75.88500213623047,75.2249984741211,75.41899871826172,75.41899871826172,385820
2016-01-27,75.5999984741211,75.69000244140625,75.10099792480469,75.26499938964844,75.26499938964844,268320
2016-01-28,75.15299987792969,75.38999938964844,74.9000015258789,75.05400085449219,75.05400085449219,3083410
2016-01-29,75.20099639892578,76.45999908447266,75.13200378417969,76.22899627685547,76.22899627685547,653820
2016-02-01,76.4000015258789,76.69999694824219,76.30000305175781,76.41400146484375,76.41400146484375,386940
2016-02-02,76.44999694824219,76.69999694824219,75.4000015258789,75.59600067138672,75.59600067138672,300550
2016-02-03,75.2020034790039,75.2020034790039,74.23500061035156,74.3550033569336,74.3550033569336,3850340
2016-02-04,74.81900024414062,75.5,74.44999694824219,74.75900268554688,74.75900268554688,518810
2016-02-05,75.05000305175781,75.73999786376953,74.83499908447266,75.61599731445312,75.61599731445312,484180
2016-02-08,75.5999984741211,75.83999633789062,74.3499984741211,74.68699645996094,74.68699645996094,481210
2016-02-09,74.25,74.25,73.51000213623047,73.68399810791016,73.68399810791016,4192380
2016-02-10,73.5,73.5,72.69000244140625,73.1729965209961,73.1729965209961,826130
2016-02-11,73.02300262451172,73.05400085449219,70.55000305175781,70.83999633789062,70.83999633789062,1852580
2016-02-12,71.30000305175781,72.0,69.67500305175781,70.77300262451172,70.77300262451172,1581340
2016-02-15,71.13999938964844,72.58499908447266,71.13999938964844,72.3270034790039,72.3270034790039,755870
2016-02-16,72.5999984741211,72.79000091552734,71.21499633789062,71.39700317382812,71.39700317382812,615180
2016-02-17,72.0,74.80000305175781,70.5989990234375,71.8479995727539,71.8479995727539,894660
2016-02-18,72.0,72.88999938964844,72.0,72.63999938964844,72.63999938964844,602870
2016-02-19,72.5,73.05999755859375,72.29900360107422,72.81800079345703,72.81800079345703,373740
2016-02-22,73.0,73.28500366210938,72.80000305175781,73.0979995727539,73.0979995727539,303970
2016-02-23,73.0,73.00199890136719,71.76000213623047,71.91000366210938,71.91000366210938,615480
2016-02-24,71.80000305175781,71.83999633789062,71.16000366210938,71.27300262451172,71.27300262451172,553630
2016-02-25,72.0979995727539,72.0979995727539,70.61000061035156,70.73200225830078,70.73200225830078,579750
2016-02-26,70.80000305175781,71.5,70.80000305175781,71.31500244140625,71.31500244140625,510180
2016-02-29,71.4000015258789,71.86900329589844,69.45999908447266,70.83799743652344,70.83799743652344,1303950
2016-03-01,71.03500366210938,73.04900360107422,71.03500366210938,72.9010009765625,72.9010009765625,879850
2016-03-02,73.0,74.77999877929688,73.0,74.6449966430664,74.6449966430664,1234400
2016-03-03,74.89800262451172,75.55500030517578,74.75,75.4260025024414,75.4260025024414,818760
2016-03-04,75.4260025024414,76.1050033569336,75.16999816894531,75.81400299072266,75.81400299072266,472840
2016-03-08,75.80000305175781,76.0999984741211,75.43000030517578,75.72100067138672,75.72100067138672,393720
2016-03-09,75.5,76.23400115966797,75.30000305175781,76.0999984741211,76.0999984741211,466470
2016-03-10,75.9000015258789,76.30000305175781,75.22000122070312,75.6729965209961,75.6729965209961,361230
2016-03-11,75.79000091552734,76.19999694824219,75.52100372314453,75.89399719238281,75.89399719238281,315160
2016-03-14,76.08999633789062,76.69999694824219,76.08999633789062,76.51899719238281,76.51899719238281,548650
2016-03-15,76.71199798583984,76.71199798583984,75.69000244140625,75.7229995727539,75.7229995727539,324140
2016-03-16,75.7229995727539,76.24500274658203,75.21499633789062,76.10199737548828,76.10199737548828,212020
2016-03-17,76.46800231933594,76.83300018310547,75.8010025024414,76.16000366210938,76.16000366210938,393390
2016-03-18,76.1050033569336,77.04000091552734,76.1050033569336,76.97699737548828,76.97699737548828,531980
2016-03-21,76.0999984741211,78.18000030517578,76.0999984741211,78.01000213623047,78.01000213623047,649430
2016-03-22,78.0,79.19999694824219,77.69999694824219,78.56199645996094,78.56199645996094,675690
2016-03-23,78.5199966430664,78.56999969482422,77.8499984741211,78.4739990234375,78.4739990234375,796540
2016-03-28,78.4000015258789,78.98899841308594,77.41600036621094,77.98200225830078,77.98200225830078,12988370
2016-03-29,77.9000015258789,77.9000015258789,77.0999984741211,77.30899810791016,77.30899810791016,3892980
2016-03-30,77.30999755859375,78.63999938964844,77.0999984741211,78.53800201416016,78.53800201416016,391220
2016-03-31,78.5,80.0,78.43900299072266,79.12699890136719,79.12699890136719,5557940
2016-04-01,79.0,79.0,77.95999908447266,78.1510009765625,78.1510009765625,972180
2016-04-04,78.1500015258789,78.69999694824219,78.1500015258789,78.62300109863281,78.62300109863281,425470
2016-04-05,78.41999816894531,78.47000122070312,77.11000061035156,77.25399780273438,77.25399780273438,516120
2016-04-06,77.5,77.5,77.0,77.28600311279297,77.28600311279297,196900
2016-04-07,77.4000015258789,77.4000015258789,76.3949966430664,76.48699951171875,76.48699951171875,615520
2016-04-08,76.0,76.91999816894531,76.0,76.75700378417969,76.75700378417969,155520
2016-04-11,76.9000015258789,77.9800033569336,76.5,77.84100341796875,77.84100341796875,556900
2016-04-12,77.0,78.19000244140625,77.0,78.08699798583984,78.08699798583984,283000
2016-04-13,78.2979965209961,79.45999908447266,78.2979965209961,79.33000183105469,79.33000183105469,1097490
2016-04-18,79.51300048828125,80.0989990234375,79.3550033569336,80.03700256347656,80.03700256347656,498570
2016-04-20,80.19999694824219,80.4000015258789,79.70999908447266,80.11499786376953,80.11499786376953,516610
2016-04-21,80.31999969482422,80.6240005493164,79.80000305175781,80.04299926757812,80.04299926757812,222680
2016-04-22,79.91999816894531,80.16699981689453,79.62999725341797,79.91400146484375,79.91400146484375,262320
2016-04-25,79.9000015258789,79.98999786376953,79.20099639892578,79.49400329589844,79.49400329589844,198950
2016-04-26,79.29000091552734,80.74500274658203,79.19999694824219,80.63099670410156,80.63099670410156,307420
2016-04-27,80.5,80.83000183105469,80.30999755859375,80.69000244140625,80.69000244140625,995700
2016-04-28,80.5999984741211,80.81999969482422,79.30000305175781,79.46600341796875,79.46600341796875,584780
2016-04-29,79.31999969482422,79.95500183105469,78.91000366210938,79.51699829101562,79.51699829101562,588310
2016-05-02,79.30000305175781,79.30000305175781,78.73500061035156,79.1240005493164,79.1240005493164,332590
2016-05-03,79.697998046875,80.0,78.53299713134766,78.65499877929688,78.65499877929688,433920
2016-05-04,78.4010009765625,78.69999694824219,78.0999984741211,78.16999816894531,78.16999816894531,389520
2016-05-05,78.28900146484375,78.9749984741211,78.19999694824219,78.73100280761719,78.73100280761719,207550
2016-05-06,78.27899932861328,79.5,78.0,78.55400085449219,78.55400085449219,326550
2016-05-09,78.87000274658203,79.7699966430664,78.44999694824219,79.6729965209961,79.6729965209961,326020
2016-05-10,79.56999969482422,80.0250015258789,79.375,79.83200073242188,79.83200073242188,381200
2016-05-11,79.58899688720703,79.80000305175781,78.85399627685547,79.35900115966797,79.35900115966797,464470
2016-05-12,79.4000015258789,80.09500122070312,79.3499984741211,79.90799713134766,79.90799713134766,497230
2016-05-13,79.69999694824219,79.69999694824219,78.7750015258789,79.02300262451172,79.02300262451172,283500
2016-05-16,79.0999984741211,79.9000015258789,78.66899871826172,79.80400085449219,79.80400085449219,229600
2016-05-17,79.9000015258789,80.30999755859375,79.73999786376953,79.84500122070312,79.84500122070312,249670
2016-05-18,79.53800201416016,79.76899719238281,79.0999984741211,79.58599853515625,79.58599853515625,154520
2016-05-19,79.5,79.5999984741211,78.6500015258789,78.81900024414062,78.81900024414062,169850
2016-05-20,78.80000305175781,79.197998046875,78.5,78.70899963378906,78.70899963378906,150700
2016-05-23,78.92900085449219,78.98999786376953,78.37699890136719,78.45600128173828,78.45600128173828,213630
2016-05-24,78.4000015258789,78.55000305175781,78.16899871826172,78.41300201416016,78.41300201416016,195700
2016-05-25,78.88800048828125,80.37999725341797,78.78700256347656,80.23500061035156,80.23500061035156,441470
2016-05-26,80.32599639892578,81.79000091552734,80.29000091552734,81.51499938964844,81.51499938964844,744400
2016-05-27,81.69999694824219,82.5,81.52799987792969,82.43399810791016,82.43399810791016,894790
2016-05-30,82.55000305175781,82.97000122070312,82.44999694824219,82.75800323486328,82.75800323486328,718710
2016-05-31,83.0,83.0999984741211,82.41500091552734,82.66799926757812,82.66799926757812,638990
2016-06-01,82.69999694824219,83.17500305175781,82.5999984741211,82.88500213623047,82.88500213623047,321500
2016-06-02,82.51000213623047,83.73999786376953,82.5,83.4990005493164,83.4990005493164,283610
2016-06-03,83.6050033569336,83.69000244140625,83.08100128173828,83.22699737548828,83.22699737548828,213120
2016-06-06,83.24500274658203,83.48899841308594,83.01899719238281,83.10199737548828,83.10199737548828,187490
2016-06-07,83.2770004272461,84.1449966430664,83.23999786376953,83.80400085449219,83.80400085449219,341520
2016-06-08,83.8489990234375,84.19999694824219,83.30000305175781,84.0530014038086,84.0530014038086,652580
2016-06-09,84.02999877929688,84.02999877929688,83.20500183105469,83.37999725341797,83.37999725341797,185020
2016-06-10,83.0,83.98799896240234,83.0,83.12300109863281,83.12300109863281,193910
2016-06-13,82.80000305175781,82.80000305175781,82.20500183105469,82.60199737548828,82.60199737548828,222540
2016-06-14,82.80000305175781,82.81999969482422,82.19999694824219,82.6719970703125,82.6719970703125,205170
2016-06-15,82.5999984741211,83.33499908447266,82.53500366210938,83.19200134277344,83.19200134277344,200490
2016-06-16,82.94000244140625,83.04100036621094,82.2300033569336,82.91899871826172,82.91899871826172,313720
2016-06-17,83.0,83.39900207519531,82.6500015258789,82.90699768066406,82.90699768066406,289890
2016-06-20,82.69999694824219,83.7249984741211,82.30000305175781,83.63099670410156,83.63099670410156,267290
2016-06-21,83.21499633789062,83.62000274658203,83.19999694824219,83.35800170898438,83.35800170898438,113670
2016-06-22,83.23999786376953,83.5999984741211,82.9000015258789,83.26200103759766,83.26200103759766,135240
2016-06-23,83.23999786376953,84.15499877929688,83.0999984741211,83.95600128173828,83.95600128173828,197580
2016-06-24,82.51000213623047,83.5,80.94999694824219,82.48799896240234,82.48799896240234,2935690
2016-06-27,82.19999694824219,82.5999984741211,82.0,82.4489974975586,82.4489974975586,241210
2016-06-28,82.7979965209961,82.7979965209961,82.24500274658203,82.46700286865234,82.46700286865234,407790
2016-06-29,82.5,83.4000015258789,82.0,83.26699829101562,83.26699829101562,614230
2016-06-30,83.5979995727539,84.44999694824219,83.5979995727539,84.28800201416016,84.28800201416016,895470
2016-07-01,84.5,84.87799835205078,84.30000305175781,84.52799987792969,84.52799987792969,457950
2016-07-04,84.74299621582031,85.29000091552734,84.74299621582031,85.08899688720703,85.08899688720703,494590
2016-07-05,85.0999984741211,85.0999984741211,84.5,84.64600372314453,84.64600372314453,528720
2016-07-07,84.9990005493164,85.04100036621094,84.41899871826172,84.71099853515625,84.71099853515625,310450
2016-07-08,84.8499984741211,84.8499984741211,84.3499984741211,84.54399871826172,84.54399871826172,243560
2016-07-11,85.5,86.19999694824219,85.30000305175781,86.01899719238281,86.01899719238281,841190
2016-07-12,86.5,86.5999984741211,86.01899719238281,86.53199768066406,86.53199768066406,301680
2016-07-13,86.48999786376953,86.69999694824219,86.01499938964844,86.5479965209961,86.5479965209961,1127810
2016-07-14,87.0,87.0510025024414,86.4000015258789,86.94400024414062,86.94400024414062,634590
2016-07-15,87.5,87.5,86.69999694824219,86.80400085449219,86.80400085449219,330870
2016-07-18,87.0,87.3499984741211,86.4000015258789,86.50399780273438,86.50399780273438,315010
2016-07-19,87.0,87.0,86.1510009765625,86.67500305175781,86.67500305175781,839970
2016-07-20,86.69999694824219,87.23500061035156,86.6449966430664,87.14900207519531,87.14900207519531,2169790
2016-07-21,87.26000213623047,87.26000213623047,86.5009994506836,86.57599639892578,86.57599639892578,696150
2016-07-22,86.5250015258789,87.28800201416016,86.37000274658203,86.9219970703125,86.9219970703125,291250
2016-07-25,86.9000015258789,88.06500244140625,86.69999694824219,87.95600128173828,87.95600128173828,568140
2016-07-26,87.95600128173828,88.0989990234375,87.33499908447266,87.58599853515625,87.58599853515625,648500
2016-07-27,87.5999984741211,88.26000213623047,87.30000305175781,87.69599914550781,87.69599914550781,294650
2016-07-28,87.69999694824219,88.2300033569336,87.5999984741211,88.11799621582031,88.11799621582031,242860
2016-07-29,88.19999694824219,88.27999877929688,87.91000366210938,88.11100006103516,88.11100006103516,204320
2016-08-01,88.10299682617188,88.6500015258789,87.61000061035156,87.96900177001953,87.96900177001953,341930
2016-08-02,88.0,88.4000015258789,87.5999984741211,87.9530029296875,87.9530029296875,328660
2016-08-03,86.19000244140625,87.98999786376953,84.43000030517578,87.05599975585938,87.05599975585938,214210
2016-08-04,87.23600006103516,87.5999984741211,86.70999908447266,87.21600341796875,87.21600341796875,320120
2016-08-05,87.54499816894531,88.5,87.54499816894531,88.38700103759766,88.38700103759766,302550
2016-08-08,88.58000183105469,88.81999969482422,88.5199966430664,88.66699981689453,88.66699981689453,283120
2016-08-09,88.5999984741211,88.68499755859375,88.01000213623047,88.33599853515625,88.33599853515625,513790
2016-08-10,88.4000015258789,88.41999816894531,87.5,87.60800170898438,87.60800170898438,154040
2016-08-11,87.0,87.69999694824219,87.0,87.47100067138672,87.47100067138672,130600
2016-08-12,87.5,88.29900360107422,87.5,88.06400299072266,88.06400299072266,314290
2016-08-16,88.0999984741211,88.38899993896484,87.5999984741211,88.03199768066406,88.03199768066406,373940
2016-08-17,88.0,88.2750015258789,87.61000061035156,87.71800231933594,87.71800231933594,176810
2016-08-18,89.0,89.0,87.93499755859375,88.25800323486328,88.25800323486328,237920
2016-08-19,88.5,88.5199966430664,88.01499938964844,88.26499938964844,88.26499938964844,167890
2016-08-22,88.30000305175781,88.49500274658203,87.70500183105469,87.81300354003906,87.81300354003906,158030
2016-08-23,87.83999633789062,88.08000183105469,87.4800033569336,87.86399841308594,87.86399841308594,112970
2016-08-24,87.87999725341797,88.21499633789062,87.76499938964844,88.0739974975586,88.0739974975586,90870
2016-08-25,88.19999694824219,89.0999984741211,87.66000366210938,87.74700164794922,87.74700164794922,172780
2016-08-26,87.76000213623047,88.0,87.25,87.37200164794922,87.37200164794922,153420
2016-08-29,87.5199966430664,87.80000305175781,87.11000061035156,87.63999938964844,87.63999938964844,198110
2016-08-30,87.81999969482422,89.11000061035156,87.81999969482422,88.96900177001953,88.96900177001953,377630
2016-08-31,88.9800033569336,89.75,88.90799713134766,89.61699676513672,89.61699676513672,323370
2016-09-01,89.75,89.75,89.18499755859375,89.43399810791016,89.43399810791016,448420
2016-09-02,89.41000366210938,89.69999694824219,89.1500015258789,89.61900329589844,89.61900329589844,318620
2016-09-06,89.75,91.0999984741211,89.5999984741211,90.9800033569336,90.9800033569336,704070
2016-09-07,90.98500061035156,91.29000091552734,90.74500274658203,90.88999938964844,90.88999938964844,400080
2016-09-08,90.80000305175781,91.5,90.69999694824219,91.27899932861328,91.27899932861328,353360
2016-09-09,91.00599670410156,91.00599670410156,90.33499908447266,90.5770034790039,90.5770034790039,563020
2016-09-12,90.0,90.5,88.98500061035156,89.10900115966797,89.10900115966797,336000
2016-09-14,89.08999633789062,89.41999816894531,88.80000305175781,89.21600341796875,89.21600341796875,266580
2016-09-15,89.19999694824219,89.2300033569336,88.9000015258789,89.12799835205078,89.12799835205078,130730
2016-09-16,89.27999877929688,90.30000305175781,89.27999877929688,89.48400115966797,89.48400115966797,366850
2016-09-19,89.5,89.9000015258789,89.41500091552734,89.75800323486328,89.75800323486328,167140
2016-09-20,89.69999694824219,89.73799896240234,89.30000305175781,89.68000030517578,89.68000030517578,144180
2016-09-21,89.5999984741211,90.0989990234375,89.4469985961914,89.57099914550781,89.57099914550781,454530
2016-09-22,91.0,91.0,90.11000061035156,90.36100006103516,90.36100006103516,313050
2016-09-23,90.4000015258789,90.5,89.9800033569336,90.03399658203125,90.03399658203125,179770
2016-09-26,89.71800231933594,89.9000015258789,89.07499694824219,89.22100067138672,89.22100067138672,181750
2016-09-27,89.19999694824219,89.5,88.70999908447266,88.85600280761719,88.85600280761719,194520
2016-09-28,89.1050033569336,89.5,88.80000305175781,89.26100158691406,89.26100158691406,150190
2016-09-29,89.6500015258789,91.0,87.5999984741211,88.05799865722656,88.05799865722656,410390
2016-09-30,88.0,88.11399841308594,87.5,87.85800170898438,87.85800170898438,495340
2016-10-03,88.0989990234375,89.2979965209961,88.0989990234375,89.1760025024414,89.1760025024414,260000
2016-10-04,89.31999969482422,89.5,89.01599884033203,89.29299926757812,89.29299926757812,272370
2016-10-05,89.5,89.61100006103516,88.71900177001953,89.08699798583984,89.08699798583984,712990
2016-10-06,89.29000091552734,89.44999694824219,88.51499938964844,88.68099975585938,88.68099975585938,549590
2016-10-07,89.0,89.0,88.4000015258789,88.58499908447266,88.58499908447266,120100
2016-10-10,88.89900207519531,89.19999694824219,88.75,88.95700073242188,88.95700073242188,99130
2016-10-13,88.58399963378906,88.69999694824219,87.15899658203125,87.41200256347656,87.41200256347656,391320
2016-10-14,87.5,87.97000122070312,87.3499984741211,87.72899627685547,87.72899627685547,145890
2016-10-17,87.80000305175781,87.80000305175781,86.80000305175781,86.91300201416016,86.91300201416016,365590
2016-10-18,87.26899719238281,88.38899993896484,87.20999908447266,88.19300079345703,88.19300079345703,783940
2016-10-19,88.30000305175781,88.4800033569336,88.0,88.21399688720703,88.21399688720703,416540
2016-10-20,88.4000015258789,88.83999633789062,88.29499816894531,88.66899871826172,88.66899871826172,179440
2016-10-21,89.9000015258789,91.87000274658203,88.19999694824219,88.61299896240234,88.61299896240234,98300
2016-10-24,88.69999694824219,89.04499816894531,88.50399780273438,88.77300262451172,88.77300262451172,119290
2016-10-25,88.7969970703125,88.80999755859375,88.31800079345703,88.7030029296875,88.7030029296875,107610
2016-10-26,88.44999694824219,88.44999694824219,87.85099792480469,87.927001953125,87.927001953125,170810
2016-10-27,87.8499984741211,88.19999694824219,87.55999755859375,88.0790023803711,88.0790023803711,214450
2016-10-28,88.5,88.5,87.5999984741211,88.17900085449219,88.17900085449219,351450
2016-11-01,88.0999984741211,88.5979995727539,88.0,88.18399810791016,88.18399810791016,141080
2016-11-02,87.5790023803711,87.5790023803711,87.0999984741211,87.25499725341797,87.25499725341797,178570
2016-11-03,87.16300201416016,87.4800033569336,86.9020004272461,87.06900024414062,87.06900024414062,106400
2016-11-04,87.0999984741211,87.11000061035156,86.07499694824219,86.3489990234375,86.3489990234375,346960
2016-11-07,86.88999938964844,87.9000015258789,86.88999938964844,87.24700164794922,87.24700164794922,284470
2016-11-08,87.30000305175781,88.82499694824219,86.875,88.16400146484375,88.16400146484375,220740
2016-11-09,85.375,87.48799896240234,82.61599731445312,86.24199676513672,86.24199676513672,6554460
2016-11-10,90.05000305175781,94.98999786376953,86.9749984741211,87.53199768066406,87.53199768066406,3303150
2016-11-11,86.70099639892578,86.70099639892578,84.9010009765625,85.01399993896484,85.01399993896484,1668100
2016-11-15,84.9000015258789,85.19999694824219,82.94999694824219,83.08799743652344,83.08799743652344,3736520
2016-11-16,83.41999816894531,83.95700073242188,82.71099853515625,82.95500183105469,82.95500183105469,612440
2016-11-17,82.9000015258789,83.43000030517578,82.61000061035156,82.98200225830078,82.98200225830078,292830
2016-11-18,82.9739990234375,83.09700012207031,82.43499755859375,82.68099975585938,82.68099975585938,308800
2016-11-21,82.80000305175781,83.0999984741211,81.10099792480469,81.30899810791016,81.30899810791016,851960
2016-11-22,81.69000244140625,82.19000244140625,81.31500244140625,82.00199890136719,82.00199890136719,493840
2016-11-23,82.29000091552734,82.52899932861328,81.64099884033203,82.25299835205078,82.25299835205078,297580
2016-11-24,81.80999755859375,82.0790023803711,81.45999908447266,81.76399993896484,81.76399993896484,415590
2016-11-25,82.0,82.97000122070312,81.69999694824219,82.8479995727539,82.8479995727539,243590
2016-11-28,82.30899810791016,83.375,82.26300048828125,83.24500274658203,83.24500274658203,239180
2016-11-29,67.0,83.8949966430664,66.28099822998047,83.39600372314453,83.39600372314453,405450
2016-11-30,83.5979995727539,84.0,83.30000305175781,83.91799926757812,83.91799926757812,2463230
2016-12-01,84.0,84.08999633789062,83.41999816894531,83.52899932861328,83.52899932861328,247180
2016-12-02,83.12699890136719,83.29900360107422,82.4000015258789,82.62300109863281,82.62300109863281,276940
2016-12-05,83.48999786376953,83.48999786376953,82.26000213623047,83.18199920654297,83.18199920654297,255230
2016-12-06,83.0999984741211,83.55000305175781,83.0999984741211,83.25399780273438,83.25399780273438,155320
2016-12-07,83.5,83.5999984741211,82.55999755859375,82.7979965209961,82.7979965209961,203240
2016-12-08,83.30500030517578,84.0999984741211,83.2979965209961,84.0009994506836,84.0009994506836,2453410
2016-12-09,84.30000305175781,84.3499984741211,83.98100280761719,84.18499755859375,84.18499755859375,267620
2016-12-12,84.08699798583984,84.08699798583984,83.19999694824219,83.3489990234375,83.3489990234375,150340
2016-12-13,84.19999694824219,84.19999694824219,83.21099853515625,83.8740005493164,83.8740005493164,84310
2016-12-14,83.90799713134766,83.90799713134766,83.20999908447266,83.43299865722656,83.43299865722656,249090
2016-12-15,83.20999908447266,83.9000015258789,82.9000015258789,83.26499938964844,83.26499938964844,2621730
2016-12-16,83.2300033569336,83.30000305175781,82.94000244140625,83.04000091552734,83.04000091552734,168400
2016-12-19,83.0,83.08899688720703,82.77999877929688,82.89099884033203,82.89099884033203,126700
2016-12-20,82.9000015258789,83.00499725341797,82.41100311279297,82.62000274658203,82.62000274658203,174130
2016-12-21,82.6969985961914,82.9000015258789,82.41000366210938,82.5270004272461,82.5270004272461,145530
2016-12-22,82.5,82.5,81.43099975585938,81.58999633789062,81.58999633789062,415980
2016-12-23,81.70099639892578,82.01899719238281,81.2249984741211,81.64600372314453,81.64600372314453,177350
2016-12-26,81.41799926757812,81.54000091552734,80.65499877929688,80.78199768066406,80.78199768066406,513790
2016-12-27,80.75,82.02100372314453,80.71099853515625,81.86399841308594,81.86399841308594,495670
2016-12-28,81.92400360107422,82.4749984741211,81.80000305175781,81.85700225830078,81.85700225830078,223740
2016-12-29,81.9000015258789,82.68900299072266,81.81999969482422,82.58100128173828,82.58100128173828,246990
2016-12-30,82.51399993896484,83.58499908447266,82.51399993896484,83.48899841308594,83.48899841308594,370010
2017-01-02,84.0,84.0,83.04000091552734,83.51100158691406,83.51100158691406,201710
2017-01-03,83.5999984741211,83.88999938964844,83.19999694824219,83.61199951171875,83.61199951171875,205840
2017-01-04,83.69999694824219,83.86000061035156,83.33300018310547,83.58000183105469,83.58000183105469,334850
2017-01-05,84.0999984741211,84.49500274658203,83.81199645996094,84.38999938964844,84.38999938964844,429990
2017-01-06,86.19999694824219,86.19999694824219,84.11100006103516,84.23200225830078,84.23200225830078,348390
2017-01-09,84.19999694824219,84.35299682617188,84.01499938964844,84.12899780273438,84.12899780273438,229130
2017-01-10,84.38800048828125,84.55000305175781,84.28800201416016,84.4469985961914,84.4469985961914,277330
2017-01-11,84.5,85.47000122070312,84.5,85.43000030517578,85.43000030517578,414290
2017-01-12,85.5,85.69999694824219,85.4010009765625,85.66500091552734,85.66500091552734,515700
2017-01-13,85.89800262451172,85.95800018310547,85.36900329589844,85.60099792480469,85.60099792480469,321180
2017-01-16,85.5,85.88400268554688,85.3499984741211,85.76699829101562,85.76699829101562,304520
2017-01-17,86.19999694824219,86.19999694824219,85.4000015258789,85.55999755859375,85.55999755859375,223530
2017-01-18,85.69999694824219,86.1500015258789,85.55999755859375,85.74800109863281,85.74800109863281,238900
2017-01-19,86.0,86.05000305175781,85.5999984741211,85.95099639892578,85.95099639892578,159350
2017-01-20,86.0999984741211,86.0999984741211,85.01000213623047,85.10299682617188,85.10299682617188,204970
2017-01-23,85.05000305175781,85.69000244140625,84.94499969482422,85.45700073242188,85.45700073242188,411750
2017-01-24,85.6500015258789,86.31999969482422,85.6500015258789,86.28199768066406,86.28199768066406,663630
2017-01-25,86.4000015258789,87.5999984741211,86.4000015258789,87.45899963378906,87.45899963378906,880830
2017-01-27,87.33699798583984,88.35900115966797,87.33699798583984,87.98799896240234,87.98799896240234,489820
2017-01-30,83.0,88.16999816894531,83.0,87.94000244140625,87.94000244140625,318520
2017-01-31,88.0,88.0,87.1500015258789,87.22799682617188,87.22799682617188,277660
2017-02-01,87.5,88.87000274658203,87.04000091552734,88.72799682617188,88.72799682617188,564670
2017-02-02,88.69999694824219,89.16000366210938,88.41100311279297,88.89600372314453,88.89600372314453,417990
2017-02-03,88.8949966430664,89.13999938964844,88.71199798583984,88.99299621582031,88.99299621582031,260340
2017-02-06,89.5,89.79000091552734,89.15499877929688,89.65899658203125,89.65899658203125,269650
2017-02-07,89.9000015258789,89.9000015258789,89.13099670410156,89.37200164794922,89.37200164794922,239020
2017-02-08,89.36100006103516,89.63600158691406,88.90499877929688,89.43599700927734,89.43599700927734,192350
2017-02-09,89.50399780273438,89.9000015258789,88.90499877929688,89.45600128173828,89.45600128173828,185900
2017-02-10,89.94999694824219,89.94999694824219,89.43499755859375,89.58899688720703,89.58899688720703,133680
2017-02-13,90.0,90.0,89.19999694824219,89.69999694824219,89.69999694824219,138570
2017-02-14,90.0,90.0,89.43299865722656,89.75499725341797,89.75499725341797,100770
2017-02-15,90.0,90.0,88.7020034790039,89.04100036621094,89.04100036621094,202480
2017-02-16,89.30000305175781,89.5989990234375,88.89800262451172,89.51200103759766,89.51200103759766,87650
2017-02-17,89.80000305175781,90.4000015258789,89.76100158691406,89.94999694824219,89.94999694824219,550480
2017-02-20,90.0,90.54499816894531,89.61100006103516,90.4990005493164,90.4990005493164,220180
2017-02-21,90.5999984741211,90.875,90.3499984741211,90.71600341796875,90.71600341796875,390700
2017-02-22,90.9000015258789,91.2770004272461,90.56500244140625,90.95600128173828,90.95600128173828,286180
2017-02-23,91.0,91.45500183105469,90.9000015258789,91.13099670410156,91.13099670410156,482000
2017-02-27,91.19999694824219,91.2750015258789,90.63200378417969,90.7490005493164,90.7490005493164,290320
2017-02-28,91.0,91.0,90.5,90.66500091552734,90.66500091552734,129720
2017-03-01,90.7300033569336,91.66999816894531,90.7300033569336,91.59600067138672,91.59600067138672,5639490
2017-03-02,92.0,92.0,90.9000015258789,91.0719985961914,91.0719985961914,5980200
2017-03-03,90.7020034790039,91.10900115966797,90.5999984741211,91.04399871826172,91.04399871826172,180500
2017-03-06,91.11299896240234,91.62999725341797,91.0,91.55599975585938,91.55599975585938,141820
2017-03-07,91.5,91.5,91.26499938964844,91.30999755859375,91.30999755859375,165120
2017-03-08,91.4000015258789,91.5,90.79499816894531,91.0790023803711,91.0790023803711,386090
2017-03-09,90.93399810791016,91.55000305175781,90.80000305175781,91.49500274658203,91.49500274658203,6481490
2017-03-10,91.4000015258789,91.71299743652344,91.12000274658203,91.44999694824219,91.44999694824219,158890
2017-03-14,92.0260009765625,93.30000305175781,92.0260009765625,92.73699951171875,92.73699951171875,567080
2017-03-15,92.81099700927734,93.08000183105469,92.59600067138672,92.697998046875,92.697998046875,442930
2017-03-16,92.72000122070312,93.5250015258789,92.72000122070312,93.46399688720703,93.46399688720703,2065820
2017-03-17,93.4000015258789,93.69999694824219,93.19999694824219,93.43499755859375,93.43499755859375,4384370
2017-03-20,93.43000030517578,93.46299743652344,93.11100006103516,93.26100158691406,93.26100158691406,861210
2017-03-21,93.21299743652344,93.4000015258789,92.98500061035156,93.30500030517578,93.30500030517578,247380
2017-03-22,92.71099853515625,92.8550033569336,92.21499633789062,92.2750015258789,92.2750015258789,453540
2017-03-23,92.4000015258789,93.12000274658203,92.36000061035156,93.0009994506836,93.0009994506836,1241340
2017-03-24,93.0530014038086,93.39900207519531,92.69999694824219,93.31300354003906,93.31300354003906,578020
2017-03-27,98.125,98.125,92.39900207519531,92.5999984741211,92.5999984741211,647350
2017-03-28,92.79900360107422,93.19999694824219,92.69999694824219,92.98400115966797,92.98400115966797,88670
2017-03-29,92.9990005493164,93.48999786376953,92.9990005493164,93.23600006103516,93.23600006103516,215470
2017-03-30,93.24299621582031,93.94999694824219,93.23600006103516,93.75700378417969,93.75700378417969,804250
2017-03-31,93.65899658203125,93.9000015258789,93.4000015258789,93.8270034790039,93.8270034790039,229110
2017-04-03,94.0999984741211,94.58999633789062,93.80000305175781,94.41200256347656,94.41200256347656,220110
2017-04-05,95.0,95.0,94.2699966430664,94.53299713134766,94.53299713134766,296360
2017-04-06,94.5999984741211,94.5999984741211,94.1510009765625,94.54100036621094,94.54100036621094,166850
2017-04-07,94.5999984741211,94.5999984741211,93.9000015258789,93.96499633789062,93.96499633789062,343740
2017-04-10,94.01000213623047,94.29000091552734,93.87000274658203,93.91899871826172,93.91899871826172,243780
2017-04-11,94.0,94.44000244140625,93.71499633789062,94.34400177001953,94.34400177001953,274330
2017-04-12,94.30000305175781,94.43000030517578,93.66699981689453,94.03700256347656,94.03700256347656,135530
2017-04-13,94.19999694824219,94.19999694824219,93.4000015258789,93.50599670410156,93.50599670410156,174520
2017-04-17,93.51000213623047,93.58499908447266,93.19999694824219,93.4540023803711,93.4540023803711,165030
2017-04-18,93.47899627685547,94.1500015258789,92.88500213623047,92.95800018310547,92.95800018310547,174910
2017-04-19,93.0,93.19999694824219,92.70099639892578,93.072998046875,93.072998046875,128860
2017-04-20,93.0999984741211,93.43499755859375,92.94000244140625,93.35900115966797,93.35900115966797,65120
2017-04-21,93.5,93.69999694824219,92.8499984741211,93.11199951171875,93.11199951171875,180990
2017-04-24,93.5,94.2770004272461,93.00199890136719,94.14800262451172,94.14800262451172,279460
2017-04-25,94.5,94.98999786376953,94.27200317382812,94.9219970703125,94.9219970703125,441830
2017-04-26,95.5,95.5999984741211,94.91000366210938,95.40799713134766,95.40799713134766,709980
2017-04-27,96.0,96.0,95.19999694824219,95.3489990234375,95.3489990234375,487100
2017-04-28,95.5,95.5,94.80500030517578,94.98799896240234,94.98799896240234,267690
2017-05-02,95.0999984741211,95.4800033569336,94.69100189208984,95.03299713134766,95.03299713134766,209860
2017-05-03,95.19999694824219,95.69000244140625,94.93000030517578,95.04399871826172,95.04399871826172,237150
2017-05-04,95.30000305175781,95.65499877929688,95.1510009765625,95.56400299072266,95.56400299072266,152080
2017-05-05,95.69999694824219,95.69999694824219,94.75,94.9020004272461,94.9020004272461,161650
2017-05-08,95.5,95.5,94.95800018310547,95.0270004272461,95.0270004272461,1067210
2017-05-09,95.5,95.5,95.0250015258789,95.11199951171875,95.11199951171875,175120
2017-05-10,95.30000305175781,96.06999969482422,95.2509994506836,96.00299835205078,96.00299835205078,257680
2017-05-11,96.30000305175781,96.47899627685547,96.0,96.11299896240234,96.11299896240234,350780
2017-05-12,96.5,96.5,95.67500305175781,95.9469985961914,95.9469985961914,347630
2017-05-15,96.19999694824219,96.43000030517578,96.08999633789062,96.30500030517578,96.30500030517578,124700
2017-05-16,96.5,97.12100219726562,96.30000305175781,97.06500244140625,97.06500244140625,232960
2017-05-17,97.4000015258789,97.4000015258789,96.6510009765625,97.21199798583984,97.21199798583984,136920
2017-05-18,97.0,97.0,96.11000061035156,96.23300170898438,96.23300170898438,584750
2017-05-19,96.5,97.07499694824219,95.8550033569336,96.25299835205078,96.25299835205078,366450
2017-05-22,96.5,96.9000015258789,96.21800231933594,96.36399841308594,96.36399841308594,215560
2017-05-23,96.5999984741211,96.5999984741211,95.5999984741211,95.8010025024414,95.8010025024414,146190
2017-05-24,96.0999984741211,96.3479995727539,95.33000183105469,95.53199768066406,95.53199768066406,260930
2017-05-25,96.0,97.16899871826172,95.59600067138672,97.0459976196289,97.0459976196289,214880
2017-05-26,97.30000305175781,97.98999786376953,96.9000015258789,97.88899993896484,97.88899993896484,268140
2017-05-29,97.69999694824219,98.38999938964844,97.46499633789062,98.02899932861328,98.02899932861328,288450
2017-05-30,98.19999694824219,98.35399627685547,97.79399871826172,98.17500305175781,98.17500305175781,136880
2017-05-31,98.5,98.5,98.10099792480469,98.22200012207031,98.22200012207031,115000
2017-06-01,98.4000015258789,98.44499969482422,98.0,98.20700073242188,98.20700073242188,221410
2017-06-02,98.69999694824219,98.69999694824219,98.44000244140625,98.63300323486328,98.63300323486328,249960
2017-06-05,98.9000015258789,99.08999633789062,98.5999984741211,98.94400024414062,98.94400024414062,172570
2017-06-06,99.4000015258789,99.4000015258789,98.49500274658203,98.55000305175781,98.55000305175781,478720
2017-06-07,98.69999694824219,98.99800109863281,98.47100067138672,98.77799987792969,98.77799987792969,197770
2017-06-08,98.9000015258789,99.00299835205078,98.6500015258789,98.73799896240234,98.73799896240234,166840
2017-06-09,98.5999984741211,99.0469970703125,98.30000305175781,98.9540023803711,98.9540023803711,141970
2017-06-12,98.94999694824219,98.94999694824219,97.88099670410156,98.32499694824219,98.32499694824219,187660
2017-06-13,98.5,98.79000091552734,98.30000305175781,98.42400360107422,98.42400360107422,111400
2017-06-14,98.69999694824219,98.69999694824219,98.0250015258789,98.37100219726562,98.37100219726562,176060
2017-06-15,98.30999755859375,98.40299987792969,97.92500305175781,98.04000091552734,98.04000091552734,168430
2017-06-16,98.0999984741211,98.3489990234375,98.0,98.052001953125,98.052001953125,134340
2017-06-19,98.34100341796875,98.98999786376953,98.3270034790039,98.82599639892578,98.82599639892578,251180
2017-06-20,99.0,99.0199966430664,98.72000122070312,98.87699890136719,98.87699890136719,92930
2017-06-21,98.9000015258789,98.9000015258789,98.32599639892578,98.57499694824219,98.57499694824219,169930
2017-06-22,98.69999694824219,99.37999725341797,98.44300079345703,98.5,98.5,330110
2017-06-23,98.58699798583984,98.64299774169922,97.98999786376953,98.02899932861328,98.02899932861328,77950
2017-06-27,98.4000015258789,98.42900085449219,97.0009994506836,97.34700012207031,97.34700012207031,185190
2017-06-28,97.5,97.5,97.03299713134766,97.26799774169922,97.26799774169922,179820
2017-06-29,97.5,98.0999984741211,97.22000122070312,97.3550033569336,97.3550033569336,339120
2017-06-30,97.30000305175781,97.69999694824219,96.81999969482422,97.5979995727539,97.5979995727539,441660
2017-07-03,97.69999694824219,98.55000305175781,97.61799621582031,98.4209976196289,98.4209976196289,728050
2017-07-04,98.5,98.8479995727539,98.29000091552734,98.50800323486328,98.50800323486328,131230
2017-07-05,98.52999877929688,98.86900329589844,98.4000015258789,98.78600311279297,98.78600311279297,108800
2017-07-06,99.0999984741211,99.47000122070312,98.69999694824219,99.20700073242188,99.20700073242188,251570
2017-07-07,99.02200317382812,99.2699966430664,98.9010009765625,99.00900268554688,99.00900268554688,72260
2017-07-10,99.01000213623047,100.16000366210938,98.9000015258789,100.01799774169922,100.01799774169922,150640
2017-07-11,100.5,100.69000244140625,99.5999984741211,100.38400268554688,100.38400268554688,300280
2017-07-12,100.5,100.69999694824219,100.0999984741211,100.55400085449219,100.55400085449219,251500
2017-07-13,99.50199890136719,101.5,99.3010025024414,101.42500305175781,101.42500305175781,373350
2017-07-14,101.5,101.5,101.08100128173828,101.24400329589844,101.24400329589844,3230790
2017-07-17,101.53500366210938,101.87000274658203,101.25599670410156,101.68800354003906,101.68800354003906,2249740
2017-07-18,101.5999984741211,101.5999984741211,100.80799865722656,101.01100158691406,101.01100158691406,211420
2017-07-19,101.29900360107422,101.7490005493164,101.01200103759766,101.63200378417969,101.63200378417969,94090
2017-07-20,101.5999984741211,101.87999725341797,101.30000305175781,101.4729995727539,101.4729995727539,52240
2017-07-21,101.5,101.8949966430664,101.03500366210938,101.77300262451172,101.77300262451172,75920
2017-07-24,101.69999694824219,102.5,101.31500244140625,102.38600158691406,102.38600158691406,116300
2017-07-25,102.5999984741211,102.75800323486328,102.0459976196289,102.49800109863281,102.49800109863281,1989930
2017-07-26,102.5999984741211,103.0,102.29499816894531,102.86199951171875,102.86199951171875,251290
2017-07-27,103.0,103.87999725341797,102.87100219726562,103.0459976196289,103.0459976196289,372740
2017-07-28,102.7020034790039,102.93099975585938,102.22000122070312,102.75700378417969,102.75700378417969,272150
2017-07-31,103.0,103.4990005493164,102.68599700927734,103.427001953125,103.427001953125,444180
2017-08-01,102.4020004272461,103.93900299072266,100.0,103.73899841308594,103.73899841308594,427340
2017-08-02,104.0979995727539,104.39900207519531,103.56999969482422,103.77799987792969,103.77799987792969,1697520
2017-08-03,103.69400024414062,103.69400024414062,102.91000366210938,103.06900024414062,103.06900024414062,360450
2017-08-04,103.08899688720703,103.8550033569336,102.9000015258789,103.74700164794922,103.74700164794922,143500
2017-08-07,104.0,104.0,103.38999938964844,103.5,103.5,153790
2017-08-08,103.80000305175781,103.80000305175781,102.4010009765625,102.91200256347656,102.91200256347656,330720
2017-08-09,103.30000305175781,103.30000305175781,102.0,102.0770034790039,102.0770034790039,244820
2017-08-10,102.0,102.0,100.20099639892578,100.67500305175781,100.67500305175781,3363010
2017-08-11,100.302001953125,100.38600158691406,96.6259994506836,99.77799987792969,99.77799987792969,493650
2017-08-14,99.81500244140625,101.0250015258789,99.81500244140625,100.93499755859375,100.93499755859375,385900
2017-08-16,101.12100219726562,102.13500213623047,100.52999877929688,102.08399963378906,102.08399963378906,481330
2017-08-17,102.30000305175781,102.46900177001953,101.88200378417969,102.16000366210938,102.16000366210938,92270
2017-08-18,101.302001953125,101.71299743652344,101.0250015258789,101.60800170898438,101.60800170898438,485460
2017-08-21,101.9000015258789,101.9000015258789,100.43299865722656,100.59700012207031,100.59700012207031,166000
2017-08-22,101.0,101.08899688720703,100.44999694824219,100.7490005493164,100.7490005493164,450970
2017-08-23,101.0,101.63999938964844,100.8550033569336,101.53099822998047,101.53099822998047,98430
2017-08-24,102.0,102.0,101.48500061035156,101.75900268554688,101.75900268554688,65410
2017-08-28,102.19999694824219,102.39399719238281,101.83000183105469,102.27799987792969,102.27799987792969,159840
2017-08-29,102.19999694824219,102.19999694824219,100.89199829101562,101.06900024414062,101.06900024414062,162450
2017-08-30,101.5,102.19000244140625,101.4489974975586,101.8740005493164,101.8740005493164,109180
2017-08-31,101.9000015258789,102.23600006103516,101.58499908447266,102.15299987792969,102.15299987792969,152040
2017-09-01,102.19999694824219,102.9000015258789,102.08599853515625,102.85600280761719,102.85600280761719,463520
2017-09-04,102.85900115966797,102.85900115966797,101.5260009765625,102.06800079345703,102.06800079345703,157580
2017-09-05,102.4000015258789,102.6050033569336,101.9000015258789,102.45899963378906,102.45899963378906,87880
2017-09-06,102.4000015258789,102.4010009765625,101.71099853515625,102.13300323486328,102.13300323486328,126960
2017-09-07,102.5,102.5989990234375,102.23500061035156,102.35199737548828,102.35199737548828,56540
2017-09-08,102.697998046875,102.697998046875,102.08499908447266,102.27999877929688,102.27999877929688,60280
2017-09-11,102.70500183105469,103.31999969482422,102.59500122070312,103.052001953125,103.052001953125,157410
2017-09-12,103.5,103.86199951171875,103.15299987792969,103.75599670410156,103.75599670410156,2458610
2017-09-13,104.0999984741211,104.1050033569336,103.43499755859375,103.5989990234375,103.5989990234375,120320
2017-09-14,103.69999694824219,104.0999984741211,103.55500030517578,103.76399993896484,103.76399993896484,151300
2017-09-15,103.76399993896484,104.01899719238281,103.30000305175781,103.75700378417969,103.75700378417969,185560
2017-09-18,104.19999694824219,104.6780014038086,103.8499984741211,104.51300048828125,104.51300048828125,315550
2017-09-19,104.48200225830078,104.55999755859375,104.17900085449219,104.47200012207031,104.47200012207031,121910
2017-09-20,104.375,104.61000061035156,104.35600280761719,104.43800354003906,104.43800354003906,92690
2017-09-21,105.0,105.0,103.4000015258789,104.00900268554688,104.00900268554688,456460
2017-09-22,103.73400115966797,103.73400115966797,102.4000015258789,102.5530014038086,102.5530014038086,171880
2017-09-25,103.5,103.5,101.18900299072266,101.69499969482422,101.69499969482422,562780
2017-09-26,101.80000305175781,101.87999725341797,101.00199890136719,101.39299774169922,101.39299774169922,277970
2017-09-27,102.197998046875,102.30000305175781,100.19999694824219,100.62200164794922,100.62200164794922,970570
2017-09-28,101.2979965209961,101.4000015258789,100.0,101.00499725341797,101.00499725341797,1499380
2017-09-29,102.0,102.0,100.80000305175781,100.99800109863281,100.99800109863281,209480
2017-10-03,102.80000305175781,102.80000305175781,101.15699768066406,101.50299835205078,101.50299835205078,633090
2017-10-04,102.0,102.20500183105469,101.30000305175781,102.06900024414062,102.06900024414062,235530
2017-10-05,102.4000015258789,102.44499969482422,101.70999908447266,101.86499786376953,101.86499786376953,155010
2017-10-06,102.0999984741211,103.15399932861328,101.96099853515625,103.0780029296875,103.0780029296875,578210
2017-10-09,104.88500213623047,104.88500213623047,102.69999694824219,103.08399963378906,103.08399963378906,188880
2017-10-10,103.49800109863281,103.49800109863281,102.9990005493164,103.2040023803711,103.2040023803711,79970
2017-10-11,103.5999984741211,103.5999984741211,102.62999725341797,102.77100372314453,102.77100372314453,121610
2017-10-12,103.0,104.0,102.75199890136719,103.86799621582031,103.86799621582031,120950
2017-10-13,103.97000122070312,105.26300048828125,103.97000122070312,104.9729995727539,104.9729995727539,719890
2017-10-16,105.25499725341797,105.70800018310547,105.0199966430664,105.59600067138672,105.59600067138672,457390
2017-10-17,105.2249984741211,105.7750015258789,105.2249984741211,105.53700256347656,105.53700256347656,127080
2017-10-18,105.43399810791016,105.57499694824219,105.0,105.3949966430664,105.3949966430664,72650
2017-10-19,105.51000213623047,105.51000213623047,104.24299621582031,104.697998046875,104.697998046875,47700
2017-10-23,104.58399963378906,105.29000091552734,104.41000366210938,105.16400146484375,105.16400146484375,187420
2017-10-24,105.5,105.5,104.6989974975586,104.927001953125,104.927001953125,736600
2017-10-25,106.0,106.31999969482422,105.5,105.947998046875,105.947998046875,712680
2017-10-26,106.0999984741211,106.46499633789062,105.81500244140625,106.38099670410156,106.38099670410156,730100
2017-10-27,106.80000305175781,106.80000305175781,106.02999877929688,106.2020034790039,106.2020034790039,883940
2017-10-30,106.5,107.05000305175781,106.16899871826172,106.9489974975586,106.9489974975586,1216100
2017-10-31,107.5,107.5,106.32099914550781,106.51699829101562,106.51699829101562,258450
2017-11-01,107.0,107.63200378417969,106.94599914550781,107.46099853515625,107.46099853515625,136520
2017-11-02,107.19999694824219,107.61900329589844,107.19999694824219,107.43299865722656,107.43299865722656,80850
2017-11-03,107.5,107.7750015258789,106.20099639892578,107.66600036621094,107.66600036621094,134400
2017-11-06,107.89800262451172,108.0,107.27300262451172,107.66899871826172,107.66899871826172,152490
2017-11-07,108.0999984741211,108.0999984741211,106.70099639892578,106.86199951171875,106.86199951171875,188350
2017-11-08,107.30000305175781,107.30000305175781,106.20099639892578,106.30899810791016,106.30899810791016,74520
2017-11-09,106.9000015258789,106.98200225830078,105.81500244140625,106.15599822998047,106.15599822998047,148540
2017-11-10,105.9739990234375,106.67900085449219,105.75599670410156,106.26100158691406,106.26100158691406,371530
2017-11-13,106.80000305175781,106.80000305175781,105.5,105.60800170898438,105.60800170898438,98960
2017-11-14,106.0,106.0,105.02300262451172,105.2040023803711,105.2040023803711,166300
2017-11-15,105.5999984741211,105.5999984741211,104.29000091552734,104.46600341796875,104.46600341796875,196560
2017-11-16,104.83399963378906,105.48999786376953,104.43000030517578,105.22899627685547,105.22899627685547,115190
2017-11-17,105.5,106.62000274658203,105.5,105.89199829101562,105.89199829101562,189620
2017-11-20,106.5,106.5,105.60800170898438,106.18299865722656,106.18299865722656,168510
2017-11-21,106.5,106.69999694824219,106.21299743652344,106.38300323486328,106.38300323486328,137560
2017-11-22,106.54000091552734,106.85600280761719,106.20999908447266,106.46199798583984,106.46199798583984,373080
2017-11-23,106.5,106.86199951171875,106.11499786376953,106.58100128173828,106.58100128173828,188790
2017-11-24,106.88999938964844,107.19999694824219,106.57499694824219,106.94599914550781,106.94599914550781,173810
2017-11-27,106.69999694824219,107.19999694824219,106.54499816894531,106.98500061035156,106.98500061035156,173730
2017-11-28,107.5,107.5,106.0,106.84100341796875,106.84100341796875,86910
2017-11-29,107.5,107.5,106.62999725341797,106.78199768066406,106.78199768066406,62360
2017-11-30,107.0999984741211,107.0999984741211,105.53500366210938,105.74600219726562,105.74600219726562,480490
2017-12-01,106.6989974975586,106.80000305175781,104.4000015258789,104.61499786376953,104.61499786376953,210240
2017-12-04,105.0999984741211,105.0999984741211,104.23500061035156,104.69499969482422,104.69499969482422,393970
2017-12-05,104.69999694824219,104.88899993896484,104.01000213623047,104.5999984741211,104.5999984741211,481930
2017-12-06,104.69999694824219,104.69999694824219,103.69999694824219,103.77200317382812,103.77200317382812,694770
2017-12-07,104.0,105.21700286865234,103.7750015258789,105.10600280761719,105.10600280761719,294200
2017-12-08,105.5,106.1449966430664,105.19999694824219,106.0459976196289,106.0459976196289,175060
2017-12-11,106.5999984741211,106.5999984741211,105.89299774169922,106.29299926757812,106.29299926757812,510830
2017-12-12,106.5,106.5,105.51000213623047,105.5979995727539,105.5979995727539,94790
2017-12-13,105.69999694824219,106.17900085449219,104.9000015258789,105.20700073242188,105.20700073242188,119230
2017-12-14,105.33000183105469,105.74800109863281,104.41500091552734,105.4020004272461,105.4020004272461,873200
2017-12-15,106.38999938964844,106.83999633789062,106.25800323486328,106.37100219726562,106.37100219726562,435160
2017-12-18,106.19999694824219,107.43000030517578,103.8949966430664,106.9260025024414,106.9260025024414,567210
2017-12-19,107.5,107.88999938964844,107.02400207519531,107.78199768066406,107.78199768066406,335990
2017-12-20,107.9000015258789,107.9990005493164,107.39900207519531,107.51300048828125,107.51300048828125,491580
2017-12-21,107.69999694824219,107.73999786376953,107.4000015258789,107.4489974975586,107.4489974975586,227370
2017-12-22,107.5999984741211,108.11000061035156,107.36499786376953,107.93599700927734,107.93599700927734,432460
2017-12-26,108.4000015258789,108.5250015258789,107.76599884033203,108.28099822998047,108.28099822998047,476120
2017-12-27,108.80000305175781,108.80000305175781,107.78199768066406,108.23699951171875,108.23699951171875,227560
2017-12-28,108.9000015258789,108.9000015258789,107.79499816894531,107.98799896240234,107.98799896240234,118800
2017-12-29,108.30000305175781,108.5999984741211,107.93000030517578,108.447998046875,108.447998046875,83570
2018-01-01,108.4990005493164,108.59500122070312,107.5,107.81400299072266,107.81400299072266,425450
2018-01-02,108.0,108.16999816894531,107.27400207519531,107.46099853515625,107.46099853515625,107140
2018-01-03,107.75,108.29399871826172,107.43299865722656,107.62899780273438,107.62899780273438,224340
2018-01-04,107.7509994506836,108.3499984741211,107.52999877929688,108.1760025024414,108.1760025024414,296670
2018-01-05,108.69999694824219,108.84500122070312,108.24500274658203,108.72000122070312,108.72000122070312,213350
2018-01-08,109.4000015258789,109.44000244140625,109.00299835205078,109.24600219726562,109.24600219726562,744400
2018-01-09,109.5,109.6240005493164,109.16600036621094,109.49099731445312,109.49099731445312,160240
2018-01-10,110.0,110.02999877929688,109.3219985961914,109.90699768066406,109.90699768066406,4780510
2018-01-11,110.0,110.2249984741211,109.14099884033203,110.02899932861328,110.02899932861328,3708240
2018-01-12,111.0999984741211,111.0999984741211,109.5,110.26899719238281,110.26899719238281,86170
2018-01-15,110.2699966430664,111.19999694824219,110.2699966430664,110.9020004272461,110.9020004272461,166700
2018-01-16,106.0999984741211,111.06999969482422,106.0999984741211,110.37899780273438,110.37899780273438,118020
2018-01-17,110.27799987792969,111.25,110.0,111.04900360107422,111.04900360107422,1948090
2018-01-18,111.76499938964844,112.05000305175781,111.08499908447266,111.53800201416016,111.53800201416016,194530
2018-01-19,111.12999725341797,112.45700073242188,111.12999725341797,112.18399810791016,112.18399810791016,276560
2018-01-22,112.0,113.0790023803711,112.0,112.87899780273438,112.87899780273438,330420
2018-01-23,113.19999694824219,114.3290023803711,113.0999984741211,114.18900299072266,114.18900299072266,3980560
2018-01-24,114.0199966430664,114.47000122070312,113.8499984741211,114.19499969482422,114.19499969482422,2769330
2018-01-25,114.09500122070312,114.27899932861328,113.51000213623047,113.93099975585938,113.93099975585938,472200
2018-01-29,114.05000305175781,115.0,112.9990005493164,114.62699890136719,114.62699890136719,1253590
2018-01-30,114.54399871826172,114.62999725341797,113.65599822998047,113.71399688720703,113.71399688720703,340790
2018-01-31,113.69999694824219,113.8499984741211,113.3010025024414,113.54399871826172,113.54399871826172,365870
2018-02-01,113.5,114.7300033569336,112.20500183105469,113.50299835205078,113.50299835205078,732620
2018-02-02,113.30000305175781,113.30000305175781,110.0999984741211,111.2490005493164,111.2490005493164,1306010
2018-02-05,109.87999725341797,110.5,109.4000015258789,110.29399871826172,110.29399871826172,731440
2018-02-06,109.80000305175781,109.80000305175781,100.5250015258789,108.73500061035156,108.73500061035156,2531000
2018-02-07,109.0,109.9000015258789,108.11000061035156,108.38500213623047,108.38500213623047,544340
2018-02-08,108.55899810791016,109.88999938964844,108.19000244140625,109.49400329589844,109.49400329589844,244050
2018-02-09,107.84400177001953,108.4729995727539,107.48899841308594,108.23200225830078,108.23200225830078,894610
2018-02-12,108.69999694824219,109.26799774169922,108.30000305175781,109.13500213623047,109.13500213623047,629810
2018-02-14,109.49500274658203,109.4990005493164,108.26799774169922,108.65299987792969,108.65299987792969,104460
2018-02-15,108.89900207519531,109.83899688720703,108.6500015258789,109.21499633789062,109.21499633789062,356260
2018-02-16,109.67500305175781,109.875,108.13300323486328,108.26899719238281,108.26899719238281,1400060
2018-02-19,109.9990005493164,109.9990005493164,106.57499694824219,107.41000366210938,107.41000366210938,465620
2018-02-20,107.52899932861328,107.89900207519531,107.04000091552734,107.1760025024414,107.1760025024414,195000
2018-02-21,107.31500244140625,107.77899932861328,107.19999694824219,107.65599822998047,107.65599822998047,718710
2018-02-22,107.26000213623047,107.65899658203125,107.11499786376953,107.46299743652344,107.46299743652344,318940
2018-02-23,107.71600341796875,108.62300109863281,107.54000091552734,108.46800231933594,108.46800231933594,257870
2018-02-26,108.60199737548828,109.49500274658203,108.59100341796875,109.35600280761719,109.35600280761719,177770
2018-02-27,109.5,109.89900207519531,108.83100128173828,108.99400329589844,108.99400329589844,205240
2018-02-28,108.39399719238281,109.02999877929688,108.20999908447266,108.66999816894531,108.66999816894531,159010
2018-03-01,108.5,108.96099853515625,108.0,108.11900329589844,108.11900329589844,182970
2018-03-05,107.52400207519531,108.08999633789062,106.9000015258789,107.17400360107422,107.17400360107422,521910
2018-03-06,108.48899841308594,108.48899841308594,105.80999755859375,106.09400177001953,106.09400177001953,299510
2018-03-07,106.0,106.05999755859375,102.19999694824219,105.06700134277344,105.06700134277344,876540
2018-03-08,105.5999984741211,106.23999786376953,104.9000015258789,105.95899963378906,105.95899963378906,341700
2018-03-09,105.95899963378906,106.55899810791016,105.6259994506836,105.90399932861328,105.90399932861328,112830
2018-03-12,106.97000122070312,108.10199737548828,106.5,107.98899841308594,107.98899841308594,2212390
2018-03-13,107.58899688720703,108.48999786376953,107.43299865722656,107.91500091552734,107.91500091552734,1332050
2018-03-14,107.62100219726562,107.91999816894531,107.04000091552734,107.81900024414062,107.81900024414062,242840
2018-03-15,105.66000366210938,107.8489990234375,104.0,107.25700378417969,107.25700378417969,356230
2018-03-16,106.89900207519531,106.9000015258789,105.5999984741211,105.6780014038086,105.6780014038086,1128720
2018-03-19,105.75,105.97000122070312,104.53500366210938,104.7699966430664,104.7699966430664,991000
2018-03-20,104.5999984741211,105.30000305175781,104.1449966430664,104.64700317382812,104.64700317382812,521380
2018-03-21,104.69999694824219,105.87999725341797,104.69999694824219,104.90499877929688,104.90499877929688,381720
2018-03-22,109.9990005493164,109.9990005493164,104.30000305175781,104.5790023803711,104.5790023803711,997760
2018-03-23,103.9000015258789,104.0,103.0,103.6780014038086,103.6780014038086,490500
2018-03-26,103.68000030517578,104.98799896240234,103.19999694824219,104.70500183105469,104.70500183105469,586070
2018-03-27,105.0,105.41000366210938,104.83499908447266,105.18399810791016,105.18399810791016,442010
2018-03-28,105.0,105.29000091552734,104.41500091552734,104.92500305175781,104.92500305175781,217640
2018-04-02,105.0,106.14399719238281,104.80000305175781,105.81199645996094,105.81199645996094,377000
2018-04-03,105.7239990234375,106.3740005493164,105.53199768066406,106.2699966430664,106.2699966430664,633720
2018-04-04,106.30400085449219,106.5,104.76000213623047,104.9520034790039,104.9520034790039,733000
2018-04-05,105.9000015258789,106.9800033569336,105.63099670410156,106.9010009765625,106.9010009765625,207520
2018-04-06,106.80000305175781,107.12999725341797,106.4000015258789,106.86900329589844,106.86900329589844,145370
2018-04-09,106.87000274658203,107.5999984741211,106.87000274658203,107.35800170898438,107.35800170898438,170350
2018-04-10,107.44999694824219,107.80000305175781,107.35900115966797,107.6050033569336,107.6050033569336,168750
2018-04-11,106.0,107.99199676513672,106.0,107.84400177001953,107.84400177001953,104670
2018-04-12,107.79900360107422,108.5,107.625,108.4000015258789,108.4000015258789,173650
2018-04-13,108.20099639892578,108.8949966430664,108.05999755859375,108.4749984741211,108.4749984741211,264750
2018-04-16,108.19999694824219,109.20999908447266,107.64099884033203,108.93699645996094,108.93699645996094,155250
2018-04-17,109.0,109.0999984741211,108.58499908447266,108.91100311279297,108.91100311279297,1248780
2018-04-18,109.5,109.5,108.53399658203125,108.68000030517578,108.68000030517578,2065430
2018-04-19,108.69999694824219,109.29000091552734,108.69999694824219,109.1520004272461,109.1520004272461,890530
2018-04-20,109.0,109.56999969482422,108.73400115966797,109.00399780273438,109.00399780273438,7700640
2018-04-23,109.10099792480469,109.9000015258789,108.87899780273438,109.47200012207031,109.47200012207031,427290
2018-04-24,109.4000015258789,109.9010009765625,109.2699966430664,109.7750015258789,109.7750015258789,205120
2018-04-25,109.65399932861328,109.79000091552734,109.05999755859375,109.27899932861328,109.27899932861328,91430
2018-04-26,109.4000015258789,110.1500015258789,109.30899810791016,109.85900115966797,109.85900115966797,99780
2018-04-27,109.95999908447266,110.99400329589844,109.95999908447266,110.5530014038086,110.5530014038086,307450
2018-04-30,110.94999694824219,111.5,110.71800231933594,111.16799926757812,111.16799926757812,194820
2018-05-02,111.01000213623047,111.9000015258789,110.6050033569336,110.77100372314453,110.77100372314453,380230
2018-05-03,110.69999694824219,110.77799987792969,110.13300323486328,110.52899932861328,110.52899932861328,215330
2018-05-04,110.10099792480469,110.33899688720703,109.8010025024414,110.01899719238281,110.01899719238281,89620
2018-05-07,110.5,110.97000122070312,110.0199966430664,110.72200012207031,110.72200012207031,181050
2018-05-08,111.0,111.22799682617188,110.5,110.83799743652344,110.83799743652344,177550
2018-05-09,110.6500015258789,111.4000015258789,110.6500015258789,111.2229995727539,111.2229995727539,178600
2018-05-10,111.19999694824219,111.5999984741211,110.6449966430664,110.79399871826172,110.79399871826172,141190
2018-05-11,111.03500366210938,111.69400024414062,110.81500244140625,111.60600280761719,111.60600280761719,124330
2018-05-14,111.69999694824219,112.06500244140625,111.33499908447266,111.68900299072266,111.68900299072266,163440
2018-05-15,111.88999938964844,113.0,111.34500122070312,111.71700286865234,111.71700286865234,514290
2018-05-16,111.69999694824219,111.69999694824219,110.59300231933594,111.19300079345703,111.19300079345703,424370
2018-05-17,111.30000305175781,111.37000274658203,110.33000183105469,110.63099670410156,110.63099670410156,82660
2018-05-18,110.5999984741211,110.5999984741211,109.46499633789062,109.6050033569336,109.6050033569336,145410
2018-05-21,109.6050033569336,112.5,108.83300018310547,109.04900360107422,109.04900360107422,226550
2018-05-22,109.04499816894531,109.47000122070312,108.7249984741211,109.28099822998047,109.28099822998047,125450
2018-05-23,108.875,109.19499969482422,107.7249984741211,107.86399841308594,107.86399841308594,425930
2018-05-24,108.5,108.79900360107422,107.69999694824219,108.54199981689453,108.54199981689453,152610
2018-05-25,108.72100067138672,110.19999694824219,108.69999694824219,109.81099700927734,109.81099700927734,94940
2018-05-28,110.23999786376953,111.22000122070312,110.0,111.0510025024414,111.0510025024414,1073780
2018-05-29,111.0999984741211,111.0999984741211,110.03299713134766,110.36900329589844,110.36900329589844,86980
2018-05-30,109.86900329589844,110.56900024414062,109.4000015258789,110.29900360107422,110.29900360107422,86180
2018-05-31,110.5989990234375,111.68499755859375,110.30500030517578,111.25,111.25,169870
2018-06-01,108.19999694824219,111.7699966430664,101.01000213623047,110.99199676513672,110.99199676513672,178390
2018-06-04,111.80000305175781,111.80000305175781,110.0,110.11599731445312,110.11599731445312,213040
2018-06-05,110.5,110.5,109.58000183105469,110.18499755859375,110.18499755859375,162230
2018-06-06,110.19999694824219,111.0999984741211,109.75399780273438,110.99600219726562,110.99600219726562,133570
2018-06-07,111.19999694824219,112.1449966430664,111.0,111.78900146484375,111.78900146484375,141410
2018-06-08,111.39900207519531,112.0,111.0999984741211,111.85199737548828,111.85199737548828,109100
2018-06-11,112.09500122070312,112.69999694824219,111.80000305175781,112.25199890136719,112.25199890136719,118190
2018-06-12,112.125,112.80000305175781,111.9000015258789,112.62699890136719,112.62699890136719,160530
2018-06-13,112.62699890136719,112.9800033569336,112.40499877929688,112.56600189208984,112.56600189208984,230950
2018-06-14,112.19999694824219,112.48999786376953,111.9000015258789,112.2040023803711,112.2040023803711,114150
2018-06-15,112.0999984741211,112.68000030517578,111.80000305175781,112.49400329589844,112.49400329589844,83480
2018-06-18,112.41699981689453,112.48999786376953,112.14299774169922,112.39900207519531,112.39900207519531,70600
2018-06-19,111.80000305175781,112.0999984741211,111.38500213623047,111.48100280761719,111.48100280761719,82970
2018-06-20,111.0,112.17400360107422,91.08999633789062,111.96499633789062,111.96499633789062,125040
2018-06-21,111.76000213623047,112.2750015258789,111.3949966430664,111.52899932861328,111.52899932861328,45090
2018-06-22,111.69999694824219,112.69999694824219,111.5,112.47899627685547,112.47899627685547,74130
2018-06-25,113.0,113.0,111.58000183105469,111.83499908447266,111.83499908447266,62670
2018-06-26,111.69999694824219,112.29900360107422,111.60099792480469,112.13200378417969,112.13200378417969,68970
2018-06-27,111.70099639892578,112.19999694824219,110.5999984741211,110.7760009765625,110.7760009765625,604870
2018-06-28,111.0,111.19999694824219,109.66400146484375,110.0530014038086,110.0530014038086,155140
2018-06-29,110.5,111.29900360107422,110.1510009765625,111.18800354003906,111.18800354003906,130390
2018-07-02,112.5,112.5,110.5,110.99700164794922,110.99700164794922,138310
2018-07-03,110.91899871826172,111.55599975585938,110.6969985961914,111.40399932861328,111.40399932861328,66000
2018-07-04,111.4990005493164,111.97000122070312,111.01000213623047,111.875,111.875,78730
2018-07-05,112.5,112.5,111.80000305175781,111.91300201416016,111.91300201416016,110090
2018-07-06,111.9000015258789,112.5999984741211,111.87999725341797,112.302001953125,112.302001953125,168180
2018-07-09,113.0,113.0,112.46199798583984,112.85399627685547,112.85399627685547,102730
2018-07-10,113.0,113.83399963378906,113.0,113.72699737548828,113.72699737548828,208690
2018-07-11,113.6989974975586,113.94000244140625,113.4000015258789,113.72599792480469,113.72599792480469,216620
2018-07-12,114.0,114.98999786376953,114.0,114.49500274658203,114.49500274658203,260260
2018-07-13,114.9990005493164,115.0,114.31999969482422,114.63200378417969,114.63200378417969,81280
2018-07-16,115.0,115.0,113.9000015258789,113.98300170898438,113.98300170898438,123360
2018-07-17,113.9000015258789,114.69000244140625,113.8010025024414,114.48500061035156,114.48500061035156,143680
2018-07-18,114.75199890136719,115.0,114.01000213623047,114.11799621582031,114.11799621582031,165960
2018-07-19,114.0999984741211,114.47000122070312,113.80000305175781,114.12100219726562,114.12100219726562,135970
2018-07-20,114.05000305175781,115.05000305175781,113.90399932861328,114.93000030517578,114.93000030517578,564120
2018-07-23,115.0,115.5,113.69999694824219,115.33999633789062,115.33999633789062,122060
2018-07-24,116.0,116.5,115.1780014038086,115.71199798583984,115.71199798583984,89480
2018-07-25,115.9489974975586,116.12000274658203,115.61000061035156,115.91899871826172,115.91899871826172,172630
2018-07-26,115.9000015258789,116.5510025024414,115.69999694824219,116.15799713134766,116.15799713134766,199220
2018-07-27,116.23899841308594,117.44000244140625,116.23899841308594,117.322998046875,117.322998046875,488620
2018-07-30,117.5,117.98999786376953,117.19999694824219,117.74199676513672,117.74199676513672,169380
2018-07-31,118.0999984741211,118.4739990234375,117.43099975585938,118.25,118.25,108160
2018-08-01,118.25,118.69000244140625,117.80000305175781,118.1240005493164,118.1240005493164,740500
2018-08-02,117.5,118.0,117.30000305175781,117.42900085449219,117.42900085449219,82880
2018-08-03,117.83999633789062,118.69999694824219,117.59100341796875,118.61900329589844,118.61900329589844,120480
2018-08-06,119.0,119.03900146484375,118.4000015258789,118.73500061035156,118.73500061035156,139450
2018-08-07,119.0,119.0,118.0,118.73899841308594,118.73899841308594,110760
2018-08-08,119.05500030517578,119.39900207519531,118.54900360107422,119.1709976196289,119.1709976196289,111070
2018-08-09,119.25800323486328,119.5999984741211,119.19999694824219,119.31099700927734,119.31099700927734,260070
2018-08-10,119.19999694824219,119.34300231933594,118.7490005493164,118.9800033569336,118.9800033569336,107220
2018-08-13,119.30000305175781,119.30000305175781,118.01000213623047,118.2249984741211,118.2249984741211,271000
2018-08-14,117.0,119.29000091552734,117.0,119.13400268554688,119.13400268554688,94200
2018-08-16,119.0,119.36000061035156,118.5999984741211,118.75299835205078,118.75299835205078,93270
2018-08-17,119.0,119.87000274658203,118.80500030517578,119.78199768066406,119.78199768066406,173130
2018-08-20,120.0,120.5,119.53500366210938,120.27300262451172,120.27300262451172,124120
2018-08-21,120.4000015258789,120.80000305175781,120.18099975585938,120.69100189208984,120.69100189208984,377560
2018-08-23,120.5,121.0999984741211,120.4990005493164,120.83799743652344,120.83799743652344,85580
2018-08-24,120.79900360107422,120.99500274658203,120.23500061035156,120.60600280761719,120.60600280761719,85480
2018-08-27,121.0999984741211,121.87999725341797,120.92500305175781,121.79299926757812,121.79299926757812,205700
2018-08-28,121.18399810791016,122.64700317382812,121.01100158691406,122.18900299072266,122.18900299072266,161540
2018-08-29,122.30000305175781,122.45999908447266,121.53500366210938,121.99600219726562,121.99600219726562,235930
2018-08-30,124.44000244140625,124.98999786376953,121.26499938964844,121.70800018310547,121.70800018310547,154660
2018-08-31,121.70800018310547,122.30000305175781,121.47000122070312,121.9000015258789,121.9000015258789,168030
2018-09-03,122.5,122.5,120.36599731445312,120.76499938964844,120.76499938964844,307280
2018-09-04,121.5,121.5,120.0,120.4209976196289,120.4209976196289,274280
2018-09-05,120.31999969482422,120.4280014038086,119.01499938964844,119.89700317382812,119.89700317382812,191800
2018-09-06,119.9010009765625,120.48799896240234,119.4000015258789,120.27999877929688,120.27999877929688,106880
2018-09-07,119.5,121.18000030517578,119.5,121.05899810791016,121.05899810791016,99950
2018-09-10,121.0,121.0,119.55000305175781,119.64900207519531,119.64900207519531,235480
2018-09-11,121.1240005493164,121.1240005493164,117.71099853515625,117.9469985961914,117.9469985961914,282230
2018-09-12,117.94000244140625,118.9000015258789,117.3740005493164,118.74800109863281,118.74800109863281,221370
2018-09-14,119.5,123.5,118.86499786376953,120.02100372314453,120.02100372314453,153890
2018-09-17,120.0999984741211,120.0999984741211,118.80000305175781,118.96099853515625,118.96099853515625,137470
2018-09-18,124.9990005493164,124.9990005493164,117.56999969482422,117.9729995727539,117.9729995727539,118130
2018-09-19,122.44999694824219,122.44999694824219,117.30000305175781,117.61000061035156,117.61000061035156,203870
2018-09-21,119.95999908447266,122.30999755859375,113.26799774169922,116.5,116.5,627080
2018-09-24,116.5999984741211,117.5,114.44999694824219,114.7969970703125,114.7969970703125,322920
2018-09-25,115.4990005493164,115.98799896240234,113.80500030517578,115.76100158691406,115.76100158691406,302700
2018-09-26,117.0,117.0009994506836,115.01000213623047,115.5999984741211,115.5999984741211,264530
2018-09-27,115.5999984741211,115.89900207519531,114.55999755859375,114.6449966430664,114.6449966430664,264240
2018-09-28,114.50499725341797,115.4000015258789,113.5,114.13999938964844,114.13999938964844,392290
2018-10-01,114.0999984741211,115.30899810791016,113.16999816894531,114.95500183105469,114.95500183105469,458200
2018-10-03,114.8030014038086,114.94400024414062,113.50499725341797,113.61499786376953,113.61499786376953,548720
2018-10-04,113.4489974975586,113.4489974975586,110.44999694824219,110.7959976196289,110.7959976196289,1505540
2018-10-05,105.0009994506836,110.69999694824219,99.01000213623047,107.98300170898438,107.98300170898438,732800
2018-10-08,108.00499725341797,108.88999938964844,106.68800354003906,108.05000305175781,108.05000305175781,1472320
2018-10-09,100.0,108.69999694824219,100.0,107.77899932861328,107.77899932861328,1003410
2018-10-10,108.36000061035156,109.6449966430664,107.9000015258789,109.47000122070312,109.47000122070312,385580
2018-10-11,108.9000015258789,108.98500061035156,105.97200012207031,107.00700378417969,107.00700378417969,667240
2018-10-12,107.5,109.73500061035156,107.5,109.58300018310547,109.58300018310547,306720
2018-10-15,102.0,110.15499877929688,102.0,109.98500061035156,109.98500061035156,254340
2018-10-16,110.30000305175781,110.71800231933594,110.0009994506836,110.61599731445312,110.61599731445312,297160
2018-10-17,111.30000305175781,111.8759994506836,109.0199966430664,109.31999969482422,109.31999969482422,452830
2018-10-19,109.4000015258789,109.4000015258789,107.24199676513672,107.44300079345703,107.44300079345703,803350
2018-10-22,108.0009994506836,108.4000015258789,107.00499725341797,107.1500015258789,107.1500015258789,407800
2018-10-23,107.19999694824219,107.19999694824219,105.76000213623047,106.21299743652344,106.21299743652344,674980
2018-10-24,108.4000015258789,109.9990005493164,106.0,107.04399871826172,107.04399871826172,396720
2018-10-25,106.69999694824219,106.69999694824219,105.55500030517578,106.13099670410156,106.13099670410156,531630
2018-10-26,106.19999694824219,106.19999694824219,104.80000305175781,105.01899719238281,105.01899719238281,780970
2018-10-29,106.12999725341797,107.48999786376953,104.80000305175781,107.16699981689453,107.16699981689453,358230
2018-10-30,106.18000030517578,107.6989974975586,106.18000030517578,106.87100219726562,106.87100219726562,508320
2018-10-31,106.93800354003906,108.58000183105469,105.80000305175781,108.47599792480469,108.47599792480469,439920
2018-11-01,108.625,109.0,108.10199737548828,108.63899993896484,108.63899993896484,242560
2018-11-02,109.8499984741211,110.5999984741211,109.0999984741211,110.18299865722656,110.18299865722656,563420
2018-11-05,112.38999938964844,114.58999633789062,109.45999908447266,110.14800262451172,110.14800262451172,409630
2018-11-06,110.48999786376953,110.91999816894531,109.9000015258789,110.21800231933594,110.21800231933594,157430
2018-11-07,111.8499984741211,114.0,110.0999984741211,110.98300170898438,110.98300170898438,106710
2018-11-09,110.7699966430664,111.19000244140625,110.47100067138672,110.8219985961914,110.8219985961914,169920
2018-11-12,110.9010009765625,111.48999786376953,109.4000015258789,109.76399993896484,109.76399993896484,585760
2018-11-13,109.5,110.94000244140625,109.19999694824219,110.78399658203125,110.78399658203125,365450
2018-11-14,111.0,111.40399932861328,109.96499633789062,110.4020004272461,110.4020004272461,534060
2018-11-15,111.5,111.5,110.31500244140625,110.79399871826172,110.79399871826172,237050
2018-11-16,110.9000015258789,111.6500015258789,110.9000015258789,111.49600219726562,111.49600219726562,489890
2018-11-19,111.51000213623047,112.4000015258789,111.51000213623047,112.23999786376953,112.23999786376953,525110
2018-11-20,111.92500305175781,112.18499755859375,111.36000061035156,111.52799987792969,111.52799987792969,393140
2018-11-21,111.52999877929688,111.7750015258789,110.52799987792969,110.7020034790039,110.7020034790039,281260
2018-11-22,110.97000122070312,111.19999694824219,110.0999984741211,110.33799743652344,110.33799743652344,752790
2018-11-26,110.98999786376953,111.44999694824219,109.9000015258789,111.3239974975586,111.3239974975586,238340
2018-11-27,111.0,111.78500366210938,110.75499725341797,111.60199737548828,111.60199737548828,387570
2018-11-28,111.5999984741211,112.19999694824219,111.5999984741211,111.95899963378906,111.95899963378906,372870
2018-11-29,112.41999816894531,113.69999694824219,112.41999816894531,113.552001953125,113.552001953125,324500
2018-11-30,113.55999755859375,114.0,113.0999984741211,113.50800323486328,113.50800323486328,532260
2018-12-03,113.80000305175781,114.19999694824219,104.69999694824219,113.79900360107422,113.79900360107422,583070
2018-12-04,113.56099700927734,113.80000305175781,113.25,113.61699676513672,113.61699676513672,443680
2018-12-05,113.29399871826172,113.31600189208984,112.4010009765625,112.64399719238281,112.64399719238281,407820
2018-12-06,112.19999694824219,112.19999694824219,110.7229995727539,111.01699829101562,111.01699829101562,699320
2018-12-07,111.19999694824219,112.0999984741211,107.0,111.91799926757812,111.91799926757812,445220
2018-12-10,111.80000305175781,111.80000305175781,109.74500274658203,109.88300323486328,109.88300323486328,1253300
2018-12-11,109.0250015258789,110.77999877929688,108.19999694824219,110.58499908447266,110.58499908447266,1083850
2018-12-12,110.66999816894531,112.4000015258789,110.46499633789062,112.16899871826172,112.16899871826172,382990
2018-12-13,112.52999877929688,113.0989990234375,112.12999725341797,112.54900360107422,112.54900360107422,502230
2018-12-14,112.80000305175781,112.80000305175781,112.01000213623047,112.6520004272461,112.6520004272461,446700
2018-12-17,112.69999694824219,113.79199981689453,112.69999694824219,113.63899993896484,113.63899993896484,514620
2018-12-18,113.3550033569336,114.17500305175781,112.90499877929688,113.91100311279297,113.91100311279297,239420
2018-12-19,106.0,114.95500183105469,106.0,114.54000091552734,114.54000091552734,264750
2018-12-20,114.19999694824219,114.87000274658203,113.83999633789062,114.5250015258789,114.5250015258789,869700
2018-12-21,114.0,115.0,107.5250015258789,112.59700012207031,112.59700012207031,1305860
2018-12-24,113.0,113.0,111.62999725341797,111.83699798583984,111.83699798583984,916330
2018-12-26,118.80000305175781,118.80000305175781,110.30000305175781,112.38200378417969,112.38200378417969,343590
2018-12-27,112.80000305175781,113.47899627685547,112.80000305175781,112.98300170898438,112.98300170898438,297520
2018-12-28,113.01000213623047,113.88999938964844,113.01000213623047,113.57099914550781,113.57099914550781,637290
2018-12-31,113.4000015258789,114.08999633789062,113.4000015258789,113.67500305175781,113.67500305175781,322130
2019-01-01,113.67500305175781,114.0999984741211,113.01000213623047,113.98400115966797,113.98400115966797,307490
2019-01-02,113.66400146484375,113.89900207519531,112.37000274658203,112.9729995727539,112.9729995727539,314230
2019-01-03,112.94999694824219,113.197998046875,111.6500015258789,111.83499908447266,111.83499908447266,467370
2019-01-04,111.83499908447266,112.59400177001953,111.41000366210938,112.49099731445312,112.49099731445312,335620
2019-01-07,112.80000305175781,113.56999969482422,112.4000015258789,112.56199645996094,112.56199645996094,384590
2019-01-08,112.54000091552734,113.0979995727539,112.25499725341797,112.85700225830078,112.85700225830078,452840
2019-01-09,113.4800033569336,113.4800033569336,112.30000305175781,113.26300048828125,113.26300048828125,617250
2019-01-10,113.5999984741211,113.5999984741211,112.87000274658203,113.24800109863281,113.24800109863281,456330
2019-01-11,112.80000305175781,113.39900207519531,112.2300033569336,112.68699645996094,112.68699645996094,658990
2019-01-14,112.87999725341797,112.87999725341797,111.88999938964844,112.16699981689453,112.16699981689453,372120
2019-01-15,112.58999633789062,113.69999694824219,112.51799774169922,113.5989990234375,113.5989990234375,671660
2019-01-16,113.5999984741211,114.18000030517578,113.4260025024414,114.12699890136719,114.12699890136719,706260
2019-01-17,114.19999694824219,114.4000015258789,113.55999755859375,114.14800262451172,114.14800262451172,501200
2019-01-18,114.14800262451172,114.19999694824219,113.4000015258789,113.83300018310547,113.83300018310547,336650
2019-01-21,113.80000305175781,114.68900299072266,113.80000305175781,114.47799682617188,114.47799682617188,446610
2019-01-22,114.48999786376953,114.48999786376953,113.69999694824219,114.06900024414062,114.06900024414062,203880
2019-01-23,114.0,114.48999786376953,113.0999984741211,113.31500244140625,113.31500244140625,347470
2019-01-24,113.31500244140625,113.6989974975586,112.86000061035156,113.47100067138672,113.47100067138672,202270
2019-01-25,113.5,114.30000305175781,112.53099822998047,112.91899871826172,112.91899871826172,389890
2019-01-28,112.91899871826172,113.19999694824219,111.48100280761719,111.78099822998047,111.78099822998047,1023080
2019-01-29,112.0999984741211,113.5999984741211,111.02999877929688,111.8010025024414,111.8010025024414,536040
2019-01-30,112.0,112.08999633789062,111.20500183105469,111.59500122070312,111.59500122070312,249530
2019-01-31,110.95500183105469,113.6449966430664,110.8550033569336,113.46900177001953,113.46900177001953,260900
2019-02-01,110.95500183105469,114.73300170898438,110.26499938964844,113.85700225830078,113.85700225830078,779350
2019-02-04,113.9000015258789,114.36799621582031,113.11000061035156,114.3010025024414,114.3010025024414,209770
2019-02-05,114.30000305175781,114.88999938964844,113.77400207519531,114.71199798583984,114.71199798583984,3749950
2019-02-06,114.69999694824219,116.0999984741211,114.60900115966797,115.447998046875,115.447998046875,6036120
2019-02-07,115.5,116.29900360107422,115.5,115.697998046875,115.697998046875,174020
2019-02-08,115.5,115.5999984741211,114.19999694824219,114.64399719238281,114.64399719238281,143910
2019-02-11,114.51000213623047,114.51000213623047,113.8499984741211,114.21499633789062,114.21499633789062,159490
2019-02-12,114.21499633789062,114.41999816894531,113.4749984741211,113.5790023803711,113.5790023803711,156260
2019-02-14,113.30000305175781,113.30000305175781,112.5479965209961,112.85600280761719,112.85600280761719,390990
2019-02-15,113.0,113.0,111.26000213623047,112.24600219726562,112.24600219726562,4427960
2019-02-18,111.80000305175781,112.5,111.53099822998047,111.66899871826172,111.66899871826172,582840
2019-02-19,112.4000015258789,112.5999984741211,111.19999694824219,111.3759994506836,111.3759994506836,523930
2019-02-20,111.80000305175781,112.4000015258789,111.53500366210938,112.31700134277344,112.31700134277344,204110
2019-02-21,112.1500015258789,112.9990005493164,112.11100006103516,112.76699829101562,112.76699829101562,272710
2019-02-22,113.0,113.0,112.4000015258789,112.89700317382812,112.89700317382812,104130
2019-02-25,113.0,113.83999633789062,113.0,113.65399932861328,113.65399932861328,176690
2019-02-26,113.0,114.23899841308594,112.5999984741211,113.625,113.625,763820
2019-02-27,113.70099639892578,114.37000274658203,112.5,112.91400146484375,112.91400146484375,849570
2019-02-28,113.2249984741211,113.88500213623047,113.0260009765625,113.36000061035156,113.36000061035156,319960
2019-03-01,113.36000061035156,114.15899658203125,113.36000061035156,113.70999908447266,113.70999908447266,276810
2019-03-05,113.0,115.0,112.19999694824219,114.88899993896484,114.88899993896484,1268060
2019-03-06,114.80000305175781,115.73600006103516,114.80000305175781,115.58599853515625,115.58599853515625,327820
2019-03-07,116.0,116.13999938964844,115.30599975585938,115.7509994506836,115.7509994506836,488920
2019-03-08,115.5,115.98600006103516,115.20999908447266,115.81600189208984,115.81600189208984,542060
2019-03-11,116.19999694824219,117.27200317382812,115.9000015258789,117.22599792480469,117.22599792480469,235300
2019-03-12,117.0,118.5999984741211,117.0,118.46700286865234,118.46700286865234,423220
2019-03-13,118.30000305175781,118.9800033569336,118.08499908447266,118.8239974975586,118.8239974975586,235720
2019-03-14,118.98999786376953,119.1989974975586,118.5,118.72599792480469,118.72599792480469,257490
2019-03-15,118.72599792480469,120.3499984741211,118.72599792480469,119.88700103759766,119.88700103759766,768970
2019-03-18,121.0,124.80000305175781,119.5,119.98799896240234,119.98799896240234,415790
2019-03-19,119.9000015258789,121.0999984741211,119.82499694824219,120.73699951171875,120.73699951171875,387030
2019-03-20,120.69999694824219,121.25499725341797,120.41000366210938,120.66500091552734,120.66500091552734,389630
2019-03-22,120.69999694824219,121.45899963378906,119.80000305175781,119.9800033569336,119.9800033569336,155140
2019-03-25,118.19999694824219,119.5,118.19999694824219,118.80999755859375,118.80999755859375,4305180
2019-03-26,124.0,124.0,119.0,120.39299774169922,120.39299774169922,453980
2019-03-27,120.0,121.0,119.91999816894531,120.10199737548828,120.10199737548828,491990
2019-03-28,120.0999984741211,121.5,120.0999984741211,120.97699737548828,120.97699737548828,1528840
2019-04-01,122.4000015258789,123.25700378417969,121.80000305175781,122.08000183105469,122.08000183105469,1139850
2019-04-02,120.30000305175781,122.69999694824219,120.30000305175781,122.5250015258789,122.5250015258789,232500
2019-04-03,122.5999984741211,123.30000305175781,122.0,122.14800262451172,122.14800262451172,706160
2019-04-04,122.30000305175781,122.32499694824219,121.51000213623047,121.81300354003906,121.81300354003906,197270
2019-04-05,123.5,126.5,121.5,122.49800109863281,122.49800109863281,515710
2019-04-08,122.49800109863281,122.79000091552734,121.2699966430664,121.9530029296875,121.9530029296875,288970
2019-04-09,122.0,122.69499969482422,121.30899810791016,122.44499969482422,122.44499969482422,341020
2019-04-10,122.4000015258789,122.66899871826172,121.5250015258789,121.65599822998047,121.65599822998047,307690
2019-04-11,124.19999694824219,124.19999694824219,121.36000061035156,121.69400024414062,121.69400024414062,104080
2019-04-12,121.89900207519531,122.5,121.5999984741211,122.41400146484375,122.41400146484375,158200
2019-04-15,121.5,122.94599914550781,120.0009994506836,122.87899780273438,122.87899780273438,575700
2019-04-16,123.0,124.05000305175781,122.80000305175781,123.75299835205078,123.75299835205078,417640
2019-04-18,124.0,124.23999786376953,123.177001953125,123.4729995727539,123.4729995727539,178440
2019-04-22,123.19999694824219,123.19999694824219,121.61399841308594,121.86799621582031,121.86799621582031,584100
2019-04-23,121.9000015258789,122.29499816894531,121.5999984741211,121.70099639892578,121.70099639892578,220240
2019-04-24,121.80000305175781,123.19000244140625,121.1780014038086,122.93599700927734,122.93599700927734,568250
2019-04-25,122.93599700927734,123.9000015258789,122.19999694824219,122.427001953125,122.427001953125,246940
2019-04-26,122.80000305175781,123.5,122.50499725341797,123.39299774169922,123.39299774169922,209460
2019-04-30,124.80000305175781,124.80000305175781,122.38500213623047,123.40699768066406,123.40699768066406,419250
2019-05-02,123.5989990234375,123.80000305175781,122.90499877929688,123.17900085449219,123.17900085449219,154520
2019-05-03,124.06999969482422,124.80000305175781,122.9000015258789,122.99099731445312,122.99099731445312,517550
2019-05-06,124.30000305175781,124.9000015258789,121.53500366210938,121.83100128173828,121.83100128173828,875510
2019-05-07,123.0,123.0,120.69000244140625,120.89700317382812,120.89700317382812,858770
2019-05-08,122.19999694824219,122.5999984741211,119.30999755859375,119.53099822998047,119.53099822998047,2341610
2019-05-09,121.79000091552734,121.79000091552734,118.19999694824219,118.45899963378906,118.45899963378906,1834360
2019-05-10,118.69999694824219,119.31500244140625,118.31099700927734,118.49800109863281,118.49800109863281,722770
2019-05-13,119.94999694824219,119.94999694824219,117.0,117.22000122070312,117.22000122070312,369880
2019-05-14,117.50499725341797,118.75,116.69999694824219,117.86100006103516,117.86100006103516,540630
2019-05-15,117.9000015258789,118.67400360107422,117.22000122070312,117.49800109863281,117.49800109863281,819510
2019-05-16,117.5,118.4990005493164,117.11000061035156,118.06400299072266,118.06400299072266,959780
2019-05-17,118.1449966430664,119.69999694824219,118.0999984741211,119.62899780273438,119.62899780273438,1698140
2019-05-20,122.4000015258789,124.34100341796875,120.5,123.93000030517578,123.93000030517578,1180140
2019-05-21,124.4000015258789,124.69000244140625,122.80000305175781,123.06800079345703,123.06800079345703,852760
2019-05-22,124.48999786376953,124.48999786376953,122.6510009765625,123.31300354003906,123.31300354003906,728890
2019-05-23,124.80000305175781,126.30000305175781,122.11000061035156,122.60199737548828,122.60199737548828,1720750
2019-05-24,122.69999694824219,124.73300170898438,122.51100158691406,124.552001953125,124.552001953125,797850
2019-05-27,124.98999786376953,125.30000305175781,124.0,125.03299713134766,125.03299713134766,354050
2019-05-28,125.30000305175781,125.5999984741211,124.5,125.18199920654297,125.18199920654297,349520
2019-05-29,124.71299743652344,125.36499786376953,124.33499908447266,124.75299835205078,124.75299835205078,206560
2019-05-30,125.0479965209961,125.80000305175781,124.4209976196289,125.47799682617188,125.47799682617188,186540
2019-05-31,125.5,126.4800033569336,124.73799896240234,125.2490005493164,125.2490005493164,718300
2019-06-03,126.0,127.0,124.82499694824219,126.7979965209961,126.7979965209961,557200
2019-06-04,126.80000305175781,127.9000015258789,126.20099639892578,126.58999633789062,126.58999633789062,666820
2019-06-06,126.5999984741211,126.5999984741211,124.55000305175781,124.6780014038086,124.6780014038086,560590
2019-06-07,124.77300262451172,125.18800354003906,123.56500244140625,124.89199829101562,124.89199829101562,278030
2019-06-10,125.30000305175781,125.91899871826172,124.94300079345703,125.67400360107422,125.67400360107422,829800
2019-06-11,126.0,126.5,125.0,125.62200164794922,125.62200164794922,150920
2019-06-12,126.0999984741211,126.0999984741211,124.9010009765625,125.072998046875,125.072998046875,157390
2019-06-13,125.4000015258789,125.49500274658203,124.55000305175781,125.4209976196289,125.4209976196289,183450
2019-06-14,125.02999877929688,125.25,124.30999755859375,124.51699829101562,124.51699829101562,319440
2019-06-17,125.0999984741211,125.0999984741211,122.83999633789062,123.08300018310547,123.08300018310547,880530
2019-06-18,123.1969985961914,123.58499908447266,122.61000061035156,123.14099884033203,123.14099884033203,1026790
2019-06-19,123.5,124.0999984741211,122.51499938964844,123.0270004272461,123.0270004272461,555080
2019-06-20,122.97000122070312,124.6449966430664,122.5,124.49299621582031,124.49299621582031,1407260
2019-06-21,124.4000015258789,124.4000015258789,123.51000213623047,123.68000030517578,123.68000030517578,474020
2019-06-24,125.0,127.48799896240234,123.05000305175781,123.40599822998047,123.40599822998047,438340
2019-06-25,124.1500015258789,125.0,122.9000015258789,124.0739974975586,124.0739974975586,337870
2019-06-26,124.81999969482422,124.81999969482422,123.58000183105469,124.65299987792969,124.65299987792969,331760
2019-06-27,125.0,125.45999908447266,124.5,124.81700134277344,124.81700134277344,286910
2019-06-28,125.5999984741211,125.5999984741211,124.0,124.29199981689453,124.29199981689453,173170
2019-07-01,124.9990005493164,125.1989974975586,124.51000213623047,124.93399810791016,124.93399810791016,340080
2019-07-02,125.5999984741211,125.5999984741211,124.19999694824219,125.3030014038086,125.3030014038086,249850
2019-07-03,125.01499938964844,125.5999984741211,125.0,125.48300170898438,125.48300170898438,333170
2019-07-04,126.0,126.1709976196289,125.0999984741211,126.04000091552734,126.04000091552734,204310
2019-07-05,126.19999694824219,126.7699966430664,124.4000015258789,124.60800170898438,124.60800170898438,909900
2019-07-08,125.4990005493164,125.4990005493164,121.57499694824219,121.94400024414062,121.94400024414062,890500
2019-07-09,123.88999938964844,123.88999938964844,121.0009994506836,121.80400085449219,121.80400085449219,881810
2019-07-10,122.5,122.55000305175781,121.0999984741211,121.35199737548828,121.35199737548828,447960
2019-07-11,122.30000305175781,122.30000305175781,121.51000213623047,122.2030029296875,122.2030029296875,173180
2019-07-12,122.44999694824219,122.6969985961914,121.55000305175781,121.97100067138672,121.97100067138672,207230
2019-07-15,122.5,122.5,121.69999694824219,122.21600341796875,122.21600341796875,238310
2019-07-16,123.0,123.10900115966797,121.90499877929688,122.9520034790039,122.9520034790039,236450
2019-07-17,123.6449966430664,123.6500015258789,122.74500274658203,123.27100372314453,123.27100372314453,121090
2019-07-18,123.19999694824219,123.3489990234375,122.31700134277344,122.55699920654297,122.55699920654297,201570
2019-07-19,126.0,126.0,120.55000305175781,120.71700286865234,120.71700286865234,586460
2019-07-22,122.19999694824219,122.19999694824219,119.48999786376953,119.8949966430664,119.8949966430664,845750
2019-07-23,120.5,120.69999694824219,119.44999694824219,119.69300079345703,119.69300079345703,304390
2019-07-24,121.88800048828125,121.88800048828125,118.73899841308594,119.13899993896484,119.13899993896484,365270
2019-07-25,122.48799896240234,122.48799896240234,118.83999633789062,118.99199676513672,118.99199676513672,333770
2019-07-26,119.68000030517578,119.68000030517578,118.5,119.3219985961914,119.3219985961914,307120
2019-07-29,119.5,119.5,118.0,118.36000061035156,118.36000061035156,404980
2019-07-30,118.375,118.99700164794922,117.0999984741211,117.2490005493164,117.2490005493164,442880
2019-07-31,117.30000305175781,117.77799987792969,114.41000366210938,117.5770034790039,117.5770034790039,784040
2019-08-01,117.5,117.5999984741211,115.10099792480469,116.27300262451172,116.27300262451172,1057430
2019-08-02,116.0,117.08999633789062,114.9000015258789,116.33699798583984,116.33699798583984,1147960
2019-08-05,116.0999984741211,116.0999984741211,114.19999694824219,115.1500015258789,115.1500015258789,1309450
2019-08-06,114.9990005493164,116.5,114.34200286865234,115.87100219726562,115.87100219726562,384450
2019-08-07,117.88800048828125,117.88800048828125,114.70999908447266,114.91200256347656,114.91200256347656,372730
2019-08-08,115.9000015258789,117.41999816894531,114.82499694824219,116.93499755859375,116.93499755859375,818710
2019-08-09,117.99500274658203,118.3489990234375,117.0,117.61499786376953,117.61499786376953,1093800
2019-08-13,118.19999694824219,118.30000305175781,115.5,115.76300048828125,115.76300048828125,583990
2019-08-14,116.48999786376953,117.27200317382812,115.71499633789062,116.71399688720703,116.71399688720703,305520
2019-08-16,117.0,117.68000030517578,115.75,117.01399993896484,117.01399993896484,385100
2019-08-19,118.0,118.02999877929688,116.9000015258789,117.12699890136719,117.12699890136719,419950
2019-08-20,117.3949966430664,117.3949966430664,116.30000305175781,116.70800018310547,116.70800018310547,323790
2019-08-21,117.0,117.37999725341797,115.5,115.677001953125,115.677001953125,619480
2019-08-22,116.30000305175781,116.30000305175781,113.65399932861328,113.86799621582031,113.86799621582031,849590
2019-08-23,114.0999984741211,115.125,112.80000305175781,114.74299621582031,114.74299621582031,846200
2019-08-26,116.9000015258789,118.0,114.02100372314453,117.08699798583984,117.08699798583984,805060
2019-08-27,117.19999694824219,117.99500274658203,116.69999694824219,117.4540023803711,117.4540023803711,514350
2019-08-28,117.80000305175781,117.80000305175781,116.42500305175781,116.86199951171875,116.86199951171875,309110
2019-08-29,117.0,117.19999694824219,115.0,116.11799621582031,116.11799621582031,679950
2019-08-30,116.9000015258789,116.9000015258789,115.12200164794922,116.61399841308594,116.61399841308594,538180
2019-09-03,116.49500274658203,116.5,114.19999694824219,114.51699829101562,114.51699829101562,787930
2019-09-04,116.0,116.0,114.0009994506836,114.88999938964844,114.88999938964844,690440
2019-09-05,114.88999938964844,115.6989974975586,114.30000305175781,114.97899627685547,114.97899627685547,972430
2019-09-06,115.5,116.15499877929688,115.03500366210938,115.97000122070312,115.97000122070312,329800
2019-09-09,116.49500274658203,116.80000305175781,115.23500061035156,116.43399810791016,116.43399810791016,534870
2019-09-11,116.99400329589844,117.0999984741211,115.00599670410156,116.78399658203125,116.78399658203125,647180
2019-09-12,117.4000015258789,117.4000015258789,116.22200012207031,116.44400024414062,116.44400024414062,627130
2019-09-13,116.9000015258789,117.44999694824219,116.0,117.31099700927734,117.31099700927734,461080
2019-09-16,117.19999694824219,117.19999694824219,115.87000274658203,116.40299987792969,116.40299987792969,368600
2019-09-17,116.98500061035156,116.99500274658203,114.44000244140625,114.66400146484375,114.66400146484375,545220
2019-09-18,114.71099853515625,115.30000305175781,114.56500244140625,114.81600189208984,114.81600189208984,576750
2019-09-19,114.86699676513672,114.86699676513672,113.11100006103516,113.5199966430664,113.5199966430664,863550
2019-09-20,114.19499969482422,120.5999984741211,113.19999694824219,119.5469970703125,119.5469970703125,4017110
2019-09-23,120.5,123.6500015258789,120.5,123.00199890136719,123.00199890136719,3009450
2019-09-24,122.99800109863281,124.19999694824219,122.21099853515625,122.68900299072266,122.68900299072266,1197750
2019-09-25,123.29499816894531,123.29499816894531,121.05000305175781,121.35900115966797,121.35900115966797,529670
2019-09-26,121.74400329589844,122.91999816894531,121.40299987792969,122.76100158691406,122.76100158691406,5023400
2019-09-27,122.76000213623047,123.80000305175781,121.63200378417969,122.09400177001953,122.09400177001953,1623840
2019-09-30,122.44499969482422,122.44999694824219,120.80000305175781,121.56700134277344,121.56700134277344,1341080
2019-10-01,121.79499816894531,122.38999938964844,119.18000030517578,120.50299835205078,120.50299835205078,971470
2019-10-03,121.1989974975586,121.19999694824219,119.37000274658203,119.84400177001953,119.84400177001953,561570
2019-10-04,120.79000091552734,120.79000091552734,118.0,118.21499633789062,118.21499633789062,2694380
2019-10-07,118.62999725341797,126.0,117.40499877929688,117.56900024414062,117.56900024414062,3871290
2019-10-09,118.3010025024414,119.58399963378906,117.00599670410156,119.427001953125,119.427001953125,518650
2019-10-10,119.19499969482422,119.31900024414062,118.0,118.53900146484375,118.53900146484375,522840
2019-10-11,118.9000015258789,119.87999725341797,118.4000015258789,119.73600006103516,119.73600006103516,567430
2019-10-14,120.0,120.55000305175781,119.44999694824219,119.89299774169922,119.89299774169922,340180
2019-10-15,120.80000305175781,121.19000244140625,119.51000213623047,120.87300109863281,120.87300109863281,396190
2019-10-16,121.3499984741211,121.47200012207031,120.74500274658203,120.9469985961914,120.9469985961914,1176270
2019-10-17,121.13999938964844,122.80000305175781,120.7699966430664,122.4800033569336,122.4800033569336,572850
2019-10-18,122.79499816894531,123.6989974975586,122.197998046875,123.45500183105469,123.45500183105469,487750
2019-10-22,122.0,123.69999694824219,120.1259994506836,122.96299743652344,122.96299743652344,847540
2019-10-23,123.5,123.5,122.20500183105469,122.99500274658203,122.99500274658203,308030
2019-10-24,123.49400329589844,123.5,122.20999908447266,122.66999816894531,122.66999816894531,496230
2019-10-25,123.79499816894531,123.80000305175781,121.6050033569336,122.53600311279297,122.53600311279297,796820
2019-10-27,124.0,124.0,122.88999938964844,123.38700103759766,123.38700103759766,198780
2019-10-29,123.89900207519531,124.81900024414062,123.0,124.6780014038086,124.6780014038086,876930
2019-10-30,125.0,125.62999725341797,124.67500305175781,125.28700256347656,125.28700256347656,874900
2019-10-31,126.5,126.5,125.36100006103516,125.49800109863281,125.49800109863281,1919130
2019-11-01,125.4000015258789,126.36000061035156,125.23699951171875,126.14099884033203,126.14099884033203,444830
2019-11-04,126.5,126.69999694824219,125.90499877929688,126.34400177001953,126.34400177001953,803550
2019-11-05,126.59500122070312,126.59500122070312,125.71399688720703,126.05899810791016,126.05899810791016,359320
2019-11-06,126.4000015258789,126.87999725341797,125.5,126.4749984741211,126.4749984741211,345100
2019-11-07,126.4749984741211,128.88800048828125,126.3010025024414,126.97899627685547,126.97899627685547,399730
2019-11-08,126.69000244140625,127.5,125.8759994506836,126.06199645996094,126.06199645996094,791780
2019-11-11,126.19999694824219,126.5999984741211,125.5,126.49099731445312,126.49099731445312,445860
2019-11-13,127.0,127.0,125.51000213623047,125.6969985961914,125.6969985961914,395150
2019-11-14,126.18800354003906,126.18800354003906,124.96700286865234,125.5459976196289,125.5459976196289,1529700
2019-11-15,126.0,126.69000244140625,125.71800231933594,126.04399871826172,126.04399871826172,1190540
2019-11-18,126.5999984741211,126.5999984741211,125.66500091552734,125.7300033569336,125.7300033569336,208110
2019-11-19,126.49500274658203,126.69999694824219,125.7300033569336,126.39600372314453,126.39600372314453,463920
2019-11-20,126.9000015258789,127.41100311279297,126.5260009765625,126.83300018310547,126.83300018310547,1107130
2019-11-21,127.69999694824219,127.69999694824219,126.49600219726562,126.60399627685547,126.60399627685547,269550
2019-11-22,126.69000244140625,126.69000244140625,125.8499984741211,126.44200134277344,126.44200134277344,367760
2019-11-25,127.0999984741211,127.8550033569336,126.19999694824219,127.73699951171875,127.73699951171875,392920
2019-11-26,129.5,129.5,127.30999755859375,127.51000213623047,127.51000213623047,434770
2019-11-27,127.80000305175781,128.19000244140625,127.70600128173828,127.9020004272461,127.9020004272461,396060
2019-11-28,127.80000305175781,128.5,127.80000305175781,128.406005859375,128.406005859375,3503210
2019-11-29,128.60000610351562,128.60000610351562,127.13999938964844,127.51300048828125,127.51300048828125,514200
2019-12-02,127.51300048828125,129.39999389648438,127.375,127.63400268554688,127.63400268554688,348080
2019-12-03,128.19500732421875,128.19500732421875,126.81099700927734,126.95999908447266,126.95999908447266,287140
2019-12-04,127.30000305175781,127.63899993896484,126.51000213623047,127.46900177001953,127.46900177001953,204580
2019-12-05,127.0,128.10000610351562,126.70500183105469,127.2040023803711,127.2040023803711,461970
2019-12-06,127.59500122070312,127.59500122070312,126.0999984741211,126.22699737548828,126.22699737548828,310430
2019-12-09,127.19499969482422,127.19499969482422,125.82499694824219,126.32599639892578,126.32599639892578,226550
2019-12-10,126.32599639892578,126.64700317382812,125.59500122070312,125.79499816894531,125.79499816894531,456630
2019-12-11,126.3949966430664,126.47899627685547,125.54000091552734,126.22000122070312,126.22000122070312,337780
2019-12-12,125.5,127.29900360107422,125.5,127.10900115966797,127.10900115966797,190810
2019-12-13,127.10900115966797,128.0,127.10399627685547,127.90599822998047,127.90599822998047,338990
2019-12-16,128.5,128.5,127.4000015258789,127.53099822998047,127.53099822998047,230330
2019-12-17,128.2949981689453,128.8000030517578,127.50499725341797,128.61599731445312,128.61599731445312,461080
2019-12-18,128.9949951171875,129.4320068359375,128.2100067138672,129.25399780273438,129.25399780273438,219460
2019-12-19,12.920000076293945,13.032999992370605,12.904999732971191,13.020000457763672,13.020000457763672,2715930
2019-12-20,13.494999885559082,13.494999885559082,12.977999687194824,13.034000396728516,13.034000396728516,2466900
2019-12-23,131.1999969482422,131.25,129.27999877929688,129.92999267578125,129.92999267578125,318322
2019-12-24,130.85000610351562,130.85000610351562,129.22000122070312,129.4499969482422,129.4499969482422,422110
2019-12-26,130.35000610351562,130.35000610351562,128.50999450683594,128.69000244140625,128.69000244140625,204241
2019-12-27,128.69000244140625,130.64999389648438,128.3000030517578,129.55999755859375,129.55999755859375,233758
2019-12-30,130.4499969482422,130.5,129.19000244140625,130.25999450683594,130.25999450683594,3175973
2019-12-31,130.2100067138672,130.25999450683594,129.02000427246094,129.14999389648438,129.14999389648438,235878
2020-01-01,128.9499969482422,131.0,128.9499969482422,129.4199981689453,129.4199981689453,269259
2020-01-02,132.0,134.60000610351562,129.39999389648438,130.13999938964844,130.13999938964844,329677
2020-01-03,129.07000732421875,130.85000610351562,129.07000732421875,129.7100067138672,129.7100067138672,298681
2020-01-06,129.39999389648438,129.47000122070312,127.11000061035156,127.37000274658203,127.37000274658203,721657
2020-01-07,127.94999694824219,128.6999969482422,127.30999755859375,127.76000213623047,127.76000213623047,743200
2020-01-08,126.58999633789062,127.75,126.5,127.55999755859375,127.55999755859375,422774
2020-01-09,128.9499969482422,129.5500030517578,128.35000610351562,129.33999633789062,129.33999633789062,291102
2020-01-10,129.9499969482422,130.1999969482422,129.3000030517578,129.61000061035156,129.61000061035156,426319
2020-01-13,127.0,130.5,124.4000015258789,130.41000366210938,130.41000366210938,531373
2020-01-14,130.75,131.22999572753906,129.8000030517578,131.00999450683594,131.00999450683594,325889
2020-01-15,131.39999389648438,131.4499969482422,130.0,131.00999450683594,131.00999450683594,318992
2020-01-16,131.4499969482422,131.5,130.0,130.91000366210938,130.91000366210938,277915
2020-01-17,131.4499969482422,131.4499969482422,130.5,131.19000244140625,131.19000244140625,394076
2020-01-20,131.2100067138672,131.5,129.6999969482422,129.77999877929688,129.77999877929688,769381
2020-01-21,130.35000610351562,130.35000610351562,129.0500030517578,129.27000427246094,129.27000427246094,458654
2020-01-22,131.4499969482422,131.4499969482422,128.22000122070312,128.52999877929688,128.52999877929688,471486
2020-01-23,129.4499969482422,129.4499969482422,128.1999969482422,129.30999755859375,129.30999755859375,184783
2020-01-24,129.25999450683594,130.3000030517578,128.75,130.11000061035156,130.11000061035156,630671
2020-01-27,129.0,130.0,128.5500030517578,128.72999572753906,128.72999572753906,414564
2020-01-28,130.66000366210938,130.66000366210938,127.5999984741211,128.10000610351562,128.10000610351562,826302
2020-01-29,128.75,129.1999969482422,128.0500030517578,128.75999450683594,128.75999450683594,179693
2020-01-30,128.9499969482422,129.0,127.5,127.73999786376953,127.73999786376953,1074097
2020-01-31,127.94999694824219,128.42999267578125,126.9000015258789,127.16999816894531,127.16999816894531,632544
2020-02-03,124.76000213623047,126.0,123.5,124.41999816894531,124.41999816894531,1306194
2020-02-04,125.25,126.93000030517578,124.05000305175781,126.75,126.75,331366
2020-02-05,126.0999984741211,128.10000610351562,126.0999984741211,127.91000366210938,127.91000366210938,343990
2020-02-06,127.86000061035156,129.0500030517578,127.55000305175781,128.94000244140625,128.94000244140625,348705
2020-02-07,129.14999389648438,129.14999389648438,127.73999786376953,128.19000244140625,128.19000244140625,512906
2020-02-10,129.85000610351562,129.85000610351562,127.30999755859375,127.91000366210938,127.91000366210938,371411
2020-02-11,128.0500030517578,129.9499969482422,128.0500030517578,128.3000030517578,128.3000030517578,301763
2020-02-12,128.85000610351562,129.35000610351562,128.60000610351562,129.19000244140625,129.19000244140625,244082
2020-02-13,129.5399932861328,129.5399932861328,128.5,129.3000030517578,129.3000030517578,491397
2020-02-14,129.5399932861328,129.69000244140625,128.08999633789062,128.3800048828125,128.3800048828125,435089
2020-02-17,128.9199981689453,129.0,127.69999694824219,127.83999633789062,127.83999633789062,254024
2020-02-18,126.94999694824219,128.5,126.55000305175781,127.33999633789062,127.33999633789062,569499
2020-02-19,127.94999694824219,128.6999969482422,127.0,128.58999633789062,128.58999633789062,463260
2020-02-20,128.5500030517578,128.8000030517578,128.0,128.36000061035156,128.36000061035156,354821
2020-02-24,128.41000366210938,128.41000366210938,125.5,125.7300033569336,125.7300033569336,3544077
2020-02-25,126.3499984741211,126.4000015258789,125.11000061035156,125.33999633789062,125.33999633789062,587395
2020-02-26,125.38999938964844,125.38999938964844,123.80000305175781,124.04000091552734,124.04000091552734,2733254
2020-02-27,123.55000305175781,124.48999786376953,122.54000091552734,123.63999938964844,123.63999938964844,1863612
2020-02-28,121.6500015258789,122.94000244140625,119.11000061035156,119.29000091552734,119.29000091552734,8148034
2020-03-02,122.05000305175781,122.05000305175781,117.20999908447266,118.38999938964844,118.38999938964844,2355594
2020-03-03,119.44000244140625,121.01000213623047,118.55000305175781,120.4000015258789,120.4000015258789,1810345
2020-03-04,121.4000015258789,121.4000015258789,117.91000366210938,119.5199966430664,119.5199966430664,2300345
2020-03-05,142.9499969482422,142.9499969482422,118.5999984741211,119.75,119.75,513870
2020-03-06,118.48999786376953,118.48999786376953,115.5999984741211,117.18000030517578,117.18000030517578,3370046
2020-03-09,116.48999786376953,116.48999786376953,109.73999786376953,111.62000274658203,111.62000274658203,8020071
2020-03-11,111.48999786376953,112.5,110.19999694824219,111.30999755859375,111.30999755859375,3831170
2020-03-12,110.0,110.0,101.05000305175781,102.98999786376953,102.98999786376953,10397243
2020-03-13,91.26000213623047,120.8499984741211,91.26000213623047,106.36000061035156,106.36000061035156,8805565
2020-03-16,107.48999786376953,107.48999786376953,100.0,102.37000274658203,102.37000274658203,5403873
2020-03-17,102.55000305175781,105.0,97.25,99.19999694824219,99.19999694824219,4118897
2020-03-18,100.9000015258789,102.80000305175781,92.19999694824219,96.08000183105469,96.08000183105469,6548497
2020-03-19,94.5,94.5,87.0,89.47000122070312,89.47000122070312,9073817
2020-03-20,99.87999725341797,99.87999725341797,88.0,92.97000122070312,92.97000122070312,5442253
2020-03-23,87.0,94.83000183105469,81.0,83.5199966430664,83.5199966430664,8143705
2020-03-24,86.0,90.0,83.06999969482422,85.0,85.0,8341374
2020-03-25,85.0,90.0,84.0,89.45999908447266,89.45999908447266,4949333
2020-03-26,92.0,94.80000305175781,84.0,92.68000030517578,92.68000030517578,5221001
2020-03-27,93.0,96.4000015258789,90.87000274658203,91.26000213623047,91.26000213623047,4258490
2020-03-30,90.0,92.5,88.6500015258789,89.16999816894531,89.16999816894531,4813354
2020-03-31,90.0,92.6500015258789,89.69999694824219,91.94000244140625,91.94000244140625,3736401
2020-04-01,91.94000244140625,91.94000244140625,89.0,89.3499984741211,89.3499984741211,2782739
2020-04-03,90.0,91.19999694824219,86.3499984741211,86.58999633789062,86.58999633789062,4260702
2020-04-07,90.0,92.80000305175781,88.25,92.41000366210938,92.41000366210938,4840105
2020-04-08,91.0,98.0,90.6500015258789,92.81999969482422,92.81999969482422,5210533
2020-04-09,93.94999694824219,96.5,93.4000015258789,96.2300033569336,96.2300033569336,4706256
2020-04-13,96.94999694824219,96.94999694824219,94.08000183105469,95.62000274658203,95.62000274658203,2175060
2020-04-15,97.0,97.9000015258789,94.55000305175781,95.19999694824219,95.19999694824219,2756785
2020-04-16,96.0,96.0,94.0,95.68000030517578,95.68000030517578,1777655
2020-04-17,98.0,98.69999694824219,96.4000015258789,98.20999908447266,98.20999908447266,2622443
2020-04-20,100.0999984741211,100.95999908447266,97.80000305175781,97.98999786376953,97.98999786376953,2279271
2020-04-21,91.0999984741211,105.98999786376953,91.0999984741211,95.5999984741211,95.5999984741211,2146145
2020-04-22,102.0,102.0,94.05000305175781,97.37999725341797,97.37999725341797,1728534
2020-04-23,96.27999877929688,98.8499984741211,96.27999877929688,98.62000274658203,98.62000274658203,1573782
2020-04-24,97.0999984741211,98.13999938964844,96.0999984741211,97.0999984741211,97.0999984741211,6117467
2020-04-27,97.1500015258789,99.05000305175781,97.0999984741211,98.43000030517578,98.43000030517578,2031629
2020-04-28,100.0999984741211,100.0999984741211,98.30000305175781,99.3499984741211,99.3499984741211,1050246
2020-04-29,100.0,101.69999694824219,99.4000015258789,101.12000274658203,101.12000274658203,2746729
2020-04-30,102.0,104.69000244140625,101.61000061035156,104.18000030517578,104.18000030517578,3783682
2020-05-04,104.18000030517578,104.20999908447266,98.12000274658203,98.80000305175781,98.80000305175781,4248986
2020-05-05,95.80000305175781,102.5,92.9000015258789,97.6500015258789,97.6500015258789,2950518
2020-05-06,98.5,99.0,96.76000213623047,98.5,98.5,1654503
2020-05-07,98.05000305175781,99.0,97.0999984741211,97.5999984741211,97.5999984741211,1921850
2020-05-08,98.48999786376953,99.36000061035156,98.0,98.12000274658203,98.12000274658203,871200
2020-05-11,98.98999786376953,99.97000122070312,98.01000213623047,98.20999908447266,98.20999908447266,1212126
2020-05-12,98.19000244140625,98.8499984741211,96.20999908447266,97.95999908447266,97.95999908447266,1596323
2020-05-13,95.9000015258789,106.80000305175781,95.9000015258789,99.69000244140625,99.69000244140625,3330046
2020-05-14,97.69999694824219,99.38999938964844,97.11000061035156,97.41999816894531,97.41999816894531,1975805
2020-05-15,97.5,98.9000015258789,96.37000274658203,97.08000183105469,97.08000183105469,2010254
2020-05-18,97.8499984741211,97.9000015258789,93.75,93.93000030517578,93.93000030517578,4744785
2020-05-19,95.01000213623047,95.98999786376953,94.19999694824219,94.33999633789062,94.33999633789062,3341472
2020-05-20,95.6500015258789,96.79000091552734,94.0199966430664,96.25,96.25,1980862
2020-05-21,97.44999694824219,97.45999908447266,95.5,96.69000244140625,96.69000244140625,1286795
2020-05-22,99.0,99.0,94.80000305175781,96.11000061035156,96.11000061035156,1872380
2020-05-26,98.0,98.0,84.5999984741211,96.20999908447266,96.20999908447266,2194246
2020-05-27,96.94999694824219,98.79000091552734,95.5199966430664,98.5999984741211,98.5999984741211,2916839
2020-05-28,98.94999694824219,100.69999694824219,98.69999694824219,100.37000274658203,100.37000274658203,2933846
2020-05-29,99.9000015258789,101.76000213623047,98.80000305175781,101.37999725341797,101.37999725341797,2556487
2020-06-01,102.0,105.27999877929688,102.0,104.41999816894531,104.41999816894531,3862486
2020-06-02,102.0,106.0,95.0,105.88999938964844,105.88999938964844,2967917
2020-06-03,106.87999725341797,107.83999633789062,106.11000061035156,106.36000061035156,106.36000061035156,3693773
2020-06-04,106.36000061035156,107.16999816894531,105.0999984741211,106.2699966430664,106.2699966430664,2256015
2020-06-05,106.2699966430664,107.94999694824219,106.25,107.66000366210938,107.66000366210938,1847782
2020-06-08,108.5,109.44999694824219,107.66999816894531,108.0999984741211,108.0999984741211,2765914
2020-06-09,109.0,109.0999984741211,106.5999984741211,106.8499984741211,106.8499984741211,2356586
2020-06-10,107.4000015258789,107.9000015258789,104.20999908447266,107.5199966430664,107.5199966430664,1833936
2020-06-11,107.05000305175781,107.87999725341797,105.11000061035156,105.30000305175781,105.30000305175781,2105891
2020-06-12,103.87000274658203,105.91000366210938,102.19999694824219,105.72000122070312,105.72000122070312,4921933
2020-06-15,105.6500015258789,105.72000122070312,103.38999938964844,104.51000213623047,104.51000213623047,3330215
2020-06-16,106.25,106.87000274658203,103.37000274658203,105.20999908447266,105.20999908447266,3829031
2020-06-17,104.93000030517578,106.0,104.31999969482422,104.91999816894531,104.91999816894531,4345818
2020-06-18,105.37999725341797,107.19999694824219,104.0999984741211,106.97000122070312,106.97000122070312,2874162
2020-06-19,107.80000305175781,109.0,106.0999984741211,108.79000091552734,108.79000091552734,4181289
2020-06-22,109.80000305175781,110.29000091552734,108.70999908447266,109.55999755859375,109.55999755859375,3664305
2020-06-23,110.0,111.27999877929688,109.25,111.0,111.0,3164075
2020-06-24,111.0,111.91000366210938,109.22000122070312,109.52999877929688,109.52999877929688,4180669
2020-06-25,109.0,109.94999694824219,108.01000213623047,109.05000305175781,109.05000305175781,5601668
2020-06-26,109.58000183105469,110.5999984741211,109.33000183105469,110.23999786376953,110.23999786376953,2440079
2020-06-29,110.23999786376953,111.0999984741211,108.72000122070312,109.73999786376953,109.73999786376953,1966389
2020-06-30,110.94999694824219,110.94999694824219,109.25,109.5199966430664,109.5199966430664,1667919
2020-07-01,110.91999816894531,111.19999694824219,108.75,111.04000091552734,111.04000091552734,1781342
2020-07-02,111.11000061035156,112.47000122070312,111.11000061035156,112.0999984741211,112.0999984741211,2697856
2020-07-03,112.6500015258789,112.88999938964844,112.13999938964844,112.51000213623047,112.51000213623047,1736490
2020-07-06,113.87999725341797,114.55999755859375,112.80000305175781,114.27999877929688,114.27999877929688,2874049
2020-07-07,114.27999877929688,114.97000122070312,113.43000030517578,114.6500015258789,114.6500015258789,2472941
2020-07-08,114.6500015258789,115.19999694824219,113.5999984741211,113.8499984741211,113.8499984741211,1888826
2020-07-09,113.8499984741211,115.19999694824219,113.8499984741211,115.06999969482422,115.06999969482422,1791188
2020-07-10,114.0999984741211,115.06999969482422,113.86000061035156,114.37999725341797,114.37999725341797,1703310
2020-07-13,117.0,117.0,114.26000213623047,114.86000061035156,114.86000061035156,2318031
2020-07-14,114.79000091552734,115.0999984741211,112.4000015258789,112.93000030517578,112.93000030517578,3298092
2020-07-15,113.98999786376953,114.98999786376953,112.61000061035156,112.97000122070312,112.97000122070312,3082694
2020-07-16,113.98999786376953,114.23999786376953,112.52999877929688,114.08000183105469,114.08000183105469,1849501
2020-07-17,114.9000015258789,116.16999816894531,114.1500015258789,115.80999755859375,115.80999755859375,2349481
2020-07-20,116.0999984741211,118.0,116.05000305175781,117.05999755859375,117.05999755859375,2990564
2020-07-21,117.16000366210938,118.7300033569336,116.80000305175781,118.54000091552734,118.54000091552734,3251989
2020-07-22,119.0,119.19999694824219,117.3499984741211,118.11000061035156,118.11000061035156,2531693
2020-07-23,118.9800033569336,119.19999694824219,117.11000061035156,119.08000183105469,119.08000183105469,1948030
2020-07-24,118.30000305175781,119.30000305175781,117.70999908447266,118.98999786376953,118.98999786376953,2172268
2020-07-27,118.98999786376953,119.94999694824219,118.0,118.38999938964844,118.38999938964844,1759243
2020-07-28,119.25,120.19000244140625,117.69999694824219,120.0199966430664,120.0199966430664,1684385
2020-07-29,135.60000610351562,135.60000610351562,118.80000305175781,119.26000213623047,119.26000213623047,1794840
2020-07-30,120.44999694824219,120.44999694824219,117.79000091552734,117.95999908447266,117.95999908447266,1906742
2020-07-31,116.01000213623047,118.5999984741211,116.01000213623047,118.0199966430664,118.0199966430664,1481516
2020-08-03,118.0199966430664,119.5,116.05000305175781,116.16999816894531,116.16999816894531,2746972
2020-08-04,116.30000305175781,118.1500015258789,116.25,118.0,118.0,1291694
2020-08-05,118.0199966430664,119.23999786376953,117.63999938964844,118.02999877929688,118.02999877929688,1407090
2020-08-06,118.94999694824219,119.68000030517578,118.18000030517578,119.0199966430664,119.0199966430664,1615399
2020-08-07,119.5999984741211,119.6500015258789,118.16000366210938,119.3499984741211,119.3499984741211,776576
2020-08-10,119.0999984741211,120.38999938964844,119.0999984741211,119.97000122070312,119.97000122070312,1036138
2020-08-11,120.9000015258789,120.9800033569336,120.05000305175781,120.44000244140625,120.44000244140625,755382
2020-08-12,120.25,120.75,119.2699966430664,120.33000183105469,120.33000183105469,892620
2020-08-13,121.2699966430664,121.44000244140625,119.91000366210938,120.48999786376953,120.48999786376953,1022353
2020-08-14,121.0,121.2699966430664,118.33000183105469,119.26000213623047,119.26000213623047,1546537
2020-08-17,120.44999694824219,120.9000015258789,119.0,119.87999725341797,119.87999725341797,1696680
2020-08-18,120.1500015258789,121.06999969482422,119.30000305175781,120.97000122070312,120.97000122070312,1675189
2020-08-19,122.5,122.5,121.0,121.12999725341797,121.12999725341797,3338356
2020-08-20,120.44999694824219,120.81999969482422,119.33000183105469,120.41999816894531,120.41999816894531,4239875
2020-08-21,121.98999786376953,121.98999786376953,120.5,121.11000061035156,121.11000061035156,684750
2020-08-24,122.48999786376953,139.3000030517578,121.11000061035156,122.0,122.0,1136194
2020-08-25,122.9800033569336,124.98999786376953,121.36000061035156,121.93000030517578,121.93000030517578,975015
2020-08-26,135.0,135.0,121.80000305175781,122.75,122.75,965666
2020-08-27,139.0,139.0,122.55000305175781,122.91000366210938,122.91000366210938,1149699
2020-08-28,129.0,129.0,122.9000015258789,124.04000091552734,124.04000091552734,1532042
2020-08-31,139.0,139.0,120.44999694824219,121.02999877929688,121.02999877929688,3949062
2020-09-01,134.8800048828125,134.8800048828125,120.0,122.1500015258789,122.1500015258789,1354038
2020-09-02,125.0,125.0,121.55999755859375,122.75,122.75,1206221
2020-09-03,129.8800048828125,129.8800048828125,122.11000061035156,122.7300033569336,122.7300033569336,990151
2020-09-04,121.25,122.05000305175781,102.26000213623047,121.12000274658203,121.12000274658203,1497942
2020-09-07,134.8800048828125,134.8800048828125,119.0,121.2699966430664,121.2699966430664,1011218
2020-09-08,133.8800048828125,133.8800048828125,120.6500015258789,120.8499984741211,120.8499984741211,1193139
2020-09-09,120.75,120.75,115.05000305175781,120.33999633789062,120.33999633789062,1567827
2020-09-10,129.0,129.0,116.80000305175781,121.94000244140625,121.94000244140625,1180882
2020-09-11,134.8800048828125,134.8800048828125,121.54000091552734,122.12999725341797,122.12999725341797,1149380
2020-09-14,127.0,127.0,121.5199966430664,122.12999725341797,122.12999725341797,1051377
2020-09-15,127.0,127.0,122.0999984741211,122.9000015258789,122.9000015258789,1137606
2020-09-16,141.3000030517578,141.3000030517578,120.0,123.70999908447266,123.70999908447266,1142239
2020-09-17,125.66000366210938,125.66000366210938,122.0,122.72000122070312,122.72000122070312,886681
2020-09-18,130.0,130.0,111.69999694824219,122.66000366210938,122.66000366210938,631382
2020-09-21,127.4000015258789,127.4000015258789,118.8499984741211,119.91999816894531,119.91999816894531,1765426
2020-09-22,115.0,125.0,115.0,118.91000366210938,118.91000366210938,1654611
2020-09-23,130.0,130.0,117.80000305175781,118.94999694824219,118.94999694824219,1291468
2020-09-24,120.0,120.0,115.55999755859375,115.76000213623047,115.76000213623047,2545877
2020-09-25,116.8499984741211,118.11000061035156,115.0,117.87000274658203,117.87000274658203,1640520
2020-09-28,120.0,120.0,117.91000366210938,119.75,119.75,1311060
2020-09-29,130.0,130.0,119.41000366210938,119.81999969482422,119.81999969482422,1496013
2020-09-30,122.0,122.41999816894531,118.55000305175781,119.93000030517578,119.93000030517578,1045812
2020-10-01,120.5,121.73999786376953,119.72000122070312,121.61000061035156,121.61000061035156,1429823
2020-10-05,125.0,125.0,120.05000305175781,122.37999725341797,122.37999725341797,2450876
2020-10-06,124.0,124.19999694824219,120.0,124.02999877929688,124.02999877929688,1563246
2020-10-07,127.44999694824219,127.44999694824219,116.5999984741211,124.88999938964844,124.88999938964844,1645537
2020-10-08,127.0,127.0,123.30000305175781,125.91000366210938,125.91000366210938,2178562
2020-10-09,130.0,130.0,125.69999694824219,126.98999786376953,126.98999786376953,2170213
2020-10-12,124.0,128.10000610351562,124.0,126.95999908447266,126.95999908447266,2384129
2020-10-13,129.0,130.0,126.0,127.0199966430664,127.0199966430664,1505033
2020-10-14,127.55000305175781,127.69000244140625,125.80000305175781,127.41999816894531,127.41999816894531,1702320
2020-10-15,128.0,128.0,124.0,124.80999755859375,124.80999755859375,3685080
2020-10-16,125.44000244140625,125.91999816894531,124.5999984741211,125.62000274658203,125.62000274658203,2100993
2020-10-19,130.0,130.0,124.61000061035156,126.80999755859375,126.80999755859375,1702514
2020-10-20,130.0,130.0,125.25,126.7699966430664,126.7699966430664,1244029
2020-10-21,130.0,130.0,125.41000366210938,126.9800033569336,126.9800033569336,1714840
2020-10-22,128.0,128.0,126.0,126.7300033569336,126.7300033569336,1185727
2020-10-23,128.0,128.0,126.7300033569336,127.11000061035156,127.11000061035156,1099448
2020-10-26,146.1999969482422,146.1999969482422,125.19999694824219,125.80999755859375,125.80999755859375,1653723
2020-10-27,109.5,129.99000549316406,109.5,126.80999755859375,126.80999755859375,1375549
2020-10-28,119.19999694824219,145.8000030517578,119.19999694824219,125.4000015258789,125.4000015258789,1802721
2020-10-29,129.5,139.0,124.0,124.72000122070312,124.72000122070312,1442980
2020-10-30,130.0,138.0,123.4000015258789,124.56999969482422,124.56999969482422,1694273
2020-11-02,127.69000244140625,127.69000244140625,123.4000015258789,124.37000274658203,124.37000274658203,2026545
2020-11-03,126.0,126.23999786376953,124.05000305175781,126.01000213623047,126.01000213623047,1278806
2020-11-04,139.0,139.0,114.69999694824219,127.02999877929688,127.02999877929688,1720136
2020-11-05,133.0,133.0,127.51000213623047,129.1199951171875,129.1199951171875,1799777
2020-11-06,129.0,130.8000030517578,126.51000213623047,130.61000061035156,130.61000061035156,2090661
2020-11-09,132.0,133.0,131.16000366210938,132.72999572753906,132.72999572753906,1575611
2020-11-10,144.6999969482422,144.6999969482422,132.94000244140625,134.72000122070312,134.72000122070312,2844216
2020-11-11,154.89999389648438,154.89999389648438,122.5999984741211,135.8300018310547,135.8300018310547,2626835
2020-11-12,144.6999969482422,144.6999969482422,134.64999389648438,135.25999450683594,135.25999450683594,1464974
2020-11-13,140.0,140.0,130.0,135.7899932861328,135.7899932861328,1675631
2020-11-14,123.5999984741211,140.0,123.5999984741211,136.39999389648438,136.39999389648438,901758
2020-11-17,154.8800048828125,154.8800048828125,136.50999450683594,137.38999938964844,137.38999938964844,2497489
2020-11-18,136.0,149.8800048828125,136.0,137.89999389648438,137.89999389648438,1932468
2020-11-19,120.0,143.8800048828125,120.0,136.25,136.25,2243961
2020-11-20,137.0,137.3300018310547,135.0,137.0,137.0,1597557
2020-11-23,149.0,149.0,136.6199951171875,137.75999450683594,137.75999450683594,1987751
2020-11-24,147.8800048828125,147.8800048828125,129.5,139.3800048828125,139.3800048828125,2727726
2020-11-25,154.74000549316406,154.74000549316406,137.1999969482422,137.38999938964844,137.38999938964844,2261085
2020-11-26,144.0,144.0,136.60000610351562,138.24000549316406,138.24000549316406,7689852
2020-11-27,150.0,150.0,133.0399932861328,138.3800048828125,138.3800048828125,1273581
2020-12-01,149.6999969482422,149.6999969482422,133.10000610351562,139.7899932861328,139.7899932861328,1452032
2020-12-02,154.0,154.0,138.60000610351562,139.9600067138672,139.9600067138672,1203053
2020-12-03,141.22999572753906,143.0,139.91000366210938,140.1199951171875,140.1199951171875,1344091
2020-12-04,143.1999969482422,143.1999969482422,139.9499969482422,141.27000427246094,141.27000427246094,1151089
2020-12-07,143.0,143.0,140.5,142.2899932861328,142.2899932861328,2265003
2020-12-08,154.0,154.0,141.3000030517578,142.86000061035156,142.86000061035156,1588215
2020-12-09,146.0,146.0,140.5,144.41000366210938,144.41000366210938,1490549
2020-12-10,154.0,154.0,143.0,143.82000732421875,143.82000732421875,1541066
2020-12-11,148.0,148.0,142.8000030517578,143.92999267578125,143.92999267578125,1557017
2020-12-14,144.99000549316406,145.6999969482422,143.4499969482422,144.32000732421875,144.32000732421875,2254461
2020-12-15,146.0,146.0,143.39999389648438,144.61000061035156,144.61000061035156,1565759
2020-12-16,159.0,159.0,144.0,145.82000732421875,145.82000732421875,1258149
2020-12-17,154.8000030517578,154.8000030517578,145.55999755859375,146.55999755859375,146.55999755859375,1116175
2020-12-18,159.0,159.0,145.39999389648438,146.9600067138672,146.9600067138672,1745336
2020-12-21,146.94000244140625,146.9600067138672,140.5500030517578,142.5,142.5,3192127
2020-12-22,146.39999389648438,146.39999389648438,129.6999969482422,143.82000732421875,143.82000732421875,2462353
2020-12-23,143.9499969482422,145.30999755859375,143.27999877929688,145.1199951171875,145.1199951171875,1280315
2020-12-24,154.6999969482422,154.6999969482422,144.4499969482422,146.52000427246094,146.52000427246094,1837640
2020-12-28,159.0,159.0,146.25,147.77999877929688,147.77999877929688,1362994
2020-12-29,148.39999389648438,148.9499969482422,148.10000610351562,148.77000427246094,148.77000427246094,1639088
2020-12-30,149.41000366210938,149.5,148.10000610351562,149.27000427246094,149.27000427246094,1664595
2020-12-31,148.14999389648438,149.9499969482422,148.14999389648438,149.07000732421875,149.07000732421875,1513100
2021-01-01,159.67999267578125,159.67999267578125,147.64999389648438,149.57000732421875,149.57000732421875,767502
2021-01-04,150.58999633789062,150.89999389648438,148.9499969482422,150.7100067138672,150.7100067138672,1729074
2021-01-05,159.6999969482422,159.6999969482422,149.75,151.3000030517578,151.3000030517578,2248517
2021-01-06,159.6999969482422,159.6999969482422,145.5800018310547,151.22000122070312,151.22000122070312,1890161
2021-01-07,155.0,155.0,151.00999450683594,151.1999969482422,151.1999969482422,1184831
2021-01-08,168.8800048828125,168.8800048828125,151.72999572753906,152.8800048828125,152.8800048828125,1488219
2021-01-11,158.0,159.6999969482422,153.11000061035156,154.3800048828125,154.3800048828125,1714620
2021-01-12,154.44000244140625,155.47000122070312,153.89999389648438,155.32000732421875,155.32000732421875,1645477
2021-01-13,156.14999389648438,156.14999389648438,154.30999755859375,155.60000610351562,155.60000610351562,1524163
2021-01-14,155.5,155.9199981689453,154.52000427246094,155.75999450683594,155.75999450683594,1242536
2021-01-15,155.9499969482422,155.9499969482422,153.5,154.11000061035156,154.11000061035156,2219346
2021-01-18,160.25,164.8000030517578,152.0800018310547,152.55999755859375,152.55999755859375,2172716
2021-01-19,153.89999389648438,155.60000610351562,153.32000732421875,155.4499969482422,155.4499969482422,1986752
2021-01-20,155.4199981689453,156.85000610351562,155.1199951171875,156.75,156.75,1574034
2021-01-21,169.6999969482422,169.6999969482422,155.33999633789062,156.02000427246094,156.02000427246094,1966764
2021-01-22,156.97999572753906,156.99000549316406,153.6999969482422,153.91000366210938,153.91000366210938,2013987
2021-01-25,174.8800048828125,174.8800048828125,152.22000122070312,152.4600067138672,152.4600067138672,1877148
2021-01-27,157.6999969482422,157.6999969482422,140.1999969482422,149.47999572753906,149.47999572753906,3099586
2021-01-28,149.0,149.0,147.0,147.99000549316406,147.99000549316406,3724096
2021-01-29,164.74000549316406,164.74000549316406,145.60000610351562,146.10000610351562,146.10000610351562,4019948
2021-02-01,150.0,153.0,146.24000549316406,152.52000427246094,152.52000427246094,5752457
2021-02-02,154.3300018310547,162.0,153.1199951171875,156.10000610351562,156.10000610351562,5401586
2021-02-03,164.39999389648438,164.39999389648438,155.2100067138672,157.66000366210938,157.66000366210938,3184291
2021-02-04,174.6999969482422,174.6999969482422,156.50999450683594,158.69000244140625,158.69000244140625,2597296
2021-02-05,159.27000427246094,159.99000549316406,158.47999572753906,159.0500030517578,159.0500030517578,2162707
2021-02-08,179.6999969482422,179.6999969482422,159.35000610351562,161.02999877929688,161.02999877929688,3414992
2021-02-09,161.6699981689453,162.6999969482422,160.75999450683594,161.22999572753906,161.22999572753906,2186027
2021-02-10,161.8300018310547,161.9199981689453,160.14999389648438,161.4600067138672,161.4600067138672,2086456
2021-02-11,161.1699981689453,162.63999938964844,160.94000244140625,162.05999755859375,162.05999755859375,1130555
2021-02-12,162.35000610351562,162.6999969482422,161.3000030517578,162.1699981689453,162.1699981689453,1471633
2021-02-15,163.1699981689453,165.0,159.75,163.92999267578125,163.92999267578125,1390282
2021-02-16,169.8800048828125,169.8800048828125,162.7100067138672,163.5399932861328,163.5399932861328,2808707
2021-02-17,164.97999572753906,164.97999572753906,162.00999450683594,162.58999633789062,162.58999633789062,1633793
2021-02-18,172.58999633789062,172.58999633789062,161.57000732421875,161.88999938964844,161.88999938964844,1466832
2021-02-19,161.57000732421875,164.19000244140625,159.5500030517578,160.4199981689453,160.4199981689453,1924382
2021-02-22,160.75,162.19000244140625,156.7100067138672,157.17999267578125,157.17999267578125,4266735
2021-02-23,158.69000244140625,164.60000610351562,157.10000610351562,157.58999633789062,157.58999633789062,3376578
2021-02-24,157.58999633789062,163.85000610351562,157.10000610351562,160.14999389648438,160.14999389648438,1694856
2021-02-25,161.4600067138672,162.38999938964844,160.82000732421875,161.8699951171875,161.8699951171875,2078898
2021-02-26,157.0,163.6199951171875,154.5500030517578,156.14999389648438,156.14999389648438,6394687
2021-03-01,161.99000549316406,161.99000549316406,156.8000030517578,158.00999450683594,158.00999450683594,2262115
2021-03-02,159.41000366210938,159.99000549316406,158.00999450683594,159.57000732421875,159.57000732421875,1674905
2021-03-03,161.13999938964844,163.30999755859375,160.38999938964844,162.97999572753906,162.97999572753906,2774589
2021-03-04,165.0,165.0,160.0,161.1999969482422,161.1999969482422,1760533
2021-03-05,160.3300018310547,161.17999267578125,158.3000030517578,159.66000366210938,159.66000366210938,2004187
2021-03-08,163.63999938964844,183.60000610351562,159.66000366210938,160.0399932861328,160.0399932861328,1419094
2021-03-09,161.17999267578125,161.8000030517578,159.85000610351562,161.47000122070312,161.47000122070312,1483026
2021-03-10,164.94000244140625,164.94000244140625,161.55999755859375,162.16000366210938,162.16000366210938,1026447
2021-03-12,163.99000549316406,163.99000549316406,159.88999938964844,160.6300048828125,160.6300048828125,2695163
2021-03-15,161.0,161.00999450683594,158.10000610351562,159.9600067138672,159.9600067138672,2726411
2021-03-16,163.19000244140625,164.60000610351562,159.0,159.7899932861328,159.7899932861328,1194883
2021-03-17,183.47999572753906,183.47999572753906,157.52000427246094,157.8800048828125,157.8800048828125,2020012
2021-03-18,159.49000549316406,159.49000549316406,155.30999755859375,156.1199951171875,156.1199951171875,2566012
2021-03-19,158.58999633789062,158.58999633789062,153.86000061035156,157.8699951171875,157.8699951171875,2989141
2021-03-22,178.8800048828125,178.8800048828125,137.3000030517578,157.3300018310547,157.3300018310547,2249076
2021-03-23,178.47999572753906,178.47999572753906,157.16000366210938,158.35000610351562,158.35000610351562,2196154
2021-03-24,174.8800048828125,174.8800048828125,155.91000366210938,156.08999633789062,156.08999633789062,2880134
2021-03-25,156.52999877929688,156.5500030517578,153.25,153.86000061035156,153.86000061035156,4619262
2021-03-26,183.47999572753906,183.47999572753906,154.11000061035156,155.2100067138672,155.2100067138672,3133917
2021-03-30,179.8800048828125,179.8800048828125,153.80999755859375,158.4199981689453,158.4199981689453,3007505
2021-03-31,177.47999572753906,177.47999572753906,156.8000030517578,157.16000366210938,157.16000366210938,1770531
2021-04-01,137.0500030517578,177.0,137.0500030517578,158.6999969482422,158.6999969482422,1753952
2021-04-05,156.00999450683594,174.0,155.00999450683594,156.9600067138672,156.9600067138672,3825031
2021-04-06,152.3000030517578,159.97999572753906,152.10000610351562,157.38999938964844,157.38999938964844,1679649
2021-04-07,159.39999389648438,159.39999389648438,155.61000061035156,158.82000732421875,158.82000732421875,1490166
2021-04-08,159.8000030517578,160.0,154.10000610351562,158.8699951171875,158.8699951171875,1387673
2021-04-09,159.60000610351562,159.60000610351562,158.10000610351562,158.77999877929688,158.77999877929688,919771
2021-04-12,179.8800048828125,179.8800048828125,150.10000610351562,154.0800018310547,154.0800018310547,6958023
2021-04-13,174.8800048828125,174.8800048828125,153.4499969482422,155.5,155.5,2306251
2021-04-15,174.8800048828125,174.8800048828125,152.41000366210938,155.92999267578125,155.92999267578125,1757440
2021-04-16,154.9499969482422,157.17999267578125,154.4499969482422,156.4199981689453,156.4199981689453,1128520
2021-04-19,156.17999267578125,156.22999572753906,151.77000427246094,154.08999633789062,154.08999633789062,2725967
2021-04-20,132.0,156.49000549316406,132.0,153.2899932861328,153.2899932861328,2219957
2021-04-22,169.8300018310547,169.8300018310547,151.9199981689453,154.27000427246094,154.27000427246094,1575936
2021-04-23,161.0,161.0,151.25,153.86000061035156,153.86000061035156,1497148
2021-04-26,158.39999389648438,158.39999389648438,153.91000366210938,155.1699981689453,155.1699981689453,1445359
2021-04-27,163.0,163.0,152.35000610351562,156.8300018310547,156.8300018310547,1034413
2021-04-28,158.63999938964844,159.08999633789062,155.36000061035156,158.89999389648438,158.89999389648438,1587740
2021-04-29,161.13999938964844,161.13999938964844,157.80999755859375,159.10000610351562,159.10000610351562,1997771
2021-04-30,157.94000244140625,158.67999267578125,155.14999389648438,157.0,157.0,1610283
2021-05-03,156.49000549316406,157.4199981689453,154.55999755859375,156.97000122070312,156.97000122070312,1531614
2021-05-04,164.0,164.0,155.14999389648438,155.5500030517578,155.5500030517578,1378826
2021-05-05,158.89999389648438,158.89999389648438,151.35000610351562,156.80999755859375,156.80999755859375,1411068
2021-05-06,163.5,163.5,156.1999969482422,157.5399932861328,157.5399932861328,1048532
2021-05-07,159.39999389648438,159.39999389648438,155.1999969482422,158.52999877929688,158.52999877929688,1347683
2021-05-10,160.39999389648438,160.39999389648438,158.5500030517578,159.69000244140625,159.69000244140625,1811054
2021-05-11,159.1999969482422,159.30999755859375,157.74000549316406,158.94000244140625,158.94000244140625,1280124
2021-05-12,161.89999389648438,161.89999389648438,157.24000549316406,157.69000244140625,157.69000244140625,1450842
2021-05-14,158.99000549316406,169.0,156.57000732421875,157.47000122070312,157.47000122070312,1800545
2021-05-17,155.60000610351562,159.72000122070312,155.60000610351562,159.52000427246094,159.52000427246094,1344415
2021-05-18,161.89999389648438,161.89999389648438,160.0,161.3699951171875,161.3699951171875,1913546
2021-05-19,161.3699951171875,162.89999389648438,160.0,160.6699981689453,160.6699981689453,1259712
2021-05-20,169.0,169.0,159.41000366210938,159.63999938964844,159.63999938964844,1095072
2021-05-21,174.89999389648438,174.89999389648438,159.75,162.10000610351562,162.10000610351562,1585589
2021-05-24,170.0,170.0,161.30999755859375,162.42999267578125,162.42999267578125,1408268
2021-05-25,178.8800048828125,178.8800048828125,162.00999450683594,162.52999877929688,162.52999877929688,1045055
2021-05-26,170.0,170.0,150.8000030517578,163.4600067138672,163.4600067138672,1121397
2021-05-27,170.0,170.0,162.22999572753906,164.1199951171875,164.1199951171875,1459534
2021-05-28,168.89999389648438,168.89999389648438,164.0,165.02000427246094,165.02000427246094,1536434
2021-05-31,179.0,179.0,155.10000610351562,166.7899932861328,166.7899932861328,1664143
2021-06-01,179.0,179.0,166.4199981689453,166.8800048828125,166.8800048828125,1595004
2021-06-02,166.75,167.60000610351562,164.41000366210938,167.2899932861328,167.2899932861328,932798
2021-06-03,167.3000030517578,177.6999969482422,167.3000030517578,168.1699981689453,168.1699981689453,1011967
2021-06-04,174.89999389648438,174.89999389648438,159.0,168.14999389648438,168.14999389648438,1058387
2021-06-07,174.39999389648438,174.39999389648438,168.14999389648438,168.6300048828125,168.6300048828125,1733382
2021-06-08,169.63999938964844,169.63999938964844,167.1999969482422,168.57000732421875,168.57000732421875,695044
2021-06-09,174.39999389648438,174.39999389648438,159.3000030517578,167.58999633789062,167.58999633789062,1198930
2021-06-10,174.38999938964844,174.38999938964844,165.0500030517578,168.60000610351562,168.60000610351562,687667
2021-06-11,173.89999389648438,173.89999389648438,167.1999969482422,169.3300018310547,169.3300018310547,1395622
2021-06-14,174.8800048828125,174.8800048828125,166.3000030517578,169.55999755859375,169.55999755859375,1875312
2021-06-15,173.97999572753906,174.39999389648438,169.0,170.27000427246094,170.27000427246094,720652
2021-06-16,173.94000244140625,174.39999389648438,169.3000030517578,169.69000244140625,169.69000244140625,1152832
2021-06-17,179.0,179.0,168.10000610351562,168.7899932861328,168.7899932861328,1063422
2021-06-18,168.86000061035156,169.8000030517578,166.4499969482422,168.6699981689453,168.6699981689453,1658740
2021-06-21,168.0,169.38999938964844,166.5,169.07000732421875,169.07000732421875,1931684
2021-06-22,183.47999572753906,183.47999572753906,169.10000610351562,169.41000366210938,169.41000366210938,1140000
2021-06-23,173.8000030517578,173.8000030517578,168.5,168.67999267578125,168.67999267578125,1054283
2021-06-24,184.8800048828125,184.8800048828125,168.10000610351562,169.67999267578125,169.67999267578125,868516
2021-06-25,170.67999267578125,170.67999267578125,165.0,170.39999389648438,170.39999389648438,1087315
2021-06-28,170.39999389648438,173.5,169.8000030517578,169.85000610351562,169.85000610351562,1404615
2021-06-29,184.42999267578125,184.42999267578125,166.66000366210938,169.3300018310547,169.3300018310547,1121228
2021-06-30,173.35000610351562,173.35000610351562,160.14999389648438,169.1300048828125,169.1300048828125,846600
2021-07-01,173.4499969482422,173.4499969482422,168.50999450683594,168.9199981689453,168.9199981689453,1040915
2021-07-02,171.85000610351562,171.85000610351562,167.5500030517578,169.33999633789062,169.33999633789062,843371
2021-07-05,172.39999389648438,173.8800048828125,166.5,170.1300048828125,170.1300048828125,1200342
2021-07-06,170.89999389648438,171.0,168.75,170.1699981689453,170.1699981689453,949072
2021-07-07,172.25,172.25,169.13999938964844,170.4600067138672,170.4600067138672,715925
2021-07-08,172.1999969482422,180.6999969482422,169.02000427246094,169.47000122070312,169.47000122070312,1285484
2021-07-09,173.39999389648438,173.39999389648438,168.5,169.07000732421875,169.07000732421875,1420007
2021-07-12,176.38999938964844,176.38999938964844,165.1699981689453,169.0399932861328,169.0399932861328,842741
2021-07-13,172.85000610351562,172.85000610351562,169.25,170.1699981689453,170.1699981689453,607828
2021-07-14,172.35000610351562,172.35000610351562,166.5500030517578,170.60000610351562,170.60000610351562,699257
2021-07-15,184.89999389648438,184.89999389648438,169.5,171.27999877929688,171.27999877929688,765208
2021-07-16,173.1999969482422,173.1999969482422,151.6999969482422,171.41000366210938,171.41000366210938,610263
2021-07-19,174.94000244140625,174.94000244140625,169.02000427246094,169.77000427246094,169.77000427246094,1366502
2021-07-20,184.8300018310547,184.8300018310547,167.9600067138672,168.5399932861328,168.5399932861328,2191600
2021-07-22,172.60000610351562,172.60000610351562,168.80999755859375,170.36000061035156,170.36000061035156,895788
2021-07-23,172.77999877929688,172.77999877929688,166.0500030517578,170.57000732421875,170.57000732421875,997334
2021-07-26,174.83999633789062,174.83999633789062,169.10000610351562,170.27999877929688,170.27999877929688,1124977
2021-07-27,174.74000549316406,174.74000549316406,169.24000549316406,169.67999267578125,169.67999267578125,1005585
2021-07-28,172.5500030517578,172.5500030517578,167.39999389648438,169.33999633789062,169.33999633789062,1800475
2021-07-29,170.25,170.9499969482422,168.4499969482422,169.9499969482422,169.9499969482422,553884
2021-07-30,179.89999389648438,179.89999389648438,135.50999450683594,169.69000244140625,169.69000244140625,991454
2021-08-02,174.69000244140625,174.69000244140625,170.0,171.0,171.0,953704
2021-08-03,172.5800018310547,173.39999389648438,161.0,173.27000427246094,173.27000427246094,1725861
2021-08-04,174.75,175.0,173.14999389648438,174.6699981689453,174.6699981689453,1283417
2021-08-05,177.39999389648438,177.39999389648438,172.5500030517578,175.1300048828125,175.1300048828125,1016990
2021-08-06,188.75,188.75,174.64999389648438,174.85000610351562,174.85000610351562,763764
2021-08-09,177.8000030517578,177.8000030517578,170.14999389648438,175.41000366210938,175.41000366210938,717383
2021-08-10,175.89999389648438,176.25,174.82000732421875,175.6300048828125,175.6300048828125,772380
2021-08-11,188.9499969482422,188.9499969482422,160.14999389648438,175.3699951171875,175.3699951171875,958183
2021-08-12,176.6999969482422,176.6999969482422,174.5500030517578,176.1699981689453,176.1699981689453,793639
2021-08-13,189.8000030517578,189.8000030517578,175.5500030517578,177.94000244140625,177.94000244140625,1213494
2021-08-16,179.89999389648438,179.89999389648438,176.60000610351562,178.60000610351562,178.60000610351562,758499
2021-08-17,182.44000244140625,182.44000244140625,155.39999389648438,178.91000366210938,178.91000366210938,733550
2021-08-18,194.75,194.75,174.6300048828125,178.75999450683594,178.75999450683594,1545056
2021-08-20,194.0,194.0,176.0800018310547,177.32000732421875,177.32000732421875,1825110
2021-08-23,193.42999267578125,193.42999267578125,177.0,178.10000610351562,178.10000610351562,899824
2021-08-24,188.42999267578125,188.42999267578125,167.4499969482422,179.4600067138672,179.4600067138672,801419
2021-08-25,193.9499969482422,193.9499969482422,179.1999969482422,179.47000122070312,179.47000122070312,640105
2021-08-26,190.0,190.0,179.0,179.52000427246094,179.52000427246094,822706
2021-08-27,184.8300018310547,184.8300018310547,168.6999969482422,180.24000549316406,180.24000549316406,773596
2021-08-30,187.9499969482422,187.9499969482422,179.3000030517578,182.57000732421875,182.57000732421875,1108398
2021-08-31,193.42999267578125,193.42999267578125,182.00999450683594,184.5500030517578,184.5500030517578,1826619
2021-09-01,187.6999969482422,187.6999969482422,171.16000366210938,184.30999755859375,184.30999755859375,2863644
2021-09-02,185.25,186.0,180.25,185.9600067138672,185.9600067138672,887174
2021-09-03,172.30999755859375,193.38999938964844,172.30999755859375,186.91000366210938,186.91000366210938,1329680
2021-09-06,186.9600067138672,188.4499969482422,186.9600067138672,187.5500030517578,187.5500030517578,1038640
2021-09-07,187.9499969482422,188.39999389648438,186.60000610351562,187.1699981689453,187.1699981689453,855784
2021-09-08,188.44000244140625,188.44000244140625,186.35000610351562,187.13999938964844,187.13999938964844,1193553
2021-09-09,193.38999938964844,193.38999938964844,186.0500030517578,187.4199981689453,187.4199981689453,541346
2021-09-13,188.1999969482422,188.1999969482422,186.4499969482422,187.11000061035156,187.11000061035156,1223906
2021-09-14,214.8300018310547,214.8300018310547,180.16000366210938,187.5399932861328,187.5399932861328,738023
2021-09-15,163.1999969482422,192.35000610351562,163.1999969482422,189.00999450683594,189.00999450683594,671943
2021-09-16,191.9499969482422,191.9499969482422,188.60000610351562,190.22000122070312,190.22000122070312,775593
2021-09-17,173.10000610351562,195.38999938964844,173.10000610351562,189.82000732421875,189.82000732421875,1221723
2021-09-20,187.4499969482422,190.24000549316406,187.39999389648438,187.86000061035156,187.86000061035156,1422295
2021-09-21,199.64999389648438,199.64999389648438,187.1199951171875,189.66000366210938,189.66000366210938,4120688
2021-09-22,192.83999633789062,192.83999633789062,189.05999755859375,189.69000244140625,189.69000244140625,4307400
2021-09-23,194.39999389648438,194.39999389648438,190.0,192.2899932861328,192.2899932861328,1010781
2021-09-24,197.39999389648438,197.39999389648438,188.0,192.6300048828125,192.6300048828125,1273255
2021-09-27,204.74000549316406,204.74000549316406,183.66000366210938,192.7899932861328,192.7899932861328,1562160
2021-09-28,221.6999969482422,221.6999969482422,189.86000061035156,191.44000244140625,191.44000244140625,2048952
2021-09-29,174.1999969482422,209.0,174.1999969482422,191.14999389648438,191.14999389648438,947847
2021-09-30,197.44000244140625,197.44000244140625,189.1999969482422,190.11000061035156,190.11000061035156,1268872
2021-10-01,193.5,193.5,188.4199981689453,189.22000122070312,189.22000122070312,1588636
2021-10-04,187.0500030517578,197.38999938964844,187.0500030517578,191.02999877929688,191.02999877929688,1077774
2021-10-05,191.64999389648438,192.3000030517578,189.6999969482422,192.1999969482422,192.1999969482422,1027571
2021-10-06,199.38999938964844,199.38999938964844,187.10000610351562,190.19000244140625,190.19000244140625,1363144
2021-10-07,187.0500030517578,193.07000732421875,187.0500030517578,191.82000732421875,191.82000732421875,791922
2021-10-08,197.44000244140625,197.44000244140625,190.14999389648438,192.5800018310547,192.5800018310547,995591
2021-10-11,193.1199951171875,194.0,167.5,193.08999633789062,193.08999633789062,980337
2021-10-12,219.8000030517578,219.8000030517578,182.60000610351562,193.66000366210938,193.66000366210938,977091
2021-10-13,204.85000610351562,204.85000610351562,185.25,195.55999755859375,195.55999755859375,964360
2021-10-14,205.27999877929688,205.27999877929688,195.75,197.11000061035156,197.11000061035156,1437892
2021-10-18,207.38999938964844,207.38999938964844,195.75,198.91000366210938,198.91000366210938,1286340
2021-10-19,198.16000366210938,207.8000030517578,197.99000549316406,198.41000366210938,198.41000366210938,1401551
2021-10-20,202.38999938964844,202.38999938964844,196.4600067138672,197.3000030517578,197.3000030517578,1250249
2021-10-21,201.44000244140625,201.44000244140625,190.0500030517578,196.0800018310547,196.0800018310547,1805437
2021-10-22,199.85000610351562,199.85000610351562,194.77999877929688,195.67999267578125,195.67999267578125,1652430
2021-10-25,198.64999389648438,198.64999389648438,194.05999755859375,195.7100067138672,195.7100067138672,1765164
2021-10-26,199.38999938964844,199.38999938964844,194.0500030517578,197.1300048828125,197.1300048828125,1534000
2021-10-27,203.38999938964844,203.38999938964844,194.10000610351562,196.5399932861328,196.5399932861328,617383
2021-10-28,209.0,209.0,192.97999572753906,193.67999267578125,193.67999267578125,3088059
2021-10-29,209.0,209.0,182.10000610351562,191.16000366210938,191.16000366210938,3221676
2021-11-01,208.8800048828125,208.8800048828125,191.36000061035156,193.83999633789062,193.83999633789062,1708376
2021-11-02,206.89999389648438,206.89999389648438,183.60000610351562,193.10000610351562,193.10000610351562,1283566
2021-11-03,200.0,200.0,190.10000610351562,192.5800018310547,192.5800018310547,955400
2021-11-04,207.8800048828125,207.8800048828125,185.11000061035156,193.58999633789062,193.58999633789062,671760
2021-11-08,200.0,200.0,192.60000610351562,195.3699951171875,195.3699951171875,1519865
2021-11-09,200.0,200.0,193.0,194.8800048828125,194.8800048828125,893324
2021-11-10,199.0,199.0,192.92999267578125,194.66000366210938,194.66000366210938,992035
2021-11-11,199.89999389648438,199.89999389648438,192.10000610351562,193.25,193.25,1515188
2021-11-12,198.0,198.0,191.25,195.4600067138672,195.4600067138672,783229
2021-11-15,199.5,199.5,190.0,195.52000427246094,195.52000427246094,996741
2021-11-16,199.5,199.5,194.14999389648438,194.47000122070312,194.47000122070312,814109
2021-11-17,199.5,199.5,192.10000610351562,193.52999877929688,193.52999877929688,688797
2021-11-18,197.44000244140625,197.44000244140625,191.3300018310547,192.13999938964844,192.13999938964844,1517958
2021-11-22,197.44000244140625,209.39999389648438,186.0,188.52999877929688,188.52999877929688,5172290
2021-11-23,193.39999389648438,193.39999389648438,177.1999969482422,189.39999389648438,189.39999389648438,3015629
2021-11-24,192.39999389648438,192.39999389648438,187.77999877929688,188.25,188.25,1530991
2021-11-25,188.6999969482422,189.85000610351562,187.1199951171875,189.50999450683594,189.50999450683594,1795882
2021-11-26,193.0,193.0,183.80999755859375,184.50999450683594,184.50999450683594,6059071
2021-11-29,187.66000366210938,187.66000366210938,180.10000610351562,184.5500030517578,184.5500030517578,2673261
2021-11-30,188.0,188.0,183.2100067138672,183.6999969482422,183.6999969482422,2393478
2021-12-01,187.5,187.5,183.10000610351562,185.72000122070312,185.72000122070312,1170241
2021-12-02,186.9199981689453,188.19000244140625,184.50999450683594,187.99000549316406,187.99000549316406,1486616
2021-12-03,192.5,192.5,185.75,186.0,186.0,1581371
2021-12-06,192.39999389648438,192.39999389648438,182.8000030517578,183.00999450683594,183.00999450683594,2784801
2021-12-07,190.0,190.0,180.10000610351562,185.7100067138672,185.7100067138672,1224647
2021-12-08,191.0,191.0,185.7100067138672,188.47999572753906,188.47999572753906,1425972
2021-12-09,192.5,192.5,187.16000366210938,189.13999938964844,189.13999938964844,1108273
2021-12-10,185.0,192.5,185.0,189.08999633789062,189.08999633789062,994683
2021-12-13,192.39999389648438,192.39999389648438,187.60000610351562,187.89999389648438,187.89999389648438,1528129
2021-12-14,188.14999389648438,192.39999389648438,184.91000366210938,187.3300018310547,187.3300018310547,1054763
2021-12-15,192.0,192.0,185.4499969482422,186.25,186.25,1079759
2021-12-16,190.0,190.0,185.0,186.6199951171875,186.6199951171875,1960645
2021-12-17,190.0,190.0,182.0,183.77000427246094,183.77000427246094,3432337
2021-12-20,187.5,187.5,177.85000610351562,179.92999267578125,179.92999267578125,11424477
2021-12-21,185.0,185.0,180.0,181.4499969482422,181.4499969482422,2314192
2021-12-22,185.0,185.0,180.0500030517578,183.3300018310547,183.3300018310547,1263241
2021-12-23,187.5,187.5,183.5,184.10000610351562,184.10000610351562,2003481
2021-12-24,187.5,187.5,180.10000610351562,183.4499969482422,183.4499969482422,1561743
2021-12-27,187.49000549316406,187.49000549316406,178.0,184.5500030517578,184.5500030517578,1195033
2021-12-28,187.4499969482422,187.4499969482422,184.5500030517578,186.3000030517578,186.3000030517578,1823403
2021-12-29,188.89999389648438,188.89999389648438,182.5,186.1199951171875,186.1199951171875,1149172
2021-12-30,186.72000122070312,187.4499969482422,185.3000030517578,186.13999938964844,186.13999938964844,1554321
2021-12-31,188.0,188.77000427246094,185.14999389648438,187.7899932861328,187.7899932861328,2531648
2022-01-03,190.0,190.9499969482422,185.3000030517578,190.72000122070312,190.72000122070312,2595035
2022-01-04,198.91000366210938,198.91000366210938,189.1999969482422,192.4600067138672,192.4600067138672,1985741
2022-01-05,195.0,195.0,191.3000030517578,193.33999633789062,193.33999633789062,1532485
2022-01-06,193.0,193.0,190.75,191.9199981689453,191.9199981689453,2295715
2022-01-07,194.0,194.0,191.39999389648438,192.4199981689453,192.4199981689453,1164892
2022-01-10,193.6999969482422,194.5,192.4499969482422,194.35000610351562,194.35000610351562,2125975
2022-01-11,196.0,196.0,193.25,194.69000244140625,194.69000244140625,1055181
2022-01-12,197.5,197.5,195.0500030517578,196.1999969482422,196.1999969482422,1506313
2022-01-13,198.8000030517578,198.8000030517578,195.8000030517578,197.0,197.0,1965999
2022-01-14,199.85000610351562,199.85000610351562,195.5,197.36000061035156,197.36000061035156,1926983
2022-01-17,223.0,223.0,195.6999969482422,198.02999877929688,198.02999877929688,1655939
2022-01-18,199.0,199.0,195.60000610351562,195.97000122070312,195.97000122070312,1936923
2022-01-19,221.39999389648438,221.39999389648438,193.0,194.17999267578125,194.17999267578125,1947061
2022-01-20,195.8000030517578,195.8000030517578,191.10000610351562,192.17999267578125,192.17999267578125,3125434
2022-01-21,191.99000549316406,191.99000549316406,189.22000122070312,190.63999938964844,190.63999938964844,3135380
2022-01-24,196.8000030517578,196.8000030517578,184.0500030517578,185.7899932861328,185.7899932861328,9706128
2022-01-25,185.49000549316406,187.3800048828125,183.0500030517578,187.07000732421875,187.07000732421875,5883754
2022-01-27,194.0,194.0,182.6999969482422,185.3300018310547,185.3300018310547,5945584
2022-01-28,187.75,188.05999755859375,184.8000030517578,185.10000610351562,185.10000610351562,2774965
2022-01-31,199.8800048828125,199.8800048828125,185.25,187.6300048828125,187.6300048828125,2238333
2022-02-01,190.8000030517578,190.8000030517578,178.11000061035156,189.6999969482422,189.6999969482422,4046199
2022-02-02,194.0,194.0,189.6999969482422,192.1199951171875,192.1199951171875,2272990
2022-02-03,195.0,195.0,189.60000610351562,190.00999450683594,190.00999450683594,2498448
2022-02-04,193.0,193.0,189.00999450683594,189.58999633789062,189.58999633789062,3276311
2022-02-07,193.0,193.0,185.38999938964844,186.33999633789062,186.33999633789062,3745509
2022-02-08,190.0,190.0,184.5,186.80999755859375,186.80999755859375,2401848
2022-02-09,199.85000610351562,199.85000610351562,187.10000610351562,189.02999877929688,189.02999877929688,1253049
2022-02-10,191.5,191.5,188.5,190.11000061035156,190.11000061035156,3300794
2022-02-11,192.5,192.5,187.0,188.0,188.0,2152018
2022-02-14,187.5,187.5,182.3000030517578,182.58999633789062,182.58999633789062,7366629
2022-02-15,185.0,187.8800048828125,182.58999633789062,187.58999633789062,187.58999633789062,2687788
2022-02-16,190.0,190.0,186.4499969482422,187.13999938964844,187.13999938964844,2043037
2022-02-17,190.0,190.0,186.1699981689453,186.92999267578125,186.92999267578125,1415247
2022-02-18,183.3000030517578,190.0,183.3000030517578,186.63999938964844,186.63999938964844,1659566
2022-02-21,190.0,190.0,184.69000244140625,186.2899932861328,186.2899932861328,2084966
2022-02-22,186.0,186.0,182.69000244140625,185.27000427246094,185.27000427246094,4189474
2022-02-23,187.99000549316406,187.99000549316406,184.5800018310547,185.0500030517578,185.0500030517578,1460494
2022-02-24,180.60000610351562,189.9499969482422,177.0,178.36000061035156,178.36000061035156,19565577
2022-02-25,185.0,185.0,179.0,180.85000610351562,180.85000610351562,5674475
2022-02-28,189.8800048828125,189.8800048828125,176.10000610351562,181.83999633789062,181.83999633789062,4466025
2022-03-02,185.0,185.0,178.3000030517578,180.10000610351562,180.10000610351562,5163914
2022-03-03,184.89999389648438,184.89999389648438,178.3000030517578,178.86000061035156,178.86000061035156,3247919
2022-03-04,178.47999572753906,178.47999572753906,175.05999755859375,176.25999450683594,176.25999450683594,8765287
2022-03-07,176.89999389648438,176.89999389648438,171.25,172.3300018310547,172.3300018310547,13669797
2022-03-08,177.5500030517578,177.5500030517578,170.25999450683594,173.39999389648438,173.39999389648438,9202552
2022-03-09,180.0,180.0,173.14999389648438,176.97999572753906,176.97999572753906,4224355
2022-03-10,177.25,183.89999389648438,177.25,179.64999389648438,179.64999389648438,4577829
2022-03-11,183.0,183.0,177.16000366210938,179.97999572753906,179.97999572753906,2724636
2022-03-14,182.0,182.99000549316406,178.35000610351562,182.61000061035156,182.61000061035156,3096236
2022-03-15,185.0,185.0,179.50999450683594,180.60000610351562,180.60000610351562,2958912
2022-03-16,183.60000610351562,183.8000030517578,181.8000030517578,183.66000366210938,183.66000366210938,2288980
2022-03-17,188.0,188.0,185.1999969482422,186.7100067138672,186.7100067138672,4130440
2022-03-21,190.0,190.0,182.0,185.3800048828125,185.3800048828125,2590277
2022-03-22,189.0,193.75,184.1999969482422,187.33999633789062,187.33999633789062,2606331
2022-03-23,190.0,190.0,185.0,186.33999633789062,186.33999633789062,2584326
2022-03-24,198.0,198.0,177.8000030517578,186.08999633789062,186.08999633789062,2232760
2022-03-25,187.1199951171875,187.1199951171875,185.0,185.82000732421875,185.82000732421875,5968779
2022-03-28,188.1999969482422,188.1999969482422,184.3000030517578,186.32000732421875,186.32000732421875,3218703
2022-03-29,190.0,190.0,184.14999389648438,187.22000122070312,187.22000122070312,2197933
2022-03-30,191.5,191.5,187.75,188.91000366210938,188.91000366210938,3621150
2022-03-31,190.5,190.5,188.14999389648438,188.8699951171875,188.8699951171875,2204741
2022-04-01,189.94000244140625,190.9600067138672,185.0,190.47000122070312,190.47000122070312,14131760
2022-04-04,190.5,195.35000610351562,190.5,195.19000244140625,195.19000244140625,10721051
2022-04-05,196.74000549316406,197.14999389648438,194.10000610351562,194.5500030517578,194.5500030517578,5835051
2022-04-06,194.24000549316406,194.24000549316406,192.6999969482422,193.0,193.0,2181412
2022-04-07,193.0,193.0,191.05999755859375,191.25999450683594,191.25999450683594,2595043
2022-04-08,195.0,195.0,189.1300048828125,192.75999450683594,192.75999450683594,2055024
2022-04-11,193.5399932861328,193.5399932861328,191.0,191.6699981689453,191.6699981689453,3910874
2022-04-12,189.86000061035156,210.0,189.1999969482422,190.4199981689453,190.4199981689453,7386091
2022-04-13,195.0,195.0,189.3300018310547,189.5399932861328,189.5399932861328,3323040
2022-04-18,188.5500030517578,188.5500030517578,185.25,186.22999572753906,186.22999572753906,6161166
2022-04-19,185.0,187.6999969482422,182.39999389648438,183.67999267578125,183.67999267578125,4548205
2022-04-20,191.88999938964844,191.88999938964844,182.1999969482422,185.86000061035156,185.86000061035156,1850293
2022-04-21,209.5500030517578,209.5500030517578,184.41000366210938,188.10000610351562,188.10000610351562,1893836
2022-04-22,188.24000549316406,188.24000549316406,184.75,186.08999633789062,186.08999633789062,1826897
2022-04-25,186.69000244140625,186.69000244140625,183.25,183.86000061035156,183.86000061035156,3788167
2022-04-26,194.8800048828125,194.8800048828125,184.47000122070312,186.11000061035156,186.11000061035156,1293913
2022-04-27,200.0,200.0,183.61000061035156,184.77999877929688,184.77999877929688,2079309
2022-04-28,188.5,194.8800048828125,184.8000030517578,186.41000366210938,186.41000366210938,2128010
2022-04-29,192.75,192.75,184.8000030517578,185.42999267578125,185.42999267578125,2139926
2022-05-02,176.25,185.25,176.25,185.1199951171875,185.1199951171875,2891664
2022-05-04,193.97999572753906,193.97999572753906,180.5,181.0500030517578,181.0500030517578,6683312
2022-05-05,194.47999572753906,194.47999572753906,180.6999969482422,181.00999450683594,181.00999450683594,2971622
2022-05-06,180.49000549316406,180.49000549316406,177.35000610351562,177.94000244140625,177.94000244140625,9509041
2022-05-09,171.0,184.8800048828125,171.0,176.9499969482422,176.9499969482422,5393087
2022-05-10,184.60000610351562,184.60000610351562,175.1999969482422,176.16000366210938,176.16000366210938,3075228
2022-05-11,153.3000030517578,181.89999389648438,153.3000030517578,175.33999633789062,175.33999633789062,5356589
2022-05-12,174.99000549316406,175.0,170.9600067138672,171.72000122070312,171.72000122070312,12227812
2022-05-13,178.89999389648438,178.89999389648438,171.00999450683594,171.39999389648438,171.39999389648438,4861805
2022-05-16,176.8000030517578,176.8000030517578,171.0,172.1300048828125,172.1300048828125,3448002
2022-05-17,176.89999389648438,176.89999389648438,171.00999450683594,176.44000244140625,176.44000244140625,3600691
2022-05-18,178.99000549316406,178.99000549316406,175.2100067138672,176.0500030517578,176.0500030517578,2871652
2022-05-19,175.99000549316406,175.99000549316406,171.5,171.6999969482422,171.6999969482422,6755953
2022-05-20,176.99000549316406,176.99000549316406,172.00999450683594,175.9199981689453,175.9199981689453,2696074
2022-05-23,178.99000549316406,178.99000549316406,174.89999389648438,175.52999877929688,175.52999877929688,3285457
2022-05-24,177.99000549316406,177.99000549316406,174.25999450683594,175.08999633789062,175.08999633789062,1629644
2022-05-25,176.8000030517578,176.8000030517578,173.25999450683594,174.1300048828125,174.1300048828125,2332641
2022-05-26,176.6999969482422,176.6999969482422,173.0,175.57000732421875,175.57000732421875,3043887
2022-05-27,179.8000030517578,179.8000030517578,175.14999389648438,177.10000610351562,177.10000610351562,2037316
2022-05-30,182.89999389648438,182.89999389648438,177.5500030517578,180.42999267578125,180.42999267578125,3814752
2022-05-31,180.99000549316406,180.99000549316406,177.25,179.8699951171875,179.8699951171875,2419814
2022-06-01,180.19000244140625,180.6999969482422,178.5500030517578,179.58999633789062,179.58999633789062,2011588
2022-06-02,180.99000549316406,180.99000549316406,178.0,180.67999267578125,180.67999267578125,1852591
2022-06-03,183.5,184.99000549316406,180.0,180.2100067138672,180.2100067138672,2096915
2022-06-06,181.99000549316406,181.99000549316406,176.25,180.14999389648438,180.14999389648438,2076981
2022-06-07,181.8800048828125,181.8800048828125,177.25,178.55999755859375,178.55999755859375,4870947
2022-06-08,181.86000061035156,181.86000061035156,177.5,178.0800018310547,178.0800018310547,3371153
2022-06-09,179.99000549316406,179.99000549316406,176.3300018310547,179.39999389648438,179.39999389648438,1756747
2022-06-10,178.99000549316406,178.99000549316406,176.13999938964844,176.4600067138672,176.4600067138672,3447645
2022-06-13,175.99000549316406,175.99000549316406,170.9499969482422,171.8699951171875,171.8699951171875,11691798
2022-06-14,172.99000549316406,172.99000549316406,170.05999755859375,171.3000030517578,171.3000030517578,4062092
2022-06-15,173.99000549316406,173.99000549316406,171.0,171.10000610351562,171.10000610351562,2578431
2022-06-16,172.89999389648438,172.89999389648438,167.30999755859375,167.55999755859375,167.55999755859375,12278413
2022-06-17,170.89999389648438,170.89999389648438,165.8699951171875,166.8699951171875,166.8699951171875,7864469
2022-06-20,169.89999389648438,169.89999389648438,165.6999969482422,167.30999755859375,167.30999755859375,3305437
2022-06-21,169.5,170.89999389648438,167.47000122070312,170.25999450683594,170.25999450683594,3266551
2022-06-22,171.99000549316406,171.99000549316406,167.8000030517578,168.0800018310547,168.0800018310547,3538333
2022-06-23,169.99000549316406,170.27000427246094,166.11000061035156,169.7100067138672,169.7100067138672,3924398
2022-06-24,172.99000549316406,172.99000549316406,169.89999389648438,171.16000366210938,171.16000366210938,2402113
2022-06-27,171.0,173.89999389648438,171.0,172.6199951171875,172.6199951171875,3876553
2022-06-28,173.99000549316406,173.99000549316406,171.3000030517578,172.64999389648438,172.64999389648438,2233374
2022-06-29,172.99000549316406,172.99000549316406,170.3000030517578,171.86000061035156,171.86000061035156,2225141
2022-06-30,172.99000549316406,172.99000549316406,170.0,171.60000610351562,171.60000610351562,3002593
2022-07-01,172.3800048828125,172.3800048828125,169.0,171.63999938964844,171.63999938964844,3629619
2022-07-04,172.89999389648438,172.89999389648438,170.64999389648438,172.6300048828125,172.6300048828125,3249155
2022-07-05,175.0,175.99000549316406,170.11000061035156,172.0399932861328,172.0399932861328,4628550
2022-07-06,174.67999267578125,174.67999267578125,170.91000366210938,174.1199951171875,174.1199951171875,3536136
2022-07-07,175.35000610351562,175.6999969482422,174.39999389648438,175.5399932861328,175.5399932861328,4128319
2022-07-08,178.99000549316406,178.99000549316406,175.5800018310547,176.27999877929688,176.27999877929688,2797277
2022-07-11,178.8800048828125,178.8800048828125,175.0800018310547,176.22999572753906,176.22999572753906,3234345
2022-07-12,175.89999389648438,176.0,174.6999969482422,175.10000610351562,175.10000610351562,3180084
2022-07-13,177.99000549316406,177.99000549316406,173.9499969482422,174.05999755859375,174.05999755859375,2719238
2022-07-14,176.44000244140625,176.44000244140625,172.11000061035156,173.92999267578125,173.92999267578125,2693779
2022-07-15,176.97000122070312,176.97000122070312,171.11000061035156,175.02000427246094,175.02000427246094,1883447
2022-07-18,176.6999969482422,177.5,175.5500030517578,177.38999938964844,177.38999938964844,3244564
2022-07-19,176.8000030517578,178.19000244140625,175.89999389648438,177.8800048828125,177.8800048828125,3104562
2022-07-20,182.8000030517578,182.8000030517578,178.6999969482422,179.52999877929688,179.52999877929688,6831455
2022-07-21,180.97000122070312,180.97000122070312,178.1999969482422,180.5399932861328,180.5399932861328,3246465
2022-07-22,177.11000061035156,182.8699951171875,177.11000061035156,181.88999938964844,181.88999938964844,4042684
2022-07-25,182.9499969482422,184.50999450683594,180.3000030517578,181.4600067138672,181.4600067138672,2877584
2022-07-26,176.10000610351562,181.9499969482422,176.10000610351562,179.91000366210938,179.91000366210938,2484141
2022-07-27,180.88999938964844,181.8000030517578,178.60000610351562,181.60000610351562,181.60000610351562,3065858
2022-07-28,184.5,184.5,180.11000061035156,184.17999267578125,184.17999267578125,4186901
2022-07-29,185.0,186.8000030517578,184.25,186.5399932861328,186.5399932861328,5387909
2022-08-01,186.5399932861328,190.0,186.5399932861328,188.6300048828125,188.6300048828125,4377216
2022-08-02,199.99000549316406,199.99000549316406,183.0,188.6199951171875,188.6199951171875,4921260
2022-08-03,188.89999389648438,189.39999389648438,180.00999450683594,189.11000061035156,189.11000061035156,4471989
2022-08-04,190.25,190.67999267578125,187.02999877929688,189.1699981689453,189.1699981689453,5968154
2022-08-05,180.00999450683594,191.0500030517578,180.00999450683594,189.25,189.25,2653504
2022-08-08,189.75,191.0399932861328,188.3000030517578,190.7899932861328,190.7899932861328,3810443
2022-08-10,199.8000030517578,199.99000549316406,189.97999572753906,191.0399932861328,191.0399932861328,3095220
2022-08-11,193.97000122070312,193.97000122070312,191.5,192.33999633789062,192.33999633789062,3668655
2022-08-12,199.99000549316406,199.99000549316406,191.7100067138672,192.86000061035156,192.86000061035156,3145464
2022-08-16,199.74000549316406,199.74000549316406,192.89999389648438,194.08999633789062,194.08999633789062,3334064
2022-08-17,198.1999969482422,198.1999969482422,194.1999969482422,195.5500030517578,195.5500030517578,3137343
2022-08-18,196.5,196.88999938964844,194.1999969482422,195.7100067138672,195.7100067138672,2704745
2022-08-19,196.6300048828125,196.6300048828125,193.1199951171875,193.61000061035156,193.61000061035156,3331050
2022-08-22,168.39999389648438,194.05999755859375,168.39999389648438,190.9499969482422,190.9499969482422,4313595
2022-08-23,190.74000549316406,192.6999969482422,189.52999877929688,192.19000244140625,192.19000244140625,3058581
2022-08-24,192.89999389648438,192.89999389648438,191.1999969482422,192.6300048828125,192.6300048828125,2424213
2022-08-25,194.89999389648438,195.3300018310547,191.3000030517578,191.77999877929688,191.77999877929688,6427666
2022-08-26,192.89999389648438,193.39999389648438,191.41000366210938,191.9199981689453,191.9199981689453,3251054
2022-08-29,191.72000122070312,191.72000122070312,187.5500030517578,189.44000244140625,189.44000244140625,4760712
2022-08-30,187.5500030517578,194.19000244140625,187.5500030517578,193.9199981689453,193.9199981689453,4642129
2022-09-01,193.6999969482422,193.6999969482422,190.85000610351562,191.82000732421875,191.82000732421875,4624714
2022-09-02,192.4499969482422,199.16000366210938,182.0,191.61000061035156,191.61000061035156,2395807
2022-09-05,192.89999389648438,193.10000610351562,190.8699951171875,192.97999572753906,192.97999572753906,2254231
2022-09-06,194.44000244140625,194.8800048828125,191.9499969482422,192.47999572753906,192.47999572753906,2859680
2022-09-07,192.39999389648438,192.64999389648438,188.02000427246094,192.3699951171875,192.3699951171875,1934621
2022-09-08,199.8800048828125,199.8800048828125,192.50999450683594,194.0,194.0,5317112
2022-09-09,195.44000244140625,195.50999450683594,194.17999267578125,194.60000610351562,194.60000610351562,4205205
2022-09-12,195.99000549316406,196.10000610351562,194.0,195.63999938964844,195.63999938964844,2293757
2022-09-13,196.8000030517578,197.19000244140625,195.6999969482422,196.9499969482422,196.9499969482422,2522993
2022-09-14,196.74000549316406,197.1999969482422,193.10000610351562,196.27000427246094,196.27000427246094,3582553
2022-09-15,197.47000122070312,197.47000122070312,195.0,195.69000244140625,195.69000244140625,4888170
2022-09-16,195.64999389648438,195.64999389648438,191.55999755859375,191.89999389648438,191.89999389648438,5325137
2022-09-19,195.5,195.5,190.72000122070312,192.75,192.75,2293767
2022-09-20,194.9499969482422,195.49000549316406,193.1999969482422,194.44000244140625,194.44000244140625,2278101
2022-09-21,195.22000122070312,195.22000122070312,192.72999572753906,193.5,193.5,1636057
2022-09-22,193.49000549316406,193.91000366210938,191.89999389648438,192.9199981689453,192.9199981689453,2708403
2022-09-23,197.49000549316406,197.49000549316406,189.5,189.63999938964844,189.63999938964844,4921522
2022-09-26,194.5,194.5,185.83999633789062,186.2100067138672,186.2100067138672,7436755
2022-09-27,188.44000244140625,188.44000244140625,185.25999450683594,186.0500030517578,186.0500030517578,3441924
2022-09-28,185.9499969482422,186.22000122070312,183.8000030517578,184.47000122070312,184.47000122070312,3516093
2022-09-29,186.85000610351562,186.85000610351562,183.7100067138672,184.07000732421875,184.07000732421875,3635933
2022-09-30,189.8800048828125,189.8800048828125,181.8000030517578,186.8300018310547,186.8300018310547,4013074
2022-10-03,184.60000610351562,187.92999267578125,183.97000122070312,184.25,184.25,6396852
2022-10-04,186.8000030517578,188.5,185.36000061035156,188.2899932861328,188.2899932861328,3000236
2022-10-06,188.30999755859375,194.8800048828125,188.30999755859375,188.94000244140625,188.94000244140625,2974260
2022-10-07,193.8800048828125,193.8800048828125,187.91000366210938,189.19000244140625,189.19000244140625,2649450
2022-10-10,188.94000244140625,189.0500030517578,186.6300048828125,188.75,188.75,3446075
2022-10-11,190.75,190.75,185.4499969482422,185.8699951171875,185.8699951171875,3380501
2022-10-12,176.11000061035156,187.69000244140625,176.11000061035156,187.2100067138672,187.2100067138672,1869801
2022-10-13,187.58999633789062,187.60000610351562,185.61000061035156,186.22999572753906,186.22999572753906,2569015
2022-10-14,192.1999969482422,192.1999969482422,187.6999969482422,188.02000427246094,188.02000427246094,3543010
2022-10-17,188.60000610351562,189.0,186.05999755859375,188.8300018310547,188.8300018310547,3270253
2022-10-18,190.3000030517578,190.99000549316406,189.25,190.63999938964844,190.63999938964844,2767074
2022-10-19,194.5,194.5,190.17999267578125,190.8300018310547,190.8300018310547,2327685
2022-10-20,191.5,191.67999267578125,188.91000366210938,191.44000244140625,191.44000244140625,2191179
2022-10-21,191.97000122070312,192.5500030517578,190.64999389648438,191.52000427246094,191.52000427246094,2630619
2022-10-24,194.3000030517578,194.39999389648438,192.50999450683594,193.1699981689453,193.1699981689453,1953310
2022-10-25,195.1699981689453,195.1699981689453,191.57000732421875,192.49000549316406,192.49000549316406,1716854
2022-10-27,192.61000061035156,194.14999389648438,192.61000061035156,193.4499969482422,193.4499969482422,2769911
2022-10-28,194.6999969482422,194.6999969482422,193.00999450683594,193.9600067138672,193.9600067138672,3761604
2022-10-31,195.6999969482422,196.5,194.5,196.27000427246094,196.27000427246094,8882827
2022-11-01,197.8000030517578,198.24000549316406,196.36000061035156,197.97999572753906,197.97999572753906,3943610
2022-11-02,198.8000030517578,198.8000030517578,197.07000732421875,197.41000366210938,197.41000366210938,1911519
2022-11-03,197.39999389648438,197.82000732421875,194.60000610351562,197.38999938964844,197.38999938964844,2800681
2022-11-04,198.60000610351562,198.60000610351562,196.6999969482422,197.77000427246094,197.77000427246094,1577276
2022-11-07,199.0,199.39999389648438,197.4199981689453,198.6199951171875,198.6199951171875,2821469
2022-11-09,203.49000549316406,203.49000549316406,198.14999389648438,198.32000732421875,198.32000732421875,2373360
2022-11-10,198.1999969482422,198.1999969482422,196.25,196.86000061035156,196.86000061035156,3993577
2022-11-11,199.3699951171875,200.35000610351562,198.4499969482422,200.22000122070312,200.22000122070312,4245671
2022-11-14,200.6999969482422,200.9600067138672,199.02000427246094,200.1699981689453,200.1699981689453,2067441
2022-11-15,201.6699981689453,201.6699981689453,199.8000030517578,200.91000366210938,200.91000366210938,1776273
2022-11-16,201.9499969482422,201.9499969482422,200.27999877929688,200.8699951171875,200.8699951171875,1886431
2022-11-17,201.25,201.25,199.4499969482422,200.1999969482422,200.1999969482422,1304936
2022-11-18,201.25,201.25,199.05999755859375,199.9199981689453,199.9199981689453,1728259
2022-11-21,199.99000549316406,199.99000549316406,198.39999389648438,198.5500030517578,198.5500030517578,1737709
2022-11-22,199.72999572753906,199.72999572753906,198.00999450683594,199.22999572753906,199.22999572753906,1091138
2022-11-23,200.52000427246094,200.52000427246094,199.1699981689453,199.50999450683594,199.50999450683594,840243
2022-11-24,200.72000122070312,202.22000122070312,199.4499969482422,201.72000122070312,201.72000122070312,2727692
2022-11-25,202.3699951171875,202.63999938964844,201.44000244140625,202.35000610351562,202.35000610351562,1925380
2022-11-28,203.52000427246094,203.52000427246094,200.91000366210938,203.0399932861328,203.0399932861328,1977790
2022-11-29,207.49000549316406,207.49000549316406,201.91000366210938,203.42999267578125,203.42999267578125,1317579
2022-11-30,207.47999572753906,207.47999572753906,202.75,204.6999969482422,204.6999969482422,1923386
2022-12-01,207.49000549316406,207.49000549316406,204.72999572753906,205.5399932861328,205.5399932861328,2261605
2022-12-02,207.49000549316406,207.49000549316406,203.89999389648438,204.80999755859375,204.80999755859375,2370387
2022-12-05,207.49000549316406,207.49000549316406,203.64999389648438,204.44000244140625,204.44000244140625,1627546
2022-12-06,206.47999572753906,206.47999572753906,203.5,204.13999938964844,204.13999938964844,1902955
2022-12-07,203.8699951171875,207.24000549316406,202.60000610351562,202.8699951171875,202.8699951171875,1710285
2022-12-08,176.5,203.8000030517578,176.5,203.6199951171875,203.6199951171875,1374081
2022-12-09,207.49000549316406,207.49000549316406,201.7100067138672,202.47999572753906,202.47999572753906,2109284
2022-12-12,204.8000030517578,205.8000030517578,200.5500030517578,202.61000061035156,202.61000061035156,1734167
2022-12-13,207.49000549316406,207.49000549316406,202.30999755859375,203.77000427246094,203.77000427246094,1196576
2022-12-14,204.99000549316406,204.99000549316406,203.77000427246094,204.35000610351562,204.35000610351562,1172749
2022-12-15,204.75,204.75,201.32000732421875,201.5800018310547,201.5800018310547,2332679
2022-12-16,202.35000610351562,202.35000610351562,200.0,200.16000366210938,200.16000366210938,2171653
2022-12-19,201.4199981689453,201.7899932861328,198.66000366210938,201.6699981689453,201.6699981689453,1720911
2022-12-20,203.85000610351562,203.85000610351562,199.25,201.2100067138672,201.2100067138672,2308276
2022-12-21,203.9499969482422,203.9499969482422,199.0,199.39999389648438,199.39999389648438,2461367
2022-12-22,199.39999389648438,202.30999755859375,197.89999389648438,198.5500030517578,198.5500030517578,3234997
2022-12-23,201.42999267578125,201.42999267578125,194.8000030517578,195.14999389648438,195.14999389648438,8961067
2022-12-26,198.50999450683594,198.50999450683594,194.8000030517578,197.22999572753906,197.22999572753906,3648955
2022-12-27,198.91000366210938,198.91000366210938,196.5800018310547,198.0,198.0,2669146
2022-12-28,198.9499969482422,198.9499969482422,197.00999450683594,197.99000549316406,197.99000549316406,1880252
2022-12-29,197.89999389648438,199.0800018310547,196.75999450683594,198.77999877929688,198.77999877929688,2374539
2022-12-30,199.89999389648438,200.13999938964844,197.6999969482422,198.0399932861328,198.0399932861328,1739603
2023-01-02,200.99000549316406,201.0,197.49000549316406,199.33999633789062,199.33999633789062,2493866
2023-01-03,199.9499969482422,199.9499969482422,198.38999938964844,199.67999267578125,199.67999267578125,1940837
2023-01-04,200.89999389648438,200.89999389648438,197.39999389648438,197.6699981689453,197.6699981689453,4078852
2023-01-05,198.9499969482422,198.9499969482422,195.0,197.07000732421875,197.07000732421875,3469951
2023-01-06,198.14999389648438,198.14999389648438,194.99000549316406,195.72000122070312,195.72000122070312,4510923
2023-01-09,195.75999450683594,199.0,195.72000122070312,198.27999877929688,198.27999877929688,4956377
2023-01-10,198.27999877929688,199.17999267578125,195.6199951171875,196.1300048828125,196.1300048828125,4208652
2023-01-11,195.8800048828125,198.99000549316406,195.25,196.1300048828125,196.1300048828125,3138094
2023-01-12,202.0,202.0,194.5500030517578,195.61000061035156,195.61000061035156,4091350
2023-01-13,196.89999389648438,197.14999389648438,194.72999572753906,196.61000061035156,196.61000061035156,5526052
2023-01-16,196.61000061035156,198.5,195.60000610351562,196.05999755859375,196.05999755859375,7648402
2023-01-17,196.0,198.0,195.80999755859375,197.47000122070312,197.47000122070312,1991902
2023-01-18,199.0,199.0,197.17999267578125,198.64999389648438,198.64999389648438,2287113
2023-01-19,199.41000366210938,199.41000366210938,197.6699981689453,198.42999267578125,198.42999267578125,2708429
2023-01-20,199.88999938964844,199.88999938964844,197.30999755859375,197.4499969482422,197.4499969482422,2223368
2023-01-23,198.58999633789062,199.0,197.61000061035156,198.44000244140625,198.44000244140625,2094688
2023-01-24,199.94000244140625,199.94000244140625,198.0,198.4199981689453,198.4199981689453,2565279
2023-01-25,199.44000244140625,199.44000244140625,195.60000610351562,196.0399932861328,196.0399932861328,6494563
2023-01-27,196.9499969482422,197.1999969482422,191.58999633789062,193.0,193.0,9584276
2023-01-30,194.89999389648438,194.89999389648438,190.5,193.25,193.25,5730169
2023-01-31,196.49000549316406,196.49000549316406,192.2100067138672,193.44000244140625,193.44000244140625,3329551
2023-02-01,196.99000549316406,196.99000549316406,190.60000610351562,193.1300048828125,193.1300048828125,8057541
2023-02-02,194.60000610351562,194.60000610351562,191.11000061035156,192.91000366210938,192.91000366210938,3791585
2023-02-03,198.6999969482422,203.5,190.00999450683594,195.1199951171875,195.1199951171875,3016836
2023-02-06,199.89999389648438,201.0,193.91000366210938,194.47999572753906,194.47999572753906,3620105
2023-02-07,196.16000366210938,196.16000366210938,193.39999389648438,194.0399932861328,194.0399932861328,2395912
2023-02-08,194.1999969482422,195.8000030517578,189.10000610351562,195.5399932861328,195.5399932861328,2609453
2023-02-09,201.39999389648438,201.39999389648438,194.61000061035156,195.88999938964844,195.88999938964844,1549469
2023-02-10,197.97000122070312,197.97000122070312,194.38999938964844,195.49000549316406,195.49000549316406,2023921
2023-02-13,195.49000549316406,198.1999969482422,193.92999267578125,194.60000610351562,194.60000610351562,2212140
2023-02-14,197.88999938964844,197.88999938964844,194.60000610351562,195.97999572753906,195.97999572753906,1787208
2023-02-15,196.97999572753906,197.3699951171875,194.1300048828125,197.0800018310547,197.0800018310547,2993357
2023-02-16,198.47999572753906,198.47999572753906,196.60000610351562,197.35000610351562,197.35000610351562,6236138
2023-02-17,198.88999938964844,198.88999938964844,195.75,196.3000030517578,196.3000030517578,2173248
2023-02-20,198.69000244140625,198.69000244140625,195.35000610351562,195.58999633789062,195.58999633789062,2447234
2023-02-21,196.25,196.52000427246094,193.25,195.25999450683594,195.25999450683594,1372747
2023-02-22,196.88999938964844,196.88999938964844,192.2100067138672,192.50999450683594,192.50999450683594,5800058
2023-02-23,194.49000549316406,194.49000549316406,191.44000244140625,192.00999450683594,192.00999450683594,3169952
2023-02-24,193.99000549316406,195.0,191.0500030517578,191.4600067138672,191.4600067138672,3398062
2023-02-27,192.8699951171875,192.8699951171875,189.72999572753906,190.55999755859375,190.55999755859375,5767403
2023-02-28,192.47999572753906,192.47999572753906,189.1999969482422,189.6999969482422,189.6999969482422,4381495
2023-03-01,191.88999938964844,191.88999938964844,189.80999755859375,191.27999877929688,191.27999877929688,3076476
2023-03-02,192.64999389648438,196.5,189.75999450683594,189.92999267578125,189.92999267578125,2987464
2023-03-03,193.14999389648438,193.14999389648438,190.3300018310547,192.50999450683594,192.50999450683594,2667912
2023-03-06,193.88999938964844,194.39999389648438,192.61000061035156,193.6300048828125,193.6300048828125,3539187
2023-03-08,194.6300048828125,194.6300048828125,190.60000610351562,193.9499969482422,193.9499969482422,2484812
2023-03-09,188.14999389648438,194.64999389648438,188.14999389648438,192.63999938964844,192.63999938964844,1880541
2023-03-10,191.91000366210938,191.9199981689453,190.0,190.75,190.75,4412613
2023-03-13,192.64999389648438,192.64999389648438,187.64999389648438,188.1199951171875,188.1199951171875,6256213
2023-03-14,189.44000244140625,189.6999969482422,186.30999755859375,186.91000366210938,186.91000366210938,6706987
2023-03-15,192.5,192.5,185.75999450683594,186.10000610351562,186.10000610351562,4642899
2023-03-16,188.52000427246094,188.52000427246094,184.8000030517578,186.22999572753906,186.22999572753906,6662192
2023-03-17,189.52000427246094,189.52000427246094,185.89999389648438,187.4199981689453,187.4199981689453,3874547
2023-03-20,188.39999389648438,188.39999389648438,184.50999450683594,186.1999969482422,186.1999969482422,6338005
2023-03-21,187.88999938964844,187.89999389648438,186.00999450683594,187.4600067138672,187.4600067138672,3095592
2023-03-22,188.75,188.75,187.4600067138672,187.8800048828125,187.8800048828125,1690955
2023-03-23,189.7899932861328,189.7899932861328,186.6699981689453,186.91000366210938,186.91000366210938,2184996
2023-03-24,187.89999389648438,187.89999389648438,185.36000061035156,185.67999267578125,185.67999267578125,2913376
2023-03-27,186.63999938964844,187.14999389648438,185.60000610351562,186.17999267578125,186.17999267578125,4064269
2023-03-28,187.52999877929688,187.52999877929688,185.25,185.7100067138672,185.7100067138672,2453607
2023-03-29,187.49000549316406,187.49000549316406,185.00999450683594,187.08999633789062,187.08999633789062,4340723
2023-03-31,187.22000122070312,190.0,187.22000122070312,189.86000061035156,189.86000061035156,4565764
2023-04-03,191.49000549316406,191.49000549316406,189.44000244140625,190.55999755859375,190.55999755859375,3116133
2023-04-05,191.55999755859375,192.47000122070312,189.77000427246094,192.19000244140625,192.19000244140625,3722034
2023-04-06,189.1999969482422,193.25,189.1999969482422,192.94000244140625,192.94000244140625,3850733
2023-04-10,194.38999938964844,194.38999938964844,192.4499969482422,192.63999938964844,192.63999938964844,3616730
2023-04-11,193.91000366210938,193.91000366210938,192.6999969482422,193.75999450683594,193.75999450683594,2803718
2023-04-12,193.88999938964844,194.8000030517578,193.57000732421875,194.63999938964844,194.63999938964844,3379714
2023-04-13,194.6300048828125,195.10000610351562,193.8000030517578,194.77000427246094,194.77000427246094,2325172
2023-04-17,196.0,196.0,192.5,193.91000366210938,193.91000366210938,3607785
2023-04-18,194.91000366210938,194.91000366210938,192.66000366210938,193.24000549316406,193.24000549316406,2337292
2023-04-19,194.0,194.0,192.5800018310547,192.86000061035156,192.86000061035156,1589928
2023-04-20,194.0,194.0,192.47999572753906,192.99000549316406,192.99000549316406,1462582
2023-04-21,192.5,194.1999969482422,192.39999389648438,192.85000610351562,192.85000610351562,2343908
2023-04-24,194.39999389648438,194.39999389648438,192.8000030517578,193.9499969482422,193.9499969482422,2133367
2023-04-25,194.58999633789062,194.60000610351562,193.58999633789062,194.1300048828125,194.1300048828125,1919289
2023-04-26,194.5,194.75,193.5,194.6199951171875,194.6199951171875,2094677
2023-04-27,195.1999969482422,196.35000610351562,193.86000061035156,195.92999267578125,195.92999267578125,2989666
2023-04-28,196.8000030517578,197.72000122070312,195.74000549316406,197.2899932861328,197.2899932861328,3403218
2023-05-02,198.5,199.6999969482422,196.11000061035156,198.38999938964844,198.38999938964844,3544119
2023-05-03,199.7899932861328,199.7899932861328,197.27999877929688,197.67999267578125,197.67999267578125,2129998
2023-05-04,199.4499969482422,199.61000061035156,197.02999877929688,199.44000244140625,199.44000244140625,3692955
2023-05-05,199.88999938964844,199.88999938964844,197.6699981689453,197.83999633789062,197.83999633789062,2599608
2023-05-08,197.9499969482422,199.99000549316406,197.83999633789062,199.7100067138672,199.7100067138672,3809627
2023-05-09,200.39999389648438,200.49000549316406,199.0500030517578,199.6999969482422,199.6999969482422,2707305
2023-05-10,200.1999969482422,200.3699951171875,199.0800018310547,200.0,200.0,2638312
2023-05-11,200.99000549316406,200.99000549316406,199.9600067138672,200.35000610351562,200.35000610351562,2372007
2023-05-12,200.27000427246094,200.4499969482422,199.05999755859375,200.25999450683594,200.25999450683594,2056983
2023-05-15,200.25999450683594,201.7899932861328,199.94000244140625,201.33999633789062,201.33999633789062,3684085
2023-05-16,200.25,202.25,200.25,200.50999450683594,200.50999450683594,3197335
2023-05-17,201.25,201.49000549316406,199.0,199.75999450683594,199.75999450683594,3548756
2023-05-18,201.38999938964844,201.49000549316406,198.8000030517578,199.0500030517578,199.0500030517578,3150576
2023-05-19,205.0,205.0,198.25,199.82000732421875,199.82000732421875,3295080
2023-05-22,200.49000549316406,200.92999267578125,199.0500030517578,200.74000549316406,200.74000549316406,2330996
2023-05-23,200.0500030517578,201.6999969482422,200.0500030517578,201.02000427246094,201.02000427246094,2612792
2023-05-24,201.49000549316406,201.5,199.80999755859375,200.24000549316406,200.24000549316406,2413489
2023-05-25,200.9499969482422,200.9499969482422,199.25999450683594,200.6999969482422,200.6999969482422,2891537
2023-05-26,201.88999938964844,203.27000427246094,200.0500030517578,202.85000610351562,202.85000610351562,4684612
2023-05-29,202.85000610351562,204.8000030517578,202.85000610351562,204.13999938964844,204.13999938964844,3856380
2023-05-30,205.49000549316406,205.49000549316406,202.52999877929688,204.36000061035156,204.36000061035156,2613440
2023-05-31,205.49000549316406,205.49000549316406,203.05999755859375,203.66000366210938,203.66000366210938,2588389
2023-06-01,205.38999938964844,205.38999938964844,202.11000061035156,202.99000549316406,202.99000549316406,3330182
2023-06-02,204.89999389648438,204.89999389648438,203.0800018310547,203.83999633789062,203.83999633789062,2174215
2023-06-05,205.38999938964844,205.47999572753906,203.99000549316406,204.27999877929688,204.27999877929688,1707187
2023-06-06,205.38999938964844,205.38999938964844,203.4499969482422,204.0399932861328,204.0399932861328,1618597
2023-06-07,205.38999938964844,205.4499969482422,203.9199981689453,205.33999633789062,205.33999633789062,2134360
2023-06-08,203.9199981689453,206.2100067138672,203.9199981689453,204.50999450683594,204.50999450683594,4515873
2023-06-09,205.89999389648438,205.89999389648438,203.85000610351562,204.02999877929688,204.02999877929688,1786159
2023-06-12,204.89999389648438,205.4499969482422,203.8300018310547,204.4600067138672,204.4600067138672,1361814
2023-06-13,205.47999572753906,205.52000427246094,204.3000030517578,205.4499969482422,205.4499969482422,1563108
2023-06-14,211.60000610351562,211.60000610351562,205.0800018310547,205.85000610351562,205.85000610351562,1880167
2023-06-15,206.38999938964844,206.38999938964844,204.69000244140625,205.30999755859375,205.30999755859375,2674084
2023-06-16,206.38999938964844,207.10000610351562,205.41000366210938,206.69000244140625,206.69000244140625,2770332
2023-06-19,206.69000244140625,208.97999572753906,205.50999450683594,205.8699951171875,205.8699951171875,3140978
2023-06-20,205.75,206.75,204.94000244140625,206.5,206.5,3088294
2023-06-21,206.0399932861328,207.4600067138672,206.0399932861328,206.8699951171875,206.8699951171875,2408169
2023-06-22,206.8699951171875,207.47000122070312,206.0800018310547,206.24000549316406,206.24000549316406,2007192
2023-06-23,212.4499969482422,212.4499969482422,204.8000030517578,204.97999572753906,204.97999572753906,2129175
2023-06-26,206.25,206.25,204.52000427246094,205.1699981689453,205.1699981689453,2217566
2023-06-27,207.36000061035156,207.36000061035156,205.36000061035156,206.4600067138672,206.4600067138672,2018085
2023-06-28,207.39999389648438,208.55999755859375,206.27999877929688,208.17999267578125,208.17999267578125,3989975
2023-06-30,209.60000610351562,210.91000366210938,208.08999633789062,210.61000061035156,210.61000061035156,4671280
2023-07-03,213.4499969482422,213.4499969482422,210.89999389648438,212.3000030517578,212.3000030517578,4245579
2023-07-04,218.64999389648438,218.64999389648438,212.0,213.05999755859375,213.05999755859375,2517660
2023-07-05,218.0,218.0,212.3000030517578,212.9199981689453,212.9199981689453,1743789
2023-07-06,218.0,219.3000030517578,212.0500030517578,213.9600067138672,213.9600067138672,1919961
2023-07-07,220.39999389648438,220.39999389648438,212.5,212.72000122070312,212.72000122070312,3326931
2023-07-10,218.39999389648438,218.39999389648438,210.14999389648438,212.63999938964844,212.63999938964844,2815814
2023-07-11,219.0,219.0,212.66000366210938,213.4499969482422,213.4499969482422,1986082
2023-07-12,214.9499969482422,214.9499969482422,213.0,213.25,213.25,1703058
2023-07-13,215.0,215.0,213.25,213.69000244140625,213.69000244140625,2336555
2023-07-14,215.4600067138672,215.4600067138672,213.55999755859375,214.8300018310547,214.8300018310547,1678860
2023-07-17,216.13999938964844,216.89999389648438,214.82000732421875,216.52999877929688,216.52999877929688,2220209
2023-07-18,216.91000366210938,217.8000030517578,216.10000610351562,217.02000427246094,217.02000427246094,2344009
2023-07-19,219.9499969482422,219.9499969482422,216.75999450683594,217.97000122070312,217.97000122070312,3764043
2023-07-20,219.89999389648438,219.89999389648438,217.16000366210938,219.50999450683594,219.50999450683594,3166150
2023-07-21,219.44000244140625,219.44000244140625,216.99000549316406,217.47999572753906,217.47999572753906,3612348
2023-07-24,219.3800048828125,219.3800048828125,216.5399932861328,216.72999572753906,216.72999572753906,2006947
2023-07-25,219.9499969482422,219.9499969482422,216.05999755859375,216.63999938964844,216.63999938964844,1462278
2023-07-26,219.6999969482422,219.6999969482422,213.64999389648438,217.72000122070312,217.72000122070312,3164932
2023-07-27,219.6999969482422,219.6999969482422,211.1999969482422,216.6300048828125,216.6300048828125,2936838
2023-07-28,218.77999877929688,218.77999877929688,215.5,216.33999633789062,216.33999633789062,2463367
2023-07-31,218.77999877929688,218.77999877929688,216.0,217.5800018310547,217.5800018310547,1792693
2023-08-01,218.0,218.39999389648438,217.02000427246094,217.22999572753906,217.22999572753906,1914323
2023-08-02,217.22000122070312,217.4499969482422,214.0,215.10000610351562,215.10000610351562,5585468
2023-08-03,216.52000427246094,216.52000427246094,212.14999389648438,213.55999755859375,213.55999755859375,4739271
2023-08-04,215.85000610351562,215.85000610351562,212.77000427246094,215.0399932861328,215.0399932861328,1535406
2023-08-07,216.2100067138672,216.2100067138672,215.0500030517578,215.9499969482422,215.9499969482422,2240935
2023-08-08,216.47000122070312,216.6999969482422,209.4499969482422,215.7899932861328,215.7899932861328,2002806
2023-08-09,216.85000610351562,216.85000610351562,212.8000030517578,216.49000549316406,216.49000549316406,2025167
2023-08-10,217.27000427246094,217.27000427246094,215.00999450683594,215.3300018310547,215.3300018310547,2100995
2023-08-11,217.2100067138672,217.2100067138672,214.25,214.39999389648438,214.39999389648438,2385921
2023-08-14,217.82000732421875,217.82000732421875,211.64999389648438,214.50999450683594,214.50999450683594,2878972
2023-08-16,218.47000122070312,218.47000122070312,212.67999267578125,214.57000732421875,214.57000732421875,1604526
2023-08-17,218.1699981689453,218.1699981689453,208.14999389648438,213.6999969482422,213.6999969482422,1582007
2023-08-18,218.19000244140625,218.19000244140625,212.30999755859375,213.0,213.0,2486828
2023-08-21,213.69000244140625,213.97999572753906,212.0,213.5,213.5,2977924
2023-08-22,218.11000061035156,218.11000061035156,213.10000610351562,213.42999267578125,213.42999267578125,1983391
2023-08-23,216.39999389648438,216.39999389648438,212.77999877929688,214.3699951171875,214.3699951171875,1550674
2023-08-24,218.47000122070312,218.47000122070312,213.3300018310547,213.77000427246094,213.77000427246094,2526797
2023-08-25,207.35000610351562,214.47999572753906,207.35000610351562,212.75999450683594,212.75999450683594,2646009
2023-08-28,217.47000122070312,217.47000122070312,211.0,212.8699951171875,212.8699951171875,1548577
2023-08-29,217.47000122070312,217.47000122070312,212.8000030517578,213.16000366210938,213.16000366210938,1314371
2023-08-30,217.47000122070312,217.47000122070312,207.64999389648438,213.5399932861328,213.5399932861328,1583782
2023-08-31,207.14999389648438,217.47000122070312,207.14999389648438,212.77000427246094,212.77000427246094,2821233
2023-09-01,216.8699951171875,216.8699951171875,212.0,214.27000427246094,214.27000427246094,1929234
2023-09-04,217.47000122070312,217.47000122070312,207.85000610351562,215.58999633789062,215.58999633789062,1925839
2023-09-05,216.97999572753906,216.97999572753906,215.1300048828125,215.83999633789062,215.83999633789062,2333420
2023-09-06,217.1699981689453,217.1699981689453,215.0800018310547,216.22000122070312,216.22000122070312,2516081
2023-09-07,217.1699981689453,217.5,209.75,217.2899932861328,217.2899932861328,1670195
2023-09-08,218.47000122070312,218.77999877929688,215.4199981689453,218.41000366210938,218.41000366210938,1886253
2023-09-11,219.5500030517578,220.5,217.17999267578125,220.3800048828125,220.3800048828125,2865226
2023-09-12,221.97999572753906,221.97999572753906,219.39999389648438,220.19000244140625,220.19000244140625,2429267
2023-09-13,221.58999633789062,221.8000030517578,219.4499969482422,221.42999267578125,221.42999267578125,2777591
2023-09-14,222.72999572753906,222.72999572753906,221.0,221.52999877929688,221.52999877929688,3991183
2023-09-15,222.72999572753906,222.80999755859375,221.11000061035156,222.57000732421875,222.57000732421875,2369619
2023-09-18,222.25,222.57000732421875,216.0,221.9199981689453,221.9199981689453,2315850
2023-09-20,220.99000549316406,221.0,219.3000030517578,219.60000610351562,219.60000610351562,3324262
2023-09-21,213.0,226.1999969482422,213.0,217.6300048828125,217.6300048828125,3045078
2023-09-22,219.6300048828125,219.6300048828125,216.3800048828125,216.80999755859375,216.80999755859375,4109713
2023-09-25,218.7899932861328,218.7899932861328,216.0800018310547,216.8000030517578,216.8000030517578,2239994
2023-09-26,217.9199981689453,217.9199981689453,215.17999267578125,216.57000732421875,216.57000732421875,1330688
2023-09-27,218.47000122070312,218.47000122070312,210.0500030517578,217.55999755859375,217.55999755859375,2257394
2023-09-28,218.97999572753906,218.97999572753906,215.4499969482422,215.77000427246094,215.77000427246094,3456589
2023-09-29,222.25,222.25,209.3000030517578,216.75,216.75,2265919
2023-10-03,223.25,223.25,210.25,215.57000732421875,215.57000732421875,4369754
2023-10-04,222.0500030517578,222.0500030517578,213.52999877929688,214.39999389648438,214.39999389648438,5188713
2023-10-05,220.85000610351562,220.85000610351562,214.41000366210938,215.52999877929688,215.52999877929688,2006257
2023-10-06,214.0,218.6999969482422,214.0,216.6199951171875,216.6199951171875,3125000
2023-10-09,223.10000610351562,223.10000610351562,214.7100067138672,215.47999572753906,215.47999572753906,2314698
2023-10-10,221.9499969482422,221.9499969482422,215.00999450683594,217.1300048828125,217.1300048828125,1610545
2023-10-11,214.64999389648438,220.38999938964844,214.64999389648438,218.75999450683594,218.75999450683594,2773486
2023-10-12,225.3000030517578,225.3000030517578,216.63999938964844,218.60000610351562,218.60000610351562,1480102
2023-10-13,220.75,220.75,216.6300048828125,218.07000732421875,218.07000732421875,2232611
2023-10-16,222.0,222.0,216.07000732421875,217.89999389648438,217.89999389648438,1472154
2023-10-17,224.4499969482422,224.4499969482422,212.25,218.5500030517578,218.5500030517578,1266306
2023-10-18,219.58999633789062,219.58999633789062,216.9199981689453,217.1999969482422,217.1999969482422,1761105
2023-10-19,220.5,223.6999969482422,210.6999969482422,216.6699981689453,216.6699981689453,2193608
2023-10-20,219.6999969482422,219.6999969482422,213.64999389648438,215.3000030517578,215.3000030517578,2642139
2023-10-23,221.75,221.75,212.64999389648438,213.1699981689453,213.1699981689453,4473325
2023-10-25,215.0,216.60000610351562,210.9499969482422,211.47999572753906,211.47999572753906,6626525
2023-10-26,213.0,214.49000549316406,208.36000061035156,208.74000549316406,208.74000549316406,11342653
2023-10-27,210.49000549316406,215.0,208.5,210.57000732421875,210.57000732421875,4091227
2023-10-30,211.39999389648438,211.99000549316406,209.41000366210938,211.52000427246094,211.52000427246094,2918057
2023-10-31,212.0,214.0,210.6999969482422,210.97999572753906,210.97999572753906,2951982
2023-11-01,213.9499969482422,213.9499969482422,209.5800018310547,209.99000549316406,209.99000549316406,2999324
2023-11-02,213.99000549316406,213.99000549316406,210.0,211.63999938964844,211.63999938964844,3051034
2023-11-03,212.25999450683594,213.77000427246094,212.0500030517578,212.69000244140625,212.69000244140625,1992691
2023-11-06,218.6999969482422,218.6999969482422,212.10000610351562,214.55999755859375,214.55999755859375,2167020
2023-11-07,215.24000549316406,215.25,212.77999877929688,214.49000549316406,214.49000549316406,1597162
2023-11-08,215.0,215.1999969482422,213.80999755859375,214.8300018310547,214.8300018310547,2392335
2023-11-09,215.99000549316406,217.0,214.02999877929688,214.3000030517578,214.3000030517578,2842726
2023-11-10,214.99000549316406,214.99000549316406,213.25,214.24000549316406,214.24000549316406,3287453
2023-11-13,215.89999389648438,215.99000549316406,214.3000030517578,214.5500030517578,214.5500030517578,2354220
2023-11-15,215.3000030517578,217.22999572753906,213.6999969482422,216.97000122070312,216.97000122070312,4368209
2023-11-16,217.99000549316406,219.25,216.60000610351562,218.16000366210938,218.16000366210938,2694681
2023-11-17,224.0,224.0,216.0,218.02000427246094,218.02000427246094,1471094
2023-11-20,218.99000549316406,218.99000549316406,217.07000732421875,217.35000610351562,217.35000610351562,1971539
2023-11-21,219.25,219.25,214.0,218.38999938964844,218.38999938964844,2121413
2023-11-22,219.3000030517578,219.3000030517578,216.0,218.52999877929688,218.52999877929688,1531757
2023-11-23,219.0,219.1999969482422,216.00999450683594,218.55999755859375,218.55999755859375,2711176
2023-11-24,225.10000610351562,225.10000610351562,218.19000244140625,218.47999572753906,218.47999572753906,2228129
2023-11-28,225.0500030517578,225.0500030517578,211.9499969482422,219.55999755859375,219.55999755859375,3374192
2023-11-29,221.99000549316406,221.99000549316406,219.30999755859375,221.66000366210938,221.66000366210938,4692734
2023-11-30,228.3000030517578,228.3000030517578,220.3800048828125,222.1300048828125,222.1300048828125,4565515
2023-12-01,223.99000549316406,223.99000549316406,221.0,223.75,223.75,3756906
2023-12-04,230.4499969482422,230.4499969482422,225.5,228.17999267578125,228.17999267578125,5441571
2023-12-05,228.4499969482422,230.27999877929688,228.38999938964844,230.05999755859375,230.05999755859375,2577043
2023-12-06,231.99000549316406,231.99000549316406,229.8000030517578,230.94000244140625,230.94000244140625,3116228
2023-12-07,231.99000549316406,231.99000549316406,228.14999389648438,230.8300018310547,230.8300018310547,2882798
2023-12-08,231.99000549316406,231.99000549316406,228.0,231.36000061035156,231.36000061035156,1918130
2023-12-11,229.00999450683594,232.10000610351562,229.00999450683594,231.7899932861328,231.7899932861328,2202370
2023-12-12,232.99000549316406,232.99000549316406,230.5,230.9600067138672,230.9600067138672,2237630
2023-12-13,231.99000549316406,231.99000549316406,229.6300048828125,231.14999389648438,231.14999389648438,2758600
2023-12-14,232.0,234.5,231.50999450683594,233.99000549316406,233.99000549316406,2943517
2023-12-15,236.25,237.0,234.00999450683594,236.6199951171875,236.6199951171875,3418211
2023-12-18,236.97999572753906,237.0,233.64999389648438,236.57000732421875,236.57000732421875,2068813
2023-12-19,237.99000549316406,237.99000549316406,235.3300018310547,236.6999969482422,236.6999969482422,2900959
2023-12-20,237.99000549316406,238.8800048828125,233.0,233.25,233.25,4692122
2023-12-21,226.25,238.0,226.25,234.60000610351562,234.60000610351562,4151474
2023-12-22,235.99000549316406,236.35000610351562,232.00999450683594,235.5,235.5,2920568
2023-12-26,236.99000549316406,237.3000030517578,234.8800048828125,236.92999267578125,236.92999267578125,1774284
2023-12-27,239.6999969482422,239.6999969482422,236.17999267578125,238.91000366210938,238.91000366210938,4385669
2023-12-28,240.0,240.5,238.8800048828125,240.16000366210938,240.16000366210938,2495578
2023-12-29,247.35000610351562,247.35000610351562,238.0,239.64999389648438,239.64999389648438,4342820
2024-01-01,240.99000549316406,241.13999938964844,238.00999450683594,240.35000610351562,240.35000610351562,3301679
2024-01-02,241.0,241.0,238.0,239.2100067138672,239.2100067138672,2724450
2024-01-03,240.0,240.0,237.5,237.74000549316406,237.74000549316406,2253252
2024-01-04,237.6999969482422,239.58999633789062,237.19000244140625,239.3000030517578,239.3000030517578,2592068
2024-01-05,239.8000030517578,240.0,238.00999450683594,239.74000549316406,239.74000549316406,3017800
2024-01-08,242.0,242.0,237.5,237.67999267578125,237.67999267578125,3109332
2024-01-09,239.99000549316406,239.99000549316406,237.5,237.77999877929688,237.77999877929688,2263399
2024-01-10,238.99000549316406,238.99000549316406,236.75999450683594,238.75999450683594,238.75999450683594,2557090
2024-01-11,239.6999969482422,239.6999969482422,238.00999450683594,238.8699951171875,238.8699951171875,2228747
2024-01-12,239.00999450683594,242.35000610351562,239.00999450683594,241.72999572753906,241.72999572753906,3829943
2024-01-15,241.72999572753906,244.3000030517578,241.72999572753906,244.07000732421875,244.07000732421875,3098957
2024-01-16,244.60000610351562,244.99000549316406,242.41000366210938,243.24000549316406,243.24000549316406,3055350
2024-01-17,240.99000549316406,243.0,238.10000610351562,238.3800048828125,238.3800048828125,6128145
2024-01-18,237.99000549316406,238.2100067138672,233.3000030517578,237.50999450683594,237.50999450683594,6170369
2024-01-19,239.99000549316406,239.99000549316406,237.75,239.14999389648438,239.14999389648438,2714133
2024-01-23,241.89999389648438,241.89999389648438,234.5,234.8699951171875,234.8699951171875,5382816
2024-01-24,235.67999267578125,237.58999633789062,233.5,237.2899932861328,237.2899932861328,2914009
2024-01-25,238.0,238.0,235.10000610351562,236.14999389648438,236.14999389648438,2328302
2024-01-29,238.0,240.39999389648438,236.14999389648438,240.0500030517578,240.0500030517578,2671344
2024-01-30,241.99000549316406,241.99000549316406,237.9499969482422,238.1300048828125,238.1300048828125,3429480
2024-01-31,238.77999877929688,240.47999572753906,237.5,240.25999450683594,240.25999450683594,1870884
2024-02-01,241.99000549316406,241.99000549316406,239.47999572753906,240.02999877929688,240.02999877929688,3203160
2024-02-02,243.39999389648438,244.27999877929688,240.00999450683594,241.3000030517578,241.3000030517578,4954136
2024-02-05,248.5500030517578,248.5500030517578,239.89999389648438,240.24000549316406,240.24000549316406,2862183
2024-02-06,247.4499969482422,247.4499969482422,237.64999389648438,242.00999450683594,242.00999450683594,1690100
2024-02-07,249.25,249.25,234.75,242.35000610351562,242.35000610351562,2235426
2024-02-08,242.35000610351562,243.3800048828125,239.89999389648438,240.27999877929688,240.27999877929688,3757539
2024-02-09,240.89999389648438,241.02000427246094,239.0,240.77999877929688,240.77999877929688,1752604
2024-02-12,241.0,242.5,238.97000122070312,239.32000732421875,239.32000732421875,3449448
2024-02-13,246.5,246.5,238.6999969482422,240.58999633789062,240.58999633789062,1615065
2024-02-14,239.89999389648438,241.99000549316406,237.5500030517578,241.5500030517578,241.5500030517578,3343750
2024-02-15,242.99000549316406,243.0,241.1999969482422,242.72000122070312,242.72000122070312,1820990
2024-02-16,244.0,244.22999572753906,242.5800018310547,243.99000549316406,243.99000549316406,4134646
2024-02-19,244.5,245.75,243.5800018310547,245.0399932861328,245.0399932861328,2511055
2024-02-20,246.99000549316406,246.99000549316406,243.00999450683594,245.3699951171875,245.3699951171875,2109871
2024-02-21,246.0,246.2899932861328,243.5,243.8699951171875,243.8699951171875,3326839
2024-02-22,244.5,246.2100067138672,242.4499969482422,245.7899932861328,245.7899932861328,2973123
2024-02-23,246.88999938964844,246.88999938964844,245.16000366210938,245.69000244140625,245.69000244140625,2414813
2024-02-26,245.5,246.5,244.02000427246094,244.8699951171875,244.8699951171875,1931771
2024-02-27,245.0,245.7100067138672,244.0,245.5,245.5,2412089
2024-02-28,242.3000030517578,246.8800048828125,242.3000030517578,243.07000732421875,243.07000732421875,2553115
2024-02-29,244.99000549316406,244.99000549316406,241.00999450683594,243.25,243.25,3210232
2024-03-01,244.5800018310547,246.99000549316406,243.0500030517578,246.85000610351562,246.85000610351562,2174184
2024-03-04,248.99000549316406,249.97999572753906,247.0800018310547,247.8300018310547,247.8300018310547,3278496
2024-03-05,248.8699951171875,248.8699951171875,246.7100067138672,247.33999633789062,247.33999633789062,1909620
2024-03-06,248.99000549316406,248.99000549316406,246.10000610351562,248.6199951171875,248.6199951171875,2452874
2024-03-07,248.6999969482422,249.0,248.1300048828125,248.6699981689453,248.6699981689453,2481075
2024-03-11,248.6699981689453,249.8000030517578,247.02000427246094,247.4499969482422,247.4499969482422,2665347
2024-03-12,248.99000549316406,248.99000549316406,246.00999450683594,247.4199981689453,247.4199981689453,3423643
2024-03-13,248.88999938964844,248.88999938964844,242.75,243.7100067138672,243.7100067138672,6405176
2024-03-14,244.3800048828125,245.89999389648438,242.27999877929688,245.38999938964844,245.38999938964844,5265364
2024-03-15,244.89999389648438,245.3800048828125,242.66000366210938,243.8000030517578,243.8000030517578,4300512
2024-03-18,251.10000610351562,251.10000610351562,242.5800018310547,243.97999572753906,243.97999572753906,2498791
2024-03-19,243.97000122070312,243.97999572753906,241.3699951171875,241.60000610351562,241.60000610351562,5084257
2024-03-20,242.99000549316406,242.99000549316406,240.5399932861328,241.5800018310547,241.5800018310547,3185502
2024-03-21,243.8000030517578,248.85000610351562,242.17999267578125,243.99000549316406,243.99000549316406,2700220
2024-03-22,244.77999877929688,245.39999389648438,242.5,244.74000549316406,244.74000549316406,2791975
2024-03-26,243.25,246.10000610351562,241.75,243.7899932861328,243.7899932861328,2081929
2024-03-27,247.0,247.0,240.75,244.9600067138672,244.9600067138672,2872065
2024-03-28,246.10000610351562,248.69000244140625,243.8800048828125,246.9600067138672,246.9600067138672,6478348
2024-04-01,254.35000610351562,254.35000610351562,246.47999572753906,248.19000244140625,248.19000244140625,3790598
2024-04-02,248.97000122070312,249.47999572753906,246.64999389648438,248.64999389648438,248.64999389648438,3149309
2024-04-03,248.99000549316406,249.47999572753906,246.17999267578125,248.58999633789062,248.58999633789062,3198165
2024-04-04,249.58999633789062,250.60000610351562,247.22999572753906,249.22999572753906,249.22999572753906,4608393
2024-04-05,248.11000061035156,250.1699981689453,248.10000610351562,249.0500030517578,249.0500030517578,3465548
2024-04-08,250.47000122070312,250.9499969482422,248.17999267578125,250.75,250.75,3969874
2024-04-09,251.8000030517578,252.5800018310547,250.3800048828125,250.74000549316406,250.74000549316406,2377677
2024-04-10,254.69000244140625,254.69000244140625,246.1999969482422,251.57000732421875,251.57000732421875,1965414
2024-04-12,251.99000549316406,253.10000610351562,249.2100067138672,249.55999755859375,249.55999755859375,4396942
2024-04-15,249.47999572753906,249.99000549316406,245.99000549316406,246.8699951171875,246.8699951171875,6430760
2024-04-16,246.99000549316406,246.99000549316406,244.64999389648438,245.52000427246094,245.52000427246094,3797719
2024-04-18,252.89999389648438,252.89999389648438,243.35000610351562,243.94000244140625,243.94000244140625,5926321
2024-04-19,243.47999572753906,245.6999969482422,241.30999755859375,245.52999877929688,245.52999877929688,5776197
2024-04-22,246.08999633789062,247.89999389648438,245.67999267578125,247.30999755859375,247.30999755859375,2726803
2024-04-23,249.99000549316406,249.99000549316406,246.5,247.82000732421875,247.82000732421875,3366922
2024-04-24,249.75,249.75,247.52000427246094,247.94000244140625,247.94000244140625,2884108
2024-04-25,248.99000549316406,249.9499969482422,246.27999877929688,249.27000427246094,249.27000427246094,2917065
2024-04-26,248.5800018310547,250.8800048828125,248.0500030517578,248.44000244140625,248.44000244140625,2966668
2024-04-29,246.3000030517578,251.39999389648438,246.3000030517578,250.58999633789062,250.58999633789062,2488639
2024-04-30,252.99000549316406,252.99000549316406,247.00999450683594,250.05999755859375,250.05999755859375,4222247
2024-05-02,250.99000549316406,251.3000030517578,249.0500030517578,250.83999633789062,250.83999633789062,2207630
2024-05-03,252.57000732421875,252.5800018310547,247.66000366210938,248.75,248.75,5320196
2024-05-06,250.99000549316406,250.99000549316406,248.0,248.3699951171875,248.3699951171875,3073791
2024-05-07,253.88999938964844,253.88999938964844,245.25,247.11000061035156,247.11000061035156,4133952
2024-05-08,249.88999938964844,249.88999938964844,245.1199951171875,247.24000549316406,247.24000549316406,3689202
2024-05-09,247.8699951171875,247.8699951171875,243.1999969482422,243.49000549316406,243.49000549316406,7256780
2024-05-10,244.00999450683594,245.6699981689453,243.0800018310547,244.97000122070312,244.97000122070312,4616640
2024-05-13,252.3000030517578,252.3000030517578,242.27000427246094,245.16000366210938,245.16000366210938,5278644
2024-05-14,249.88999938964844,249.88999938964844,243.6999969482422,246.61000061035156,246.61000061035156,2697896
2024-05-15,249.58999633789062,249.58999633789062,245.0,246.4199981689453,246.4199981689453,3575694
2024-05-16,247.99000549316406,248.5,244.91000366210938,248.17999267578125,248.17999267578125,5522327
2024-05-17,249.99000549316406,249.99000549316406,247.00999450683594,248.72999572753906,248.72999572753906,2252484
2024-05-21,247.47999572753906,250.25,247.47999572753906,249.74000549316406,249.74000549316406,2440079
2024-05-22,250.99000549316406,250.99000549316406,249.2899932861328,250.36000061035156,250.36000061035156,2004555
2024-05-23,251.99000549316406,254.74000549316406,249.5500030517578,254.2899932861328,254.2899932861328,4372965
2024-05-24,254.6699981689453,255.7100067138672,253.0800018310547,254.97999572753906,254.97999572753906,3997986
2024-05-27,254.17999267578125,256.760009765625,254.00999450683594,254.72000122070312,254.72000122070312,4692320
2024-05-28,255.57000732421875,255.5800018310547,254.0,254.1999969482422,254.1999969482422,3948285
2024-05-29,253.8800048828125,253.97999572753906,252.10000610351562,252.3699951171875,252.3699951171875,9056708
2024-05-30,253.85000610351562,253.85000610351562,249.50999450683594,250.35000610351562,250.35000610351562,11938743
2024-05-31,251.6699981689453,252.1199951171875,250.0,251.14999389648438,251.14999389648438,9390922
2024-06-03,258.70001220703125,265.0,252.3000030517578,258.1400146484375,258.1400146484375,12024096
2024-06-04,259.8699951171875,260.2799987792969,246.5,250.47999572753906,250.47999572753906,32496763
2024-06-05,253.99000549316406,254.35000610351562,242.1300048828125,251.3000030517578,251.3000030517578,12906944
2024-06-06,252.99000549316406,254.10000610351562,250.00999450683594,252.97999572753906,252.97999572753906,10376673
2024-06-07,253.8800048828125,258.80999755859375,252.19000244140625,258.4200134277344,258.4200134277344,10360501
2024-06-10,259.45001220703125,259.6199951171875,257.3999938964844,257.94000244140625,257.94000244140625,6736253
2024-06-11,258.3500061035156,259.6199951171875,257.0199890136719,258.79998779296875,258.79998779296875,5202122
2024-06-12,261.989990234375,261.989990234375,257.8500061035156,259.3900146484375,259.3900146484375,4455590
2024-06-13,260.0,260.739990234375,259.2799987792969,260.29998779296875,260.29998779296875,3390549
2024-06-14,260.6499938964844,261.0,259.4599914550781,260.6499938964844,260.6499938964844,3245931
2024-06-18,260.67999267578125,262.5,260.6499938964844,261.55999755859375,261.55999755859375,3818320
2024-06-19,262.5,262.67999267578125,260.1099853515625,261.3800048828125,261.3800048828125,3672586
2024-06-20,261.95001220703125,262.3500061035156,260.4800109863281,261.7200012207031,261.7200012207031,3072246
2024-06-21,263.989990234375,263.989990234375,260.010009765625,260.8699951171875,260.8699951171875,2541648
2024-06-24,260.489990234375,261.94000244140625,259.1000061035156,261.6600036621094,261.6600036621094,3509413
2024-06-25,262.3500061035156,263.8999938964844,255.0,263.5899963378906,263.5899963378906,3082603
2024-06-26,264.7799987792969,265.25,262.17999267578125,265.010009765625,265.010009765625,4730569
2024-06-27,264.760009765625,267.44000244140625,264.3999938964844,266.95001220703125,266.95001220703125,4384721
2024-06-28,267.8800048828125,268.5,266.95001220703125,267.4800109863281,267.4800109863281,3080540
2024-07-01,267.989990234375,269.0,267.0,268.29998779296875,268.29998779296875,2611003
2024-07-02,271.989990234375,271.989990234375,268.04998779296875,269.0299987792969,269.0299987792969,3063439
2024-07-03,269.3800048828125,271.3800048828125,269.1499938964844,270.2300109863281,270.2300109863281,2095570
2024-07-04,271.489990234375,271.70001220703125,270.17999267578125,270.5299987792969,270.5299987792969,2563485
2024-07-05,271.989990234375,271.989990234375,269.30999755859375,270.5299987792969,270.5299987792969,3971873
2024-07-08,270.1199951171875,271.45001220703125,269.6000061035156,270.0400085449219,270.0400085449219,2632351
2024-07-09,270.19000244140625,271.489990234375,269.6199951171875,271.3800048828125,271.3800048828125,2627020
2024-07-10,272.2799987792969,272.2799987792969,268.6099853515625,270.9200134277344,270.9200134277344,3795056
2024-07-11,274.989990234375,274.989990234375,269.5199890136719,270.75,270.75,1888571
2024-07-12,271.5899963378906,273.0,270.6199951171875,271.94000244140625,271.94000244140625,3530285
2024-07-15,271.5,273.8800048828125,271.5,273.0899963378906,273.0899963378906,2427339
2024-07-16,273.19000244140625,274.1499938964844,272.3999938964844,273.54998779296875,273.54998779296875,1824955
2024-07-18,274.989990234375,275.82000732421875,272.1000061035156,275.510009765625,275.510009765625,3867728
2024-07-19,276.4800109863281,276.4800109863281,273.0,273.2900085449219,273.2900085449219,3324928
2024-07-22,273.29998779296875,273.989990234375,271.1099853515625,272.45001220703125,272.45001220703125,3006223
2024-07-23,272.75,273.5,268.1099853515625,272.6400146484375,272.6400146484375,4876326
2024-07-24,272.7699890136719,272.7799987792969,270.75,271.8900146484375,271.8900146484375,2548487
2024-07-25,270.7799987792969,272.29998779296875,269.2799987792969,271.9200134277344,271.9200134277344,2319944
2024-07-26,272.29998779296875,276.25,271.5,276.05999755859375,276.05999755859375,3223740
2024-07-29,276.8999938964844,278.20001220703125,276.1000061035156,276.67999267578125,276.67999267578125,4617813
2024-07-30,268.3999938964844,277.9599914550781,268.3999938964844,277.1000061035156,277.1000061035156,2437790
2024-07-31,277.20001220703125,278.0899963378906,276.79998779296875,277.75,277.75,2269854
2024-08-01,273.010009765625,279.1099853515625,273.010009765625,278.3299865722656,278.3299865722656,2168947
2024-08-02,276.6700134277344,277.2799987792969,275.5,275.69000244140625,275.69000244140625,4084372
2024-08-05,272.989990234375,273.0,266.55999755859375,269.4800109863281,269.4800109863281,13751283
2024-08-06,271.8800048828125,272.94000244140625,267.20001220703125,267.6099853515625,267.6099853515625,6302805
2024-08-07,269.5,271.44000244140625,269.17999267578125,271.1000061035156,271.1000061035156,3838129
2024-08-08,270.75,271.17999267578125,268.75,269.3299865722656,269.3299865722656,4551976
2024-08-09,271.5,272.3299865722656,270.80999755859375,271.5899963378906,271.5899963378906,2441768
2024-08-12,271.7699890136719,272.79998779296875,270.25,271.44000244140625,271.44000244140625,2920334
2024-08-13,271.8699951171875,271.95001220703125,269.1000061035156,269.5199890136719,269.5199890136719,2549565
2024-08-14,269.95001220703125,270.5,269.1000061035156,269.3399963378906,269.3399963378906,2010384
2024-08-16,271.7799987792969,274.1400146484375,270.29998779296875,273.80999755859375,273.80999755859375,3604925
2024-08-19,274.3900146484375,275.4800109863281,273.8999938964844,274.42999267578125,274.42999267578125,3056786
2024-08-20,274.95001220703125,276.25,274.3800048828125,275.8299865722656,275.8299865722656,2983519
2024-08-21,275.95001220703125,276.3399963378906,275.0199890136719,276.1199951171875,276.1199951171875,2775651
2024-08-22,276.989990234375,277.489990234375,276.0799865722656,276.4800109863281,276.4800109863281,2065644
2024-08-23,275.7799987792969,277.1499938964844,275.7799987792969,276.6000061035156,276.6000061035156,2028374
2024-08-26,278.0,279.1099853515625,276.7799987792969,278.8399963378906,278.8399963378906,5516458
2024-08-27,279.1499938964844,279.3500061035156,278.0899963378906,278.70001220703125,278.70001220703125,2003702
2024-08-28,278.3900146484375,280.0199890136719,278.29998779296875,278.94000244140625,278.94000244140625,2895486
2024-08-29,280.6000061035156,280.6000061035156,278.3800048828125,280.1000061035156,280.1000061035156,3033605
2024-08-30,281.3699951171875,281.75,279.8800048828125,281.0799865722656,281.0799865722656,3094823
2024-09-02,280.010009765625,283.989990234375,280.010009765625,281.45001220703125,281.45001220703125,3219489
2024-09-03,281.7300109863281,282.20001220703125,281.25,281.7200012207031,281.7200012207031,1419607
2024-09-04,281.3999938964844,281.5,278.7799987792969,281.2799987792969,281.2799987792969,3292407
2024-09-05,282.0,282.3500061035156,280.260009765625,280.42999267578125,280.42999267578125,2636615
2024-09-06,280.2799987792969,280.5799865722656,277.20001220703125,277.82000732421875,277.82000732421875,4557515
2024-09-09,277.8800048828125,278.44000244140625,276.4800109863281,277.67999267578125,277.67999267578125,4745366
2024-09-10,278.3500061035156,279.9599914550781,277.25,279.20001220703125,279.20001220703125,1989349
2024-09-11,279.5799865722656,279.7900085449219,277.19000244140625,277.5400085449219,277.5400085449219,2708614
2024-09-12,278.4800109863281,283.20001220703125,278.260009765625,282.7099914550781,282.7099914550781,5102965
2024-09-13,283.6499938964844,283.75,281.7099914550781,283.19000244140625,283.19000244140625,3190792
2024-09-16,283.5,284.1499938964844,283.0,283.2699890136719,283.2699890136719,1735697
2024-09-17,283.4700012207031,284.1000061035156,282.8299865722656,283.8900146484375,283.8900146484375,1608792
2024-09-18,284.2799987792969,284.5199890136719,282.20001220703125,283.3599853515625,283.3599853515625,3653989
2024-09-19,283.3800048828125,285.70001220703125,283.3800048828125,283.9200134277344,283.9200134277344,3644271
2024-09-20,284.3500061035156,287.70001220703125,283.75,287.1000061035156,287.1000061035156,4783991
2024-09-23,288.05999755859375,290.1000061035156,287.4100036621094,289.3399963378906,289.3399963378906,10001956
2024-09-24,289.7699890136719,289.8800048828125,288.5,289.29998779296875,289.29998779296875,2246891
2024-09-25,289.3800048828125,290.42999267578125,288.510009765625,290.0899963378906,290.0899963378906,2051116
2024-09-26,290.3900146484375,291.9100036621094,289.3800048828125,291.54998779296875,291.54998779296875,12493484
2024-09-27,291.95001220703125,292.5,291.3500061035156,291.9700012207031,291.9700012207031,2748665
2024-09-30,283.20001220703125,293.989990234375,283.20001220703125,288.3800048828125,288.3800048828125,6402198
2024-10-01,288.7799987792969,289.32000732421875,287.5,288.2699890136719,288.2699890136719,5076492
2024-10-03,286.4800109863281,286.9700012207031,282.04998779296875,282.69000244140625,282.69000244140625,14022327
2024-10-04,283.19000244140625,284.510009765625,279.3500061035156,280.1499938964844,280.1499938964844,11510706
2024-10-07,281.45001220703125,281.5799865722656,276.0799865722656,278.010009765625,278.010009765625,10673683
2024-10-08,278.989990234375,279.8500061035156,276.6600036621094,279.3999938964844,279.3999938964844,6795305
2024-10-09,281.989990234375,281.989990234375,278.2300109863281,278.7200012207031,278.7200012207031,5937406
2024-10-10,280.989990234375,280.989990234375,279.0,279.29998779296875,279.29998779296875,3029027
2024-10-11,282.0,287.70001220703125,277.510009765625,278.7200012207031,278.7200012207031,2633798
2024-10-14,280.989990234375,280.989990234375,278.0,280.760009765625,280.760009765625,2561956
2024-10-15,282.0,282.0899963378906,279.3299865722656,279.8299865722656,279.8299865722656,2761766
2024-10-16,281.989990234375,281.989990234375,278.1600036621094,278.5,278.5,3740046
2024-10-17,279.239990234375,279.3500061035156,276.29998779296875,276.69000244140625,276.69000244140625,4321550
2024-10-18,278.989990234375,278.989990234375,274.5,277.5299987792969,277.5299987792969,5554110
2024-10-21,279.989990234375,279.989990234375,275.44000244140625,276.4700012207031,276.4700012207031,3907822
2024-10-22,276.2799987792969,277.7300109863281,273.2300109863281,273.55999755859375,273.55999755859375,6822604
2024-10-23,274.04998779296875,274.94000244140625,272.3900146484375,273.0899963378906,273.0899963378906,4257913
2024-10-24,273.7799987792969,273.7799987792969,271.9200134277344,272.1199951171875,272.1199951171875,4052229
2024-10-25,271.79998779296875,275.0,269.0,270.4800109863281,270.4800109863281,7731361
2024-10-28,272.989990234375,273.7300109863281,269.79998779296875,271.9700012207031,271.9700012207031,3506121
2024-10-29,272.70001220703125,273.79998779296875,270.010009765625,273.5899963378906,273.5899963378906,3287228
2024-10-30,273.9800109863281,273.9800109863281,271.82000732421875,272.1600036621094,272.1600036621094,3688258
2024-10-31,273.989990234375,273.989990234375,270.3999938964844,270.6400146484375,270.6400146484375,4258360
2024-11-01,270.6400146484375,270.6400146484375,270.6400146484375,270.6400146484375,270.6400146484375,0
2024-11-04,273.989990234375,273.989990234375,266.3299865722656,268.4700012207031,268.4700012207031,11591641
2024-11-05,268.67999267578125,271.0,266.7099914550781,270.7900085449219,270.7900085449219,6535461
2024-11-06,272.17999267578125,274.3999938964844,270.67999267578125,273.9100036621094,273.9100036621094,5400702
2024-11-07,274.0,274.3900146484375,270.4100036621094,270.70001220703125,270.70001220703125,6401638
2024-11-08,271.17999267578125,271.4800109863281,269.1700134277344,270.0299987792969,270.0299987792969,3450036
2024-11-11,272.9800109863281,272.9800109863281,268.42999267578125,269.9599914550781,269.9599914550781,2992617
2024-11-12,272.9800109863281,272.989990234375,266.80999755859375,267.17999267578125,267.17999267578125,5341383
2024-11-13,268.9800109863281,268.989990234375,263.0,263.6400146484375,263.6400146484375,8889949
2024-11-14,265.6499938964844,265.6499938964844,255.75,263.57000732421875,263.57000732421875,5120603
2024-11-18,264.989990234375,265.0799865722656,261.25,262.4700012207031,262.4700012207031,8197295
2024-11-19,264.989990234375,265.989990234375,262.3800048828125,263.07000732421875,263.07000732421875,4609280
2024-11-21,264.95001220703125,264.95001220703125,260.5199890136719,261.2900085449219,261.2900085449219,6590027
2024-11-22,262.989990234375,267.3399963378906,261.05999755859375,266.8599853515625,266.8599853515625,4698150
2024-11-25,270.989990234375,271.79998779296875,269.30999755859375,270.7300109863281,270.7300109863281,5638169
2024-11-26,273.989990234375,273.989990234375,269.8999938964844,270.5400085449219,270.5400085449219,2784763
2024-11-27,272.989990234375,272.989990234375,270.0,271.5400085449219,271.5400085449219,2965669
2024-11-28,273.989990234375,273.989990234375,267.2099914550781,267.67999267578125,267.67999267578125,7297078
2024-11-29,269.989990234375,270.55999755859375,267.0,269.8800048828125,269.8800048828125,2914887
2024-12-02,271.989990234375,271.989990234375,267.5,271.3800048828125,271.3800048828125,3658932
2024-12-03,271.9800109863281,273.20001220703125,271.2200012207031,272.9800109863281,272.9800109863281,4476267
2024-12-04,273.94000244140625,274.1000061035156,272.1000061035156,273.42999267578125,273.42999267578125,4346149
2024-12-05,273.45001220703125,277.5299987792969,271.79998779296875,275.9200134277344,275.9200134277344,9175178
2024-12-06,277.989990234375,277.989990234375,275.0400085449219,275.8800048828125,275.8800048828125,2961505
2024-12-09,276.989990234375,276.989990234375,274.69000244140625,275.1400146484375,275.1400146484375,2967859
2024-12-10,276.7799987792969,276.7799987792969,274.1099853515625,274.67999267578125,274.67999267578125,3415307
2024-12-11,275.989990234375,275.989990234375,273.010009765625,274.9700012207031,274.9700012207031,2833637
2024-12-12,275.989990234375,276.239990234375,273.010009765625,274.1000061035156,274.1000061035156,1908359
2024-12-13,274.8800048828125,276.3900146484375,269.8999938964844,276.0799865722656,276.0799865722656,7700562
2024-12-16,276.8900146484375,276.8900146484375,274.79998779296875,275.4800109863281,275.4800109863281,2865850
2024-12-17,275.8900146484375,275.8900146484375,271.79998779296875,272.2200012207031,272.2200012207031,6074128
2024-12-18,271.6099853515625,272.989990234375,270.1499938964844,270.70001220703125,270.70001220703125,3250492
2024-12-19,269.989990234375,276.4200134277344,266.2200012207031,268.3900146484375,268.3900146484375,5761931
2024-12-20,267.1099853515625,269.32000732421875,263.70001220703125,264.1499938964844,264.1499938964844,8707518
2024-12-23,266.989990234375,269.0,264.54998779296875,265.6600036621094,265.6600036621094,3259504
2024-12-24,264.6199951171875,266.8800048828125,264.6199951171875,265.489990234375,265.489990234375,2225487
2024-12-26,257.54998779296875,269.8500061035156,257.54998779296875,265.6700134277344,265.6700134277344,2230343
2024-12-27,265.04998779296875,267.5,265.04998779296875,266.3900146484375,266.3900146484375,1920316
2024-12-30,267.7699890136719,267.7699890136719,263.95001220703125,264.3699951171875,264.3699951171875,3231585
2024-12-31,262.70001220703125,265.0,262.510009765625,264.4700012207031,264.4700012207031,3333212
2025-01-01,264.4700012207031,266.2799987792969,263.5,265.5899963378906,265.5899963378906,2402521
2025-01-02,266.989990234375,270.2300109863281,265.20001220703125,269.8900146484375,269.8900146484375,4665341
2025-01-03,270.0,270.989990234375,268.05999755859375,268.4100036621094,268.4100036621094,5421954
2025-01-06,268.04998779296875,269.6000061035156,263.6099853515625,264.4800109863281,264.4800109863281,8357958
2025-01-07,266.25,266.25,263.7099914550781,265.1600036621094,265.1600036621094,3881642
2025-01-08,265.95001220703125,266.0400085449219,262.79998779296875,264.9200134277344,264.9200134277344,5056466
2025-01-09,264.75,265.5,262.8999938964844,263.1499938964844,263.1499938964844,3929443
2025-01-10,263.25,263.8699951171875,261.1499938964844,262.2200012207031,262.2200012207031,4496919
2025-01-13,261.5,261.8999938964844,258.010009765625,258.3999938964844,258.3999938964844,11388279
2025-01-14,260.95001220703125,260.95001220703125,258.45001220703125,259.260009765625,259.260009765625,4342336
2025-01-15,260.25,260.4800109863281,258.7699890136719,259.5799865722656,259.5799865722656,3630304
2025-01-16,260.95001220703125,261.70001220703125,260.010009765625,260.7200012207031,260.7200012207031,3410394
2025-01-17,260.79998779296875,260.79998779296875,258.6000061035156,259.7699890136719,259.7699890136719,3351166
2025-01-20,259.7699890136719,261.8800048828125,259.4100036621094,261.2900085449219,261.2900085449219,4871545
2025-01-21,262.2900085449219,262.4700012207031,257.3399963378906,257.9100036621094,257.9100036621094,8501767
2025-01-22,259.79998779296875,259.79998779296875,257.17999267578125,258.8500061035156,258.8500061035156,5660999
2025-01-23,259.0,260.32000732421875,257.67999267578125,259.510009765625,259.510009765625,3506635
2025-01-24,260.29998779296875,260.95001220703125,257.70001220703125,258.19000244140625,258.19000244140625,5458441
2025-01-27,257.489990234375,257.67999267578125,255.13999938964844,255.69000244140625,255.69000244140625,10984113
2025-01-28,257.0,259.1400146484375,255.9499969482422,257.3299865722656,257.3299865722656,6575668
2025-01-29,258.5,259.5,257.20001220703125,259.3800048828125,259.3800048828125,4481256
2025-01-30,259.04998779296875,260.9800109863281,259.0,260.2200012207031,260.2200012207031,6330889
2025-01-31,261.0,263.1700134277344,259.70001220703125,263.0,263.0,5527550
2025-02-01,261.010009765625,264.70001220703125,261.0,262.1300048828125,262.1300048828125,9097872
2025-02-03,261.6499938964844,261.6499938964844,260.0,261.4700012207031,261.4700012207031,4023172
2025-02-04,263.0,265.2200012207031,261.489990234375,265.04998779296875,265.04998779296875,7392693
2025-02-05,265.95001220703125,265.95001220703125,265.0,265.25,265.25,3446888
2025-02-06,265.20001220703125,267.989990234375,263.8500061035156,264.3699951171875,264.3699951171875,3291441
2025-02-07,265.5,265.5,262.6000061035156,263.75,263.75,4565941
2025-02-10,265.989990234375,265.989990234375,261.20001220703125,261.8999938964844,261.8999938964844,6225361
2025-02-11,262.989990234375,262.989990234375,257.5199890136719,258.54998779296875,258.54998779296875,9321702
2025-02-12,259.75,259.75,255.60000610351562,258.2699890136719,258.2699890136719,7929756
2025-02-13,259.989990234375,260.489990234375,257.7300109863281,258.1700134277344,258.1700134277344,5078676
2025-02-14,259.989990234375,259.989990234375,255.35000610351562,256.95001220703125,256.95001220703125,7111034
2025-02-17,257.95001220703125,257.95001220703125,255.00999450683594,257.1099853515625,257.1099853515625,7379260
2025-02-18,256.2799987792969,257.70001220703125,255.39999389648438,256.8399963378906,256.8399963378906,3917336
2025-02-19,257.989990234375,258.44000244140625,255.6199951171875,256.8900146484375,256.8900146484375,5189115
2025-02-20,257.989990234375,257.989990234375,255.75,256.8500061035156,256.8500061035156,4075280
2025-02-21,257.989990234375,257.989990234375,254.8000030517578,255.52999877929688,255.52999877929688,6288816
2025-02-24,255.1999969482422,255.1999969482422,252.5,252.8699951171875,252.8699951171875,9201091
2025-02-25,252.97999572753906,253.5800018310547,252.30999755859375,252.75,252.75,3549369
2025-02-27,253.8000030517578,253.8000030517578,252.05999755859375,252.55999755859375,252.55999755859375,3567646
2025-02-28,252.9499969482422,252.9499969482422,248.0800018310547,248.4499969482422,248.4499969482422,19632154
2025-03-03,255.89999389648438,255.89999389648438,246.63999938964844,248.0500030517578,248.0500030517578,8303131
2025-03-04,247.74000549316406,247.77999877929688,246.0800018310547,247.49000549316406,247.49000549316406,7023813
2025-03-05,248.6999969482422,251.0,246.3000030517578,250.47999572753906,250.47999572753906,7030334
2025-03-06,252.89999389648438,252.89999389648438,249.42999267578125,252.75,252.75,7479954
2025-03-07,252.6999969482422,253.74000549316406,251.6999969482422,252.83999633789062,252.83999633789062,4241305
2025-03-10,252.0,254.9499969482422,251.39999389648438,251.75,251.75,5408616
2025-03-11,251.99000549316406,252.39999389648438,249.91000366210938,252.0800018310547,252.0800018310547,4474243
2025-03-12,253.99000549316406,253.99000549316406,250.35000610351562,251.74000549316406,251.74000549316406,3851048
2025-03-13,252.89999389648438,252.89999389648438,250.8000030517578,251.05999755859375,251.05999755859375,3161426
2025-03-17,251.05999755859375,253.0,250.10000610351562,252.17999267578125,252.17999267578125,3872869
2025-03-18,252.17999267578125,252.17999267578125,252.17999267578125,252.17999267578125,252.17999267578125,0
2025-03-19,256.79998779296875,256.94000244140625,255.47999572753906,256.70001220703125,256.70001220703125,3869286
2025-03-20,258.989990234375,259.6000061035156,256.70001220703125,259.32000732421875,259.32000732421875,8219907
2025-03-21,260.0,261.5899963378906,258.5799865722656,261.0899963378906,261.0899963378906,9249804
2025-03-24,261.6199951171875,265.30999755859375,261.010009765625,264.8999938964844,264.8999938964844,9310805
2025-03-25,266.5,266.82000732421875,256.95001220703125,264.7300109863281,264.7300109863281,12909271
2025-03-26,264.1000061035156,265.5,262.5199890136719,262.8999938964844,262.8999938964844,5258667
2025-03-27,263.2799987792969,264.2699890136719,262.1000061035156,263.7300109863281,263.7300109863281,3874025
2025-03-28,263.5299987792969,264.4800109863281,262.510009765625,263.2099914550781,263.2099914550781,8641606
2025-04-01,262.3800048828125,263.6700134277344,259.3800048828125,259.6000061035156,259.6000061035156,12629562
2025-04-02,260.70001220703125,261.8500061035156,259.1099853515625,261.6400146484375,261.6400146484375,9509451
2025-04-03,260.8999938964844,261.1000061035156,259.0299987792969,260.4599914550781,260.4599914550781,6186200
2025-04-04,260.4800109863281,260.5799865722656,256.4800109863281,257.1600036621094,257.1600036621094,9233464
2025-04-07,264.8500061035156,264.8500061035156,231.3000030517578,249.10000610351562,249.10000610351562,34654934
2025-04-08,256.54998779296875,256.54998779296875,249.75999450683594,252.72000122070312,252.72000122070312,9860513
2025-04-09,251.72000122070312,252.67999267578125,250.6199951171875,251.02999877929688,251.02999877929688,7144236
2025-04-11,255.99000549316406,256.8999938964844,251.22999572753906,255.97000122070312,255.97000122070312,10802170
2025-04-15,260.0,262.8800048828125,258.29998779296875,260.8699951171875,260.8699951171875,6445385
2025-04-16,263.989990234375,263.989990234375,260.0299987792969,261.9100036621094,261.9100036621094,8312168
2025-04-17,262.94000244140625,266.7900085449219,260.6000061035156,266.5400085449219,266.5400085449219,9818354
2025-04-21,265.29998779296875,270.4800109863281,265.010009765625,269.70001220703125,269.70001220703125,10057258
2025-04-22,270.1099853515625,270.95001220703125,269.0,270.04998779296875,270.04998779296875,6182402
2025-04-23,272.8900146484375,272.8900146484375,269.5,271.82000732421875,271.82000732421875,9502368
2025-04-24,271.7799987792969,272.0899963378906,270.67999267578125,270.95001220703125,270.95001220703125,5049194
2025-04-25,271.8500061035156,272.29998779296875,266.7099914550781,268.6300048828125,268.6300048828125,8630692
2025-04-28,269.8900146484375,272.29998779296875,268.0,271.8999938964844,271.8999938964844,7676436
2025-04-29,273.8900146484375,273.8900146484375,270.8999938964844,271.9100036621094,271.9100036621094,12194908
2025-04-30,277.0899963378906,277.0899963378906,271.0299987792969,271.989990234375,271.989990234375,6133729
2025-05-02,274.0,275.1199951171875,270.8800048828125,271.7699890136719,271.7699890136719,9964023
2025-05-05,272.04998779296875,274.54998779296875,271.30999755859375,274.3900146484375,274.3900146484375,13220110
2025-05-06,274.8999938964844,274.8999938964844,272.1700134277344,272.6000061035156,272.6000061035156,4417654
2025-05-07,271.8999938964844,273.5899963378906,269.3900146484375,272.7900085449219,272.7900085449219,7015340
2025-05-08,273.70001220703125,273.70001220703125,270.0,271.0400085449219,271.0400085449219,6301204
2025-05-09,269.5,270.0899963378906,266.1600036621094,268.489990234375,268.489990234375,7725810
2025-05-12,272.489990234375,279.489990234375,270.8900146484375,278.94000244140625,278.94000244140625,9655176
2025-05-13,278.75,281.25,275.29998779296875,275.6499938964844,275.6499938964844,9587074
2025-05-14,276.8999938964844,277.2699890136719,274.70001220703125,276.57000732421875,276.57000732421875,5442213
2025-05-15,276.8999938964844,280.760009765625,274.70001220703125,280.1700134277344,280.1700134277344,11353337
2025-05-16,280.989990234375,280.989990234375,278.3800048828125,280.2099914550781,280.2099914550781,4485107
2025-05-19,280.04998779296875,281.3399963378906,279.0,279.2099914550781,279.2099914550781,4289298
2025-05-20,280.8900146484375,280.8900146484375,276.6199951171875,276.8900146484375,276.8900146484375,5683232
2025-05-21,276.8900146484375,279.1400146484375,276.3999938964844,277.54998779296875,277.54998779296875,4584056
2025-05-22,277.8999938964844,277.8999938964844,274.3699951171875,275.9100036621094,275.9100036621094,9101780
2025-05-23,282.0,284.19000244140625,274.9800109863281,278.3699951171875,278.3699951171875,5480146
2025-05-26,276.510009765625,280.95001220703125,276.510009765625,279.8900146484375,279.8900146484375,8040183
2025-05-27,279.8900146484375,280.8900146484375,276.8999938964844,278.25,278.25,10251014
2025-05-28,278.0,279.989990234375,277.1199951171875,277.69000244140625,277.69000244140625,4966659
2025-05-29,278.7799987792969,279.0899963378906,277.0199890136719,278.5400085449219,278.5400085449219,4632027
2025-05-30,279.8900146484375,279.8900146484375,277.7099914550781,277.9700012207031,277.9700012207031,3521102
2025-06-02,276.0,278.3800048828125,275.0,277.6000061035156,277.6000061035156,5733152
2025-06-03,278.0,278.6000061035156,275.4100036621094,275.7699890136719,275.7699890136719,7575648
2025-06-04,276.5,276.8900146484375,275.1499938964844,276.4599914550781,276.4599914550781,2785742
2025-06-05,277.8999938964844,279.3399963378906,276.3699951171875,278.04998779296875,278.04998779296875,7273297
2025-06-06,278.8999938964844,280.8500061035156,277.0,280.5,280.5,11945116
2025-06-09,281.04998779296875,282.8900146484375,281.04998779296875,281.3500061035156,281.3500061035156,4288088
2025-06-10,282.20001220703125,282.79998779296875,281.0,281.3900146484375,281.3900146484375,4557302
2025-06-11,281.75,282.79998779296875,280.5,281.8699951171875,281.8699951171875,5246351
2025-06-12,282.0,282.75,278.42999267578125,278.95001220703125,278.95001220703125,7646410
2025-06-13,276.0,277.5,274.0799865722656,277.1000061035156,277.1000061035156,6491577
2025-06-16,279.3900146484375,279.9700012207031,276.010009765625,279.70001220703125,279.70001220703125,5287546
2025-06-17,281.489990234375,281.489990234375,278.2099914550781,278.5899963378906,278.5899963378906,7113968
2025-06-18,279.8900146484375,279.8900146484375,277.3800048828125,278.239990234375,278.239990234375,3200952
2025-06-19,278.5,279.8900146484375,271.2799987792969,277.9100036621094,277.9100036621094,4330677
2025-06-20,276.510009765625,281.79998779296875,276.489990234375,281.5,281.5,11399466
2025-06-23,280.8999938964844,281.5299987792969,278.5,280.8599853515625,280.8599853515625,8963571
2025-06-24,283.8999938964844,284.239990234375,281.1700134277344,281.42999267578125,281.42999267578125,10219161
2025-06-25,282.0,283.7799987792969,281.7099914550781,283.4100036621094,283.4100036621094,3346093
2025-06-26,283.3999938964844,286.5799865722656,282.1099853515625,286.3900146484375,286.3900146484375,10212702
2025-06-27,287.0,288.2799987792969,286.44000244140625,287.9599914550781,287.9599914550781,5139824
2025-06-30,287.79998779296875,289.3900146484375,286.1099853515625,286.510009765625,286.510009765625,7928260
2025-07-01,287.8800048828125,287.8900146484375,286.30999755859375,286.8399963378906,286.8399963378906,5355172
2025-07-02,287.8900146484375,287.8900146484375,285.20001220703125,285.7799987792969,285.7799987792969,5669639
2025-07-03,286.8900146484375,287.260009765625,285.1600036621094,285.3900146484375,285.3900146484375,9806621
2025-07-04,287.8900146484375,287.8900146484375,283.010009765625,286.1099853515625,286.1099853515625,4468132
2025-07-07,287.7900085449219,287.7900085449219,284.010009765625,286.07000732421875,286.07000732421875,5191711
2025-07-08,285.8999938964844,287.19000244140625,285.29998779296875,286.9100036621094,286.9100036621094,2720142
2025-07-09,286.1099853515625,287.69000244140625,286.0,286.5,286.5,2084278
2025-07-10,285.29998779296875,287.69000244140625,285.0,285.1600036621094,285.1600036621094,4543938
2025-07-11,285.3900146484375,285.3900146484375,282.5,283.1099853515625,283.1099853515625,5335789
2025-07-14,284.3900146484375,284.3900146484375,281.69000244140625,282.7099914550781,282.7099914550781,3884074
2025-07-15,283.489990234375,284.3800048828125,282.1000061035156,283.69000244140625,283.69000244140625,5581909
2025-07-16,283.79998779296875,284.3900146484375,282.79998779296875,283.6400146484375,283.6400146484375,3091019
2025-07-17,284.989990234375,284.989990234375,282.6099853515625,282.8299865722656,282.8299865722656,3832375
2025-07-18,283.5,283.69000244140625,281.0,281.42999267578125,281.42999267578125,4485164
2025-07-21,282.7900085449219,282.7900085449219,280.3500061035156,282.260009765625,282.260009765625,3913052
2025-07-22,283.8900146484375,283.8900146484375,281.29998779296875,282.07000732421875,282.07000732421875,3289296
2025-07-23,283.69000244140625,283.70001220703125,281.29998779296875,283.5299987792969,283.5299987792969,3432968
2025-07-24,284.489990234375,284.489990234375,281.5400085449219,282.1000061035156,282.1000061035156,3352354
2025-07-25,282.1000061035156,282.19000244140625,279.8500061035156,280.0299987792969,280.0299987792969,5504460
2025-07-28,280.489990234375,280.6199951171875,278.1300048828125,278.489990234375,278.489990234375,3570644
2025-07-29,286.8399963378906,286.8399963378906,277.4100036621094,280.0899963378906,280.0899963378906,3694965
2025-07-30,281.8900146484375,281.8900146484375,278.4599914550781,280.1300048828125,280.1300048828125,3042854
2025-07-31,279.8999938964844,281.3900146484375,277.3299865722656,279.260009765625,279.260009765625,6228908
2025-08-01,280.989990234375,280.989990234375,277.0299987792969,277.3500061035156,277.3500061035156,4744556
2025-08-04,278.80999755859375,279.0199890136719,276.9800109863281,278.8500061035156,278.8500061035156,3105481
2025-08-05,279.3900146484375,279.8900146484375,277.6000061035156,278.1400146484375,278.1400146484375,3012419
2025-08-06,278.8900146484375,278.8900146484375,277.010009765625,277.30999755859375,277.30999755859375,2331607
2025-08-07,275.510009765625,277.989990234375,274.79998779296875,277.2900085449219,277.2900085449219,7435680
2025-08-08,277.8900146484375,277.8900146484375,274.79998779296875,275.1400146484375,275.1400146484375,4493882
2025-08-11,277.0,277.489990234375,274.5,277.2900085449219,277.2900085449219,2929821
2025-08-12,277.8900146484375,278.70001220703125,276.17999267578125,276.5400085449219,276.5400085449219,3767553
2025-08-13,278.8900146484375,278.8900146484375,277.010009765625,278.0199890136719,278.0199890136719,2084764
2025-08-14,278.8900146484375,278.8900146484375,275.010009765625,278.2300109863281,278.2300109863281,2919674
2025-08-18,280.1099853515625,282.42999267578125,279.7799987792969,281.07000732421875,281.07000732421875,5916142
2025-08-19,281.8900146484375,282.2200012207031,280.5799865722656,281.9599914550781,281.9599914550781,3740523
2025-08-20,282.4800109863281,282.8500061035156,281.0199890136719,282.5199890136719,282.5199890136719,2775361
2025-08-21,284.989990234375,284.989990234375,282.54998779296875,283.05999755859375,283.05999755859375,2667789
2025-08-22,283.05999755859375,283.4800109863281,280.5899963378906,280.75,280.75,3705971
2025-08-25,280.010009765625,282.2900085449219,272.3299865722656,281.67999267578125,281.67999267578125,2044353
2025-08-26,281.989990234375,281.989990234375,278.79998779296875,279.04998779296875,279.04998779296875,4753080
2025-08-28,279.7900085449219,279.7900085449219,276.6499938964844,276.92999267578125,276.92999267578125,7638066
2025-08-29,276.92999267578125,277.7900085449219,275.54998779296875,276.05999755859375,276.05999755859375,4233350
2025-09-01,276.8900146484375,278.25,275.67999267578125,278.17999267578125,278.17999267578125,2806125
2025-09-02,277.6199951171875,279.5,277.0,277.67999267578125,277.67999267578125,3594728
2025-09-03,278.69000244140625,279.20001220703125,277.010009765625,278.94000244140625,278.94000244140625,4662312
2025-09-04,282.0,282.3800048828125,277.25,279.32000732421875,279.32000732421875,3947984
2025-09-05,279.79998779296875,280.739990234375,278.20001220703125,279.6000061035156,279.6000061035156,3725303
2025-09-08,281.20001220703125,281.20001220703125,279.45001220703125,279.989990234375,279.989990234375,5102190
2025-09-09,280.8399963378906,281.989990234375,279.760009765625,280.5400085449219,280.5400085449219,3612790
2025-09-10,283.989990234375,283.989990234375,281.17999267578125,281.8399963378906,281.8399963378906,5057073
2025-09-11,281.8999938964844,282.7699890136719,281.1400146484375,282.5299987792969,282.5299987792969,3697227
2025-09-12,283.5799865722656,283.8999938964844,282.70001220703125,283.510009765625,283.510009765625,4540757
2025-09-15,282.010009765625,284.3900146484375,282.010009765625,283.1199951171875,283.1199951171875,4123724
2025-09-16,283.6400146484375,285.1000061035156,282.80999755859375,284.8900146484375,284.8900146484375,4540948
2025-09-17,285.760009765625,286.19000244140625,284.8800048828125,285.9800109863281,285.9800109863281,3838093
2025-09-18,286.9800109863281,287.5400085449219,285.010009765625,286.70001220703125,286.70001220703125,4222056
2025-09-19,295.29998779296875,295.29998779296875,285.29998779296875,285.8999938964844,285.8999938964844,3726008
2025-09-22,285.4800109863281,285.7900085449219,284.1099853515625,284.489990234375,284.489990234375,3043743
2025-09-23,285.3900146484375,285.3900146484375,283.010009765625,284.3500061035156,284.3500061035156,4375351
2025-09-24,282.010009765625,284.80999755859375,282.010009765625,282.8800048828125,282.8800048828125,4265674
2025-09-25,283.69000244140625,283.69000244140625,281.010009765625,281.239990234375,281.239990234375,3036126
2025-09-26,281.69000244140625,281.69000244140625,278.489990234375,278.739990234375,278.739990234375,5597250
2025-09-29,279.989990234375,280.25,278.19000244140625,278.5400085449219,278.5400085449219,4201038
2025-09-30,279.989990234375,279.989990234375,277.25,277.5199890136719,277.5199890136719,9051079
2025-10-01,276.6600036621094,280.6300048828125,270.5799865722656,280.510009765625,280.510009765625,4924597
2025-10-03,280.8900146484375,281.30999755859375,279.0799865722656,281.1600036621094,281.1600036621094,4867050
2025-10-06,281.5799865722656,283.20001220703125,280.70001220703125,283.07000732421875,283.07000732421875,5511685
2025-10-07,283.489990234375,284.5,282.6400146484375,283.4100036621094,283.4100036621094,6204149
2025-10-08,283.75,284.17999267578125,282.010009765625,282.3800048828125,282.3800048828125,5658365
2025-10-09,282.8800048828125,284.239990234375,282.239990234375,284.04998779296875,284.04998779296875,3985452
2025-10-10,284.7799987792969,285.95001220703125,282.010009765625,285.5199890136719,285.5199890136719,3912389
2025-10-13,285.1499938964844,285.1499938964844,283.69000244140625,284.6400146484375,284.6400146484375,3939547
2025-10-14,286.3900146484375,286.3900146484375,282.9200134277344,283.69000244140625,283.69000244140625,4983304
2025-10-15,284.2799987792969,286.45001220703125,283.7300109863281,286.07000732421875,286.07000732421875,5644935
2025-10-16,277.489990234375,289.0,277.489990234375,288.70001220703125,288.70001220703125,8482862
2025-10-17,288.69000244140625,290.95001220703125,287.8599853515625,290.1700134277344,290.1700134277344,10588073
2025-10-20,292.489990234375,292.5400085449219,289.010009765625,291.8599853515625,291.8599853515625,7601294
2025-10-21,292.9200134277344,292.9200134277344,291.489990234375,291.8699951171875,291.8699951171875,1818933
2025-10-23,293.1300048828125,295.3800048828125,291.8800048828125,292.3900146484375,292.3900146484375,8327299
2025-10-27,294.17999267578125,294.3299865722656,290.010009765625,293.3500061035156,293.3500061035156,6459908
2025-10-28,294.989990234375,294.989990234375,292.0,293.1000061035156,293.1000061035156,5695772
2025-10-29,291.010009765625,294.8999938964844,291.010009765625,294.5,294.5,5829864
2025-10-30,294.989990234375,294.989990234375,291.9100036621094,292.5799865722656,292.5799865722656,4522400
2025-10-31,295.0,295.0,290.8999938964844,291.0799865722656,291.0799865722656,4443200
2025-11-03,292.7900085449219,292.7900085449219,290.04998779296875,291.3500061035156,291.3500061035156,6786625
2025-11-04,291.5400085449219,291.6400146484375,289.5,289.5899963378906,289.5899963378906,5283417
2025-11-06,290.3999938964844,290.3999938964844,287.9800109863281,288.239990234375,288.239990234375,6869446
2025-11-07,288.239990234375,289.1600036621094,286.3500061035156,288.44000244140625,288.44000244140625,5882266
2025-11-10,289.8900146484375,290.29998779296875,288.1300048828125,289.489990234375,289.489990234375,4884041
2025-11-11,287.010009765625,291.0799865722656,287.010009765625,290.82000732421875,290.82000732421875,3812506
2025-11-12,292.2900085449219,293.1000061035156,291.54998779296875,292.7200012207031,292.7200012207031,4219988
2025-11-13,293.2099914550781,293.75,291.75,292.3900146484375,292.3900146484375,5561716
2025-11-14,290.8399963378906,293.25,290.8399963378906,292.8299865722656,292.8299865722656,4717609
2025-11-17,301.6099853515625,301.6099853515625,292.739990234375,293.9700012207031,293.9700012207031,4615578
2025-11-18,294.8900146484375,294.8900146484375,292.5,292.9700012207031,292.9700012207031,3969744
2025-11-19,292.9700012207031,294.54998779296875,292.3999938964844,294.3699951171875,294.3699951171875,4475990
2025-11-20,293.19000244140625,296.3699951171875,292.32000732421875,295.6400146484375,295.6400146484375,7504990
2025-11-21,295.8900146484375,295.8900146484375,294.1000061035156,294.32000732421875,294.32000732421875,4539993
2025-11-24,295.1199951171875,295.44000244140625,292.7200012207031,293.29998779296875,293.29998779296875,4923046
2025-11-25,294.2200012207031,294.2799987792969,292.25,292.67999267578125,292.67999267578125,5056637
2025-11-26,293.989990234375,296.20001220703125,291.9100036621094,296.010009765625,296.010009765625,5102629
2025-11-27,296.010009765625,297.45001220703125,295.4800109863281,296.4200134277344,296.4200134277344,5985585
2025-11-28,297.239990234375,297.239990234375,296.0199890136719,296.489990234375,296.489990234375,3789563
2025-12-01,297.2799987792969,298.1499938964844,295.6600036621094,296.1000061035156,296.1000061035156,7035148
2025-12-02,296.17999267578125,296.989990234375,294.010009765625,294.6600036621094,294.6600036621094,5334774
2025-12-03,294.8800048828125,294.989990234375,292.9200134277344,293.79998779296875,293.79998779296875,6564296
2025-12-04,294.239990234375,294.9800109863281,293.1099853515625,294.3699951171875,294.3699951171875,5468826
2025-12-05,299.8999938964844,301.7200012207031,293.82000732421875,296.010009765625,296.010009765625,5845131
2025-12-08,296.2799987792969,296.489990234375,292.8399963378906,293.45001220703125,293.45001220703125,7101555
2025-12-09,302.25,302.25,291.29998779296875,292.3500061035156,292.3500061035156,7015783
2025-12-10,290.0,293.54998779296875,290.0,291.55999755859375,291.55999755859375,5828665
2025-12-11,292.989990234375,293.3699951171875,290.82000732421875,292.92999267578125,292.92999267578125,4174292
2025-12-12,293.3999938964844,294.8999938964844,293.0799865722656,294.69000244140625,294.69000244140625,5378596
2025-12-15,294.989990234375,294.989990234375,293.010009765625,294.5400085449219,294.5400085449219,3920394
2025-12-16,294.2799987792969,294.29998779296875,292.5,292.6600036621094,292.6600036621094,4667150
2025-12-17,292.6600036621094,293.2900085449219,290.79998779296875,291.7099914550781,291.7099914550781,10115469
2025-12-18,284.5,292.8299865722656,284.5,291.8399963378906,291.8399963378906,3881769
2025-12-19,293.4494934082031,293.4494934082031,293.4494934082031,293.4494934082031,293.4494934082031,0
2025-12-22,295.25,295.7300109863281,293.8500061035156,295.69000244140625,295.69000244140625,9092048
2025-12-23,296.9800109863281,296.9800109863281,295.2699890136719,295.67999267578125,295.67999267578125,3747050
2025-12-24,295.67999267578125,296.3800048828125,294.760009765625,295.5,295.5,3252373
2025-12-26,296.989990234375,296.989990234375,294.20001220703125,294.4599914550781,294.4599914550781,3502261
2025-12-29,294.4599914550781,295.2799987792969,292.760009765625,293.1499938964844,293.1499938964844,5796571
2025-12-30,293.5400085449219,293.5799865722656,291.95001220703125,293.32000732421875,293.32000732421875,8060541
2025-12-31,294.0799865722656,295.70001220703125,293.05999755859375,295.30999755859375,295.30999755859375,5677730
2026-01-01,296.19000244140625,296.19000244140625,294.9100036621094,295.3299865722656,295.3299865722656,3647078
2026-01-02,294.9100036621094,297.989990234375,294.9100036621094,297.54998779296875,297.54998779296875,6959353
2026-01-05,297.54998779296875,298.0,296.0199890136719,296.4100036621094,296.4100036621094,8311788
2026-01-06,297.7900085449219,297.7900085449219,295.2799987792969,296.0199890136719,296.0199890136719,6789022
2026-01-07,296.1400146484375,296.2300109863281,295.0,295.7200012207031,295.7200012207031,3807973
2026-01-08,295.7200012207031,295.9800109863281,292.6099853515625,292.92999267578125,292.92999267578125,6194291
2026-01-09,291.010009765625,293.8900146484375,290.0,290.5899963378906,290.5899963378906,8442130
2026-01-12,291.989990234375,292.0899963378906,288.3999938964844,291.8699951171875,291.8699951171875,9096409
2026-01-13,293.4800109863281,293.4800109863281,289.8999938964844,291.1300048828125,291.1300048828125,5365914
2026-01-14,291.1300048828125,291.989990234375,289.8999938964844,290.6600036621094,290.6600036621094,5577083
2026-01-15,290.6600036621094,290.6600036621094,290.6600036621094,290.6600036621094,290.6600036621094,0
2026-01-16,291.8900146484375,292.8999938964844,290.2799987792969,291.0400085449219,291.0400085449219,6031692
2026-01-19,290.9800109863281,291.1499938964844,288.80999755859375,289.6300048828125,289.6300048828125,7409667
2026-01-20,290.8900146484375,290.8900146484375,285.6000061035156,286.2799987792969,286.2799987792969,9366361
2026-01-21,285.0,287.489990234375,282.3999938964844,284.95001220703125,284.95001220703125,12156217
2026-01-22,287.8900146484375,288.0899963378906,285.1000061035156,286.6099853515625,286.6099853515625,7525121
2026-01-23,288.07000732421875,288.07000732421875,283.6499938964844,283.9100036621094,283.9100036621094,8346651
2026-01-27,284.0,285.989990234375,282.3999938964844,285.2200012207031,285.2200012207031,8292101
2026-01-28,286.989990234375,286.989990234375,285.2200012207031,286.6099853515625,286.6099853515625,6835320
2026-01-29,287.989990234375,287.989990234375,284.2900085449219,287.3699951171875,287.3699951171875,9464480
2026-01-30,286.44000244140625,287.3699951171875,285.010009765625,286.7300109863281,286.7300109863281,7040728
2026-02-02,283.3900146484375,284.5,279.75,283.94000244140625,283.94000244140625,10346317
2026-02-03,294.6700134277344,298.8900146484375,289.9800109863281,291.239990234375,291.239990234375,16588223
2026-02-04,291.1400146484375,292.0299987792969,289.17999267578125,291.6499938964844,291.6499938964844,5826251
2026-02-05,291.0,291.9800109863281,289.6000061035156,290.3500061035156,290.3500061035156,6352571
2026-02-06,290.3500061035156,290.8999938964844,288.8999938964844,290.6499938964844,290.6499938964844,4309000
2026-02-09,292.1400146484375,293.67999267578125,291.75,292.55999755859375,292.55999755859375,4905392
2026-02-10,292.55999755859375,293.8900146484375,292.55999755859375,293.55999755859375,293.55999755859375,8451744
2026-02-11,293.55999755859375,294.67999267578125,293.1700134277344,293.8500061035156,293.8500061035156,3487981
2026-02-12,294.7900085449219,294.7900085449219,291.760009765625,292.2699890136719,292.2699890136719,4305370
2026-02-13,290.5400085449219,290.79998779296875,288.5,288.8699951171875,288.8699951171875,7449522
2026-02-16,288.0,290.95001220703125,287.7799987792969,290.760009765625,290.760009765625,7469317
2026-02-17,289.17999267578125,291.8699951171875,289.17999267578125,291.5199890136719,291.5199890136719,4380634
2026-02-18,291.0,292.3999938964844,290.6099853515625,292.20001220703125,292.20001220703125,3331594
2026-02-19,292.20001220703125,293.17999267578125,287.75,288.3800048828125,288.3800048828125,7420909
2026-02-20,289.989990234375,290.29998779296875,287.44000244140625,289.2300109863281,289.2300109863281,5911399
2026-02-23,289.8800048828125,291.20001220703125,289.5,290.45001220703125,290.45001220703125,4699647
2026-02-24,290.45001220703125,290.45001220703125,287.0799865722656,287.8500061035156,287.8500061035156,7385045
2026-02-25,292.0,292.0,286.010009765625,288.6300048828125,288.6300048828125,5638852
2026-02-26,290.1300048828125,290.989990234375,287.79998779296875,288.5799865722656,288.5799865722656,4222379
2026-02-27,288.70001220703125,289.3900146484375,284.9100036621094,285.2900085449219,285.2900085449219,8393306
2026-03-02,286.25,292.4200134277344,279.010009765625,281.92999267578125,281.92999267578125,20163860
2026-03-04,280.989990234375,280.989990234375,275.510009765625,277.2900085449219,277.2900085449219,21718747
2026-03-05,285.6099853515625,285.6099853515625,277.8399963378906,280.3500061035156,280.3500061035156,10159364
2026-03-06,280.5199890136719,280.5199890136719,276.8500061035156,277.25,277.25,8713874
2026-03-09,274.80999755859375,274.80999755859375,268.75,272.4200134277344,272.4200134277344,26564816
2026-03-10,276.2900085449219,276.2900085449219,272.8500061035156,274.95001220703125,274.95001220703125,10445421
2026-03-11,274.70001220703125,275.3900146484375,270.20001220703125,270.55999755859375,270.55999755859375,15228172
2026-03-12,266.30999755859375,270.0,266.30999755859375,267.94000244140625,267.94000244140625,13251982
2026-03-13,267.989990234375,267.989990234375,262.0,262.69000244140625,262.69000244140625,25235358
2026-03-16,262.0,266.0,260.010009765625,265.17999267578125,265.17999267578125,15483076
2026-03-17,266.67999267578125,267.75,264.6099853515625,267.1600036621094,267.1600036621094,9612638
2026-03-18,269.3500061035156,270.0299987792969,267.1400146484375,269.42999267578125,269.42999267578125,9512486
2026-03-19,267.989990234375,267.989990234375,261.6000061035156,262.1199951171875,262.1199951171875,26951355
2026-03-20,265.989990234375,265.989990234375,261.5,262.07000732421875,262.07000732421875,12105983
2026-03-23,261.3900146484375,261.44000244140625,254.8000030517578,255.14999389648438,255.14999389648438,28233942
2026-03-24,259.0,261.5,256.5899963378906,259.8299865722656,259.8299865722656,22805261
2026-03-25,263.989990234375,265.8999938964844,255.89999389648438,264.05999755859375,264.05999755859375,14393659
2026-03-27,265.1000061035156,265.20001220703125,258.6499938964844,258.8900146484375,258.8900146484375,18765903
2026-03-30,258.4200134277344,258.4200134277344,252.5500030517578,253.44000244140625,253.44000244140625,27127660
2026-04-01,258.3399963378906,260.07000732421875,257.04998779296875,257.45001220703125,257.45001220703125,16273357
2026-04-02,256.989990234375,259.2900085449219,251.6999969482422,257.6099853515625,257.6099853515625,21918815
2026-04-06,257.0,260.6000061035156,255.41000366210938,260.25,260.25,15631911
2026-04-07,260.3900146484375,261.79998779296875,257.4100036621094,261.4700012207031,261.4700012207031,11036818
2026-04-08,269.30999755859375,272.0,265.010009765625,271.67999267578125,271.67999267578125,20203354
2026-04-09,267.70001220703125,272.489990234375,267.70001220703125,269.489990234375,269.489990234375,10726135
2026-04-10,271.989990234375,272.20001220703125,270.0,271.95001220703125,271.95001220703125,11042542
2026-04-13,268.95001220703125,270.3500061035156,266.7799987792969,269.5199890136719,269.5199890136719,12023953
2026-04-15,273.8500061035156,274.3900146484375,272.0,273.7699890136719,273.7699890136719,11252672
2026-04-16,274.0,275.8299865722656,273.0,273.95001220703125,273.95001220703125,12557328
2026-04-17,274.2900085449219,276.19000244140625,273.0,275.8699951171875,275.8699951171875,10218652
2026-04-20,275.8699951171875,276.6099853515625,274.1199951171875,275.2099914550781,275.2099914550781,10137601
2026-04-21,276.4800109863281,277.8299865722656,275.2099914550781,277.6300048828125,277.6300048828125,8328001
2026-04-22,275.5199890136719,277.3800048828125,275.3500061035156,275.6400146484375,275.6400146484375,9386982
2026-04-23,274.3800048828125,274.9800109863281,273.0199890136719,273.760009765625,273.760009765625,7079200
2026-04-24,271.30999755859375,274.94000244140625,270.1000061035156,271.0899963378906,271.0899963378906,10962751
2026-04-27,271.5,272.8999938964844,271.3500061035156,272.5199890136719,272.5199890136719,7931311
2026-04-28,273.25,273.29998779296875,271.1000061035156,271.4800109863281,271.4800109863281,6137965
2026-04-29,274.0,275.0,271.6199951171875,273.1300048828125,273.1300048828125,7694349
2026-04-30,273.1300048828125,273.20001220703125,269.3399963378906,272.010009765625,272.010009765625,9983703
2026-05-01,272.010009765625,272.010009765625,272.010009765625,272.010009765625,272.010009765625,0
2026-05-04,273.45001220703125,274.70001220703125,272.0,273.1199951171875,273.1199951171875,7112692
2026-05-05,274.989990234375,274.989990234375,270.70001220703125,272.29998779296875,272.29998779296875,7555162
2026-05-06,274.3900146484375,275.8900146484375,271.94000244140625,275.7300109863281,275.7300109863281,12026335
2026-05-07,275.70001220703125,277.0899963378906,274.6099853515625,275.1700134277344,275.1700134277344,11899464
2026-05-08,273.6199951171875,274.67999267578125,272.0,273.94000244140625,273.94000244140625,6950558
2026-05-11,272.9800109863281,272.9800109863281,269.8999938964844,270.1000061035156,270.1000061035156,12824989
2026-05-12,270.0899963378906,270.0899963378906,264.75,265.04998779296875,265.04998779296875,18622348
2026-05-13,265.0400085449219,267.1400146484375,263.5299987792969,265.44000244140625,265.44000244140625,9107154
2026-05-14,267.989990234375,268.8500061035156,265.32000732421875,268.0899963378906,268.0899963378906,7996734
2026-05-15,269.9100036621094,269.9100036621094,267.0,267.29998779296875,267.29998779296875,7938250
2026-05-18,266.0,267.989990234375,264.0,267.5799865722656,267.5799865722656,8188098
2026-05-19,267.69000244140625,269.20001220703125,267.260009765625,267.6099853515625,267.6099853515625,6550621
2026-05-20,267.1300048828125,268.3699951171875,265.1099853515625,268.04998779296875,268.04998779296875,5346893
2026-05-21,269.239990234375,270.239990234375,267.3900146484375,268.2099914550781,268.2099914550781,6183084
2026-05-22,268.0799865722656,270.0,266.010009765625,269.1000061035156,269.1000061035156,6238722
2026-05-25,274.989990234375,274.989990234375,269.010009765625,271.989990234375,271.989990234375,7800176
2026-05-26,272.3599853515625,272.6600036621094,270.5,270.8299865722656,270.8299865722656,5483897
2026-05-27,270.20001220703125,271.8299865722656,270.1000061035156,270.94000244140625,270.94000244140625,4170088
2026-05-28,270.94000244140625,270.94000244140625,270.94000244140625,270.94000244140625,270.94000244140625,0
2026-05-29,272.239990234375,272.239990234375,267.0400085449219,267.7799987792969,267.7799987792969,11388803
2026-06-01,268.9800109863281,269.2699890136719,265.20001220703125,265.5199890136719,265.5199890136719,8779968
2026-06-02,264.8800048828125,266.79998779296875,263.5199890136719,266.0199890136719,266.0199890136719,9033966
2026-06-03,265.70001220703125,266.19000244140625,262.8999938964844,265.54998779296875,265.54998779296875,13762829
2026-06-04,266.989990234375,266.989990234375,263.1199951171875,265.6000061035156,265.6000061035156,7277541
2026-06-05,267.989990234375,267.989990234375,264.3999938964844,265.3599853515625,265.3599853515625,6618551
2026-06-08,264.79998779296875,264.79998779296875,261.8800048828125,262.55999755859375,262.55999755859375,9658074
2026-06-09,264.3699951171875,264.3800048828125,262.4100036621094,263.8800048828125,263.8800048828125,5347766
2026-06-10,264.0,265.3500061035156,262.8699951171875,263.0799865722656,263.0799865722656,5342089
2026-06-11,263.0799865722656,264.3500061035156,261.3500061035156,262.6300048828125,262.6300048828125,6089765
2026-06-12,265.6000061035156,268.25,264.17999267578125,267.8599853515625,267.8599853515625,8800104
2026-06-15,270.0,272.489990234375,270.0,270.6300048828125,270.6300048828125,12573177
2026-06-16,272.4200134277344,272.4200134277344,270.6300048828125,271.6700134277344,271.6700134277344,5748509
2026-06-17,272.79998779296875,273.2200012207031,271.4800109863281,273.1099853515625,273.1099853515625,7353183
2026-06-18,273.1099853515625,274.2900085449219,272.3999938964844,273.9700012207031,273.9700012207031,8602550
2026-06-19,274.19000244140625,274.19000244140625,272.0,272.95001220703125,272.95001220703125,6515178
2026-06-22,274.989990234375,274.989990234375,273.1300048828125,273.6700134277344,273.6700134277344,5607238
2026-06-23,273.9800109863281,273.9800109863281,270.1499938964844,270.80999755859375,270.80999755859375,7996354
2026-06-24,273.0,273.3500061035156,268.0,272.67999267578125,272.67999267578125,8659000
2026-06-25,274.989990234375,275.3999938964844,273.19000244140625,273.42999267578125,273.42999267578125,8652517
2026-06-26,273.42999267578125,273.42999267578125,273.42999267578125,273.42999267578125,273.42999267578125,0
2026-06-29,274.3900146484375,274.3900146484375,271.8999938964844,272.1600036621094,272.1600036621094,5346196
2026-06-30,272.32000732421875,273.3800048828125,271.2099914550781,271.82000732421875,271.82000732421875,5957726
2026-07-01,273.19000244140625,273.19000244140625,271.1499938964844,272.8699951171875,272.8699951171875,4314568
2026-07-02,273.010009765625,274.6000061035156,273.010009765625,274.2699890136719,274.2699890136719,6394957
2026-07-03,280.0,280.0,275.1099853515625,275.9100036621094,275.9100036621094,7670513
2026-07-06,277.0,277.6600036621094,275.5,277.42999267578125,277.42999267578125,7713858
2026-07-07,278.489990234375,278.54998779296875,276.70001220703125,277.04998779296875,277.04998779296875,6799785
2026-07-08,277.989990234375,277.989990234375,270.8999938964844,271.69000244140625,271.69000244140625,12459843
2026-07-09,277.1199951171875,277.1199951171875,271.69000244140625,272.760009765625,272.760009765625,7079307
2026-07-10,274.9800109863281,275.3299865722656,273.6300048828125,275.07000732421875,275.07000732421875,5563086
2026-07-13,273.8800048828125,275.6600036621094,272.5899963378906,275.29998779296875,275.29998779296875,6613187
2026-07-14,274.5799865722656,274.5799865722656,271.0,273.3500061035156,273.3500061035156,5310906
2026-07-15,274.989990234375,275.20001220703125,273.0,273.6600036621094,273.6600036621094,3990132
2026-07-16,274.989990234375,275.1000061035156,273.54998779296875,273.989990234375,273.989990234375,3392483
2026-07-17,275.0,277.0,273.8900146484375,276.4599914550781,276.4599914550781,7357065
2026-07-20,276.1099853515625,276.19000244140625,274.010009765625,275.5799865722656,275.5799865722656,5182257
2026-07-21,276.4200134277344,276.4200134277344,274.70001220703125,275.1300048828125,275.1300048828125,2878734
2026-07-22,275.989990234375,275.989990234375,273.05999755859375,273.3599853515625,273.3599853515625,4687320
2026-07-23,276.20001220703125,276.20001220703125,271.3999938964844,271.9800109863281,271.9800109863281,4954766
2026-07-24,270.8699951171875,271.6499938964844,269.3800048828125,271.2099914550781,271.2099914550781,8015499
2026-07-27,272.2799987792969,273.8999938964844,272.0199890136719,273.5899963378906,273.5899963378906,4597158
2026-07-28,273.5899963378906,274.1199951171875,272.739990234375,273.5299987792969,273.5299987792969,7704303
2026-07-29,274.0799865722656,276.1000061035156,274.0799865722656,275.82000732421875,275.82000732421875,7110427
2026-07-30,275.989990234375,276.79998779296875,274.989990234375,276.489990234375,276.489990234375,4594454
2026-07-31,276.3999938964844,277.79998779296875,269.57000732421875,277.4200134277344,277.4200134277344,4544113
2026-08-03,278.5,280.0899963378906,278.5,279.8699951171875,279.8699951171875,8115406
2026-08-04,279.8699951171875,281.1000061035156,278.0,278.7900085449219,278.7900085449219,5038181
2026-08-05,284.3699951171875,284.3699951171875,278.79998779296875,279.9599914550781,279.9599914550781,5092585
2026-08-06,279.9599914550781,281.3800048828125,278.010009765625,280.5899963378906,280.5899963378906,4188159
2026-08-07,280.5899963378906,280.5899963378906,279.1000061035156,279.8299865722656,279.8299865722656,5585234
2026-08-10,280.69000244140625,280.69000244140625,279.2200012207031,280.4599914550781,280.4599914550781,6594652
2026-08-11,281.0,281.0,277.1000061035156,279.1300048828125,279.1300048828125,6563173
2026-08-12,279.92999267578125,279.92999267578125,277.0,278.32000732421875,278.32000732421875,5635248
2026-08-13,278.739990234375,278.7900085449219,277.510009765625,278.1600036621094,278.1600036621094,3640004
2026-08-14,279.989990234375,279.989990234375,277.239990234375,278.3500061035156,278.3500061035156,3170444
2026-08-17,279.989990234375,279.989990234375,276.55999755859375,277.9100036621094,277.9100036621094,4989337
2026-08-18,278.989990234375,278.989990234375,275.80999755859375,276.1000061035156,276.1000061035156,4677291
2026-08-19,276.3800048828125,276.3800048828125,274.45001220703125,274.6199951171875,274.6199951171875,6107344
2026-08-20,278.0,278.0,275.5199890136719,276.57000732421875,276.57000732421875,3634535
2026-08-21,276.57000732421875,277.3800048828125,276.1199951171875,276.760009765625,276.760009765625,4364104
2026-08-24,276.760009765625,277.989990234375,275.5400085449219,275.8699951171875,275.8699951171875,3606105
2026-08-25,275.8699951171875,277.5,275.1700134277344,276.94000244140625,276.94000244140625,3590196
2026-08-26,275.010009765625,278.2699890136719,275.010009765625,277.0199890136719,277.0199890136719,4327184
2026-08-27,276.010009765625,283.94000244140625,275.3999938964844,275.739990234375,275.739990234375,6648075
2026-08-28,277.489990234375,277.489990234375,274.82000732421875,275.6199951171875,275.6199951171875,3137920
2026-08-31,275.8800048828125,275.8800048828125,270.1099853515625,274.8699951171875,274.8699951171875,4690050
2026-09-01,277.95001220703125,277.95001220703125,272.67999267578125,273.25,273.25,5602290
2026-09-02,273.1499938964844,273.1499938964844,271.510009765625,272.55999755859375,272.55999755859375,7704816
2026-09-03,276.5,276.5,270.0,272.6300048828125,272.6300048828125,4418043
2026-09-04,278.0799865722656,278.0799865722656,272.55999755859375,273.2699890136719,273.2699890136719,3162846
2026-09-07,273.19000244140625,273.7799987792969,270.8999938964844,271.2099914550781,271.2099914550781,5921896
2026-09-08,271.6400146484375,271.6400146484375,269.7900085449219,270.04998779296875,270.04998779296875,6629541
2026-09-09,269.42999267578125,269.67999267578125,267.8999938964844,268.1499938964844,268.1499938964844,7537478
2026-09-10,273.510009765625,273.510009765625,266.0,267.1700134277344,267.1700134277344,5384617
2026-09-11,268.6000061035156,268.6000061035156,265.010009765625,267.1400146484375,267.1400146484375,9238422
2026-09-14,267.1400146484375,267.1400146484375,267.1400146484375,267.1400146484375,267.1400146484375,0
2026-09-15,268.1000061035156,269.8999938964844,264.239990234375,264.5799865722656,264.5799865722656,7069412
2026-09-16,264.5799865722656,266.2799987792969,262.7900085449219,265.0199890136719,265.0199890136719,6249520
2026-09-17,265.44000244140625,266.75,264.1000061035156,266.0799865722656,266.0799865722656,4732947
2026-09-18,267.8900146484375,267.8900146484375,265.94000244140625,266.5299987792969,266.5299987792969,3645562
2026-09-21,267.79998779296875,267.9800109863281,265.6199951171875,267.760009765625,267.760009765625,4153608
2026-09-22,267.8500061035156,268.8900146484375,266.010009765625,266.6400146484375,266.6400146484375,5397108
2026-09-23,266.6400146484375,267.8999938964844,265.8800048828125,267.5899963378906,267.5899963378906,3169237
2026-09-24,274.0,274.0,263.29998779296875,263.989990234375,263.989990234375,8101315
2026-09-25,264.9800109863281,265.6600036621094,263.04998779296875,264.1300048828125,264.1300048828125,5254198
2026-09-28,266.989990234375,266.989990234375,260.1000061035156,260.4700012207031,260.4700012207031,12772165
2026-09-29,260.489990234375,260.489990234375,257.8999938964844,259.4700012207031,259.4700012207031,16338797
2026-10-01,258.5,258.5,254.0,256.5,256.5,16669549
